0.000000 0.000000
0.010607 0.010607
0.021212 0.021202
0.031817 0.031787
0.042420 0.042360
0.053022 0.052922
0.063624 0.063474
0.074224 0.074014
0.084823 0.084543
0.095421 0.095061
0.106018 0.105568
0.116614 0.116064
0.127209 0.126549
0.137803 0.137023
0.148396 0.147486
0.158987 0.157938
0.169578 0.168378
0.180167 0.178808
0.190756 0.189227
0.201343 0.199634
0.211929 0.210030
0.222514 0.220416
0.233098 0.230790
0.243681 0.241153
0.254263 0.251505
0.264844 0.261846
0.275424 0.272176
0.286002 0.282495
0.296580 0.292803
0.307156 0.303100
0.317732 0.313385
0.328306 0.323660
0.338879 0.333923
0.349451 0.344176
0.360022 0.354417
0.370592 0.364647
0.381161 0.374866
0.391729 0.385075
0.402295 0.395272
0.412861 0.405457
0.423425 0.415632
0.433988 0.425796
0.444550 0.435949
0.455111 0.446090
0.465671 0.456221
0.476230 0.466340
0.486788 0.476449
0.497344 0.486546
0.507900 0.496632
0.518454 0.506707
0.529008 0.516772
0.539560 0.526825
0.550111 0.536866
0.560661 0.546897
0.571209 0.556917
0.581757 0.566926
0.592304 0.576923
0.602849 0.586910
0.613393 0.596885
0.623937 0.606849
0.634479 0.616802
0.645020 0.626744
0.655559 0.636675
0.666098 0.646595
0.676636 0.656504
0.687172 0.666402
0.697707 0.676289
0.708242 0.686164
0.718775 0.696029
0.729307 0.705883
0.739838 0.715725
0.750367 0.725556
0.760896 0.735377
0.771423 0.745186
0.781950 0.754984
0.792475 0.764771
0.802999 0.774547
0.813522 0.784312
0.824043 0.794066
0.834564 0.803809
0.845083 0.813540
0.855602 0.823261
0.866119 0.832970
0.876635 0.842669
0.887150 0.852356
0.897663 0.862033
0.908176 0.871698
0.918687 0.881352
0.929197 0.890995
0.939706 0.900627
0.950214 0.910247
0.960721 0.919857
0.971226 0.929456
0.981730 0.939044
0.992234 0.948620
1.002735 0.958186
1.013236 0.967740
1.023736 0.977283
1.034235 0.986816
1.044732 0.996337
1.055228 1.005847
1.065723 1.015346
1.076217 1.024833
1.086709 1.034310
1.097201 1.043775
1.107691 1.053229
1.118180 1.062672
1.128668 1.072103
1.139155 1.081524
1.149641 1.090934
1.160125 1.100332
1.170608 1.109719
1.181090 1.119096
1.191571 1.128461
1.202050 1.137815
1.212529 1.147158
1.223006 1.156490
1.233482 1.165812
1.243957 1.175122
1.254430 1.184420
1.264902 1.193708
1.275374 1.202984
1.285844 1.212250
1.296312 1.221504
1.306780 1.230747
1.317246 1.239980
1.327712 1.249201
1.338176 1.258411
1.348638 1.267610
1.359100 1.276798
1.369560 1.285975
1.380019 1.295140
1.390477 1.304295
1.400934 1.313438
1.411389 1.322571
1.421843 1.331692
1.432296 1.340802
1.442748 1.349901
1.453199 1.358989
1.463648 1.368066
1.474097 1.377132
1.484544 1.386186
1.494989 1.395230
1.505434 1.404262
1.515877 1.413284
1.526319 1.422294
1.536760 1.431293
1.547200 1.440282
1.557638 1.449259
1.568076 1.458225
1.578512 1.467180
1.588946 1.476123
1.599380 1.485056
1.609812 1.493978
1.620243 1.502888
1.630673 1.511788
1.641102 1.520676
1.651530 1.529554
1.661956 1.538420
1.672381 1.547275
1.682805 1.556119
1.693227 1.564952
1.703648 1.573774
1.714068 1.582585
1.724487 1.591384
1.734904 1.600173
1.745321 1.608950
1.755736 1.617717
1.766149 1.626472
1.776562 1.635216
1.786973 1.643949
1.797383 1.652671
1.807791 1.661381
1.818199 1.670081
1.828605 1.678769
1.839010 1.687447
1.849413 1.696113
1.859816 1.704768
1.870217 1.713412
1.880617 1.722045
1.891016 1.730667
1.901413 1.739278
1.911809 1.747878
1.922204 1.756467
1.932597 1.765045
1.942990 1.773612
1.953381 1.782167
1.963770 1.790712
1.974159 1.799245
1.984546 1.807768
1.994931 1.816279
2.005316 1.824779
2.015699 1.833268
2.026081 1.841746
2.036461 1.850213
2.046840 1.858669
2.057218 1.867114
2.067595 1.875548
2.077970 1.883970
2.088344 1.892382
2.098717 1.900782
2.109088 1.909171
2.119459 1.917549
2.129828 1.925916
2.140196 1.934272
2.150563 1.942616
2.160928 1.950950
2.171292 1.959272
2.181655 1.967583
2.192016 1.975883
2.202376 1.984172
2.212735 1.992450
2.223092 2.000716
2.233448 2.008972
2.243803 2.017216
2.254157 2.025450
2.264509 2.033672
2.274860 2.041883
2.285209 2.050084
2.295557 2.058273
2.305905 2.066450
2.316250 2.074617
2.326595 2.082773
2.336937 2.090918
2.347279 2.099051
2.357620 2.107173
2.367959 2.115285
2.378297 2.123385
2.388633 2.131474
2.398968 2.139552
2.409302 2.147619
2.419634 2.155675
2.429966 2.163720
2.440296 2.171753
2.450624 2.179776
2.460951 2.187788
2.471277 2.195789
2.481602 2.203778
2.491925 2.211757
2.502248 2.219724
2.512568 2.227681
2.522887 2.235626
2.533206 2.243560
2.543522 2.251483
2.553838 2.259395
2.564152 2.267296
2.574465 2.275186
2.584776 2.283065
2.595087 2.290933
2.605396 2.298790
2.615703 2.306636
2.626010 2.314471
2.636315 2.322294
2.646618 2.330107
2.656920 2.337909
2.667221 2.345700
2.677520 2.353479
2.687818 2.361248
2.698115 2.369005
2.708410 2.376751
2.718704 2.384487
2.728996 2.392211
2.739287 2.399924
2.749578 2.407626
2.759866 2.415317
2.770154 2.422997
2.780439 2.430666
2.790724 2.438324
2.801008 2.445971
2.811290 2.453606
2.821571 2.461231
2.831850 2.468844
2.842128 2.476447
2.852404 2.484038
2.862679 2.491619
2.872953 2.499188
2.883226 2.506746
2.893497 2.514293
2.903767 2.521830
2.914035 2.529355
2.924301 2.536869
2.934567 2.544371
2.944831 2.551863
2.955094 2.559344
2.965355 2.566813
2.975615 2.574271
2.985873 2.581719
2.996130 2.589155
3.006386 2.596580
3.016640 2.603994
3.026894 2.611398
3.037145 2.618790
3.047396 2.626171
3.057644 2.633541
3.067892 2.640900
3.078138 2.648248
3.088383 2.655585
3.098626 2.662910
3.108868 2.670225
3.119109 2.677528
3.129348 2.684821
3.139585 2.692102
3.149822 2.699373
3.160057 2.706632
3.170291 2.713881
3.180523 2.721118
3.190753 2.728345
3.200982 2.735560
3.211210 2.742765
3.221437 2.749958
3.231662 2.757140
3.241885 2.764311
3.252107 2.771471
3.262328 2.778620
3.272547 2.785758
3.282764 2.792885
3.292981 2.800000
3.303196 2.807105
3.313410 2.814198
3.323622 2.821281
3.333832 2.828352
3.344041 2.835413
3.354249 2.842463
3.364455 2.849502
3.374660 2.856529
3.384864 2.863546
3.395066 2.870551
3.405267 2.877545
3.415465 2.884529
3.425663 2.891501
3.435859 2.898462
3.446054 2.905412
3.456248 2.912351
3.466440 2.919278
3.476631 2.926195
3.486820 2.933101
3.497007 2.939996
3.507194 2.946879
3.517378 2.953752
3.527562 2.960613
3.537744 2.967463
3.547924 2.974303
3.558103 2.981131
3.568280 2.987948
3.578456 2.994754
3.588631 3.001549
3.598804 3.008334
3.608976 3.015107
3.619146 3.021869
3.629315 3.028620
3.639483 3.035359
3.649648 3.042088
3.659813 3.048805
3.669976 3.055512
3.680138 3.062207
3.690298 3.068892
3.700457 3.075565
3.710614 3.082227
3.720769 3.088879
3.730923 3.095519
3.741076 3.102149
3.751228 3.108767
3.761378 3.115374
3.771527 3.121971
3.781674 3.128556
3.791820 3.135130
3.801964 3.141693
3.812107 3.148245
3.822248 3.154787
3.832389 3.161317
3.842527 3.167836
3.852665 3.174344
3.862801 3.180841
3.872935 3.187327
3.883067 3.193802
3.893199 3.200266
3.903329 3.206718
3.913458 3.213160
3.923585 3.219590
3.933711 3.226010
3.943835 3.232419
3.953958 3.238816
3.964079 3.245203
3.974199 3.251579
3.984317 3.257943
3.994434 3.264297
4.004549 3.270640
4.014663 3.276972
4.024776 3.283293
4.034887 3.289603
4.044998 3.295902
4.055108 3.302189
4.065216 3.308466
4.075322 3.314731
4.085427 3.320985
4.095531 3.327229
4.105633 3.333461
4.115734 3.339682
4.125834 3.345892
4.135931 3.352091
4.146027 3.358279
4.156120 3.364456
4.166212 3.370622
4.176302 3.376777
4.186390 3.382921
4.196477 3.389054
4.206563 3.395176
4.216648 3.401287
4.226732 3.407387
4.236814 3.413476
4.246895 3.419553
4.256974 3.425620
4.267052 3.431675
4.277129 3.437720
4.287204 3.443753
4.297277 3.449776
4.307350 3.455787
4.317420 3.461787
4.327488 3.467776
4.337555 3.473754
4.347620 3.479721
4.357682 3.485677
4.367743 3.491622
4.377803 3.497555
4.387862 3.503478
4.397920 3.509389
4.407976 3.515290
4.418031 3.521179
4.428085 3.527057
4.438137 3.532924
4.448188 3.538780
4.458237 3.544625
4.468285 3.550459
4.478332 3.556283
4.488377 3.562095
4.498420 3.567896
4.508461 3.573685
4.518500 3.579464
4.528538 3.585232
4.538573 3.590989
4.548607 3.596735
4.558639 3.602469
4.568669 3.608193
4.578699 3.613906
4.588728 3.619608
4.598755 3.625299
4.608781 3.630979
4.618806 3.636648
4.628829 3.642307
4.638851 3.647954
4.648871 3.653590
4.658890 3.659214
4.668907 3.664829
4.678923 3.670432
4.688937 3.676024
4.698949 3.681605
4.708960 3.687175
4.718968 3.692734
4.728974 3.698282
4.738979 3.703819
4.748981 3.709345
4.758982 3.714860
4.768982 3.720364
4.778981 3.725856
4.788979 3.731338
4.798975 3.736809
4.808970 3.742269
4.818964 3.747718
4.828956 3.753156
4.838946 3.758583
4.848936 3.763999
4.858923 3.769404
4.868910 3.774798
4.878895 3.780181
4.888878 3.785553
4.898860 3.790914
4.908840 3.796264
4.918818 3.801603
4.928793 3.806930
4.938767 3.812247
4.948740 3.817553
4.958710 3.822848
4.968678 3.828132
4.978644 3.833405
4.988610 3.838667
4.998574 3.843918
5.008537 3.849158
5.018499 3.854386
5.028459 3.859604
5.038418 3.864810
5.048375 3.870006
5.058331 3.875191
5.068285 3.880365
5.078238 3.885528
5.088190 3.890680
5.098140 3.895821
5.108089 3.900951
5.118036 3.906070
5.127981 3.911177
5.137924 3.916274
5.147865 3.921359
5.157804 3.926434
5.167741 3.931497
5.177677 3.936550
5.187610 3.941593
5.197542 3.946624
5.207471 3.951644
5.217399 3.956654
5.227326 3.961652
5.237251 3.966640
5.247175 3.971616
5.257098 3.976582
5.267019 3.981536
5.276938 3.986480
5.286857 3.991413
5.296773 3.996334
5.306689 4.001245
5.316603 4.006145
5.326515 4.011034
5.336426 4.015913
5.346336 4.020781
5.356244 4.025638
5.366150 4.030485
5.376055 4.035320
5.385957 4.040145
5.395858 4.044960
5.405756 4.049763
5.415653 4.054556
5.425548 4.059338
5.435441 4.064109
5.445332 4.068870
5.455221 4.073620
5.465108 4.078359
5.474994 4.083087
5.484878 4.087805
5.494761 4.092512
5.504642 4.097208
5.514523 4.101894
5.524401 4.106569
5.534278 4.111233
5.544154 4.115886
5.554029 4.120529
5.563901 4.125161
5.573773 4.129782
5.583643 4.134392
5.593512 4.138992
5.603379 4.143581
5.613245 4.148159
5.623109 4.152727
5.632971 4.157283
5.642832 4.161829
5.652690 4.166363
5.662547 4.170886
5.672402 4.175397
5.682255 4.179898
5.692106 4.184387
5.701955 4.188865
5.711802 4.193332
5.721647 4.197788
5.731491 4.202234
5.741332 4.206668
5.751172 4.211092
5.761009 4.215506
5.770845 4.219908
5.780679 4.224300
5.790511 4.228680
5.800342 4.233049
5.810172 4.237407
5.820000 4.241754
5.829826 4.246089
5.839652 4.250414
5.849475 4.254727
5.859298 4.259030
5.869119 4.263322
5.878938 4.267604
5.888756 4.271874
5.898573 4.276134
5.908388 4.280382
5.918202 4.284618
5.928014 4.288844
5.937825 4.293059
5.947634 4.297263
5.957441 4.301456
5.967247 4.305639
5.977050 4.309811
5.986851 4.313972
5.996651 4.318121
6.006448 4.322259
6.016244 4.326386
6.026038 4.330503
6.035830 4.334609
6.045619 4.338704
6.055408 4.342788
6.065194 4.346860
6.074978 4.350922
6.084760 4.354972
6.094541 4.359012
6.104319 4.363041
6.114096 4.367060
6.123870 4.371067
6.133643 4.375062
6.143413 4.379047
6.153181 4.383021
6.162948 4.386984
6.172714 4.390936
6.182478 4.394878
6.192241 4.398808
6.202002 4.402728
6.211762 4.406636
6.221520 4.410534
6.231277 4.414422
6.241033 4.418297
6.250787 4.422162
6.260540 4.426016
6.270291 4.429859
6.280041 4.433692
6.289790 4.437512
6.299537 4.441322
6.309282 4.445121
6.319026 4.448910
6.328769 4.452687
6.338510 4.456453
6.348249 4.460208
6.357986 4.463953
6.367721 4.467686
6.377454 4.471409
6.387186 4.475120
6.396915 4.478821
6.406642 4.482511
6.416368 4.486190
6.426092 4.489858
6.435813 4.493515
6.445533 4.497161
6.455251 4.500797
6.464967 4.504421
6.474681 4.508034
6.484394 4.511636
6.494104 4.515227
6.503812 4.518808
6.513519 4.522377
6.523223 4.525936
6.532926 4.529483
6.542627 4.533020
6.552326 4.536545
6.562023 4.540059
6.571718 4.543563
6.581411 4.547056
6.591102 4.550538
6.600791 4.554009
6.610477 4.557469
6.620162 4.560918
6.629843 4.564357
6.639523 4.567784
6.649199 4.571200
6.658875 4.574605
6.668549 4.578000
6.678222 4.581383
6.687893 4.584756
6.697563 4.588118
6.707231 4.591469
6.716898 4.594809
6.726563 4.598138
6.736228 4.601457
6.745890 4.604765
6.755551 4.608061
6.765211 4.611347
6.774869 4.614622
6.784526 4.617886
6.794182 4.621139
6.803836 4.624381
6.813488 4.627611
6.823140 4.630831
6.832789 4.634040
6.842438 4.637238
6.852085 4.640425
6.861730 4.643601
6.871374 4.646766
6.881017 4.649920
6.890658 4.653064
6.900298 4.656196
6.909936 4.659317
6.919573 4.662427
6.929208 4.665526
6.938842 4.668615
6.948475 4.671692
6.958106 4.674758
6.967736 4.677814
6.977364 4.680859
6.986989 4.683892
6.996614 4.686915
7.006236 4.689928
7.015856 4.692929
7.025474 4.695920
7.035090 4.698899
7.044705 4.701868
7.054317 4.704826
7.063928 4.707774
7.073537 4.710711
7.083144 4.713636
7.092749 4.716551
7.102352 4.719455
7.111953 4.722348
7.121552 4.725230
7.131149 4.728101
7.140745 4.730961
7.150338 4.733810
7.159930 4.736649
7.169519 4.739477
7.179107 4.742293
7.188693 4.745099
7.198277 4.747893
7.207859 4.750677
7.217439 4.753450
7.227017 4.756213
7.236594 4.758964
7.246168 4.761705
7.255741 4.764435
7.265311 4.767155
7.274880 4.769863
7.284447 4.772561
7.294012 4.775248
7.303575 4.777924
7.313136 4.780589
7.322695 4.783243
7.332252 4.785886
7.341807 4.788518
7.351361 4.791140
7.360912 4.793751
7.370462 4.796351
7.380010 4.798940
7.389555 4.801518
7.399099 4.804085
7.408641 4.806642
7.418181 4.809186
7.427720 4.811721
7.437256 4.814244
7.446790 4.816757
7.456323 4.819259
7.465853 4.821750
7.475382 4.824231
7.484909 4.826700
7.494433 4.829159
7.503956 4.831608
7.513477 4.834045
7.522996 4.836472
7.532514 4.838888
7.542029 4.841294
7.551542 4.843688
7.561054 4.846072
7.570563 4.848445
7.580071 4.850808
7.589577 4.853160
7.599081 4.855501
7.608582 4.857831
7.618083 4.860151
7.627581 4.862460
7.637077 4.864758
7.646571 4.867045
7.656064 4.869322
7.665554 4.871588
7.675043 4.873843
7.684529 4.876087
7.694014 4.878321
7.703497 4.880544
7.712978 4.882756
7.722457 4.884957
7.731934 4.887147
7.741409 4.889326
7.750883 4.891494
7.760354 4.893651
7.769824 4.895798
7.779291 4.897934
7.788757 4.900060
7.798221 4.902174
7.807683 4.904278
7.817142 4.906371
7.826601 4.908453
7.836057 4.910525
7.845511 4.912585
7.854963 4.914635
7.864414 4.916675
7.873862 4.918703
7.883309 4.920721
7.892754 4.922727
7.902197 4.924722
7.911639 4.926707
7.921079 4.928681
7.930518 4.930645
7.939956 4.932596
7.949392 4.934537
7.958827 4.936468
7.968260 4.938388
7.977692 4.940297
7.987122 4.942194
7.996551 4.944081
8.005978 4.945957
8.015401 4.947823
8.024822 4.949677
8.034241 4.951520
8.043657 4.953352
8.053071 4.955174
8.062483 4.956985
8.071892 4.958786
8.081299 4.960575
8.090703 4.962353
8.100106 4.964121
8.109508 4.965878
8.118908 4.967625
8.128306 4.969360
8.137704 4.971085
8.147099 4.972799
8.156494 4.974503
8.165887 4.976195
8.175279 4.977877
8.184669 4.979548
8.194057 4.981208
8.203444 4.982858
8.212831 4.984498
8.222215 4.986126
8.231598 4.987743
8.240979 4.989349
8.250360 4.990945
8.259738 4.992530
8.269115 4.994104
8.278491 4.995667
8.287866 4.997219
8.297238 4.998760
8.306610 5.000291
8.315980 5.001811
8.325349 5.003321
8.334716 5.004819
8.344082 5.006307
8.353446 5.007784
8.362809 5.009250
8.372170 5.010706
8.381529 5.012151
8.390885 5.013586
8.400239 5.015009
8.409591 5.016421
8.418940 5.017823
8.428287 5.019214
8.437631 5.020594
8.446973 5.021964
8.456312 5.023323
8.465650 5.024671
8.474984 5.026008
8.484317 5.027334
8.493647 5.028650
8.502975 5.029955
8.512300 5.031250
8.521623 5.032533
8.530943 5.033806
8.540261 5.035068
8.549577 5.036318
8.558890 5.037559
8.568201 5.038788
8.577510 5.040008
8.586816 5.041216
8.596120 5.042414
8.605422 5.043601
8.614723 5.044777
8.624022 5.045942
8.633321 5.047096
8.642617 5.048240
8.651913 5.049374
8.661206 5.050497
8.670499 5.051609
8.679790 5.052710
8.689079 5.053800
8.698367 5.054879
8.707654 5.055947
8.716939 5.057004
8.726223 5.058052
8.735505 5.059088
8.744786 5.060114
8.754066 5.061130
8.763342 5.062134
8.772616 5.063127
8.781888 5.064109
8.791158 5.065081
8.800425 5.066041
8.809690 5.066992
8.818952 5.067932
8.828212 5.068861
8.837469 5.069780
8.846725 5.070688
8.855977 5.071585
8.865228 5.072471
8.874475 5.073346
8.883721 5.074210
8.892964 5.075064
8.902205 5.075907
8.911444 5.076740
8.920680 5.077563
8.929914 5.078375
8.939146 5.079176
8.948377 5.079967
8.957606 5.080747
8.966834 5.081515
8.976061 5.082273
8.985286 5.083020
8.994510 5.083755
9.003732 5.084481
9.012953 5.085196
9.022172 5.085901
9.031390 5.086596
9.040606 5.087279
9.049822 5.087953
9.059035 5.088615
9.068246 5.089268
9.077455 5.089909
9.086660 5.090539
9.095864 5.091159
9.105065 5.091767
9.114264 5.092365
9.123461 5.092951
9.132655 5.093527
9.141847 5.094092
9.151036 5.094647
9.160223 5.095192
9.169408 5.095726
9.178590 5.096250
9.187770 5.096763
9.196947 5.097265
9.206123 5.097757
9.215298 5.098239
9.224471 5.098710
9.233643 5.099170
9.242813 5.099619
9.251982 5.100058
9.261149 5.100485
9.270315 5.100901
9.279480 5.101306
9.288643 5.101701
9.297803 5.102084
9.306961 5.102457
9.316116 5.102818
9.325270 5.103169
9.334420 5.103511
9.343569 5.103842
9.352715 5.104162
9.361858 5.104472
9.370999 5.104772
9.380138 5.105061
9.389275 5.105339
9.398409 5.105607
9.407540 5.105865
9.416670 5.106112
9.425797 5.106348
9.434922 5.106574
9.444046 5.106790
9.453169 5.106995
9.462290 5.107189
9.471410 5.107373
9.480528 5.107547
9.489645 5.107710
9.498760 5.107862
9.507873 5.108005
9.516983 5.108136
9.526091 5.108257
9.535196 5.108368
9.544299 5.108468
9.553400 5.108556
9.562498 5.108634
9.571594 5.108701
9.580688 5.108757
9.589779 5.108801
9.598867 5.108835
9.607954 5.108858
9.617038 5.108870
9.626120 5.108871
9.635200 5.108861
9.644279 5.108840
9.653356 5.108808
9.662432 5.108765
9.671506 5.108711
9.680579 5.108646
9.689651 5.108571
9.698719 5.108484
9.707786 5.108387
9.716849 5.108279
9.725911 5.108160
9.734970 5.108032
9.744027 5.107893
9.753081 5.107743
9.762134 5.107583
9.771183 5.107412
9.780231 5.107231
9.789275 5.107039
9.798318 5.106837
9.807358 5.106624
9.816397 5.106401
9.825434 5.106167
9.834470 5.105923
9.843504 5.105669
9.852537 5.105403
9.861568 5.105128
9.870597 5.104842
9.879623 5.104545
9.888647 5.104238
9.897669 5.103920
9.906688 5.103593
9.915705 5.103255
9.924719 5.102908
9.933731 5.102550
9.942740 5.102181
9.951748 5.101802
9.960752 5.101411
9.969755 5.101010
9.978755 5.100597
9.987754 5.100174
9.996751 5.099740
10.005747 5.099294
10.014741 5.098838
10.023734 5.098372
10.032725 5.097895
10.041714 5.097408
10.050700 5.096910
10.059684 5.096402
10.068666 5.095883
10.077644 5.095354
10.086621 5.094814
10.095595 5.094264
10.104568 5.093703
10.113537 5.093133
10.122504 5.092553
10.131469 5.091961
10.140432 5.091359
10.149394 5.090746
10.158355 5.090122
10.167314 5.089487
10.176271 5.088841
10.185227 5.088185
10.194180 5.087518
10.203132 5.086841
10.212080 5.086154
10.221026 5.085455
10.229970 5.084747
10.238912 5.084028
10.247850 5.083300
10.256787 5.082560
10.265721 5.081810
10.274653 5.081048
10.283584 5.080276
10.292513 5.079493
10.301440 5.078699
10.310367 5.077895
10.319291 5.077081
10.328213 5.076256
10.337132 5.075420
10.346049 5.074575
10.354964 5.073720
10.363876 5.072853
10.372787 5.071976
10.381694 5.071087
10.390599 5.070189
10.399502 5.069279
10.408402 5.068359
10.417300 5.067429
10.426197 5.066488
10.435092 5.065537
10.443986 5.064577
10.452878 5.063606
10.461767 5.062624
10.470654 5.061631
10.479539 5.060628
10.488421 5.059614
10.497301 5.058590
10.506179 5.057555
10.515054 5.056510
10.523927 5.055455
10.532797 5.054389
10.541665 5.053313
10.550531 5.052226
10.559397 5.051128
10.568260 5.050020
10.577123 5.048902
10.585983 5.047772
10.594841 5.046633
10.603697 5.045483
10.612550 5.044323
10.621401 5.043153
10.630249 5.041971
10.639095 5.040779
10.647939 5.039577
10.656780 5.038363
10.665619 5.037140
10.674457 5.035906
10.683292 5.034663
10.692127 5.033408
10.700960 5.032143
10.709790 5.030868
10.718618 5.029582
10.727444 5.028285
10.736267 5.026978
10.745088 5.025662
10.753906 5.024334
10.762722 5.022996
10.771536 5.021647
10.780347 5.020288
10.789156 5.018918
10.797963 5.017538
10.806769 5.016148
10.815574 5.014747
10.824375 5.013335
10.833175 5.011912
10.841971 5.010479
10.850766 5.009036
10.859558 5.007583
10.868348 5.006119
10.877135 5.004645
10.885921 5.003160
10.894703 5.001665
10.903483 5.000159
10.912262 4.998643
10.921040 4.997117
10.929815 4.995580
10.938588 4.994033
10.947359 4.992475
10.956127 4.990907
10.964893 4.989328
10.973657 4.987739
10.982418 4.986139
10.991177 4.984529
10.999933 4.982907
11.008687 4.981276
11.017440 4.979634
11.026191 4.977982
11.034939 4.976319
11.043685 4.974646
11.052428 4.972962
11.061170 4.971268
11.069908 4.969564
11.078645 4.967850
11.087379 4.966125
11.096110 4.964389
11.104839 4.962643
11.113566 4.960886
11.122292 4.959119
11.131016 4.957342
11.139738 4.955554
11.148458 4.953755
11.157175 4.951946
11.165890 4.950127
11.174603 4.948298
11.183312 4.946457
11.192020 4.944607
11.200726 4.942746
11.209429 4.940875
11.218129 4.938993
11.226829 4.937101
11.235526 4.935199
11.244221 4.933286
11.252913 4.931363
11.261603 4.929430
11.270291 4.927485
11.278976 4.925531
11.287660 4.923566
11.296340 4.921591
11.305018 4.919606
11.313694 4.917610
11.322369 4.915604
11.331041 4.913588
11.339711 4.911561
11.348379 4.909523
11.357044 4.907475
11.365707 4.905417
11.374368 4.903348
11.383026 4.901270
11.391682 4.899180
11.400335 4.897080
11.408986 4.894970
11.417636 4.892849
11.426284 4.890719
11.434929 4.888578
11.443572 4.886426
11.452212 4.884265
11.460851 4.882093
11.469486 4.879911
11.478120 4.877718
11.486751 4.875515
11.495379 4.873301
11.504006 4.871077
11.512632 4.868842
11.521256 4.866596
11.529878 4.864341
11.538497 4.862075
11.547113 4.859799
11.555728 4.857513
11.564340 4.855217
11.572949 4.852910
11.581556 4.850593
11.590161 4.848266
11.598764 4.845928
11.607365 4.843581
11.615963 4.841223
11.624558 4.838854
11.633152 4.836476
11.641743 4.834087
11.650331 4.831688
11.658917 4.829279
11.667501 4.826859
11.676083 4.824430
11.684663 4.821990
11.693241 4.819540
11.701817 4.817079
11.710390 4.814609
11.718961 4.812128
11.727530 4.809636
11.736095 4.807135
11.744659 4.804623
11.753221 4.802101
11.761780 4.799569
11.770337 4.797026
11.778892 4.794473
11.787444 4.791909
11.795994 4.789334
11.804542 4.786750
11.813087 4.784155
11.821630 4.781549
11.830170 4.778934
11.838708 4.776309
11.847244 4.773673
11.855778 4.771026
11.864309 4.768370
11.872838 4.765702
11.881365 4.763024
11.889889 4.760336
11.898411 4.757638
11.906930 4.754930
11.915447 4.752211
11.923962 4.749482
11.932475 4.746743
11.940987 4.743994
11.949495 4.741234
11.958002 4.738465
11.966506 4.735685
11.975008 4.732894
11.983507 4.730094
11.992004 4.727283
12.000499 4.724461
12.008992 4.721629
12.017484 4.718787
12.025972 4.715934
12.034459 4.713071
12.042943 4.710198
12.051425 4.707315
12.059904 4.704421
12.068381 4.701517
12.076856 4.698602
12.085329 4.695677
12.093801 4.692741
12.102269 4.689796
12.110736 4.686840
12.119200 4.683874
12.127662 4.680898
12.136121 4.677912
12.144578 4.674915
12.153032 4.671908
12.161486 4.668890
12.169937 4.665863
12.178386 4.662825
12.186832 4.659776
12.195276 4.656717
12.203718 4.653648
12.212157 4.650569
12.220594 4.647479
12.229029 4.644379
12.237460 4.641268
12.245890 4.638147
12.254316 4.635015
12.262741 4.631874
12.271163 4.628722
12.279583 4.625560
12.288000 4.622388
12.296415 4.619206
12.304829 4.616014
12.313239 4.612811
12.321648 4.609598
12.330053 4.606375
12.338457 4.603142
12.346858 4.599899
12.355257 4.596645
12.363653 4.593381
12.372047 4.590107
12.380440 4.586823
12.388829 4.583528
12.397217 4.580222
12.405602 4.576907
12.413984 4.573581
12.422364 4.570244
12.430742 4.566898
12.439117 4.563541
12.447490 4.560174
12.455860 4.556797
12.464228 4.553410
12.472593 4.550012
12.480956 4.546605
12.489317 4.543187
12.497675 4.539759
12.506031 4.536321
12.514385 4.532873
12.522737 4.529415
12.531086 4.525947
12.539433 4.522468
12.547777 4.518979
12.556119 4.515479
12.564459 4.511970
12.572796 4.508450
12.581132 4.504920
12.589466 4.501380
12.597797 4.497830
12.606127 4.494270
12.614453 4.490700
12.622778 4.487120
12.631100 4.483529
12.639420 4.479928
12.647738 4.476317
12.656053 4.472696
12.664366 4.469066
12.672676 4.465425
12.680984 4.461773
12.689290 4.458112
12.697594 4.454440
12.705894 4.450758
12.714192 4.447066
12.722488 4.443364
12.730782 4.439651
12.739073 4.435929
12.747361 4.432196
12.755648 4.428453
12.763931 4.424700
12.772214 4.420936
12.780495 4.417162
12.788773 4.413379
12.797049 4.409585
12.805322 4.405780
12.813593 4.401967
12.821861 4.398142
12.830128 4.394308
12.838392 4.390463
12.846654 4.386609
12.854914 4.382743
12.863171 4.378868
12.871426 4.374983
12.879678 4.371087
12.887928 4.367181
12.896176 4.363265
12.904422 4.359339
12.912665 4.355402
12.920906 4.351456
12.929145 4.347499
12.937381 4.343532
12.945615 4.339554
12.953846 4.335567
12.962074 4.331570
12.970301 4.327563
12.978524 4.323545
12.986746 4.319517
12.994965 4.315479
13.003181 4.311430
13.011395 4.307373
13.019607 4.303304
13.027816 4.299226
13.036022 4.295137
13.044227 4.291038
13.052428 4.286929
13.060628 4.282809
13.068825 4.278680
13.077019 4.274541
13.085211 4.270391
13.093400 4.266232
13.101587 4.262062
13.109772 4.257881
13.117954 4.253691
13.126134 4.249491
13.134311 4.245281
13.142486 4.241061
13.150658 4.236830
13.158828 4.232590
13.166995 4.228339
13.175160 4.224078
13.183323 4.219806
13.191483 4.215525
13.199640 4.211234
13.207795 4.206933
13.215948 4.202622
13.224098 4.198301
13.232246 4.193970
13.240392 4.189628
13.248534 4.185277
13.256675 4.180914
13.264812 4.176542
13.272948 4.172160
13.281081 4.167767
13.289212 4.163365
13.297340 4.158953
13.305466 4.154531
13.313589 4.150099
13.321710 4.145658
13.329828 4.141205
13.337944 4.136743
13.346058 4.132270
13.354169 4.127788
13.362277 4.123294
13.370383 4.118791
13.378487 4.114277
13.386588 4.109754
13.394687 4.105219
13.402783 4.100675
13.410878 4.096121
13.418970 4.091558
13.427060 4.086984
13.435147 4.082401
13.443233 4.077808
13.451315 4.073205
13.459395 4.068593
13.467474 4.063970
13.475550 4.059338
13.483624 4.054696
13.491694 4.050045
13.499763 4.045382
13.507830 4.040710
13.515893 4.036028
13.523954 4.031335
13.532013 4.026632
13.540070 4.021919
13.548123 4.017196
13.556175 4.012462
13.564224 4.007718
13.572270 4.002964
13.580315 3.998200
13.588356 3.993426
13.596395 3.988642
13.604432 3.983848
13.612467 3.979045
13.620500 3.974231
13.628530 3.969409
13.636558 3.964576
13.644583 3.959733
13.652606 3.954881
13.660626 3.950019
13.668644 3.945147
13.676660 3.940265
13.684672 3.935374
13.692683 3.930471
13.700691 3.925559
13.708697 3.920636
13.716701 3.915704
13.724701 3.910760
13.732699 3.905807
13.740695 3.900844
13.748689 3.895871
13.756680 3.890888
13.764668 3.885895
13.772655 3.880891
13.780640 3.875878
13.788622 3.870855
13.796601 3.865822
13.804579 3.860778
13.812553 3.855725
13.820525 3.850662
13.828495 3.845590
13.836462 3.840508
13.844427 3.835415
13.852389 3.830313
13.860350 3.825201
13.868308 3.820079
13.876264 3.814946
13.884217 3.809804
13.892168 3.804651
13.900117 3.799489
13.908063 3.794317
13.916006 3.789134
13.923947 3.783942
13.931886 3.778740
13.939822 3.773528
13.947756 3.768306
13.955688 3.763074
13.963617 3.757833
13.971544 3.752581
13.979469 3.747319
13.987391 3.742047
13.995312 3.736765
14.003229 3.731473
14.011144 3.726172
14.019056 3.720860
14.026966 3.715539
14.034874 3.710208
14.042779 3.704867
14.050680 3.699516
14.058579 3.694155
14.066476 3.688784
14.074370 3.683404
14.082262 3.678013
14.090152 3.672613
14.098039 3.667203
14.105923 3.661783
14.113805 3.656353
14.121684 3.650912
14.129561 3.645462
14.137436 3.640002
14.145308 3.634533
14.153177 3.629053
14.161044 3.623564
14.168909 3.618064
14.176771 3.612555
14.184631 3.607036
14.192490 3.601507
14.200345 3.595968
14.208199 3.590419
14.216049 3.584861
14.223898 3.579292
14.231744 3.573713
14.239587 3.568125
14.247428 3.562527
14.255266 3.556919
14.263103 3.551301
14.270936 3.545674
14.278767 3.540036
14.286595 3.534389
14.294421 3.528732
14.302245 3.523065
14.310066 3.517388
14.317883 3.511701
14.325699 3.506004
14.333511 3.500298
14.341322 3.494581
14.349130 3.488855
14.356936 3.483119
14.364738 3.477373
14.372539 3.471617
14.380337 3.465852
14.388132 3.460077
14.395926 3.454291
14.403716 3.448496
14.411504 3.442691
14.419290 3.436876
14.427073 3.431051
14.434854 3.425217
14.442632 3.419373
14.450407 3.413519
14.458180 3.407655
14.465951 3.401781
14.473720 3.395897
14.481485 3.390003
14.489247 3.384099
14.497007 3.378186
14.504765 3.372263
14.512520 3.366329
14.520272 3.360386
14.528021 3.354433
14.535768 3.348470
14.543511 3.342498
14.551253 3.336515
14.558992 3.330523
14.566730 3.324521
14.574465 3.318509
14.582197 3.312487
14.589928 3.306456
14.597655 3.300414
14.605381 3.294363
14.613104 3.288301
14.620824 3.282230
14.628542 3.276150
14.636257 3.270059
14.643970 3.263958
14.651681 3.257848
14.659389 3.251729
14.667094 3.245599
14.674797 3.239459
14.682498 3.233310
14.690196 3.227151
14.697891 3.220982
14.705585 3.214804
14.713275 3.208616
14.720963 3.202418
14.728649 3.196210
14.736332 3.189993
14.744013 3.183765
14.751691 3.177528
14.759367 3.171282
14.767040 3.165025
14.774711 3.158759
14.782379 3.152483
14.790045 3.146197
14.797709 3.139901
14.805369 3.133596
14.813026 3.127280
14.820682 3.120955
14.828334 3.114620
14.835984 3.108276
14.843632 3.101921
14.851275 3.095557
14.858917 3.089184
14.866556 3.082800
14.874193 3.076407
14.881827 3.070004
14.889458 3.063592
14.897086 3.057170
14.904712 3.050738
14.912335 3.044296
14.919956 3.037844
14.927573 3.031383
14.935188 3.024912
14.942801 3.018431
14.950411 3.011940
14.958018 3.005440
14.965622 2.998930
14.973224 2.992410
14.980823 2.985881
14.988420 2.979342
14.996014 2.972793
15.003604 2.966234
15.011192 2.959666
15.018778 2.953088
15.026361 2.946500
15.033942 2.939902
15.041520 2.933295
15.049096 2.926678
15.056669 2.920052
15.064240 2.913415
15.071809 2.906770
15.079374 2.900114
15.086938 2.893449
15.094499 2.886774
15.102057 2.880089
15.109613 2.873395
15.117167 2.866691
15.124718 2.859977
15.132266 2.853254
15.139812 2.846521
15.147356 2.839778
15.154897 2.833026
15.162436 2.826264
15.169971 2.819492
15.177505 2.812711
15.185037 2.805920
15.192565 2.799120
15.200091 2.792310
15.207615 2.785490
15.215135 2.778660
15.222652 2.771821
15.230167 2.764972
15.237680 2.758114
15.245191 2.751245
15.252697 2.744368
15.260201 2.737480
15.267703 2.730583
15.275203 2.723677
15.282700 2.716761
15.290193 2.709835
15.297684 2.702900
15.305172 2.695955
15.312658 2.689000
15.320142 2.682035
15.327622 2.675061
15.335101 2.668078
15.342577 2.661084
15.350051 2.654081
15.357522 2.647069
15.364990 2.640047
15.372457 2.633015
15.379920 2.625974
15.387382 2.618923
15.394840 2.611862
15.402296 2.604792
15.409750 2.597712
15.417201 2.590623
15.424648 2.583524
15.432094 2.576415
15.439536 2.569296
15.446977 2.562168
15.454414 2.555030
15.461848 2.547883
15.469280 2.540725
15.476709 2.533559
15.484137 2.526382
15.491561 2.519196
15.498982 2.512000
15.506402 2.504795
15.513819 2.497580
15.521234 2.490355
15.528646 2.483121
15.536055 2.475877
15.543462 2.468623
15.550866 2.461360
15.558267 2.454087
15.565665 2.446805
15.573061 2.439513
15.580455 2.432212
15.587846 2.424901
15.595233 2.417582
15.602618 2.410252
15.610001 2.402913
15.617381 2.395564
15.624759 2.388205
15.632133 2.380837
15.639506 2.373459
15.646876 2.366071
15.654244 2.358674
15.661610 2.351268
15.668972 2.343852
15.676332 2.336427
15.683690 2.328992
15.691044 2.321547
15.698396 2.314093
15.705745 2.306629
15.713092 2.299155
15.720436 2.291672
15.727777 2.284180
15.735117 2.276679
15.742454 2.269167
15.749788 2.261647
15.757120 2.254116
15.764449 2.246576
15.771776 2.239027
15.779100 2.231468
15.786421 2.223899
15.793739 2.216321
15.801055 2.208733
15.808369 2.201136
15.815680 2.193529
15.822988 2.185913
15.830294 2.178288
15.837597 2.170652
15.844896 2.163008
15.852194 2.155354
15.859488 2.147690
15.866781 2.140017
15.874071 2.132334
15.881357 2.124642
15.888641 2.116940
15.895923 2.109229
15.903202 2.101508
15.910479 2.093778
15.917752 2.086038
15.925024 2.078289
15.932293 2.070529
15.939558 2.062761
15.946821 2.054983
15.954082 2.047196
15.961340 2.039399
15.968596 2.031593
15.975848 2.023777
15.983099 2.015952
15.990347 2.008117
15.997591 2.000273
16.004833 1.992420
16.012072 1.984557
16.019306 1.976685
16.026541 1.968803
16.033773 1.960912
16.041004 1.953011
16.048231 1.945101
16.055454 1.937182
16.062674 1.929253
16.069891 1.921314
16.077106 1.913366
16.084320 1.905409
16.091530 1.897442
16.098736 1.889466
16.105940 1.881480
16.113142 1.873485
16.120342 1.865480
16.127539 1.857466
16.134731 1.849443
16.141924 1.841410
16.149115 1.833367
16.156303 1.825316
16.163488 1.817255
16.170670 1.809184
16.177847 1.801104
16.185022 1.793015
16.192196 1.784916
16.199368 1.776808
16.206535 1.768690
16.213699 1.760563
16.220861 1.752426
16.228022 1.744280
16.235180 1.736125
16.242334 1.727960
16.249485 1.719786
16.256636 1.711602
16.263784 1.703409
16.270931 1.695207
16.278074 1.686995
16.285213 1.678774
16.292349 1.670544
16.299482 1.662304
16.306614 1.654054
16.313744 1.645796
16.320869 1.637528
16.327991 1.629250
16.335112 1.620963
16.342230 1.612667
16.349346 1.604362
16.356459 1.596047
16.363567 1.587723
16.370676 1.579389
16.377783 1.571046
16.384888 1.562694
16.391989 1.554333
16.399086 1.545962
16.406179 1.537581
16.413271 1.529192
16.420361 1.520793
16.427448 1.512384
16.434532 1.503966
16.441612 1.495539
16.448690 1.487103
16.455767 1.478657
16.462841 1.470202
16.469912 1.461738
16.476978 1.453264
16.484041 1.444781
16.491102 1.436288
16.498161 1.427787
16.505219 1.419275
16.512272 1.410755
16.519321 1.402225
16.526369 1.393686
16.533415 1.385138
16.540459 1.376580
16.547499 1.368013
16.554535 1.359437
16.561571 1.350851
16.568605 1.342256
16.575638 1.333652
16.582666 1.325039
16.589691 1.316416
16.596712 1.307784
16.603731 1.299142
16.610748 1.290491
16.617764 1.281832
16.624775 1.273162
16.631783 1.264484
16.638790 1.255796
16.645796 1.247098
16.652800 1.238392
16.659800 1.229676
16.666796 1.220951
16.673788 1.212217
16.680779 1.203473
16.687767 1.194721
16.694754 1.185959
16.701736 1.177187
16.708715 1.168407
16.715693 1.159617
16.722668 1.150818
16.729641 1.142009
16.736610 1.133192
16.743576 1.124365
16.750538 1.115529
16.757498 1.106684
16.764456 1.097829
16.771412 1.088965
16.778364 1.080092
16.785313 1.071209
16.792259 1.062318
16.799204 1.053417
16.806147 1.044507
16.813086 1.035587
16.820021 1.026659
16.826952 1.017721
16.833881 1.008774
16.840809 0.999818
16.847734 0.990852
16.854656 0.981877
16.861574 0.972893
16.868490 0.963900
16.875404 0.954897
16.882317 0.945886
16.889225 0.936865
16.896130 0.927834
16.903030 0.918795
16.909929 0.909747
16.916826 0.900689
16.923721 0.891622
16.930613 0.882545
16.937500 0.873460
16.944386 0.864365
16.951269 0.855262
16.958151 0.846149
16.965029 0.837026
16.971903 0.827895
16.978773 0.818754
16.985641 0.809604
16.992508 0.800445
16.999372 0.791277
17.006233 0.782099
17.013090 0.772913
17.019947 0.763717
17.026802 0.754512
17.033655 0.745297
17.040504 0.736074
17.047350 0.726841
17.054192 0.717599
17.061031 0.708348
17.067869 0.699088
17.074705 0.689819
17.081537 0.680540
17.088366 0.671252
17.095194 0.661956
17.102020 0.652650
17.108845 0.643335
17.115665 0.634010
17.122482 0.624677
17.129295 0.615334
17.136106 0.605982
17.142916 0.596621
17.149723 0.587251
17.156527 0.577872
17.163326 0.568483
17.170122 0.559086
17.176916 0.549679
17.183708 0.540263
17.190498 0.530838
17.197285 0.521404
17.204067 0.511961
17.210850 0.502509
17.217630 0.493047
17.224409 0.483577
17.231184 0.474097
17.237955 0.464608
17.244722 0.455110
17.251488 0.445603
17.258251 0.436087
17.265013 0.426562
17.271770 0.417028
17.278524 0.407484
17.285275 0.397932
17.292023 0.388370
17.298769 0.378799
17.305513 0.369219
17.312254 0.359630
17.318991 0.350032
17.325726 0.340425
17.332458 0.330809
17.339190 0.321184
17.345917 0.311550
17.352640 0.301906
17.359360 0.292254
17.366077 0.282592
17.372793 0.272921
17.379507 0.263241
17.386217 0.253553
17.392923 0.243855
17.399626 0.234148
17.406326 0.224432
17.413025 0.214707
17.419722 0.204972
17.426414 0.195229
17.433104 0.185477
17.439793 0.175716
17.446480 0.165945
17.453165 0.156166
17.459846 0.146378
17.466524 0.136580
17.473198 0.126774
17.479870 0.116958
17.486540 0.107134
17.493208 0.097300
17.499872 0.087458
17.506533 0.077606
17.513189 0.067745
17.519844 0.057876
17.526497 0.047997
17.533148 0.038109
17.539795 0.028213
17.546438 0.018307
17.553078 0.008392
17.559715 -0.001532
17.566351 -0.011464
17.572985 -0.021406
17.579615 -0.031357
17.586241 -0.041317
17.592865 -0.051285
17.599487 -0.061263
17.606108 -0.071250
17.612724 -0.081246
17.619337 -0.091250
17.625946 -0.101264
17.632553 -0.111287
17.639158 -0.121318
17.645761 -0.131359
17.652361 -0.141409
17.658957 -0.151467
17.665548 -0.161535
17.672138 -0.171611
17.678726 -0.181697
17.685312 -0.191791
17.691895 -0.201895
17.698473 -0.212007
17.705048 -0.222129
17.711620 -0.232259
17.718191 -0.242398
17.724760 -0.252547
17.731325 -0.262704
17.737886 -0.272870
17.744448 -0.283045
17.751007 -0.293229
17.757565 -0.303422
17.764118 -0.313624
17.770668 -0.323835
17.777214 -0.334055
17.783758 -0.344284
17.790300 -0.354522
17.796841 -0.364768
17.803377 -0.375024
17.809910 -0.385289
17.816439 -0.395562
17.822966 -0.405845
17.829491 -0.416136
17.836014 -0.426436
17.842533 -0.436746
17.849049 -0.447064
17.855560 -0.457391
17.862070 -0.467727
17.868578 -0.478072
17.875084 -0.488426
17.881586 -0.498789
17.888084 -0.509161
17.894579 -0.519542
17.901072 -0.529931
17.907562 -0.540330
17.914051 -0.550737
17.920536 -0.561153
17.927017 -0.571579
17.933495 -0.582013
17.939970 -0.592456
17.946444 -0.602908
17.952915 -0.613369
17.959383 -0.623838
17.965847 -0.634317
17.972307 -0.644805
17.978765 -0.655301
17.985222 -0.665806
17.991676 -0.676320
17.998127 -0.686843
18.004574 -0.697375
18.011017 -0.707916
18.017458 -0.718466
18.023897 -0.729024
18.030334 -0.739592
18.036768 -0.750168
18.043198 -0.760753
18.049627 -0.771347
18.056055 -0.781950
18.062481 -0.792562
18.068905 -0.803182
18.075325 -0.813811
18.081741 -0.824450
18.088158 -0.835097
18.094572 -0.845753
18.100985 -0.856418
18.107393 -0.867091
18.113798 -0.877774
18.120199 -0.888466
18.126598 -0.899166
18.132996 -0.909875
18.139391 -0.920593
18.145782 -0.931320
18.152170 -0.942056
18.158554 -0.952800
18.164936 -0.963553
18.171316 -0.974315
18.177694 -0.985086
18.184069 -0.995865
18.190439 -1.006653
18.196806 -1.017451
18.203171 -1.028256
18.209534 -1.039071
18.215895 -1.049894
18.222252 -1.060727
18.228605 -1.071568
18.234955 -1.082417
18.241302 -1.093276
18.247648 -1.104143
18.253992 -1.115020
18.260332 -1.125905
18.266668 -1.136799
18.273001 -1.147701
18.279331 -1.158612
18.285660 -1.169532
18.291986 -1.180461
18.298309 -1.191399
18.304628 -1.202345
18.310944 -1.213301
18.317257 -1.224265
18.323568 -1.235237
18.329878 -1.246219
18.336184 -1.257209
18.342485 -1.268208
18.348783 -1.279216
18.355082 -1.290232
18.361378 -1.301258
18.367672 -1.312292
18.373964 -1.323335
18.380253 -1.334386
18.386538 -1.345446
18.392818 -1.356515
18.399097 -1.367593
18.405375 -1.378679
18.411650 -1.389774
18.417921 -1.400878
18.424189 -1.411991
18.430452 -1.423112
18.436714 -1.434242
18.442974 -1.445381
18.449232 -1.456529
18.455486 -1.467685
18.461737 -1.478850
18.467983 -1.490024
18.474228 -1.501206
18.480471 -1.512397
18.486712 -1.523597
18.492949 -1.534806
18.499182 -1.546023
18.505411 -1.557249
18.511639 -1.568483
18.517864 -1.579727
18.524088 -1.590979
18.530308 -1.602239
18.536524 -1.613509
18.542736 -1.624787
18.548946 -1.636073
18.555155 -1.647369
18.561361 -1.658673
18.567564 -1.669986
18.573763 -1.681308
18.579958 -1.692638
18.586151 -1.703976
18.592342 -1.715324
18.598532 -1.726680
18.604717 -1.738045
18.610899 -1.749418
18.617077 -1.760800
18.623253 -1.772191
18.629427 -1.783590
18.635599 -1.794998
18.641768 -1.806415
18.647932 -1.817840
18.654093 -1.829274
18.660254 -1.840717
18.666412 -1.852168
18.672569 -1.863628
18.678724 -1.875097
18.684875 -1.886574
18.691023 -1.898060
18.697166 -1.909554
18.703308 -1.921057
18.709448 -1.932569
18.715586 -1.944089
18.721720 -1.955618
18.727850 -1.967156
18.733976 -1.978702
18.740101 -1.990257
18.746223 -2.001820
18.752344 -2.013392
18.758461 -2.024973
18.764574 -2.036562
18.770683 -2.048160
18.776791 -2.059767
18.782896 -2.071383
18.789000 -2.083007
18.795099 -2.094639
18.801195 -2.106280
18.807287 -2.117930
18.813377 -2.129588
18.819466 -2.141255
18.825552 -2.152931
18.831636 -2.164615
18.837717 -2.176308
18.843794 -2.188010
18.849867 -2.199719
18.855938 -2.211437
18.862007 -2.223164
18.868074 -2.234899
18.874138 -2.246643
18.880198 -2.258396
18.886253 -2.270157
18.892307 -2.281927
18.898359 -2.293705
18.904409 -2.305493
18.910456 -2.317289
18.916498 -2.329093
18.922537 -2.340906
18.928574 -2.352727
18.934608 -2.364557
18.940641 -2.376395
18.946671 -2.388242
18.952696 -2.400097
18.958717 -2.411961
18.964735 -2.423833
18.970751 -2.435714
18.976765 -2.447603
18.982777 -2.459500
18.988785 -2.471406
18.994789 -2.483321
19.000790 -2.495244
19.006788 -2.507175
19.012785 -2.519115
19.018780 -2.531063
19.024771 -2.543020
19.030758 -2.554985
19.036741 -2.566959
19.042723 -2.578941
19.048702 -2.590931
19.054680 -2.602931
19.060656 -2.614938
19.066628 -2.626954
19.072596 -2.638978
19.078560 -2.651011
19.084522 -2.663053
19.090483 -2.675103
19.096441 -2.687161
19.102396 -2.699228
19.108347 -2.711303
19.114294 -2.723387
19.120239 -2.735479
19.126183 -2.747580
19.132124 -2.759689
19.138062 -2.771807
19.143995 -2.783933
19.149925 -2.796067
19.155851 -2.808211
19.161776 -2.820362
19.167698 -2.832522
19.173618 -2.844691
19.179535 -2.856868
19.185448 -2.869053
19.191357 -2.881247
19.197264 -2.893450
19.203169 -2.905660
19.209072 -2.917880
19.214972 -2.930108
19.220867 -2.942344
19.226759 -2.954589
19.232649 -2.966842
19.238537 -2.979103
19.244423 -2.991373
19.250307 -3.003652
19.256187 -3.015939
19.262064 -3.028234
19.267937 -3.040538
19.273808 -3.052850
19.279676 -3.065170
19.285543 -3.077499
19.291407 -3.089837
19.297266 -3.102182
19.303122 -3.114537
19.308975 -3.126899
19.314827 -3.139269
19.320677 -3.151649
19.326525 -3.164036
19.332369 -3.176432
19.338209 -3.188836
19.344046 -3.201248
19.349880 -3.213669
19.355713 -3.226098
19.361544 -3.238536
19.367371 -3.250982
19.373194 -3.263436
19.379013 -3.275898
19.384829 -3.288369
19.390642 -3.300848
19.396454 -3.313336
19.402264 -3.325833
19.408070 -3.338337
19.413872 -3.350850
19.419670 -3.363372
19.425467 -3.375901
19.431261 -3.388440
19.437054 -3.400986
19.442842 -3.413541
19.448627 -3.426105
19.454409 -3.438677
19.460186 -3.451257
19.465961 -3.463845
19.471735 -3.476442
19.477507 -3.489047
19.483274 -3.501660
19.489038 -3.514282
19.494799 -3.526912
19.500557 -3.539550
19.506313 -3.552197
19.512068 -3.564852
19.517820 -3.577516
19.523569 -3.590188
19.529314 -3.602868
19.535055 -3.615556
19.540794 -3.628253
19.546532 -3.640957
19.552267 -3.653671
19.557999 -3.666392
19.563726 -3.679121
19.569450 -3.691859
19.575171 -3.704606
19.580889 -3.717360
19.586605 -3.730123
19.592319 -3.742894
19.598030 -3.755673
19.603737 -3.768460
19.609440 -3.781255
19.615141 -3.794059
19.620840 -3.806871
19.626537 -3.819691
19.632233 -3.832520
19.637924 -3.845357
19.643612 -3.858202
19.649296 -3.871056
19.654978 -3.883917
19.660658 -3.896787
19.666336 -3.909666
19.672010 -3.922552
19.677681 -3.935447
19.683348 -3.948349
19.689011 -3.961260
19.694672 -3.974179
19.700331 -3.987107
19.705988 -4.000042
19.711641 -4.012986
19.717291 -4.025938
19.722937 -4.038898
19.728577 -4.051867
19.734215 -4.064843
19.739851 -4.077828
19.745485 -4.090821
19.751116 -4.103822
19.756742 -4.116832
19.762365 -4.129849
19.767986 -4.142876
19.773605 -4.155910
19.779222 -4.168952
19.784838 -4.182003
19.790449 -4.195063
19.796057 -4.208129
19.801661 -4.221205
19.807262 -4.234288
19.812862 -4.247380
19.818460 -4.260480
19.824055 -4.273589
19.829645 -4.286705
19.835232 -4.299830
19.840815 -4.312963
19.846395 -4.326104
19.851974 -4.339253
19.857552 -4.352411
19.863125 -4.365577
19.868694 -4.378751
19.874260 -4.391934
19.879822 -4.405125
19.885382 -4.418323
19.890940 -4.431530
19.896496 -4.444744
19.902048 -4.457967
19.907597 -4.471199
19.913141 -4.484437
19.918682 -4.497685
19.924221 -4.510941
19.929758 -4.524205
19.935293 -4.537477
19.940825 -4.550757
19.946352 -4.564045
19.951876 -4.577342
19.957394 -4.590646
19.962910 -4.603959
19.968424 -4.617279
19.973936 -4.630608
19.979445 -4.643945
19.984949 -4.657290
19.990450 -4.670643
19.995945 -4.684004
20.001438 -4.697373
20.006929 -4.710751
20.012419 -4.724136
20.017904 -4.737530
20.023386 -4.750931
20.028864 -4.764340
20.034340 -4.777758
20.039814 -4.791183
20.045286 -4.804617
20.050756 -4.818058
20.056223 -4.831508
20.061686 -4.844965
20.067144 -4.858432
20.072601 -4.871906
20.078056 -4.885388
20.083509 -4.898879
20.088961 -4.912377
20.094408 -4.925884
20.099852 -4.939399
20.105291 -4.952921
20.110729 -4.966452
20.116165 -4.979990
20.121599 -4.993537
20.127031 -5.007092
20.132460 -5.020655
20.137884 -5.034226
20.143305 -5.047804
20.148724 -5.061391
20.154140 -5.074986
20.159555 -5.088589
20.164968 -5.102200
20.170378 -5.115819
20.175783 -5.129446
20.181185 -5.143081
20.186581 -5.156723
20.191975 -5.170374
20.197367 -5.184034
20.202757 -5.197701
20.208143 -5.211377
20.213526 -5.225060
20.218904 -5.238751
20.224277 -5.252450
20.229649 -5.266157
20.235018 -5.279872
20.240385 -5.293595
20.245749 -5.307327
20.251108 -5.321067
20.256464 -5.334815
20.261816 -5.348571
20.267166 -5.362334
20.272514 -5.376106
20.277861 -5.389885
20.283203 -5.403673
20.288542 -5.417469
20.293877 -5.431272
20.299208 -5.445084
20.304537 -5.458903
20.309864 -5.472730
20.315189 -5.486565
20.320511 -5.500408
20.325829 -5.514259
20.331142 -5.528118
20.336452 -5.541985
20.341761 -5.555860
20.347067 -5.569744
20.352371 -5.583635
20.357672 -5.597534
20.362968 -5.611441
20.368261 -5.625356
20.373550 -5.639279
20.378838 -5.653210
20.384123 -5.667148
20.389406 -5.681095
20.394688 -5.695049
20.399965 -5.709012
20.405239 -5.722982
20.410509 -5.736961
20.415777 -5.750947
20.421043 -5.764942
20.426308 -5.778944
20.431570 -5.792954
20.436829 -5.806972
20.442083 -5.820998
20.447334 -5.835032
20.452581 -5.849073
20.457827 -5.863122
20.463070 -5.877180
20.468311 -5.891245
20.473549 -5.905318
20.478783 -5.919399
20.484013 -5.933487
20.489239 -5.947584
20.494463 -5.961689
20.499685 -5.975801
20.504906 -5.989922
20.510124 -6.004050
20.515339 -6.018187
20.520550 -6.032331
20.525757 -6.046483
20.530962 -6.060642
20.536165 -6.074810
20.541367 -6.088985
20.546566 -6.103169
20.551762 -6.117360
20.556953 -6.131559
20.562141 -6.145766
20.567326 -6.159981
20.572508 -6.174204
20.577688 -6.188435
20.582867 -6.202673
20.588041 -6.216919
20.593212 -6.231174
20.598379 -6.245436
20.603542 -6.259706
20.608704 -6.273983
20.613863 -6.288269
20.619020 -6.302563
20.624176 -6.316864
20.629328 -6.331173
20.634476 -6.345490
20.639620 -6.359816
20.644762 -6.374148
20.649902 -6.388489
20.655041 -6.402838
20.660177 -6.417194
20.665310 -6.431559
20.670439 -6.445931
20.675564 -6.460311
20.680685 -6.474699
20.685804 -6.489095
20.690922 -6.503499
20.696037 -6.517910
20.701149 -6.532330
20.706257 -6.546757
20.711361 -6.561192
20.716461 -6.575635
20.721560 -6.590086
20.726656 -6.604545
20.731750 -6.619011
20.736843 -6.633486
20.741932 -6.647968
20.747017 -6.662458
20.752098 -6.676957
20.757175 -6.691462
20.762251 -6.705975
20.767324 -6.720495
20.772396 -6.735023
20.777464 -6.749558
20.782528 -6.764101
20.787588 -6.778651
20.792645 -6.793210
20.797699 -6.807776
20.802752 -6.822350
20.807802 -6.836932
20.812851 -6.851522
20.817896 -6.866120
20.822937 -6.880725
20.827974 -6.895339
20.833008 -6.909960
20.838039 -6.924590
20.843069 -6.939226
20.848097 -6.953870
20.853123 -6.968522
20.858145 -6.983181
20.863163 -6.997847
20.868177 -7.012520
20.873186 -7.027202
20.878193 -7.041892
20.883198 -7.056589
20.888201 -7.071294
20.893200 -7.086008
20.898195 -7.100729
20.903187 -7.115458
20.908175 -7.130194
20.913160 -7.144938
20.918144 -7.159688
20.923126 -7.174447
20.928106 -7.189214
20.933083 -7.203988
20.938055 -7.218771
20.943024 -7.233561
20.947989 -7.248359
20.952951 -7.263165
20.957912 -7.277978
20.962872 -7.292799
20.967827 -7.307627
20.972778 -7.322462
20.977726 -7.337305
20.982670 -7.352156
20.987608 -7.367015
20.992544 -7.381882
20.997478 -7.396756
21.002411 -7.411638
21.007339 -7.426528
21.012264 -7.441424
21.017185 -7.456328
21.022102 -7.471240
21.027018 -7.486160
21.031931 -7.501087
21.036842 -7.516023
21.041752 -7.530965
21.046658 -7.545916
21.051559 -7.560873
21.056458 -7.575838
21.061352 -7.590811
21.066244 -7.605792
21.071135 -7.620781
21.076023 -7.635777
21.080910 -7.650781
21.085793 -7.665792
21.090672 -7.680810
21.095547 -7.695837
21.100418 -7.710871
21.105288 -7.725913
21.110155 -7.740962
21.115021 -7.756018
21.119884 -7.771082
21.124744 -7.786153
21.129601 -7.801233
21.134453 -7.816320
21.139301 -7.831415
21.144148 -7.846517
21.148993 -7.861626
21.153835 -7.876744
21.158674 -7.891869
21.163509 -7.907002
21.168341 -7.922143
21.173168 -7.937291
21.177990 -7.952446
21.182810 -7.967609
21.187628 -7.982780
21.192444 -7.997959
21.197256 -8.013144
21.202065 -8.028337
21.206869 -8.043536
21.211670 -8.058742
21.216465 -8.073954
21.221258 -8.089173
21.226049 -8.104401
21.230839 -8.119634
21.235624 -8.134873
21.240406 -8.150120
21.245184 -8.165374
21.249958 -8.180635
21.254726 -8.195903
21.259493 -8.211177
21.264257 -8.226458
21.269020 -8.241746
21.273779 -8.257042
21.278534 -8.272344
21.283285 -8.287652
21.288033 -8.302967
21.292774 -8.318290
21.297514 -8.333620
21.302252 -8.348956
21.306988 -8.364299
21.311720 -8.379648
21.316448 -8.395005
21.321173 -8.410370
21.325893 -8.425740
21.330608 -8.441117
21.335321 -8.456501
21.340033 -8.471892
21.344742 -8.487291
21.349447 -8.502698
21.354149 -8.518111
21.358847 -8.533531
21.363541 -8.548958
21.368231 -8.564392
21.372919 -8.579834
21.377605 -8.595283
21.382290 -8.610738
21.386972 -8.626200
21.391651 -8.641669
21.396326 -8.657146
21.400997 -8.672629
21.405664 -8.688119
21.410330 -8.703615
21.414993 -8.719119
21.419655 -8.734631
21.424314 -8.750148
21.428970 -8.765672
21.433622 -8.781202
21.438271 -8.796740
21.442915 -8.812284
21.447557 -8.827837
21.452198 -8.843396
21.456837 -8.858962
21.461473 -8.874535
21.466106 -8.890115
21.470736 -8.905703
21.475361 -8.921296
21.479982 -8.936896
21.484602 -8.952503
21.489220 -8.968117
21.493835 -8.983738
21.498449 -8.999367
21.503059 -9.015002
21.507666 -9.030644
21.512268 -9.046293
21.516867 -9.061950
21.521460 -9.077614
21.526051 -9.093284
21.530640 -9.108960
21.535227 -9.124643
21.539812 -9.140333
21.544394 -9.156031
21.548971 -9.171736
21.553545 -9.187447
21.558115 -9.203164
21.562683 -9.218888
21.567249 -9.234620
21.571814 -9.250360
21.576376 -9.266105
21.580935 -9.281857
21.585489 -9.297615
21.590040 -9.313380
21.594587 -9.329153
21.599133 -9.344934
21.603676 -9.360720
21.608217 -9.376513
21.612757 -9.392312
21.617292 -9.408118
21.621824 -9.423932
21.626352 -9.439754
21.630877 -9.455581
21.635395 -9.471415
21.639912 -9.487255
21.644426 -9.503102
21.648939 -9.518957
21.653450 -9.534820
21.657957 -9.550688
21.662460 -9.566563
21.666960 -9.582444
21.671455 -9.598332
21.675949 -9.614228
21.680441 -9.630132
21.684931 -9.646041
21.689419 -9.661957
21.693903 -9.677879
21.698383 -9.693809
21.702860 -9.709745
21.707333 -9.725690
21.711800 -9.741640
21.716265 -9.757597
21.720728 -9.773561
21.725189 -9.789531
21.729649 -9.805509
21.734104 -9.821494
21.738556 -9.837485
21.743004 -9.853483
21.747448 -9.869488
21.751890 -9.885499
21.756330 -9.901518
21.760769 -9.917544
21.765205 -9.933577
21.769638 -9.949615
21.774067 -9.965661
21.778492 -9.981713
21.782913 -9.997772
21.787331 -10.013839
21.791746 -10.029911
21.796160 -10.045989
21.800571 -10.062074
21.804981 -10.078165
21.809387 -10.094263
21.813789 -10.110369
21.818188 -10.126482
21.822582 -10.142601
21.826971 -10.158727
21.831358 -10.174859
21.835743 -10.190998
21.840126 -10.207145
21.844507 -10.223299
21.848885 -10.239459
21.853258 -10.255625
21.857628 -10.271797
21.861994 -10.287976
21.866358 -10.304162
21.870720 -10.320355
21.875080 -10.336556
21.879438 -10.352763
21.883793 -10.368977
21.888144 -10.385197
21.892490 -10.401423
21.896833 -10.417657
21.901173 -10.433898
21.905510 -10.450145
21.909845 -10.466397
21.914179 -10.482656
21.918510 -10.498922
21.922838 -10.515195
21.927162 -10.531475
21.931482 -10.547763
21.935799 -10.564056
21.940111 -10.580356
21.944422 -10.596662
21.948730 -10.612974
21.953037 -10.629293
21.957342 -10.645620
21.961643 -10.661955
21.965940 -10.678295
21.970234 -10.694641
21.974524 -10.710994
21.978807 -10.727353
21.983089 -10.743719
21.987370 -10.760093
21.991648 -10.776474
21.995924 -10.792861
22.000196 -10.809254
22.004465 -10.825653
22.008730 -10.842059
22.012991 -10.858472
22.017246 -10.874891
22.021500 -10.891318
22.025751 -10.907751
22.030001 -10.924190
22.034248 -10.940635
22.038492 -10.957087
22.042732 -10.973545
22.046968 -10.990010
22.051201 -11.006483
22.055428 -11.022962
22.059652 -11.039446
22.063875 -11.055937
22.068096 -11.072434
22.072315 -11.088939
22.076530 -11.105450
22.080742 -11.121968
22.084949 -11.138494
22.089153 -11.155026
22.093351 -11.171564
22.097548 -11.188108
22.101742 -11.204659
22.105934 -11.221217
22.110125 -11.237782
22.114311 -11.254354
22.118494 -11.270931
22.122673 -11.287515
22.126848 -11.304104
22.131020 -11.320700
22.135189 -11.337302
22.139357 -11.353911
22.143522 -11.370528
22.147686 -11.387153
22.151846 -11.403783
22.156002 -11.420419
22.160154 -11.437061
22.164303 -11.453711
22.168447 -11.470366
22.172590 -11.487029
22.176731 -11.503699
22.180870 -11.520377
22.185007 -11.537061
22.189140 -11.553750
22.193270 -11.570446
22.197395 -11.587149
22.201517 -11.603858
22.205635 -11.620574
22.209751 -11.637298
22.213865 -11.654029
22.217978 -11.670766
22.222088 -11.687509
22.226196 -11.704258
22.230301 -11.721014
22.234402 -11.737777
22.238499 -11.754546
22.242592 -11.771322
22.246679 -11.788106
22.250765 -11.804895
22.254848 -11.821691
22.258930 -11.838491
22.263010 -11.855299
22.267086 -11.872113
22.271158 -11.888934
22.275227 -11.905762
22.279291 -11.922597
22.283352 -11.939438
22.287411 -11.956285
22.291468 -11.973137
22.295523 -11.989996
22.299576 -12.006862
22.303625 -12.023734
22.307671 -12.040613
22.311712 -12.057499
22.315750 -12.074392
22.319784 -12.091291
22.323812 -12.108196
22.327839 -12.125107
22.331863 -12.142024
22.335886 -12.158948
22.339907 -12.175879
22.343924 -12.192816
22.347937 -12.209761
22.351946 -12.226711
22.355951 -12.243668
22.359953 -12.260630
22.363953 -12.277597
22.367950 -12.294572
22.371946 -12.311553
22.375940 -12.328541
22.379930 -12.345535
22.383917 -12.362536
22.387899 -12.379543
22.391878 -12.396556
22.395853 -12.413574
22.399822 -12.430598
22.403790 -12.447629
22.407755 -12.464666
22.411718 -12.481710
22.415680 -12.498761
22.419638 -12.515819
22.423592 -12.532884
22.427542 -12.549954
22.431488 -12.567031
22.435431 -12.584113
22.439371 -12.601201
22.443310 -12.618296
22.447247 -12.635397
22.451181 -12.652505
22.455114 -12.669620
22.459044 -12.686741
22.462969 -12.703868
22.466890 -12.721001
22.470808 -12.738139
22.474720 -12.755283
22.478630 -12.772433
22.482538 -12.789590
22.486444 -12.806753
22.490349 -12.823923
22.494249 -12.841100
22.498146 -12.858283
22.502039 -12.875472
22.505928 -12.892667
22.509813 -12.909867
22.513693 -12.927073
22.517570 -12.944285
22.521446 -12.961504
22.525320 -12.978729
22.529192 -12.995961
22.544769 -13.004954
22.561626 -12.999693
22.578480 -12.994440
22.595327 -12.989197
22.612171 -12.983961
22.629009 -12.978734
22.645845 -12.973516
22.662678 -12.968305
22.679504 -12.963101
22.696327 -12.957907
22.713144 -12.952722
22.729958 -12.947544
22.746765 -12.942375
22.763569 -12.937215
22.780367 -12.932064
22.797163 -12.926921
22.813955 -12.921786
22.830742 -12.916660
22.847525 -12.911544
22.864302 -12.906435
22.881075 -12.901335
22.897842 -12.896244
22.914606 -12.891161
22.931366 -12.886086
22.948124 -12.881021
22.964878 -12.875964
22.981627 -12.870915
22.998371 -12.865875
23.015110 -12.860844
23.031845 -12.855822
23.048574 -12.850807
23.065302 -12.845801
23.082026 -12.840804
23.098743 -12.835816
23.115458 -12.830836
23.132166 -12.825865
23.148870 -12.820902
23.165569 -12.815947
23.182264 -12.810999
23.198956 -12.806060
23.215645 -12.801129
23.232330 -12.796206
23.249010 -12.791292
23.265686 -12.786386
23.282356 -12.781490
23.299023 -12.776602
23.315683 -12.771722
23.332342 -12.766850
23.348997 -12.761989
23.365646 -12.757134
23.382292 -12.752289
23.398932 -12.747452
23.415567 -12.742624
23.432198 -12.737804
23.448824 -12.732993
23.465446 -12.728190
23.482067 -12.723397
23.498684 -12.718612
23.515295 -12.713835
23.531902 -12.709066
23.548504 -12.704308
23.565102 -12.699556
23.581694 -12.694814
23.598284 -12.690080
23.614870 -12.685355
23.631451 -12.680638
23.648027 -12.675930
23.664598 -12.671230
23.681166 -12.666540
23.697727 -12.661858
23.714285 -12.657184
23.730839 -12.652518
23.747387 -12.647862
23.763931 -12.643214
23.780470 -12.638575
23.797005 -12.633944
23.813534 -12.629321
23.830059 -12.624706
23.846581 -12.620099
23.863096 -12.615500
23.879608 -12.610910
23.896114 -12.606328
23.912617 -12.601753
23.929113 -12.597187
23.945606 -12.592629
23.962093 -12.588081
23.978579 -12.583541
23.995060 -12.579009
24.011536 -12.574486
24.028008 -12.569972
24.044474 -12.565466
24.060936 -12.560968
24.077393 -12.556479
24.093847 -12.552000
24.110298 -12.547528
24.126743 -12.543065
24.143185 -12.538610
24.159620 -12.534164
24.176052 -12.529726
24.192478 -12.525295
24.208902 -12.520873
24.225323 -12.516459
24.241737 -12.512055
24.258148 -12.507659
24.274553 -12.503271
24.290955 -12.498892
24.307350 -12.494522
24.323744 -12.490160
24.340134 -12.485806
24.356518 -12.481462
24.372898 -12.477125
24.389273 -12.472796
24.405643 -12.468475
24.422009 -12.464163
24.438372 -12.459859
24.454731 -12.455564
24.471085 -12.451278
24.487434 -12.447000
24.503778 -12.442730
24.520119 -12.438470
24.536453 -12.434217
24.552786 -12.429973
24.569115 -12.425736
24.585438 -12.421509
24.601757 -12.417291
24.618071 -12.413080
24.634380 -12.408878
24.650684 -12.404685
24.666986 -12.400500
24.683285 -12.396323
24.699577 -12.392154
24.715866 -12.387993
24.732149 -12.383841
24.748428 -12.379698
24.764702 -12.375563
24.780973 -12.371436
24.797241 -12.367318
24.813503 -12.363209
24.829762 -12.359109
24.846014 -12.355017
24.862263 -12.350933
24.878506 -12.346858
24.894747 -12.342793
24.910984 -12.338735
24.927216 -12.334684
24.943443 -12.330643
24.959665 -12.326610
24.975883 -12.322586
24.992096 -12.318570
25.008303 -12.314563
25.024506 -12.310564
25.040703 -12.306574
25.056896 -12.302593
25.073084 -12.298620
25.089268 -12.294656
25.105448 -12.290700
25.121622 -12.286753
25.137793 -12.282815
25.153957 -12.278885
25.170118 -12.274963
25.186274 -12.271050
25.202425 -12.267146
25.218573 -12.263249
25.234715 -12.259360
25.250853 -12.255480
25.266985 -12.251608
25.283113 -12.247746
25.299236 -12.243891
25.315357 -12.240044
25.331474 -12.236205
25.347586 -12.232375
25.363693 -12.228555
25.379795 -12.224742
25.395893 -12.220937
25.411985 -12.217140
25.428072 -12.213352
25.444155 -12.209574
25.460232 -12.205803
25.476305 -12.202040
25.492373 -12.198285
25.508436 -12.194539
25.524496 -12.190802
25.540550 -12.187072
25.556601 -12.183350
25.572645 -12.179636
25.588686 -12.175931
25.604721 -12.172235
25.620754 -12.168548
25.636784 -12.164868
25.652807 -12.161198
25.668827 -12.157536
25.684841 -12.153882
25.700851 -12.150238
25.716856 -12.146602
25.732855 -12.142974
25.748850 -12.139355
25.764839 -12.135744
25.780825 -12.132143
25.796804 -12.128550
25.812780 -12.124964
25.828753 -12.121387
25.844719 -12.117818
25.860682 -12.114259
25.876638 -12.110707
25.892591 -12.107163
25.908539 -12.103628
25.924480 -12.100101
25.940418 -12.096583
25.956350 -12.093075
25.972279 -12.089574
25.988201 -12.086081
26.004120 -12.082596
26.020035 -12.079120
26.035944 -12.075653
26.051849 -12.072194
26.067749 -12.068743
26.083645 -12.065300
26.099535 -12.061866
26.115419 -12.058440
26.131300 -12.055024
26.147175 -12.051616
26.163046 -12.048215
26.178911 -12.044823
26.194773 -12.041439
26.210630 -12.038065
26.226482 -12.034698
26.242331 -12.031340
26.258173 -12.027989
26.274012 -12.024648
26.289845 -12.021315
26.305672 -12.017991
26.321495 -12.014675
26.337313 -12.011367
26.353127 -12.008067
26.368935 -12.004776
26.384739 -12.001493
26.400539 -11.998220
26.416334 -11.994955
26.432125 -11.991697
26.447910 -11.988448
26.463692 -11.985208
26.479467 -11.981976
26.495237 -11.978753
26.511003 -11.975538
26.526764 -11.972331
26.542521 -11.969132
26.558271 -11.965942
26.574017 -11.962761
26.589758 -11.959589
26.605494 -11.956425
26.621225 -11.953268
26.636951 -11.950120
26.652674 -11.946980
26.668392 -11.943850
26.684105 -11.940728
26.699814 -11.937614
26.715517 -11.934508
26.731216 -11.931411
26.746910 -11.928322
26.762598 -11.925241
26.778282 -11.922171
26.793961 -11.919107
26.809635 -11.916052
26.825304 -11.913005
26.840967 -11.909966
26.856627 -11.906937
26.872280 -11.903916
26.887930 -11.900904
26.903574 -11.897899
26.919214 -11.894902
26.934851 -11.891914
26.950481 -11.888935
26.966108 -11.885964
26.981730 -11.883003
26.997347 -11.880050
27.012960 -11.877104
27.028568 -11.874166
27.044172 -11.871238
27.059771 -11.868318
27.075365 -11.865407
27.090954 -11.862504
27.106537 -11.859609
27.122116 -11.856722
27.137690 -11.853844
27.153259 -11.850974
27.168823 -11.848113
27.184381 -11.845262
27.199936 -11.842418
27.215485 -11.839581
27.231030 -11.836754
27.246569 -11.833935
27.262104 -11.831124
27.277636 -11.828323
27.293161 -11.825532
27.308683 -11.822748
27.324200 -11.819972
27.339712 -11.817204
27.355221 -11.814445
27.370724 -11.811695
27.386223 -11.808954
27.401716 -11.806221
27.417206 -11.803495
27.432690 -11.800777
27.448168 -11.798068
27.463642 -11.795367
27.479111 -11.792675
27.494576 -11.789992
27.510035 -11.787319
27.525488 -11.784654
27.540937 -11.781996
27.556381 -11.779346
27.571821 -11.776706
27.587255 -11.774074
27.602684 -11.771450
27.618109 -11.768836
27.633528 -11.766230
27.648943 -11.763631
27.664352 -11.761041
27.679756 -11.758459
27.695156 -11.755886
27.710550 -11.753322
27.725941 -11.750767
27.741325 -11.748219
27.756704 -11.745680
27.772079 -11.743148
27.787449 -11.740624
27.802814 -11.738110
27.818174 -11.735603
27.833527 -11.733106
27.848875 -11.730618
27.864218 -11.728137
27.879557 -11.725664
27.894890 -11.723200
27.910215 -11.720744
27.925537 -11.718297
27.940853 -11.715858
27.956165 -11.713429
27.971472 -11.711008
27.986774 -11.708594
28.002073 -11.706188
28.017366 -11.703791
28.032656 -11.701402
28.047939 -11.699021
28.063219 -11.696650
28.078495 -11.694287
28.093765 -11.691933
28.109032 -11.689586
28.124292 -11.687246
28.139549 -11.684916
28.154802 -11.682593
28.170050 -11.680280
28.185293 -11.677975
28.200531 -11.675679
28.215765 -11.673393
28.230995 -11.671115
28.246220 -11.668844
28.261440 -11.666581
28.276655 -11.664327
28.291862 -11.662081
28.307066 -11.659843
28.322264 -11.657615
28.337458 -11.655396
28.352646 -11.653184
28.367826 -11.650980
28.383003 -11.648784
28.398174 -11.646596
28.413342 -11.644417
28.428503 -11.642246
28.443657 -11.640084
28.458807 -11.637931
28.473951 -11.635787
28.489092 -11.633651
28.504227 -11.631522
28.519356 -11.629401
28.534481 -11.627289
28.549601 -11.625185
28.564716 -11.623090
28.579826 -11.621003
28.594931 -11.618925
28.610031 -11.616857
28.625126 -11.614796
28.640217 -11.612742
28.655302 -11.610697
28.670382 -11.608660
28.685457 -11.606631
28.700527 -11.604611
28.715593 -11.602600
28.730654 -11.600597
28.745708 -11.598604
28.760759 -11.596619
28.775805 -11.594641
28.790846 -11.592670
28.805882 -11.590708
28.820911 -11.588754
28.835938 -11.586808
28.850958 -11.584871
28.865974 -11.582943
28.880987 -11.581023
28.895994 -11.579113
28.910997 -11.577210
28.925995 -11.575315
28.940985 -11.573428
28.955971 -11.571548
28.970951 -11.569677
28.985928 -11.567815
29.000898 -11.565961
29.015862 -11.564116
29.030821 -11.562279
29.045774 -11.560452
29.060724 -11.558632
29.075668 -11.556820
29.090607 -11.555016
29.105541 -11.553219
29.120470 -11.551431
29.135395 -11.549651
29.150314 -11.547880
29.165228 -11.546118
29.180138 -11.544364
29.195042 -11.542619
29.209942 -11.540883
29.224838 -11.539155
29.239729 -11.537435
29.254616 -11.535722
29.269497 -11.534017
29.284370 -11.532320
29.299240 -11.530632
29.314104 -11.528953
29.328964 -11.527282
29.343819 -11.525620
29.358667 -11.523966
29.373512 -11.522322
29.388351 -11.520685
29.403187 -11.519056
29.418016 -11.517435
29.432840 -11.515821
29.447660 -11.514215
29.462475 -11.512618
29.477285 -11.511029
29.492092 -11.509449
29.506893 -11.507877
29.521690 -11.506314
29.536482 -11.504760
29.551266 -11.503215
29.566046 -11.501678
29.580820 -11.500148
29.595591 -11.498626
29.610355 -11.497111
29.625114 -11.495605
29.639870 -11.494106
29.654619 -11.492617
29.669365 -11.491136
29.684105 -11.489663
29.698839 -11.488199
29.713570 -11.486744
29.728294 -11.485297
29.743015 -11.483860
29.757732 -11.482430
29.772444 -11.481009
29.787151 -11.479594
29.801853 -11.478188
29.816547 -11.476789
29.831238 -11.475398
29.845922 -11.474016
29.860603 -11.472643
29.875278 -11.471278
29.889948 -11.469922
29.904613 -11.468575
29.919273 -11.467236
29.933929 -11.465906
29.948582 -11.464586
29.963228 -11.463274
29.977871 -11.461969
29.992508 -11.460672
30.007139 -11.459383
30.021767 -11.458101
30.036388 -11.456827
30.051006 -11.455562
30.065619 -11.454305
30.080225 -11.453056
30.094828 -11.451817
30.109425 -11.450585
30.124014 -11.449363
30.138599 -11.448149
30.153179 -11.446944
30.167755 -11.445749
30.182325 -11.444562
30.196890 -11.443382
30.211451 -11.442210
30.226006 -11.441046
30.240557 -11.439889
30.255102 -11.438740
30.269642 -11.437598
30.284178 -11.436465
30.298708 -11.435341
30.313231 -11.434225
30.327749 -11.433118
30.342262 -11.432019
30.356771 -11.430929
30.371275 -11.429848
30.385773 -11.428775
30.400267 -11.427711
30.414755 -11.426658
30.429235 -11.425611
30.443712 -11.424573
30.458183 -11.423542
30.472651 -11.422519
30.487112 -11.421503
30.501568 -11.420495
30.516020 -11.419495
30.530466 -11.418502
30.544909 -11.417518
30.559347 -11.416542
30.573780 -11.415575
30.588209 -11.414617
30.602633 -11.413667
30.617050 -11.412725
30.631464 -11.411793
30.645872 -11.410869
30.660276 -11.409953
30.674675 -11.409046
30.689068 -11.408149
30.703457 -11.407261
30.717840 -11.406381
30.732216 -11.405508
30.746588 -11.404643
30.760954 -11.403786
30.775316 -11.402936
30.789673 -11.402094
30.804024 -11.401259
30.818371 -11.400433
30.832712 -11.399613
30.847046 -11.398803
30.861376 -11.398001
30.875700 -11.397207
30.890020 -11.396422
30.904335 -11.395646
30.918644 -11.394878
30.932949 -11.394119
30.947248 -11.393369
30.961540 -11.392627
30.975828 -11.391893
30.990110 -11.391169
31.004389 -11.390452
31.018661 -11.389746
31.032928 -11.389049
31.047192 -11.388361
31.061449 -11.387681
31.075699 -11.387009
31.089945 -11.386344
31.104185 -11.385687
31.118422 -11.385037
31.132652 -11.384396
31.146877 -11.383761
31.161098 -11.383135
31.175314 -11.382516
31.189522 -11.381905
31.203726 -11.381301
31.217924 -11.380705
31.232119 -11.380117
31.246309 -11.379539
31.260494 -11.378968
31.274675 -11.378407
31.288851 -11.377853
31.303020 -11.377309
31.317186 -11.376773
31.331347 -11.376245
31.345499 -11.375727
31.359648 -11.375216
31.373791 -11.374715
31.387930 -11.374222
31.402063 -11.373737
31.416191 -11.373261
31.430315 -11.372794
31.444433 -11.372335
31.458544 -11.371885
31.472651 -11.371444
31.486752 -11.371011
31.500849 -11.370587
31.514940 -11.370173
31.529026 -11.369769
31.543108 -11.369372
31.557184 -11.368983
31.571253 -11.368602
31.585318 -11.368228
31.599377 -11.367862
31.613432 -11.367503
31.627483 -11.367152
31.641529 -11.366809
31.655571 -11.366473
31.669607 -11.366145
31.683638 -11.365825
31.697664 -11.365512
31.711685 -11.365207
31.725698 -11.364909
31.739708 -11.364619
31.753712 -11.364337
31.767712 -11.364062
31.781706 -11.363795
31.795694 -11.363536
31.809679 -11.363284
31.823658 -11.363040
31.837631 -11.362803
31.851601 -11.362575
31.865564 -11.362353
31.879520 -11.362140
31.893473 -11.361934
31.907419 -11.361735
31.921362 -11.361545
31.935299 -11.361362
31.949230 -11.361186
31.963158 -11.361019
31.977079 -11.360861
31.990993 -11.360711
32.004902 -11.360570
32.018806 -11.360437
32.032703 -11.360313
32.046593 -11.360198
32.060478 -11.360091
32.074360 -11.359993
32.088238 -11.359903
32.102108 -11.359822
32.115971 -11.359750
32.129833 -11.359686
32.143692 -11.359631
32.157547 -11.359584
32.171398 -11.359546
32.185242 -11.359516
32.199078 -11.359495
32.212910 -11.359483
32.226738 -11.359479
32.240562 -11.359484
32.254379 -11.359497
32.268188 -11.359519
32.281998 -11.359550
32.295803 -11.359589
32.309605 -11.359636
32.323402 -11.359693
32.337193 -11.359757
32.350975 -11.359831
32.364754 -11.359913
32.378529 -11.360003
32.392300 -11.360103
32.406063 -11.360210
32.419819 -11.360327
32.433567 -11.360452
32.447311 -11.360585
32.461052 -11.360727
32.474789 -11.360878
32.488518 -11.361037
32.502239 -11.361204
32.515957 -11.361379
32.529671 -11.361561
32.543381 -11.361751
32.557083 -11.361948
32.570778 -11.362153
32.584465 -11.362366
32.598148 -11.362586
32.611828 -11.362814
32.625504 -11.363050
32.639172 -11.363293
32.652832 -11.363544
32.666492 -11.363802
32.680149 -11.364068
32.693802 -11.364342
32.707447 -11.364623
32.721085 -11.364912
32.734715 -11.365209
32.748341 -11.365513
32.761963 -11.365825
32.775581 -11.366144
32.789192 -11.366471
32.802795 -11.366806
32.816399 -11.367148
32.829998 -11.367498
32.843594 -11.367856
32.857185 -11.368221
32.870770 -11.368594
32.884346 -11.368975
32.897919 -11.369363
32.911488 -11.369759
32.925053 -11.370162
32.938610 -11.370575
32.952160 -11.370996
32.965702 -11.371427
32.979240 -11.371865
32.992775 -11.372313
33.006306 -11.372768
33.019829 -11.373233
33.033344 -11.373706
33.046860 -11.374187
33.060371 -11.374678
33.073879 -11.375176
33.087379 -11.375684
33.100872 -11.376200
33.114357 -11.376724
33.127838 -11.377257
33.141315 -11.377799
33.154789 -11.378349
33.168255 -11.378908
33.181713 -11.379476
33.195164 -11.380052
33.208611 -11.380635
33.222054 -11.381227
33.235493 -11.381825
33.248924 -11.382432
33.262348 -11.383046
33.275772 -11.383668
33.289192 -11.384297
33.302608 -11.384934
33.316017 -11.385579
33.329418 -11.386231
33.342812 -11.386891
33.356201 -11.387559
33.369587 -11.388234
33.382969 -11.388917
33.396343 -11.389607
33.409710 -11.390306
33.423069 -11.391014
33.436424 -11.391730
33.449776 -11.392455
33.463123 -11.393188
33.476463 -11.393930
33.489796 -11.394681
33.503128 -11.395440
33.516457 -11.396208
33.529781 -11.396984
33.543102 -11.397769
33.556416 -11.398562
33.569721 -11.399364
33.583023 -11.400172
33.596321 -11.400989
33.609615 -11.401813
33.622902 -11.402644
33.636181 -11.403483
33.649452 -11.404330
33.662720 -11.405185
33.675983 -11.406047
33.689243 -11.406917
33.702496 -11.407794
33.715740 -11.408679
33.728977 -11.409573
33.742210 -11.410475
33.755440 -11.411386
33.768665 -11.412305
33.781883 -11.413233
33.795094 -11.414169
33.808304 -11.415114
33.821510 -11.416068
33.834713 -11.417030
33.847912 -11.418001
33.861103 -11.418980
33.874287 -11.419966
33.887470 -11.420959
33.900650 -11.421961
33.913826 -11.422970
33.926994 -11.423986
33.940155 -11.425011
33.953308 -11.426043
33.966457 -11.427082
33.979603 -11.428128
33.992744 -11.429183
34.005878 -11.430246
34.019005 -11.431318
34.032124 -11.432399
34.045238 -11.433488
34.058350 -11.434586
34.071457 -11.435692
34.084557 -11.436807
34.097649 -11.437929
34.110733 -11.439059
34.123814 -11.440197
34.136890 -11.441342
34.149963 -11.442495
34.163029 -11.443656
34.176086 -11.444824
34.189137 -11.446000
34.202183 -11.447183
34.215225 -11.448374
34.228264 -11.449574
34.241295 -11.450782
34.254318 -11.451999
34.267342 -11.453224
34.280361 -11.454458
34.293377 -11.455701
34.306389 -11.456951
34.319393 -11.458209
34.332390 -11.459475
34.345387 -11.460748
34.358379 -11.462029
34.371368 -11.463317
34.384350 -11.464613
34.397324 -11.465917
34.410290 -11.467229
34.423252 -11.468550
34.436211 -11.469879
34.449165 -11.471217
34.462112 -11.472564
34.475052 -11.473919
34.487984 -11.475283
34.500912 -11.476654
34.513836 -11.478033
34.526756 -11.479420
34.539669 -11.480814
34.552574 -11.482216
34.565472 -11.483625
34.578365 -11.485043
34.591255 -11.486468
34.604141 -11.487903
34.617020 -11.489346
34.629890 -11.490797
34.642754 -11.492257
34.655613 -11.493726
34.668468 -11.495202
34.681320 -11.496686
34.694164 -11.498178
34.707001 -11.499677
34.719830 -11.501184
34.732655 -11.502698
34.745476 -11.504219
34.758293 -11.505749
34.771103 -11.507287
34.783905 -11.508834
34.796700 -11.510389
34.809490 -11.511953
34.822277 -11.513526
34.835060 -11.515106
34.847836 -11.516694
34.860603 -11.518290
34.873363 -11.519893
34.886120 -11.521503
34.898872 -11.523122
34.911621 -11.524749
34.924362 -11.526384
34.937096 -11.528028
34.949821 -11.529681
34.962543 -11.531343
34.975262 -11.533011
34.987976 -11.534688
35.000683 -11.536372
35.013382 -11.538064
35.026073 -11.539763
35.038761 -11.541471
35.051445 -11.543184
35.064125 -11.544907
35.076797 -11.546638
35.089462 -11.548377
35.102119 -11.550125
35.114773 -11.551881
35.127422 -11.553644
35.140068 -11.555415
35.152706 -11.557194
35.165337 -11.558980
35.177959 -11.560774
35.190578 -11.562574
35.203194 -11.564384
35.215805 -11.566201
35.228409 -11.568027
35.241005 -11.569862
35.253593 -11.571705
35.266178 -11.573555
35.278759 -11.575413
35.291336 -11.577278
35.303905 -11.579151
35.316467 -11.581031
35.329021 -11.582919
35.341572 -11.584816
35.354118 -11.586721
35.366661 -11.588635
35.379196 -11.590557
35.391724 -11.592486
35.404243 -11.594423
35.416759 -11.596368
35.429272 -11.598320
35.441780 -11.600279
35.454281 -11.602246
35.466774 -11.604222
35.479259 -11.606207
35.491741 -11.608200
35.504219 -11.610201
35.516693 -11.612209
35.529160 -11.614225
35.541618 -11.616249
35.554070 -11.618280
35.566517 -11.620320
35.578960 -11.622369
35.591400 -11.624426
35.603836 -11.626492
35.616264 -11.628565
35.628685 -11.630646
35.641106 -11.632734
35.653522 -11.634830
35.665936 -11.636934
35.678345 -11.639045
35.690746 -11.641164
35.703140 -11.643291
35.715527 -11.645428
35.727909 -11.647572
35.740288 -11.649723
35.752663 -11.651882
35.765030 -11.654049
35.777390 -11.656223
35.789742 -11.658404
35.802090 -11.660594
35.814434 -11.662792
35.826775 -11.664999
35.839108 -11.667213
35.851433 -11.669436
35.863750 -11.671665
35.876064 -11.673903
35.888374 -11.676147
35.900681 -11.678399
35.912979 -11.680660
35.925270 -11.682930
35.937553 -11.685208
35.949833 -11.687494
35.962109 -11.689788
35.974380 -11.692089
35.986645 -11.694398
35.998901 -11.696713
36.011150 -11.699038
36.023399 -11.701370
36.035645 -11.703712
36.047886 -11.706060
36.060123 -11.708417
36.072353 -11.710781
36.084576 -11.713153
36.096790 -11.715531
36.109001 -11.717918
36.121208 -11.720314
36.133411 -11.722718
36.145607 -11.725130
36.157795 -11.727550
36.169975 -11.729977
36.182152 -11.732411
36.194324 -11.734853
36.206493 -11.737303
36.218655 -11.739761
36.230808 -11.742229
36.242954 -11.744703
36.255096 -11.747186
36.267235 -11.749676
36.279369 -11.752172
36.291496 -11.754678
36.303616 -11.757192
36.315727 -11.759714
36.327839 -11.762244
36.339947 -11.764782
36.352051 -11.767327
36.364151 -11.769880
36.376244 -11.772440
36.388329 -11.775008
36.400406 -11.777585
36.412479 -11.780170
36.424549 -11.782763
36.436615 -11.785364
36.448673 -11.787972
36.460724 -11.790587
36.472767 -11.793211
36.484806 -11.795843
36.496841 -11.798484
36.508873 -11.801132
36.520897 -11.803788
36.532913 -11.806452
36.544922 -11.809123
36.556931 -11.811803
36.568935 -11.814491
36.580936 -11.817188
36.592934 -11.819893
36.604923 -11.822605
36.616905 -11.825325
36.628880 -11.828053
36.640850 -11.830787
36.652817 -11.833529
36.664780 -11.836281
36.676735 -11.839040
36.688683 -11.841806
36.700623 -11.844581
36.712559 -11.847363
36.724491 -11.850153
36.736420 -11.852952
36.748344 -11.855760
36.760262 -11.858575
36.772171 -11.861398
36.784073 -11.864228
36.795971 -11.867065
36.807865 -11.869911
36.819756 -11.872766
36.831638 -11.875628
36.843513 -11.878499
36.855381 -11.881377
36.867245 -11.884263
36.879105 -11.887156
36.890961 -11.890057
36.902809 -11.892966
36.914650 -11.895884
36.926483 -11.898808
36.938316 -11.901741
36.950146 -11.904680
36.961971 -11.907628
36.973793 -11.910584
36.985607 -11.913549
36.997414 -11.916522
37.009212 -11.919502
37.021008 -11.922490
37.032799 -11.925485
37.044586 -11.928488
37.056366 -11.931499
37.068138 -11.934519
37.079903 -11.937546
37.091667 -11.940580
37.103428 -11.943622
37.115185 -11.946671
37.126938 -11.949730
37.138683 -11.952796
37.150421 -11.955870
37.162151 -11.958951
37.173878 -11.962039
37.185600 -11.965136
37.197319 -11.968241
37.209030 -11.971354
37.220734 -11.974476
37.232430 -11.977605
37.244125 -11.980742
37.255817 -11.983885
37.267506 -11.987037
37.279190 -11.990197
37.290867 -11.993365
37.302536 -11.996541
37.314198 -11.999724
37.325855 -12.002914
37.337509 -12.006113
37.349159 -12.009320
37.360802 -12.012535
37.372437 -12.015758
37.384064 -12.018988
37.395683 -12.022224
37.407299 -12.025470
37.418911 -12.028723
37.430519 -12.031983
37.442120 -12.035252
37.453712 -12.038527
37.465298 -12.041810
37.476879 -12.045102
37.488457 -12.048402
37.500031 -12.051709
37.511597 -12.055024
37.523155 -12.058346
37.534706 -12.061676
37.546249 -12.065015
37.557789 -12.068361
37.569324 -12.071715
37.580856 -12.075077
37.592381 -12.078445
37.603897 -12.081822
37.615406 -12.085208
37.626911 -12.088601
37.638412 -12.092002
37.649910 -12.095409
37.661404 -12.098824
37.672890 -12.102246
37.684368 -12.105677
37.695839 -12.109115
37.707306 -12.112560
37.718769 -12.116013
37.730228 -12.119473
37.741680 -12.122943
37.753124 -12.126420
37.764561 -12.129905
37.775990 -12.133397
37.787415 -12.136896
37.798836 -12.140404
37.810253 -12.143919
37.821663 -12.147442
37.833065 -12.150972
37.844460 -12.154510
37.855850 -12.158055
37.867237 -12.161610
37.878620 -12.165172
37.889999 -12.168741
37.901371 -12.172318
37.912735 -12.175902
37.924091 -12.179496
37.935444 -12.183097
37.946793 -12.186706
37.958138 -12.190322
37.969475 -12.193945
37.980804 -12.197577
37.992126 -12.201216
38.003441 -12.204863
38.014751 -12.208517
38.026058 -12.212178
38.037361 -12.215848
38.048656 -12.219525
38.059944 -12.223210
38.071224 -12.226903
38.082497 -12.230602
38.093765 -12.234310
38.105030 -12.238027
38.116291 -12.241751
38.127544 -12.245482
38.138790 -12.249221
38.150028 -12.252968
38.161263 -12.256723
38.172493 -12.260487
38.183720 -12.264257
38.194942 -12.268035
38.206158 -12.271821
38.217365 -12.275616
38.228565 -12.279418
38.239761 -12.283228
38.250954 -12.287045
38.262142 -12.290870
38.273327 -12.294703
38.284504 -12.298545
38.295673 -12.302394
38.306835 -12.306250
38.317993 -12.310114
38.329147 -12.313987
38.340298 -12.317867
38.351440 -12.321755
38.362576 -12.325650
38.373703 -12.329554
38.384823 -12.333466
38.395939 -12.337385
38.407051 -12.341312
38.418159 -12.345246
38.429260 -12.349189
38.440353 -12.353139
38.451439 -12.357097
38.462517 -12.361062
38.473591 -12.365034
38.484661 -12.369015
38.495728 -12.373003
38.506786 -12.376999
38.517838 -12.381002
38.528881 -12.385013
38.539917 -12.389031
38.550949 -12.393058
38.561977 -12.397092
38.573002 -12.401133
38.584019 -12.405182
38.595028 -12.409240
38.606030 -12.413305
38.617023 -12.417378
38.628014 -12.421458
38.639000 -12.425547
38.649982 -12.429643
38.660957 -12.433746
38.671925 -12.437858
38.682884 -12.441976
38.693840 -12.446102
38.704792 -12.450236
38.715740 -12.454378
38.726685 -12.458527
38.737621 -12.462684
38.748550 -12.466849
38.759472 -12.471023
38.770390 -12.475204
38.781303 -12.479391
38.792213 -12.483587
38.803120 -12.487791
38.814018 -12.492002
38.824909 -12.496221
38.835793 -12.500445
38.846672 -12.504679
38.857548 -12.508920
38.868420 -12.513168
38.879288 -12.517424
38.890148 -12.521688
38.901001 -12.525959
38.911846 -12.530238
38.922688 -12.534524
38.933525 -12.538816
38.944359 -12.543118
38.955189 -12.547426
38.966011 -12.551743
38.976826 -12.556066
38.987633 -12.560397
38.998432 -12.564736
39.009228 -12.569083
39.020020 -12.573437
39.030807 -12.577799
39.041588 -12.582169
39.052361 -12.586546
39.063126 -12.590931
39.073883 -12.595323
39.084637 -12.599723
39.095387 -12.604131
39.106133 -12.608546
39.116871 -12.612968
39.127602 -12.617399
39.138325 -12.621838
39.149040 -12.626284
39.159752 -12.630736
39.170460 -12.635198
39.181164 -12.639667
39.191860 -12.644143
39.202549 -12.648626
39.213230 -12.653116
39.223904 -12.657615
39.234573 -12.662121
39.245239 -12.666635
39.255901 -12.671155
39.266556 -12.675684
39.277203 -12.680221
39.287842 -12.684765
39.298473 -12.689316
39.309101 -12.693875
39.319725 -12.698442
39.330345 -12.703017
39.340961 -12.707599
39.351570 -12.712189
39.362171 -12.716786
39.372765 -12.721392
39.383354 -12.726004
39.393940 -12.730624
39.404522 -12.735252
39.415100 -12.739888
39.425671 -12.744531
39.436234 -12.749180
39.446789 -12.753837
39.457340 -12.758501
39.467888 -12.763172
39.478432 -12.767850
39.488972 -12.772535
39.499504 -12.777228
39.510029 -12.781928
39.520546 -12.786634
39.531055 -12.791349
39.541561 -12.796072
39.552063 -12.800802
39.562561 -12.805539
39.573051 -12.810285
39.583534 -12.815038
39.594009 -12.819798
39.604477 -12.824566
39.614941 -12.829342
39.625401 -12.834126
39.635857 -12.838917
39.646309 -12.843715
39.656754 -12.848521
39.667191 -12.853335
39.677620 -12.858157
39.688046 -12.862986
39.698467 -12.867822
39.708885 -12.872665
39.719299 -12.877516
39.729706 -12.882373
39.740105 -12.887238
39.750496 -12.892110
39.760880 -12.896989
39.771259 -12.901875
39.781635 -12.906768
39.792007 -12.911669
39.802372 -12.916576
39.812729 -12.921493
39.823078 -12.926416
39.833420 -12.931348
39.843758 -12.936286
39.854092 -12.941233
39.864422 -12.946187
39.874748 -12.951149
39.885067 -12.956118
39.895378 -12.961095
39.905682 -12.966080
39.915981 -12.971072
39.926277 -12.976071
39.936569 -12.981079
39.946857 -12.986094
39.957138 -12.991117
39.967411 -12.996147
39.977676 -13.001185
39.987934 -13.006231
39.998188 -13.011284
40.008438 -13.016343
40.018684 -13.021410
40.028923 -13.026484
40.039154 -13.031566
40.049377 -13.036655
40.059593 -13.041753
40.069805 -13.046858
40.080013 -13.051970
40.090218 -13.057090
40.100418 -13.062218
40.110611 -13.067353
40.120796 -13.072495
40.130974 -13.077645
40.141144 -13.082803
40.151310 -13.087967
40.161472 -13.093138
40.171631 -13.098316
40.181782 -13.103502
40.191925 -13.108695
40.202061 -13.113896
40.212189 -13.119105
40.222313 -13.124322
40.232433 -13.129545
40.242550 -13.134776
40.252663 -13.140015
40.262768 -13.145260
40.272865 -13.150512
40.282955 -13.155771
40.293037 -13.161038
40.303116 -13.166312
40.313190 -13.171595
40.323261 -13.176885
40.333328 -13.182182
40.343388 -13.187487
40.353439 -13.192799
40.363483 -13.198118
40.373524 -13.203444
40.383560 -13.208779
40.393593 -13.214122
40.403622 -13.219472
40.413643 -13.224829
40.423656 -13.230193
40.433662 -13.235565
40.443661 -13.240944
40.453655 -13.246329
40.463646 -13.251722
40.473633 -13.257123
40.483616 -13.262530
40.493591 -13.267946
40.503559 -13.273370
40.513519 -13.278800
40.523472 -13.284237
40.533421 -13.289681
40.543365 -13.295134
40.553307 -13.300592
40.563240 -13.306060
40.573166 -13.311535
40.583084 -13.317017
40.592995 -13.322505
40.602901 -13.328001
40.612804 -13.333505
40.622704 -13.339015
40.632599 -13.344533
40.642487 -13.350059
40.652367 -13.355591
40.662239 -13.361130
40.672104 -13.366676
40.681965 -13.372231
40.691822 -13.377791
40.701675 -13.383360
40.711525 -13.388936
40.721367 -13.394519
40.731201 -13.400110
40.741028 -13.405709
40.750847 -13.411315
40.760662 -13.416927
40.770473 -13.422547
40.780281 -13.428175
40.790085 -13.433809
40.799881 -13.439452
40.809669 -13.445103
40.819450 -13.450760
40.829224 -13.456424
40.838993 -13.462095
40.848759 -13.467774
40.858521 -13.473460
40.868275 -13.479154
40.878021 -13.484855
40.887760 -13.490562
40.897491 -13.496279
40.907219 -13.502003
40.916943 -13.507733
40.926662 -13.513471
40.936378 -13.519216
40.946087 -13.524968
40.955788 -13.530727
40.965481 -13.536494
40.975166 -13.542269
40.984848 -13.548050
40.994526 -13.553840
41.004200 -13.559637
41.013870 -13.565441
41.023533 -13.571252
41.033188 -13.577070
41.042835 -13.582895
41.052475 -13.588727
41.062111 -13.594566
41.071743 -13.600413
41.081371 -13.606267
41.090996 -13.612128
41.100613 -13.617997
41.110222 -13.623873
41.119823 -13.629757
41.129417 -13.635649
41.139008 -13.641547
41.148594 -13.647452
41.158176 -13.653365
41.167755 -13.659285
41.177326 -13.665211
41.186890 -13.671144
41.196445 -13.677086
41.205994 -13.683034
41.215538 -13.688990
41.225079 -13.694953
41.234615 -13.700923
41.244148 -13.706901
41.253674 -13.712886
41.263191 -13.718878
41.272701 -13.724878
41.282204 -13.730886
41.291702 -13.736901
41.301197 -13.742923
41.310688 -13.748952
41.320175 -13.754988
41.329655 -13.761030
41.339127 -13.767080
41.348591 -13.773138
41.358047 -13.779202
41.367500 -13.785275
41.376949 -13.791354
41.386395 -13.797441
41.395836 -13.803535
41.405270 -13.809636
41.414696 -13.815744
41.424114 -13.821860
41.433525 -13.827984
41.442932 -13.834114
41.452335 -13.840253
41.461735 -13.846399
41.471130 -13.852552
41.480518 -13.858714
41.489899 -13.864883
41.499271 -13.871059
41.508636 -13.877242
41.517998 -13.883432
41.527355 -13.889629
41.536709 -13.895833
41.546059 -13.902044
41.555401 -13.908262
41.564735 -13.914487
41.574062 -13.920719
41.583382 -13.926958
41.592690 -13.933204
41.601994 -13.939457
41.611294 -13.945717
41.620590 -13.951983
41.629883 -13.958258
41.639168 -13.964539
41.648445 -13.970826
41.657715 -13.977121
41.666977 -13.983423
41.676235 -13.989732
41.685490 -13.996048
41.694740 -14.002372
41.703987 -14.008702
41.713226 -14.015040
41.722458 -14.021386
41.731682 -14.027739
41.740898 -14.034099
41.750111 -14.040466
41.759319 -14.046841
41.768524 -14.053223
41.777725 -14.059611
41.786919 -14.066007
41.796104 -14.072410
41.805283 -14.078819
41.814453 -14.085236
41.823620 -14.091660
41.832783 -14.098090
41.841942 -14.104527
41.851097 -14.110972
41.860245 -14.117424
41.869385 -14.123882
41.878517 -14.130348
41.887642 -14.136821
41.896759 -14.143300
41.905872 -14.149787
41.914982 -14.156281
41.924088 -14.162781
41.933189 -14.169289
41.942284 -14.175803
41.951370 -14.182324
41.960449 -14.188853
41.969521 -14.195389
41.978588 -14.201931
41.987652 -14.208481
41.996712 -14.215037
42.005768 -14.221602
42.014816 -14.228175
42.023857 -14.234755
42.032890 -14.241342
42.041916 -14.247936
42.050930 -14.254538
42.059940 -14.261147
42.068947 -14.267763
42.077950 -14.274386
42.086948 -14.281017
42.095940 -14.287656
42.104923 -14.294301
42.113899 -14.300954
42.122868 -14.307613
42.131832 -14.314280
42.140793 -14.320953
42.149750 -14.327634
42.158703 -14.334321
42.167648 -14.341016
42.176586 -14.347717
42.185516 -14.354425
42.194439 -14.361141
42.203350 -14.367864
42.212257 -14.374594
42.221161 -14.381331
42.230061 -14.388076
42.238956 -14.394828
42.247845 -14.401587
42.256725 -14.408354
42.265598 -14.415128
42.274464 -14.421909
42.283325 -14.428698
42.292183 -14.435493
42.301037 -14.442296
42.309887 -14.449105
42.318729 -14.455922
42.327564 -14.462746
42.336391 -14.469576
42.345211 -14.476414
42.354023 -14.483258
42.362831 -14.490110
42.371635 -14.496970
42.380436 -14.503837
42.389233 -14.510711
42.398022 -14.517591
42.406803 -14.524479
42.415577 -14.531374
42.424343 -14.538276
42.433098 -14.545184
42.441849 -14.552100
42.450596 -14.559023
42.459339 -14.565953
42.468079 -14.572891
42.476810 -14.579836
42.485535 -14.586788
42.494251 -14.593747
42.502960 -14.600713
42.511665 -14.607686
42.520367 -14.614666
42.529064 -14.621653
42.537758 -14.628647
42.546444 -14.635648
42.555122 -14.642656
42.563793 -14.649673
42.572456 -14.656695
42.581112 -14.663726
42.589764 -14.670763
42.598412 -14.677807
42.607056 -14.684858
42.615696 -14.691916
42.624329 -14.698980
42.632954 -14.706052
42.641571 -14.713130
42.650181 -14.720216
42.658783 -14.727308
42.667381 -14.734407
42.675976 -14.741514
42.684566 -14.748628
42.693153 -14.755747
42.701733 -14.762874
42.710304 -14.770007
42.718868 -14.777148
42.727425 -14.784296
42.735973 -14.791451
42.744518 -14.798613
42.753059 -14.805781
42.761597 -14.812956
42.770130 -14.820138
42.778656 -14.827327
42.787174 -14.834523
42.795685 -14.841726
42.804188 -14.848936
42.812683 -14.856153
42.821175 -14.863378
42.829662 -14.870607
42.838146 -14.877845
42.846626 -14.885089
42.855099 -14.892341
42.863564 -14.899599
42.872021 -14.906864
42.880470 -14.914137
42.888912 -14.921416
42.897350 -14.928703
42.905785 -14.935998
42.914215 -14.943299
42.922642 -14.950608
42.931061 -14.957924
42.939472 -14.965246
42.947876 -14.972576
42.956272 -14.979913
42.964661 -14.987257
42.973045 -14.994608
42.981426 -15.001966
42.989803 -15.009331
42.998177 -15.016703
43.006542 -15.024080
43.014900 -15.031466
43.023251 -15.038857
43.031593 -15.046257
43.039928 -15.053663
43.048260 -15.061075
43.056587 -15.068495
43.064911 -15.075921
43.073231 -15.083355
43.081543 -15.090796
43.089848 -15.098243
43.098145 -15.105698
43.106434 -15.113159
43.114716 -15.120628
43.122993 -15.128104
43.131268 -15.135587
43.139538 -15.143077
43.147804 -15.150574
43.156067 -15.158078
43.164322 -15.165590
43.172569 -15.173109
43.180809 -15.180635
43.189041 -15.188169
43.197269 -15.195707
43.205494 -15.203254
43.213715 -15.210807
43.221931 -15.218368
43.230145 -15.225935
43.238350 -15.233508
43.246548 -15.241089
43.254738 -15.248676
43.262920 -15.256271
43.271091 -15.263873
43.279259 -15.271481
43.287422 -15.279096
43.295582 -15.286717
43.303738 -15.294347
43.311886 -15.301983
43.320026 -15.309625
43.328159 -15.317274
43.336285 -15.324930
43.344402 -15.332594
43.352516 -15.340264
43.360626 -15.347940
43.368732 -15.355624
43.376835 -15.363315
43.384933 -15.371013
43.393024 -15.378717
43.401108 -15.386428
43.409184 -15.394146
43.417252 -15.401871
43.425308 -15.409603
43.433361 -15.417342
43.441410 -15.425087
43.449455 -15.432838
43.457497 -15.440597
43.465530 -15.448362
43.473557 -15.456135
43.481575 -15.463915
43.489586 -15.471702
43.497589 -15.479495
43.505589 -15.487296
43.513584 -15.495104
43.521576 -15.502919
43.529564 -15.510741
43.537544 -15.518569
43.545517 -15.526404
43.553482 -15.534246
43.561440 -15.542096
43.569389 -15.549953
43.577328 -15.557815
43.585262 -15.565684
43.593193 -15.573561
43.601120 -15.581445
43.609043 -15.589335
43.616959 -15.597232
43.624866 -15.605135
43.632767 -15.613045
43.640659 -15.620962
43.648544 -15.628886
43.656425 -15.636818
43.664303 -15.644756
43.672176 -15.652700
43.680046 -15.660652
43.687912 -15.668611
43.695770 -15.676577
43.703621 -15.684549
43.711464 -15.692528
43.719299 -15.700513
43.727127 -15.708505
43.734951 -15.716504
43.742771 -15.724510
43.750587 -15.732524
43.758400 -15.740544
43.766209 -15.748570
43.774010 -15.756604
43.781803 -15.764645
43.789589 -15.772693
43.797367 -15.780747
43.805134 -15.788810
43.812897 -15.796879
43.820656 -15.804954
43.828411 -15.813036
43.836163 -15.821125
43.843906 -15.829222
43.851643 -15.837325
43.859371 -15.845434
43.867092 -15.853550
43.874805 -15.861672
43.882507 -15.869802
43.890205 -15.877939
43.897900 -15.886084
43.905590 -15.894235
43.913277 -15.902391
43.920956 -15.910555
43.928627 -15.918725
43.936291 -15.926903
43.943947 -15.935087
43.951595 -15.943279
43.959232 -15.951478
43.966866 -15.959682
43.974495 -15.967894
43.982121 -15.976111
43.989742 -15.984337
43.997356 -15.992569
44.004963 -16.000809
44.012562 -16.009056
44.020153 -16.017309
44.027737 -16.025568
44.035309 -16.033834
44.042877 -16.042109
44.050442 -16.050388
44.058002 -16.058674
44.065559 -16.066967
44.073109 -16.075268
44.080650 -16.083576
44.088184 -16.091890
44.095711 -16.100210
44.103230 -16.108538
44.110737 -16.116873
44.118240 -16.125214
44.125740 -16.133560
44.133236 -16.141912
44.140728 -16.150272
44.148212 -16.158640
44.155689 -16.167013
44.163158 -16.175392
44.170620 -16.183779
44.178074 -16.192173
44.185520 -16.200573
44.192963 -16.208979
44.200401 -16.217390
44.207836 -16.225809
44.215267 -16.234236
44.222694 -16.242668
44.230114 -16.251106
44.237526 -16.259552
44.244930 -16.268005
44.252327 -16.276466
44.259716 -16.284933
44.267101 -16.293406
44.274483 -16.301886
44.281860 -16.310373
44.289234 -16.318867
44.296604 -16.327366
44.303967 -16.335873
44.311321 -16.344387
44.318668 -16.352907
44.326008 -16.361433
44.333340 -16.369965
44.340660 -16.378504
44.347977 -16.387051
44.355289 -16.395603
44.362598 -16.404161
44.369904 -16.412727
44.377201 -16.421301
44.384491 -16.429880
44.391773 -16.438465
44.399048 -16.447056
44.406315 -16.455654
44.413574 -16.464260
44.420830 -16.472872
44.428082 -16.481489
44.435329 -16.490114
44.442574 -16.498747
44.449814 -16.507385
44.457047 -16.516029
44.464272 -16.524681
44.471489 -16.533340
44.478699 -16.542007
44.485901 -16.550680
44.493092 -16.559359
44.500278 -16.568045
44.507462 -16.576738
44.514641 -16.585438
44.521816 -16.594143
44.528988 -16.602856
44.536152 -16.611576
44.543308 -16.620302
44.550457 -16.629034
44.557598 -16.637772
44.564732 -16.646517
44.571861 -16.655270
44.578987 -16.664028
44.586109 -16.672792
44.593227 -16.681564
44.600342 -16.690344
44.607449 -16.699129
44.614548 -16.707920
44.621639 -16.716719
44.628723 -16.725525
44.635799 -16.734337
44.642868 -16.743155
44.649933 -16.751978
44.656994 -16.760809
44.664051 -16.769648
44.671104 -16.778492
44.678154 -16.787342
44.685196 -16.796200
44.692230 -16.805065
44.699257 -16.813936
44.706276 -16.822813
44.713287 -16.831697
44.720287 -16.840590
44.727283 -16.849487
44.734276 -16.858391
44.741264 -16.867300
44.748249 -16.876217
44.755230 -16.885141
44.762203 -16.894072
44.769169 -16.903008
44.776127 -16.911951
44.783077 -16.920902
44.790020 -16.929859
44.796951 -16.938822
44.803879 -16.947792
44.810802 -16.956770
44.817722 -16.965754
44.824638 -16.974743
44.831551 -16.983740
44.838455 -16.992744
44.845352 -17.001755
44.852242 -17.010771
44.859123 -17.019793
44.865997 -17.028822
44.872860 -17.037859
44.879719 -17.046902
44.886574 -17.055950
44.893425 -17.065006
44.900272 -17.074070
44.907116 -17.083139
44.913952 -17.092215
44.920780 -17.101297
44.927601 -17.110388
44.934414 -17.119484
44.941219 -17.128586
44.948017 -17.137695
44.954811 -17.146812
44.961601 -17.155935
44.968388 -17.165064
44.975170 -17.174200
44.981949 -17.183344
44.988720 -17.192493
44.995483 -17.201649
45.002239 -17.210810
45.008987 -17.219978
45.015728 -17.229155
45.022461 -17.238337
45.029190 -17.247524
45.035915 -17.256720
45.042637 -17.265923
45.049355 -17.275131
45.056068 -17.284346
45.062778 -17.293568
45.069481 -17.302797
45.076176 -17.312033
45.082863 -17.321274
45.089542 -17.330523
45.096214 -17.339779
45.102875 -17.349041
45.109531 -17.358309
45.116184 -17.367584
45.122833 -17.376867
45.129478 -17.386156
45.136120 -17.395451
45.142754 -17.404753
45.149380 -17.414062
45.155998 -17.423378
45.162609 -17.432699
45.169212 -17.442028
45.175808 -17.451365
45.182400 -17.460707
45.188988 -17.470055
45.195572 -17.479406
45.202152 -17.488766
45.208729 -17.498131
45.215302 -17.507502
45.221867 -17.516876
45.228424 -17.526258
45.234974 -17.535646
45.241516 -17.545040
45.248051 -17.554438
45.254574 -17.563843
45.261093 -17.573256
45.267609 -17.582674
45.274120 -17.592098
45.280628 -17.601530
45.287132 -17.610970
45.293629 -17.620415
45.300117 -17.629866
45.306599 -17.639324
45.313072 -17.648790
45.319538 -17.658262
45.325996 -17.667740
45.332443 -17.677225
45.338886 -17.686718
45.345325 -17.696217
45.351761 -17.705721
45.358192 -17.715233
45.364620 -17.724752
45.371040 -17.734278
45.377453 -17.743809
45.383858 -17.753347
45.390255 -17.762894
45.396645 -17.772446
45.403027 -17.782003
45.409397 -17.791569
45.415764 -17.801142
45.422127 -17.810720
45.428486 -17.820305
45.434841 -17.829897
45.441193 -17.839497
45.447536 -17.849102
45.453873 -17.858713
45.460201 -17.868332
45.466522 -17.877958
45.472836 -17.887590
45.479141 -17.897228
45.485435 -17.906874
45.491726 -17.916527
45.498013 -17.926186
45.504295 -17.935848
45.510574 -17.945518
45.516850 -17.955194
45.523117 -17.964876
45.529377 -17.974562
45.535629 -17.984255
45.541874 -17.993954
45.548111 -18.003658
45.554340 -18.013367
45.560558 -18.023083
45.566772 -18.032804
45.572983 -18.042532
45.579189 -18.052263
45.585392 -18.062002
45.591591 -18.071747
45.597782 -18.081497
45.603966 -18.091255
45.610142 -18.101021
45.616310 -18.110792
45.622471 -18.120569
45.628624 -18.130354
45.634769 -18.140146
45.640911 -18.149944
45.647049 -18.159748
45.653183 -18.169559
45.659313 -18.179379
45.665440 -18.189203
45.671562 -18.199034
45.677677 -18.208872
45.683784 -18.218718
45.689884 -18.228569
45.695976 -18.238426
45.702061 -18.248291
45.708138 -18.258163
45.714203 -18.268042
45.720264 -18.277925
45.726322 -18.287817
45.732376 -18.297716
45.738426 -18.307621
45.744473 -18.317530
45.750511 -18.327446
45.756542 -18.337368
45.762566 -18.347296
45.768581 -18.357227
45.774590 -18.367167
45.780590 -18.377111
45.786583 -18.387062
45.792572 -18.397020
45.798557 -18.406986
45.804539 -18.416958
45.810516 -18.426935
45.816490 -18.436920
45.822460 -18.446913
45.828423 -18.456911
45.834377 -18.466915
45.840324 -18.476927
45.846264 -18.486946
45.852196 -18.496971
45.858120 -18.507002
45.864037 -18.517040
45.869949 -18.527084
45.875858 -18.537134
45.881763 -18.547188
45.887665 -18.557249
45.893562 -18.567316
45.899456 -18.577389
45.905342 -18.587465
45.911221 -18.597549
45.917091 -18.607639
45.922955 -18.617735
45.928810 -18.627838
45.934658 -18.637949
45.940495 -18.648066
45.946327 -18.658188
45.952156 -18.668318
45.957981 -18.678455
45.963802 -18.688599
45.969620 -18.698746
45.975433 -18.708900
45.981239 -18.719061
45.987038 -18.729227
45.992828 -18.739397
45.998611 -18.749575
46.004387 -18.759758
46.010155 -18.769947
46.015915 -18.780144
46.021671 -18.790348
46.027424 -18.800558
46.033173 -18.810774
46.038918 -18.820997
46.044659 -18.831228
46.050396 -18.841465
46.056126 -18.851706
46.061848 -18.861954
46.067562 -18.872208
46.073269 -18.882467
46.078968 -18.892731
46.084660 -18.903002
46.090343 -18.913279
46.096016 -18.923561
46.101685 -18.933851
46.107349 -18.944149
46.113010 -18.954453
46.118668 -18.964762
46.124321 -18.975079
46.129971 -18.985401
46.135612 -18.995729
46.141247 -19.006062
46.146873 -19.016401
46.152493 -19.026747
46.158104 -19.037098
46.163708 -19.047457
46.169300 -19.057823
46.174889 -19.068195
46.180473 -19.078573
46.186054 -19.088959
46.191631 -19.099350
46.197205 -19.109747
46.202774 -19.120148
46.208336 -19.130556
46.213890 -19.140970
46.219437 -19.151390
46.224976 -19.161818
46.230507 -19.172253
46.236031 -19.182693
46.241547 -19.193140
46.247051 -19.203594
46.252552 -19.214054
46.258049 -19.224520
46.263542 -19.234989
46.269032 -19.245466
46.274517 -19.255949
46.279999 -19.266438
46.285473 -19.276934
46.290939 -19.287437
46.296398 -19.297947
46.301849 -19.308462
46.307293 -19.318985
46.312729 -19.329514
46.318157 -19.340048
46.323574 -19.350586
46.328987 -19.361132
46.334396 -19.371683
46.339802 -19.382240
46.345203 -19.392805
46.350601 -19.403378
46.355995 -19.413956
46.361382 -19.424538
46.366760 -19.435127
46.372131 -19.445723
46.377495 -19.456324
46.382851 -19.466932
46.388199 -19.477549
46.393539 -19.488171
46.398869 -19.498798
46.404194 -19.509434
46.409515 -19.520075
46.414833 -19.530722
46.420147 -19.541372
46.425457 -19.552031
46.430763 -19.562695
46.436066 -19.573364
46.441360 -19.584042
46.446648 -19.594727
46.451927 -19.605417
46.457199 -19.616112
46.462463 -19.626814
46.467720 -19.637522
46.472969 -19.648235
46.478214 -19.658957
46.483456 -19.669685
46.488693 -19.680420
46.493927 -19.691158
46.499157 -19.701904
46.504383 -19.712656
46.509605 -19.723413
46.514820 -19.734179
46.520027 -19.744951
46.525227 -19.755730
46.530418 -19.766512
46.535603 -19.777302
46.540779 -19.788097
46.545948 -19.798899
46.551105 -19.809704
46.556259 -19.820517
46.561409 -19.831335
46.566555 -19.842159
46.571697 -19.852991
46.576836 -19.863829
46.581970 -19.874672
46.587101 -19.885519
46.592224 -19.896374
46.597340 -19.907234
46.602448 -19.918100
46.607548 -19.928974
46.612640 -19.939854
46.617725 -19.950739
46.622803 -19.961628
46.627869 -19.972525
46.632931 -19.983427
46.637989 -19.994335
46.643044 -20.005251
46.648094 -20.016172
46.653141 -20.027100
46.658184 -20.038031
46.663223 -20.048969
46.668255 -20.059914
46.673279 -20.070864
46.678295 -20.081821
46.683304 -20.092785
46.688305 -20.103754
46.693298 -20.114727
46.698284 -20.125708
46.703259 -20.136694
46.708229 -20.147686
46.713196 -20.158686
46.718159 -20.169691
46.723118 -20.180702
46.728073 -20.191717
46.733025 -20.202740
46.737972 -20.213768
46.742912 -20.224800
46.747845 -20.235840
46.752769 -20.246885
46.757687 -20.257936
46.762596 -20.268995
46.767498 -20.280062
46.772392 -20.291134
46.777279 -20.302210
46.782154 -20.313293
46.787025 -20.324383
46.791893 -20.335478
46.796757 -20.346581
46.801617 -20.357689
46.806473 -20.368803
46.811325 -20.379921
46.816174 -20.391047
46.821014 -20.402178
46.825848 -20.413315
46.830673 -20.424459
46.835491 -20.435610
46.840302 -20.446766
46.845104 -20.457926
46.849899 -20.469093
46.854687 -20.480267
46.859470 -20.491444
46.864250 -20.502628
46.869026 -20.513819
46.873798 -20.525015
46.878567 -20.536215
46.883331 -20.547422
46.888092 -20.558636
46.892849 -20.569853
46.897598 -20.581078
46.902340 -20.592308
46.907074 -20.603544
46.911800 -20.614788
46.916519 -20.626038
46.921230 -20.637293
46.925934 -20.648552
46.930630 -20.659819
46.935314 -20.671091
46.939995 -20.682367
46.944672 -20.693651
46.949345 -20.704941
46.954014 -20.716236
46.958679 -20.727539
46.963341 -20.738850
46.967999 -20.750166
46.972649 -20.761486
46.977291 -20.772814
46.981926 -20.784147
46.986553 -20.795486
46.991173 -20.806833
46.995785 -20.818186
47.000389 -20.829544
47.004986 -20.840906
47.009571 -20.852276
47.014153 -20.863651
47.018730 -20.875031
47.023304 -20.886417
47.027874 -20.897810
47.032440 -20.909208
47.037003 -20.920614
47.041561 -20.932026
47.046116 -20.943443
47.050663 -20.954865
47.055202 -20.966293
47.059734 -20.977728
47.064259 -20.989166
47.068775 -21.000612
47.073284 -21.012064
47.077785 -21.023521
47.082279 -21.034986
47.086761 -21.046457
47.091240 -21.057934
47.095715 -21.069414
47.100185 -21.080902
47.104652 -21.092396
47.109116 -21.103893
47.113575 -21.115398
47.118031 -21.126909
47.122482 -21.138426
47.126926 -21.149950
47.131363 -21.161480
47.135792 -21.173016
47.140213 -21.184555
47.144627 -21.196102
47.149033 -21.207655
47.153431 -21.219212
47.157822 -21.230776
47.162201 -21.242346
47.166576 -21.253920
47.170948 -21.265501
47.175316 -21.277088
47.179680 -21.288681
47.184040 -21.300278
47.188396 -21.311880
47.192749 -21.323488
47.197098 -21.335100
47.201439 -21.346720
47.205772 -21.358345
47.210098 -21.369974
47.214417 -21.381611
47.218727 -21.393253
47.223030 -21.404902
47.227325 -21.416557
47.231613 -21.428219
47.235893 -21.439886
47.240162 -21.451557
47.244427 -21.463236
47.248688 -21.474920
47.252945 -21.486609
47.257198 -21.498304
47.261448 -21.510006
47.265694 -21.521711
47.269936 -21.533424
47.274174 -21.545143
47.278404 -21.556868
47.282627 -21.568600
47.286842 -21.580338
47.291050 -21.592081
47.295250 -21.603828
47.299442 -21.615583
47.303627 -21.627344
47.307804 -21.639109
47.311974 -21.650881
47.316132 -21.662659
47.320286 -21.674440
47.324436 -21.686230
47.328583 -21.698025
47.332726 -21.709826
47.336864 -21.721634
47.341000 -21.733448
47.345131 -21.745268
47.349258 -21.757092
47.353378 -21.768921
47.357491 -21.780756
47.361595 -21.792595
47.365692 -21.804441
47.369781 -21.816294
47.373863 -21.828150
47.377937 -21.840014
47.382004 -21.851883
47.386063 -21.863758
47.390110 -21.875641
47.394154 -21.887529
47.398193 -21.899424
47.402229 -21.911322
47.406261 -21.923225
47.410290 -21.935135
47.414314 -21.947048
47.418335 -21.958969
47.422352 -21.970896
47.426365 -21.982826
47.430370 -21.994764
47.434368 -22.006708
47.438358 -22.018656
47.442341 -22.030611
47.446316 -22.042572
47.450283 -22.054539
47.454243 -22.066513
47.458195 -22.078493
47.462139 -22.090479
47.466072 -22.102468
47.470001 -22.114464
47.473927 -22.126465
47.477848 -22.138470
47.481766 -22.150480
47.485680 -22.162497
47.489590 -22.174517
47.493496 -22.186544
47.497398 -22.198578
47.501297 -22.210615
47.505188 -22.222660
47.509071 -22.234711
47.512947 -22.246765
47.516815 -22.258827
47.520676 -22.270895
47.524529 -22.282969
47.528374 -22.295050
47.532211 -22.307137
47.536041 -22.319229
47.539864 -22.331326
47.543674 -22.343428
47.547482 -22.355536
47.551285 -22.367647
47.555084 -22.379765
47.558880 -22.391888
47.562672 -22.404015
47.566460 -22.416149
47.570244 -22.428289
47.574024 -22.440434
47.577801 -22.452585
47.581570 -22.464743
47.585331 -22.476904
47.589085 -22.489073
47.592831 -22.501247
47.596569 -22.513426
47.600300 -22.525612
47.604023 -22.537804
47.607738 -22.550001
47.611446 -22.562206
47.615147 -22.574417
47.618835 -22.586634
47.622520 -22.598854
47.626202 -22.611080
47.629879 -22.623312
47.633553 -22.635548
47.637222 -22.647789
47.640888 -22.660036
47.644550 -22.672287
47.648209 -22.684544
47.651863 -22.696806
47.655514 -22.709072
47.659157 -22.721346
47.662792 -22.733625
47.666420 -22.745909
47.670040 -22.758200
47.673653 -22.770496
47.677258 -22.782797
47.680855 -22.795105
47.684444 -22.807419
47.688026 -22.819736
47.691601 -22.832062
47.695164 -22.844393
47.698723 -22.856728
47.702278 -22.869070
47.705830 -22.881418
47.709377 -22.893772
47.712921 -22.906134
47.716461 -22.918501
47.719997 -22.930874
47.723530 -22.943254
47.727058 -22.955641
47.730583 -22.968033
47.734100 -22.980429
47.737610 -22.992830
47.741112 -23.005238
47.744606 -23.017649
47.748093 -23.030066
47.751572 -23.042488
47.755043 -23.054914
47.758507 -23.067347
47.761963 -23.079784
47.765411 -23.092226
47.768852 -23.104673
47.772282 -23.117126
47.775707 -23.129583
47.779129 -23.142046
47.782547 -23.154514
47.785961 -23.166986
47.789371 -23.179466
47.792778 -23.191952
47.796181 -23.204441
47.799580 -23.216938
47.802975 -23.229441
47.806366 -23.241947
47.809750 -23.254461
47.813126 -23.266981
47.816494 -23.279505
47.819855 -23.292036
47.823208 -23.304573
47.826553 -23.317114
47.829891 -23.329662
47.833221 -23.342216
47.836544 -23.354774
47.839859 -23.367340
47.843166 -23.379911
47.846466 -23.392487
47.849754 -23.405069
47.853039 -23.417658
47.856319 -23.430250
47.859596 -23.442850
47.862869 -23.455456
47.866138 -23.468065
47.869404 -23.480682
47.872665 -23.493305
47.875923 -23.505932
47.879177 -23.518566
47.882427 -23.531206
47.885670 -23.543850
47.888905 -23.556501
47.892132 -23.569159
47.895351 -23.581820
47.898563 -23.594488
47.901768 -23.607162
47.904964 -23.619841
47.908154 -23.632526
47.911335 -23.645218
47.914509 -23.657913
47.917675 -23.670616
47.920834 -23.683325
47.923981 -23.696037
47.927124 -23.708757
47.930264 -23.721483
47.933399 -23.734213
47.936531 -23.746950
47.939659 -23.759693
47.942783 -23.772440
47.945904 -23.785194
47.949020 -23.797955
47.952133 -23.810719
47.955242 -23.823490
47.958347 -23.836267
47.961449 -23.849049
47.964542 -23.861837
47.967628 -23.874632
47.970707 -23.887430
47.973778 -23.900236
47.976841 -23.913048
47.979897 -23.925863
47.982944 -23.938686
47.985985 -23.951515
47.989017 -23.964348
47.992043 -23.977188
47.995060 -23.990034
47.998070 -24.002884
48.001068 -24.015741
48.004063 -24.028605
48.007053 -24.041471
48.010040 -24.054346
48.013023 -24.067226
48.016003 -24.080111
48.018978 -24.093002
48.021950 -24.105900
48.024918 -24.118801
48.027882 -24.131710
48.030842 -24.144625
48.033798 -24.157543
48.036751 -24.170469
48.039696 -24.183401
48.042633 -24.196337
48.045563 -24.209280
48.048485 -24.222229
48.051399 -24.235182
48.054306 -24.248140
48.057205 -24.261105
48.060097 -24.274073
48.062981 -24.287046
48.065857 -24.300026
48.068726 -24.313009
48.071587 -24.325998
48.074440 -24.338993
48.077282 -24.351992
48.080120 -24.364996
48.082954 -24.378006
48.085785 -24.391020
48.088612 -24.404039
48.091434 -24.417065
48.094254 -24.430094
48.097069 -24.443129
48.099880 -24.456169
48.102688 -24.469213
48.105492 -24.482264
48.108292 -24.495319
48.111088 -24.508379
48.113880 -24.521444
48.116665 -24.534513
48.119442 -24.547586
48.122211 -24.560665
48.124973 -24.573748
48.127728 -24.586838
48.130474 -24.599934
48.133213 -24.613033
48.135944 -24.626141
48.138668 -24.639254
48.141384 -24.652370
48.144093 -24.665495
48.146793 -24.678625
48.149487 -24.691759
48.152172 -24.704901
48.154846 -24.718048
48.157516 -24.731199
48.160183 -24.744356
48.162846 -24.757519
48.165504 -24.770685
48.168159 -24.783857
48.170811 -24.797035
48.173458 -24.810217
48.176102 -24.823404
48.178741 -24.836597
48.181377 -24.849794
48.184010 -24.862997
48.186638 -24.876205
48.189262 -24.889418
48.191879 -24.902636
48.194489 -24.915857
48.197090 -24.929083
48.199684 -24.942314
48.202271 -24.955549
48.204849 -24.968792
48.207420 -24.982040
48.209984 -24.995293
48.212540 -25.008553
48.215088 -25.021818
48.217628 -25.035088
48.220161 -25.048365
48.222687 -25.061647
48.225204 -25.074934
48.227715 -25.088226
48.230213 -25.101524
48.232708 -25.114826
48.235199 -25.128134
48.237686 -25.141447
48.240170 -25.154764
48.242649 -25.168087
48.245125 -25.181416
48.247597 -25.194748
48.250065 -25.208086
48.252529 -25.221428
48.254990 -25.234774
48.257446 -25.248125
48.259899 -25.261480
48.262348 -25.274843
48.264793 -25.288212
48.267231 -25.301584
48.269661 -25.314964
48.272083 -25.328350
48.274498 -25.341740
48.276905 -25.355135
48.279305 -25.368536
48.281696 -25.381941
48.284081 -25.395351
48.286457 -25.408768
48.288826 -25.422188
48.291187 -25.435614
48.293541 -25.449045
48.295887 -25.462481
48.298225 -25.475922
48.300556 -25.489367
48.302879 -25.502819
48.305191 -25.516277
48.307491 -25.529739
48.309788 -25.543209
48.312080 -25.556684
48.314369 -25.570164
48.316654 -25.583649
48.318935 -25.597139
48.321213 -25.610634
48.323486 -25.624134
48.325756 -25.637640
48.328022 -25.651150
48.330284 -25.664665
48.332542 -25.678186
48.334797 -25.691711
48.337048 -25.705242
48.339294 -25.718777
48.341537 -25.732319
48.343773 -25.745867
48.346001 -25.759418
48.348221 -25.772978
48.350433 -25.786543
48.352638 -25.800112
48.354836 -25.813686
48.357025 -25.827267
48.359207 -25.840851
48.361382 -25.854441
48.363548 -25.868036
48.365707 -25.881636
48.367859 -25.895241
48.370003 -25.908850
48.372139 -25.922462
48.374268 -25.936081
48.376389 -25.949703
48.378502 -25.963333
48.380608 -25.976969
48.382702 -25.990608
48.384792 -26.004253
48.386879 -26.017904
48.388962 -26.031559
48.391041 -26.045219
48.393116 -26.058886
48.395187 -26.072556
48.397255 -26.086231
48.399319 -26.099911
48.401379 -26.113594
48.403435 -26.127283
48.405487 -26.140976
48.407536 -26.154676
48.409580 -26.168383
48.411621 -26.182093
48.413658 -26.195808
48.415691 -26.209530
48.417721 -26.223255
48.419743 -26.236986
48.421757 -26.250721
48.423763 -26.264460
48.425762 -26.278204
48.427753 -26.291952
48.429737 -26.305708
48.431713 -26.319469
48.433681 -26.333235
48.435642 -26.347006
48.437595 -26.360783
48.439541 -26.374563
48.441479 -26.388350
48.443409 -26.402142
48.445332 -26.415937
48.447247 -26.429739
48.449154 -26.443544
48.451054 -26.457354
48.452946 -26.471169
48.454830 -26.484987
48.456707 -26.498812
48.458572 -26.512642
48.460434 -26.526476
48.462292 -26.540316
48.464146 -26.554161
48.465996 -26.568010
48.467842 -26.581865
48.469685 -26.595724
48.471523 -26.609587
48.473358 -26.623455
48.475189 -26.637327
48.477016 -26.651205
48.478840 -26.665089
48.480659 -26.678976
48.482475 -26.692869
48.484287 -26.706768
48.486095 -26.720671
48.487900 -26.734579
48.489700 -26.748491
48.491497 -26.762407
48.493290 -26.776329
48.495079 -26.790255
48.496861 -26.804186
48.498634 -26.818123
48.500401 -26.832064
48.502159 -26.846010
48.503910 -26.859962
48.505653 -26.873919
48.507389 -26.887880
48.509117 -26.901846
48.510838 -26.915815
48.512550 -26.929790
48.514256 -26.943769
48.515953 -26.957754
48.517643 -26.971745
48.519325 -26.985739
48.521000 -26.999739
48.522667 -27.013742
48.524326 -27.027750
48.525978 -27.041763
48.527622 -27.055780
48.529259 -27.069805
48.530888 -27.083836
48.532509 -27.097870
48.534119 -27.111910
48.535717 -27.125956
48.537312 -27.140005
48.538902 -27.154060
48.540489 -27.168119
48.542072 -27.182182
48.543652 -27.196251
48.545227 -27.210323
48.546799 -27.224401
48.548367 -27.238485
48.549931 -27.252573
48.551491 -27.266666
48.553047 -27.280764
48.554600 -27.294865
48.556149 -27.308971
48.557693 -27.323082
48.559235 -27.337200
48.560772 -27.351324
48.562305 -27.365452
48.563835 -27.379585
48.565361 -27.393724
48.566883 -27.407867
48.568401 -27.422016
48.569916 -27.436169
48.571426 -27.450325
48.572929 -27.464487
48.574425 -27.478653
48.575912 -27.492825
48.577393 -27.507002
48.578865 -27.521183
48.580330 -27.535370
48.581787 -27.549561
48.583237 -27.563755
48.584679 -27.577955
48.586113 -27.592159
48.587540 -27.606369
48.588959 -27.620584
48.590370 -27.634804
48.591774 -27.649029
48.593170 -27.663258
48.594559 -27.677490
48.595940 -27.691729
48.597313 -27.705971
48.598679 -27.720219
48.600037 -27.734472
48.601387 -27.748730
48.602730 -27.762993
48.604065 -27.777260
48.605392 -27.791531
48.606712 -27.805807
48.608025 -27.820087
48.609329 -27.834373
48.610622 -27.848665
48.611904 -27.862961
48.613182 -27.877262
48.614456 -27.891567
48.615726 -27.905876
48.616993 -27.920191
48.618256 -27.934509
48.619514 -27.948833
48.620770 -27.963163
48.622021 -27.977497
48.623268 -27.991837
48.624512 -28.006180
48.625751 -28.020527
48.626987 -28.034880
48.628220 -28.049236
48.629448 -28.063599
48.642658 -28.071226
48.655708 -28.065109
48.668751 -28.059000
48.681786 -28.052898
48.694809 -28.046804
48.707829 -28.040716
48.720844 -28.034634
48.733852 -28.028557
48.746853 -28.022488
48.759846 -28.016426
48.772827 -28.010372
48.785805 -28.004328
48.798779 -27.998289
48.811745 -27.992256
48.824703 -27.986229
48.837654 -27.980209
48.850594 -27.974197
48.863529 -27.968193
48.876461 -27.962194
48.889385 -27.956202
48.902302 -27.950214
48.915211 -27.944235
48.928108 -27.938263
48.941002 -27.932299
48.953888 -27.926340
48.966766 -27.920387
48.979637 -27.914440
48.992496 -27.908501
49.005344 -27.902569
49.018188 -27.896645
49.031025 -27.890728
49.043854 -27.884817
49.056675 -27.878912
49.069485 -27.873013
49.082291 -27.867121
49.095093 -27.861237
49.107887 -27.855360
49.120674 -27.849489
49.133453 -27.843624
49.146221 -27.837765
49.158985 -27.831913
49.171745 -27.826069
49.184498 -27.820232
49.197243 -27.814404
49.209980 -27.808580
49.222706 -27.802763
49.235428 -27.796951
49.248146 -27.791147
49.260857 -27.785351
49.273560 -27.779562
49.286255 -27.773779
49.298939 -27.768002
49.311619 -27.762230
49.324295 -27.756466
49.336964 -27.750710
49.349625 -27.744961
49.362278 -27.739220
49.374920 -27.733484
49.387558 -27.727755
49.400192 -27.722031
49.412819 -27.716314
49.425438 -27.710606
49.438049 -27.704905
49.450649 -27.699213
49.463238 -27.693527
49.475822 -27.687847
49.488400 -27.682173
49.500969 -27.676506
49.513531 -27.670847
49.526081 -27.665195
49.538620 -27.659550
49.551155 -27.653910
49.563686 -27.648275
49.576210 -27.642647
49.588726 -27.637026
49.601234 -27.631413
49.613731 -27.625807
49.626225 -27.620207
49.638714 -27.614613
49.651196 -27.609024
49.663670 -27.603443
49.676136 -27.597870
49.688591 -27.592304
49.701042 -27.586746
49.713490 -27.581194
49.725929 -27.575647
49.738361 -27.570107
49.750786 -27.564573
49.763199 -27.559048
49.775608 -27.553530
49.788013 -27.548019
49.800411 -27.542515
49.812801 -27.537016
49.825184 -27.531523
49.837555 -27.526037
49.849922 -27.520559
49.862286 -27.515089
49.874641 -27.509626
49.886990 -27.504169
49.899330 -27.498718
49.911659 -27.493273
49.923985 -27.487835
49.936306 -27.482405
49.948620 -27.476982
49.960926 -27.471567
49.973225 -27.466158
49.985512 -27.460754
49.997787 -27.455357
50.010059 -27.449966
50.022324 -27.444584
50.034580 -27.439209
50.046829 -27.433842
50.059071 -27.428480
50.071301 -27.423124
50.083527 -27.417774
50.095749 -27.412432
50.107964 -27.407097
50.120171 -27.401770
50.132370 -27.396450
50.144558 -27.391136
50.156742 -27.385828
50.168922 -27.380526
50.181095 -27.375231
50.193260 -27.369944
50.205418 -27.364664
50.217564 -27.359392
50.229706 -27.354126
50.241844 -27.348866
50.253975 -27.343611
50.266098 -27.338362
50.278214 -27.333120
50.290318 -27.327887
50.302410 -27.322660
50.314499 -27.317444
50.326580 -27.312233
50.338654 -27.307028
50.350719 -27.301828
50.362778 -27.296637
50.374825 -27.291452
50.386868 -27.286276
50.398907 -27.281107
50.410938 -27.275944
50.422962 -27.270786
50.434978 -27.265635
50.446983 -27.260490
50.458984 -27.255354
50.470982 -27.250225
50.482971 -27.245104
50.494953 -27.239988
50.506927 -27.234879
50.518890 -27.229774
50.530842 -27.224676
50.542789 -27.219585
50.554733 -27.214502
50.566669 -27.209427
50.578598 -27.204359
50.590519 -27.199297
50.602428 -27.194241
50.614334 -27.189190
50.626236 -27.184147
50.638130 -27.179111
50.650017 -27.174084
50.661896 -27.169064
50.673763 -27.164049
50.685627 -27.159040
50.697487 -27.154037
50.709339 -27.149040
50.721184 -27.144051
50.733021 -27.139069
50.744850 -27.134094
50.756668 -27.129128
50.768482 -27.124166
50.780293 -27.119211
50.792095 -27.114262
50.803890 -27.109318
50.815678 -27.104382
50.827454 -27.099453
50.839226 -27.094532
50.850994 -27.089619
50.862755 -27.084711
50.874508 -27.079809
50.886253 -27.074913
50.897991 -27.070024
50.909718 -27.065144
50.921440 -27.060270
50.933159 -27.055405
50.944870 -27.050549
50.956573 -27.045698
50.968269 -27.040854
50.979954 -27.036015
50.991634 -27.031183
51.003311 -27.026360
51.014980 -27.021544
51.026642 -27.016735
51.038296 -27.011936
51.049942 -27.007143
51.061577 -27.002356
51.073208 -26.997574
51.084835 -26.992800
51.096455 -26.988033
51.108067 -26.983274
51.119671 -26.978523
51.131264 -26.973782
51.142845 -26.969046
51.154423 -26.964315
51.165993 -26.959591
51.177555 -26.954874
51.189110 -26.950165
51.200657 -26.945463
51.212193 -26.940769
51.223724 -26.936085
51.235252 -26.931406
51.246773 -26.926733
51.258286 -26.922066
51.269791 -26.917406
51.281284 -26.912754
51.292767 -26.908110
51.304245 -26.903473
51.315720 -26.898844
51.327187 -26.894220
51.338646 -26.889603
51.350098 -26.884991
51.361538 -26.880384
51.372974 -26.875786
51.384407 -26.871195
51.395832 -26.866611
51.407249 -26.862036
51.418659 -26.857466
51.430061 -26.852901
51.441452 -26.848343
51.452839 -26.843790
51.464222 -26.839245
51.475597 -26.834707
51.486965 -26.830177
51.498325 -26.825655
51.509674 -26.821138
51.521011 -26.816628
51.532345 -26.812122
51.543674 -26.807623
51.554996 -26.803131
51.566311 -26.798647
51.577618 -26.794170
51.588913 -26.789701
51.600197 -26.785240
51.611477 -26.780785
51.622753 -26.776335
51.634022 -26.771891
51.645283 -26.767452
51.656536 -26.763021
51.667778 -26.758598
51.679016 -26.754183
51.690250 -26.749775
51.701477 -26.745377
51.712696 -26.740984
51.723907 -26.736597
51.735111 -26.732216
51.746304 -26.727840
51.757492 -26.723473
51.768677 -26.719112
51.779854 -26.714760
51.791023 -26.710415
51.802185 -26.706076
51.813339 -26.701742
51.824482 -26.697414
51.835621 -26.693092
51.846756 -26.688778
51.857883 -26.684471
51.869003 -26.680172
51.880116 -26.675880
51.891216 -26.671597
51.902306 -26.667318
51.913391 -26.663046
51.924473 -26.658779
51.935547 -26.654518
51.946613 -26.650265
51.957672 -26.646019
51.968719 -26.641781
51.979755 -26.637550
51.990788 -26.633327
52.001816 -26.629110
52.012836 -26.624899
52.023849 -26.620693
52.034855 -26.616493
52.045849 -26.612301
52.056831 -26.608116
52.067810 -26.603939
52.078785 -26.599770
52.089752 -26.595608
52.100712 -26.591452
52.111664 -26.587301
52.122604 -26.583157
52.133533 -26.579018
52.144459 -26.574884
52.155380 -26.570759
52.166294 -26.566641
52.177200 -26.562531
52.188099 -26.558428
52.198986 -26.554331
52.209862 -26.550240
52.220734 -26.546154
52.231602 -26.542074
52.242462 -26.538000
52.253315 -26.533934
52.264160 -26.529875
52.274994 -26.525824
52.285816 -26.521780
52.296635 -26.517744
52.307449 -26.513714
52.318256 -26.509689
52.329056 -26.505671
52.339848 -26.501657
52.350628 -26.497652
52.361397 -26.493654
52.372162 -26.489664
52.382923 -26.485682
52.393677 -26.481707
52.404423 -26.477737
52.415161 -26.473774
52.425888 -26.469816
52.436604 -26.465864
52.447315 -26.461918
52.458023 -26.457979
52.468723 -26.454048
52.479416 -26.450125
52.490101 -26.446209
52.500774 -26.442301
52.511436 -26.438398
52.522095 -26.434502
52.532749 -26.430611
52.543396 -26.426725
52.554035 -26.422846
52.564667 -26.418974
52.575291 -26.415110
52.585903 -26.411253
52.596512 -26.407404
52.607117 -26.403563
52.617714 -26.399727
52.628304 -26.395897
52.638885 -26.392073
52.649460 -26.388254
52.660023 -26.384441
52.670582 -26.380636
52.681137 -26.376839
52.691685 -26.373049
52.702225 -26.369267
52.712757 -26.365492
52.723282 -26.361723
52.733795 -26.357960
52.744297 -26.354202
52.754795 -26.350451
52.765289 -26.346704
52.775776 -26.342966
52.786255 -26.339235
52.796726 -26.335512
52.807186 -26.331797
52.817635 -26.328089
52.828079 -26.324387
52.838520 -26.320690
52.848953 -26.316999
52.859379 -26.313314
52.869797 -26.309635
52.880207 -26.305964
52.890606 -26.302299
52.901001 -26.298643
52.911392 -26.294994
52.921776 -26.291353
52.932152 -26.287722
52.942520 -26.284096
52.952881 -26.280476
52.963230 -26.276861
52.973568 -26.273252
52.983902 -26.269650
52.994232 -26.266054
53.004555 -26.262466
53.014870 -26.258886
53.025177 -26.255314
53.035473 -26.251749
53.045757 -26.248190
53.056038 -26.244637
53.066315 -26.241089
53.076584 -26.237547
53.086845 -26.234011
53.097099 -26.230482
53.107346 -26.226961
53.117580 -26.223448
53.127811 -26.219942
53.138039 -26.216444
53.148262 -26.212954
53.158478 -26.209469
53.168686 -26.205990
53.178886 -26.202517
53.189075 -26.199049
53.199253 -26.195587
53.209427 -26.192133
53.219597 -26.188686
53.229759 -26.185247
53.239914 -26.181816
53.250061 -26.178392
53.260201 -26.174976
53.270329 -26.171566
53.280453 -26.168161
53.290573 -26.164762
53.300690 -26.161369
53.310799 -26.157982
53.320900 -26.154602
53.330994 -26.151230
53.341076 -26.147865
53.351147 -26.144508
53.361214 -26.141159
53.371277 -26.137817
53.381332 -26.134481
53.391380 -26.131151
53.401421 -26.127827
53.411453 -26.124508
53.421474 -26.121195
53.431484 -26.117887
53.441490 -26.114588
53.451492 -26.111296
53.461487 -26.108011
53.471474 -26.104734
53.481453 -26.101465
53.491425 -26.098204
53.501385 -26.094948
53.511341 -26.091698
53.521294 -26.088453
53.531239 -26.085215
53.541176 -26.081982
53.551105 -26.078754
53.561028 -26.075535
53.570938 -26.072323
53.580837 -26.069118
53.590733 -26.065922
53.600624 -26.062733
53.610508 -26.059553
53.620384 -26.056379
53.630253 -26.053211
53.640114 -26.050049
53.649963 -26.046892
53.659801 -26.043741
53.669636 -26.040596
53.679466 -26.037458
53.689289 -26.034328
53.699104 -26.031206
53.708912 -26.028091
53.718712 -26.024984
53.728500 -26.021885
53.738285 -26.018791
53.748066 -26.015703
53.757843 -26.012621
53.767612 -26.009544
53.777374 -26.006474
53.787128 -26.003408
53.796875 -26.000351
53.806610 -25.997301
53.816341 -25.994259
53.826069 -25.991224
53.835789 -25.988197
53.845501 -25.985178
53.855206 -25.982164
53.864902 -25.979156
53.874588 -25.976154
53.884262 -25.973158
53.893932 -25.970167
53.903599 -25.967182
53.913258 -25.964205
53.922909 -25.961235
53.932552 -25.958273
53.942188 -25.955318
53.951813 -25.952372
53.961426 -25.949432
53.971035 -25.946501
53.980640 -25.943575
53.990238 -25.940655
53.999828 -25.937740
54.009411 -25.934832
54.018986 -25.931929
54.028549 -25.929031
54.038101 -25.926140
54.047649 -25.923256
54.057194 -25.920380
54.066730 -25.917511
54.076260 -25.914650
54.085781 -25.911797
54.095295 -25.908951
54.104797 -25.906111
54.114288 -25.903276
54.123775 -25.900448
54.133259 -25.897625
54.142735 -25.894808
54.152203 -25.891996
54.161663 -25.889191
54.171116 -25.886393
54.180557 -25.883602
54.189987 -25.880819
54.199413 -25.878044
54.208836 -25.875277
54.218250 -25.872517
54.227657 -25.869764
54.237057 -25.867018
54.246449 -25.864277
54.255829 -25.861542
54.265198 -25.858812
54.274563 -25.856089
54.283924 -25.853371
54.293278 -25.850658
54.302624 -25.847954
54.311962 -25.845257
54.321293 -25.842567
54.330616 -25.839886
54.339928 -25.837212
54.349236 -25.834545
54.358540 -25.831886
54.367840 -25.829233
54.377132 -25.826586
54.386417 -25.823944
54.395695 -25.821308
54.404964 -25.818678
54.414223 -25.816053
54.423470 -25.813435
54.432713 -25.810823
54.441952 -25.808220
54.451183 -25.805624
54.460407 -25.803036
54.469624 -25.800455
54.478832 -25.797882
54.488029 -25.795317
54.497215 -25.792759
54.506397 -25.790207
54.515575 -25.787661
54.524746 -25.785120
54.533909 -25.782585
54.543064 -25.780056
54.552212 -25.777533
54.561348 -25.775015
54.570473 -25.772505
54.579594 -25.770002
54.588711 -25.767508
54.597824 -25.765020
54.606930 -25.762541
54.616028 -25.760069
54.625118 -25.757605
54.634201 -25.755148
54.643272 -25.752697
54.652332 -25.750252
54.661388 -25.747812
54.670441 -25.745378
54.679485 -25.742950
54.688522 -25.740528
54.697552 -25.738111
54.706573 -25.735701
54.715584 -25.733297
54.724583 -25.730902
54.733578 -25.728514
54.742569 -25.726133
54.751553 -25.723761
54.760529 -25.721395
54.769497 -25.719038
54.778458 -25.716688
54.787411 -25.714344
54.796352 -25.712006
54.805283 -25.709673
54.814209 -25.707346
54.823132 -25.705025
54.832047 -25.702709
54.840954 -25.700399
54.849854 -25.698095
54.858746 -25.695799
54.867626 -25.693510
54.876495 -25.691229
54.885361 -25.688955
54.894222 -25.686689
54.903080 -25.684431
54.911930 -25.682180
54.920773 -25.679937
54.929607 -25.677700
54.938435 -25.675468
54.947250 -25.673243
54.956055 -25.671022
54.964855 -25.668808
54.973652 -25.666599
54.982441 -25.664396
54.991222 -25.662199
54.999996 -25.660007
55.008762 -25.657824
55.017521 -25.655647
55.026268 -25.653479
55.035011 -25.651318
55.043751 -25.649164
55.052486 -25.647018
55.061214 -25.644880
55.069935 -25.642750
55.078648 -25.640627
55.087353 -25.638510
55.096046 -25.636398
55.104729 -25.634293
55.113407 -25.632193
55.122082 -25.630098
55.130753 -25.628010
55.139416 -25.625927
55.148071 -25.623850
55.156719 -25.621778
55.165359 -25.619715
55.173988 -25.617659
55.182606 -25.615610
55.191219 -25.613569
55.199829 -25.611536
55.208435 -25.609510
55.217033 -25.607492
55.225624 -25.605482
55.234207 -25.603479
55.242783 -25.601482
55.251347 -25.599491
55.259899 -25.597506
55.268448 -25.595526
55.276993 -25.593552
55.285530 -25.591583
55.294060 -25.589621
55.302582 -25.587664
55.311096 -25.585712
55.319603 -25.583767
55.328098 -25.581829
55.336582 -25.579899
55.345062 -25.577976
55.353539 -25.576061
55.362007 -25.574154
55.370468 -25.572254
55.378922 -25.570362
55.387367 -25.568478
55.395805 -25.566601
55.404232 -25.564732
55.412647 -25.562868
55.421059 -25.561010
55.429466 -25.559158
55.437866 -25.557312
55.446259 -25.555471
55.454643 -25.553637
55.463020 -25.551807
55.471390 -25.549984
55.479748 -25.548166
55.488094 -25.546354
55.496437 -25.544550
55.504776 -25.542753
55.513111 -25.540964
55.521439 -25.539183
55.529758 -25.537409
55.538071 -25.535643
55.546375 -25.533884
55.554668 -25.532133
55.562950 -25.530390
55.571228 -25.528654
55.579502 -25.526926
55.587772 -25.525204
55.596035 -25.523487
55.604290 -25.521776
55.612537 -25.520071
55.620777 -25.518372
55.629005 -25.516678
55.637222 -25.514990
55.645428 -25.513308
55.653629 -25.511631
55.661827 -25.509960
55.670017 -25.508295
55.678200 -25.506636
55.686375 -25.504984
55.694542 -25.503340
55.702702 -25.501703
55.710850 -25.500074
55.718987 -25.498453
55.727119 -25.496840
55.735249 -25.495234
55.743370 -25.493635
55.751484 -25.492044
55.759590 -25.490461
55.767689 -25.488886
55.775780 -25.487316
55.783859 -25.485752
55.791927 -25.484194
55.799992 -25.482641
55.808052 -25.481094
55.816109 -25.479553
55.824158 -25.478018
55.832199 -25.476488
55.840233 -25.474964
55.848259 -25.473446
55.856277 -25.471933
55.864285 -25.470427
55.872280 -25.468925
55.880272 -25.467432
55.888260 -25.465946
55.896240 -25.464468
55.904213 -25.462997
55.912178 -25.461535
55.920135 -25.460079
55.928085 -25.458632
55.936024 -25.457191
55.943951 -25.455759
55.951874 -25.454334
55.959793 -25.452917
55.967709 -25.451508
55.975616 -25.450106
55.983517 -25.448709
55.991409 -25.447319
55.999294 -25.445934
56.007172 -25.444555
56.015038 -25.443182
56.022892 -25.441814
56.030743 -25.440453
56.038589 -25.439096
56.046432 -25.437746
56.054268 -25.436401
56.062096 -25.435062
56.069916 -25.433729
56.077728 -25.432402
56.085533 -25.431080
56.093327 -25.429766
56.101109 -25.428459
56.108887 -25.427160
56.116661 -25.425869
56.124428 -25.424585
56.132187 -25.423309
56.139938 -25.422041
56.147682 -25.420780
56.155418 -25.419527
56.163143 -25.418282
56.170856 -25.417044
56.178558 -25.415813
56.186256 -25.414591
56.193951 -25.413376
56.201637 -25.412169
56.209316 -25.410967
56.216988 -25.409771
56.224651 -25.408581
56.232307 -25.407396
56.239952 -25.406218
56.247585 -25.405045
56.255207 -25.403877
56.262825 -25.402716
56.270439 -25.401560
56.278046 -25.400410
56.285645 -25.399265
56.293236 -25.398127
56.300819 -25.396994
56.308395 -25.395866
56.315960 -25.394745
56.323513 -25.393629
56.331055 -25.392519
56.338593 -25.391417
56.346127 -25.390322
56.353653 -25.389235
56.361172 -25.388155
56.368683 -25.387083
56.376186 -25.386019
56.383682 -25.384962
56.391167 -25.383913
56.398640 -25.382872
56.406101 -25.381838
56.413559 -25.380812
56.421013 -25.379793
56.428463 -25.378782
56.435905 -25.377779
56.443340 -25.376783
56.450768 -25.375795
56.458187 -25.374815
56.465599 -25.373842
56.473000 -25.372875
56.480389 -25.371914
56.487774 -25.370958
56.495155 -25.370008
56.502533 -25.369064
56.509903 -25.368126
56.517265 -25.367193
56.524620 -25.366266
56.531967 -25.365345
56.539307 -25.364429
56.546635 -25.363520
56.553951 -25.362616
56.561264 -25.361717
56.568573 -25.360825
56.575878 -25.359938
56.583176 -25.359056
56.590466 -25.358181
56.597748 -25.357311
56.605022 -25.356447
56.612289 -25.355589
56.619549 -25.354736
56.626797 -25.353891
56.634033 -25.353054
56.641266 -25.352224
56.648495 -25.351402
56.655720 -25.350588
56.662937 -25.349781
56.670147 -25.348982
56.677349 -25.348190
56.684544 -25.347406
56.691730 -25.346630
56.698906 -25.345861
56.706070 -25.345100
56.713223 -25.344347
56.720371 -25.343601
56.727516 -25.342863
56.734653 -25.342133
56.741783 -25.341410
56.748905 -25.340694
56.756020 -25.339987
56.763126 -25.339287
56.770226 -25.338594
56.777313 -25.337910
56.784389 -25.337233
56.791462 -25.336563
56.798531 -25.335901
56.805595 -25.335243
56.812653 -25.334591
56.819702 -25.333944
56.826744 -25.333303
56.833778 -25.332668
56.840805 -25.332039
56.847824 -25.331415
56.854832 -25.330797
56.861828 -25.330185
56.868820 -25.329578
56.875809 -25.328978
56.882793 -25.328382
56.889771 -25.327793
56.896740 -25.327209
56.903702 -25.326632
56.910656 -25.326059
56.917603 -25.325493
56.924541 -25.324932
56.931469 -25.324377
56.938385 -25.323828
56.945297 -25.323284
56.952206 -25.322746
56.959110 -25.322214
56.966007 -25.321688
56.972897 -25.321167
56.979778 -25.320652
56.986652 -25.320143
56.993519 -25.319639
57.000378 -25.319141
57.007225 -25.318649
57.014061 -25.318163
57.020893 -25.317682
57.027721 -25.317207
57.034546 -25.316738
57.041363 -25.316275
57.048172 -25.315819
57.054974 -25.315371
57.061768 -25.314930
57.068554 -25.314497
57.075333 -25.314072
57.082100 -25.313654
57.088856 -25.313244
57.095608 -25.312841
57.102356 -25.312447
57.109100 -25.312059
57.115837 -25.311680
57.122566 -25.311308
57.129288 -25.310944
57.136002 -25.310587
57.142708 -25.310238
57.149406 -25.309896
57.156094 -25.309563
57.162769 -25.309237
57.169434 -25.308918
57.176094 -25.308607
57.182751 -25.308304
57.189404 -25.308008
57.196049 -25.307720
57.202686 -25.307440
57.209316 -25.307167
57.215939 -25.306902
57.222553 -25.306644
57.229160 -25.306395
57.235756 -25.306152
57.242340 -25.305918
57.248920 -25.305691
57.255497 -25.305471
57.262070 -25.305260
57.268635 -25.305056
57.275192 -25.304859
57.281742 -25.304670
57.288284 -25.304489
57.294819 -25.304316
57.301346 -25.304150
57.307861 -25.303991
57.314365 -25.303841
57.320858 -25.303698
57.327347 -25.303562
57.333832 -25.303434
57.340313 -25.303314
57.346786 -25.303202
57.353252 -25.303097
57.359711 -25.302999
57.366161 -25.302910
57.372604 -25.302828
57.379040 -25.302753
57.385464 -25.302687
57.391876 -25.302628
57.398277 -25.302576
57.404675 -25.302532
57.411068 -25.302496
57.417458 -25.302467
57.423840 -25.302446
57.430214 -25.302433
57.436581 -25.302427
57.442940 -25.302429
57.449291 -25.302439
57.455635 -25.302456
57.461967 -25.302481
57.468288 -25.302513
57.474598 -25.302553
57.480904 -25.302601
57.487206 -25.302656
57.493504 -25.302719
57.499794 -25.302790
57.506077 -25.302868
57.512352 -25.302954
57.518620 -25.303047
57.524879 -25.303148
57.531132 -25.303257
57.537373 -25.303373
57.543602 -25.303497
57.549820 -25.303629
57.556034 -25.303768
57.562244 -25.303915
57.568451 -25.304070
57.574650 -25.304232
57.580841 -25.304401
57.587025 -25.304579
57.593201 -25.304764
57.599369 -25.304956
57.605530 -25.305157
57.611679 -25.305365
57.617817 -25.305580
57.623943 -25.305803
57.630066 -25.306034
57.636185 -25.306273
57.642300 -25.306519
57.648411 -25.306772
57.654514 -25.307034
57.660610 -25.307302
57.666698 -25.307579
57.672779 -25.307863
57.678852 -25.308155
57.684917 -25.308455
57.690971 -25.308762
57.697014 -25.309076
57.703045 -25.309399
57.709072 -25.309729
57.715096 -25.310066
57.721115 -25.310411
57.727127 -25.310764
57.733131 -25.311125
57.739128 -25.311493
57.745117 -25.311869
57.751099 -25.312252
57.757072 -25.312643
57.763039 -25.313042
57.768993 -25.313448
57.774937 -25.313862
57.780869 -25.314283
57.786797 -25.314713
57.792721 -25.315149
57.798641 -25.315594
57.804554 -25.316044
57.810459 -25.316500
57.816357 -25.316961
57.822247 -25.317429
57.828129 -25.317902
57.834003 -25.318380
57.839870 -25.318865
57.845726 -25.319355
57.851570 -25.319851
57.857403 -25.320353
57.863232 -25.320860
57.869057 -25.321373
57.874878 -25.321892
57.880692 -25.322416
57.886497 -25.322947
57.892296 -25.323483
57.898087 -25.324024
57.903870 -25.324572
57.909645 -25.325125
57.915413 -25.325684
57.921169 -25.326248
57.926914 -25.326818
57.932648 -25.327394
57.938377 -25.327976
57.944103 -25.328564
57.949825 -25.329157
57.955540 -25.329756
57.961246 -25.330360
57.966946 -25.330971
57.972637 -25.331587
57.978321 -25.332209
57.983997 -25.332836
57.989666 -25.333469
57.995323 -25.334108
58.000969 -25.334753
58.006603 -25.335402
58.012234 -25.336054
58.017860 -25.336710
58.023483 -25.337374
58.029102 -25.338045
58.034714 -25.338724
58.040318 -25.339411
58.045914 -25.340105
58.051502 -25.340807
58.057083 -25.341516
58.062656 -25.342234
58.068222 -25.342958
58.073776 -25.343691
58.079319 -25.344431
58.084850 -25.345179
58.090378 -25.345934
58.095901 -25.346697
58.101421 -25.347467
58.106937 -25.348246
58.112446 -25.349031
58.117947 -25.349825
58.123440 -25.350626
58.128925 -25.351435
58.134403 -25.352251
58.139874 -25.353075
58.145336 -25.353907
58.150787 -25.354744
58.156227 -25.355587
58.161655 -25.356436
58.167080 -25.357290
58.172501 -25.358150
58.177917 -25.359016
58.183331 -25.359888
58.188736 -25.360765
58.194134 -25.361649
58.199524 -25.362537
58.204906 -25.363432
58.210281 -25.364332
58.215649 -25.365238
58.221008 -25.366150
58.226357 -25.367067
58.231693 -25.367990
58.237019 -25.368919
58.242340 -25.369854
58.247658 -25.370794
58.252972 -25.371740
58.258282 -25.372692
58.263584 -25.373648
58.268879 -25.374607
58.274166 -25.375570
58.279446 -25.376541
58.284718 -25.377520
58.289982 -25.378506
58.295238 -25.379499
58.300484 -25.380501
58.305717 -25.381510
58.310940 -25.382526
58.316158 -25.383551
58.321373 -25.384583
58.326584 -25.385622
58.331791 -25.386669
58.336990 -25.387724
58.342182 -25.388786
58.347366 -25.389856
58.352543 -25.390934
58.357712 -25.392019
58.362873 -25.393110
58.368027 -25.394207
58.373173 -25.395309
58.378307 -25.396418
58.383430 -25.397532
58.388542 -25.398651
58.393650 -25.399776
58.398754 -25.400908
58.403854 -25.402044
58.408951 -25.403187
58.414040 -25.404335
58.419121 -25.405489
58.424194 -25.406649
58.429260 -25.407814
58.434319 -25.408985
58.439369 -25.410162
58.444412 -25.411343
58.449448 -25.412527
58.454472 -25.413715
58.459484 -25.414911
58.464485 -25.416115
58.469482 -25.417326
58.474476 -25.418545
58.479465 -25.419771
58.484451 -25.421005
58.489429 -25.422247
58.494400 -25.423496
58.499363 -25.424753
58.504318 -25.426018
58.509266 -25.427290
58.514206 -25.428570
58.519138 -25.429857
58.524063 -25.431150
58.528976 -25.432449
58.533878 -25.433754
58.538769 -25.435064
58.543648 -25.436380
58.548523 -25.437702
58.553394 -25.439030
58.558262 -25.440363
58.563126 -25.441702
58.567982 -25.443047
58.572830 -25.444397
58.577671 -25.445753
58.582504 -25.447115
58.587330 -25.448483
58.592148 -25.449854
58.596958 -25.451229
58.601761 -25.452612
58.606552 -25.454002
58.611332 -25.455400
58.616100 -25.456806
58.620865 -25.458220
58.625626 -25.459641
58.630383 -25.461069
58.635136 -25.462505
58.639885 -25.463949
58.644627 -25.465401
58.649361 -25.466860
58.654087 -25.468327
58.658806 -25.469799
58.663517 -25.471277
58.668221 -25.472761
58.672916 -25.474251
58.677605 -25.475746
58.682281 -25.477247
58.686947 -25.478754
58.691601 -25.480267
58.696243 -25.481785
58.700882 -25.483309
58.705517 -25.484838
58.710148 -25.486374
58.714775 -25.487913
58.719395 -25.489456
58.724007 -25.491007
58.728611 -25.492565
58.733208 -25.494131
58.737797 -25.495705
58.742378 -25.497286
58.746952 -25.498875
58.751518 -25.500471
58.756073 -25.502075
58.760616 -25.503687
58.765148 -25.505306
58.769669 -25.506931
58.774185 -25.508562
58.778698 -25.510199
58.783207 -25.511841
58.787712 -25.513489
58.792213 -25.515142
58.796707 -25.516802
58.801193 -25.518467
58.805672 -25.520138
58.810143 -25.521814
58.814606 -25.523497
58.819061 -25.525185
58.823509 -25.526876
58.827950 -25.528572
58.832378 -25.530275
58.836796 -25.531986
58.841202 -25.533705
58.845596 -25.535431
58.849987 -25.537165
58.854374 -25.538906
58.858757 -25.540655
58.863136 -25.542412
58.867512 -25.544176
58.871880 -25.545946
58.876240 -25.547722
58.880592 -25.549503
58.884937 -25.551291
58.889275 -25.553083
58.893604 -25.554882
58.897926 -25.556686
58.902241 -25.558496
58.906548 -25.560312
58.910843 -25.562134
58.915127 -25.563959
58.919399 -25.565788
58.923660 -25.567625
58.927917 -25.569469
58.932171 -25.571321
58.936420 -25.573181
58.940666 -25.575048
58.944908 -25.576923
58.949142 -25.578806
58.953369 -25.580696
58.957588 -25.582594
58.961800 -25.584497
58.966003 -25.586407
58.970200 -25.588322
58.974388 -25.590242
58.978569 -25.592169
58.982742 -25.594101
58.986904 -25.596039
58.991055 -25.597982
58.995193 -25.599932
58.999321 -25.601887
59.003445 -25.603846
59.007565 -25.605812
59.011681 -25.607786
59.015793 -25.609768
59.019901 -25.611757
59.024002 -25.613754
59.028095 -25.615759
59.032181 -25.617771
59.036259 -25.619791
59.040329 -25.621817
59.044392 -25.623848
59.048447 -25.625885
59.052494 -25.627928
59.056534 -25.629976
59.060566 -25.632030
59.064587 -25.634090
59.068596 -25.636156
59.072594 -25.638227
59.076580 -25.640303
59.080563 -25.642382
59.084541 -25.644468
59.088516 -25.646563
59.092487 -25.648664
59.096455 -25.650774
59.100414 -25.652891
59.104366 -25.655016
59.108311 -25.657148
59.112247 -25.659286
59.116177 -25.661430
59.120098 -25.663580
59.124012 -25.665735
59.127918 -25.667896
59.131817 -25.670063
59.135708 -25.672235
59.139587 -25.674414
59.143456 -25.676598
59.147312 -25.678785
59.151157 -25.680977
59.154999 -25.683176
59.158836 -25.685383
59.162670 -25.687597
59.166500 -25.689819
59.170326 -25.692049
59.174149 -25.694286
59.177963 -25.696531
59.181770 -25.698782
59.185570 -25.701038
59.189362 -25.703300
59.193146 -25.705568
59.196922 -25.707842
59.200691 -25.710121
59.204453 -25.712406
59.208206 -25.714697
59.211952 -25.716991
59.215687 -25.719290
59.219410 -25.721596
59.223122 -25.723909
59.226822 -25.726231
59.230518 -25.728559
59.234211 -25.730896
59.237900 -25.733240
59.241585 -25.735590
59.245266 -25.737946
59.248943 -25.740307
59.252613 -25.742674
59.256275 -25.745047
59.259930 -25.747425
59.263577 -25.749809
59.267216 -25.752199
59.270847 -25.754593
59.274471 -25.756990
59.278088 -25.759396
59.281696 -25.761808
59.285297 -25.764229
59.288891 -25.766657
59.292473 -25.769093
59.296043 -25.771536
59.299603 -25.773985
59.303150 -25.776440
59.306694 -25.778900
59.310234 -25.781366
59.313770 -25.783838
59.317303 -25.786316
59.320831 -25.788799
59.324356 -25.791288
59.327873 -25.793781
59.331383 -25.796278
59.334885 -25.798782
59.338379 -25.801294
59.341866 -25.803814
59.345345 -25.806341
59.348816 -25.808876
59.352280 -25.811419
59.355736 -25.813967
59.359184 -25.816521
59.362625 -25.819080
59.366055 -25.821646
59.369473 -25.824217
59.372879 -25.826794
59.376274 -25.829376
59.379658 -25.831963
59.383038 -25.834553
59.386414 -25.837151
59.389786 -25.839756
59.393154 -25.842369
59.396519 -25.844990
59.399879 -25.847618
59.403236 -25.850252
59.406586 -25.852892
59.409927 -25.855537
59.413261 -25.858189
59.416588 -25.860846
59.419907 -25.863508
59.423218 -25.866177
59.426521 -25.868851
59.429817 -25.871529
59.433105 -25.874214
59.436386 -25.876907
59.439659 -25.879608
59.442921 -25.882317
59.446171 -25.885033
59.449409 -25.887756
59.452637 -25.890486
59.455853 -25.893221
59.459064 -25.895962
59.462273 -25.898708
59.465477 -25.901461
59.468678 -25.904219
59.471874 -25.906982
59.475067 -25.909750
59.478256 -25.912525
59.481438 -25.915308
59.484612 -25.918098
59.487778 -25.920897
59.490936 -25.923702
59.494087 -25.926514
59.497231 -25.929331
59.500366 -25.932154
59.503494 -25.934982
59.506615 -25.937817
59.509727 -25.940657
59.512833 -25.943502
59.515930 -25.946352
59.519016 -25.949205
59.522091 -25.952066
59.525154 -25.954935
59.528206 -25.957811
59.531246 -25.960695
59.534275 -25.963587
59.537300 -25.966484
59.540321 -25.969387
59.543339 -25.972296
59.546352 -25.975210
59.549362 -25.978130
59.552368 -25.981056
59.555370 -25.983986
59.558365 -25.986919
59.561352 -25.989861
59.564331 -25.992809
59.567303 -25.995766
59.570267 -25.998730
59.573223 -26.001701
59.576172 -26.004679
59.579113 -26.007662
59.582047 -26.010651
59.584972 -26.013645
59.587891 -26.016645
59.590801 -26.019651
59.593704 -26.022661
59.596596 -26.025675
59.599476 -26.028696
59.602345 -26.031725
59.605202 -26.034761
59.608047 -26.037806
59.610882 -26.040855
59.613712 -26.043911
59.616539 -26.046972
59.619362 -26.050039
59.622181 -26.053112
59.624996 -26.056190
59.627808 -26.059275
59.630615 -26.062363
59.633415 -26.065458
59.636208 -26.068562
59.638992 -26.071672
59.641769 -26.074791
59.644539 -26.077917
59.647301 -26.081049
59.650055 -26.084187
59.652802 -26.087330
59.655540 -26.090479
59.658272 -26.093634
59.660995 -26.096794
59.663712 -26.099958
59.666420 -26.103127
59.669121 -26.106302
59.671810 -26.109486
59.674488 -26.112677
59.677155 -26.115875
59.679810 -26.119080
59.682453 -26.122290
59.685085 -26.125505
59.687714 -26.128727
59.690338 -26.131954
59.692959 -26.135187
59.695576 -26.138424
59.698189 -26.141665
59.700798 -26.144913
59.703403 -26.148169
59.706005 -26.151432
59.708603 -26.154703
59.711193 -26.157980
59.713776 -26.161263
59.716351 -26.164551
59.718918 -26.167845
59.721478 -26.171144
59.724030 -26.174448
59.726574 -26.177755
59.729111 -26.181070
59.731640 -26.184393
59.734161 -26.187723
59.736675 -26.191061
59.739182 -26.194405
59.741680 -26.197754
59.744171 -26.201109
59.746655 -26.204470
59.749126 -26.207836
59.751587 -26.211208
59.754036 -26.214584
59.756474 -26.217964
59.758900 -26.221352
59.761314 -26.224747
59.763718 -26.228149
59.766117 -26.231558
59.768513 -26.234972
59.770905 -26.238392
59.773293 -26.241817
59.775677 -26.245249
59.778057 -26.248686
59.780434 -26.252127
59.782806 -26.255571
59.785175 -26.259024
59.787537 -26.262484
59.789890 -26.265951
59.792236 -26.269424
59.794575 -26.272903
59.796906 -26.276388
59.799229 -26.279879
59.801544 -26.283375
59.803852 -26.286877
59.806152 -26.290382
59.808445 -26.293892
59.810730 -26.297409
59.813007 -26.300934
59.815277 -26.304466
59.817539 -26.308004
59.819794 -26.311548
59.822041 -26.315098
59.824276 -26.318653
59.826500 -26.322214
59.828712 -26.325781
59.830914 -26.329351
59.833103 -26.332926
59.835281 -26.336508
59.837448 -26.340097
59.839603 -26.343695
59.841755 -26.347298
59.843903 -26.350906
59.846046 -26.354521
59.848186 -26.358141
59.850323 -26.361767
59.852455 -26.365396
59.854584 -26.369030
59.856709 -26.372671
59.858829 -26.376320
59.860947 -26.379976
59.863056 -26.383640
59.865158 -26.387310
59.867252 -26.390985
59.869339 -26.394667
59.871418 -26.398354
59.873489 -26.402046
59.875553 -26.405743
59.877609 -26.409447
59.879658 -26.413158
59.881699 -26.416878
59.883732 -26.420605
59.885757 -26.424337
59.887775 -26.428076
59.889786 -26.431820
59.891788 -26.435570
59.893784 -26.439325
59.895771 -26.443085
59.897751 -26.446848
59.899723 -26.450619
59.901684 -26.454397
59.903633 -26.458183
59.905571 -26.461975
59.907497 -26.465773
59.909412 -26.469576
59.911316 -26.473385
59.913208 -26.477200
59.915089 -26.481018
59.916965 -26.484840
59.918839 -26.488670
59.920708 -26.492508
59.922573 -26.496353
59.924435 -26.500204
59.926292 -26.504061
59.928146 -26.507923
59.929996 -26.511791
59.931843 -26.515665
59.933685 -26.519543
59.935524 -26.523424
59.937359 -26.527313
59.939186 -26.531210
59.941006 -26.535114
59.942818 -26.539024
59.944622 -26.542940
59.946419 -26.546862
59.948208 -26.550789
59.949989 -26.554722
59.951763 -26.558659
59.953529 -26.562603
59.955288 -26.566555
59.957039 -26.570515
59.958782 -26.574482
59.960518 -26.578455
59.962246 -26.582434
59.963966 -26.586418
59.965679 -26.590408
59.967384 -26.594402
59.969082 -26.598400
59.970772 -26.602406
59.972454 -26.606419
59.974129 -26.610439
59.975796 -26.614466
59.977451 -26.618498
59.979095 -26.622536
59.980728 -26.626579
59.982349 -26.630629
59.983959 -26.634682
59.985558 -26.638739
59.987144 -26.642803
59.988720 -26.646875
59.990284 -26.650953
59.991837 -26.655037
59.993385 -26.659126
59.994930 -26.663221
59.996471 -26.667322
59.998009 -26.671427
59.999542 -26.675535
60.001072 -26.679651
60.002598 -26.683775
60.004120 -26.687906
60.005638 -26.692043
60.007153 -26.696186
60.008663 -26.700335
60.010170 -26.704489
60.011673 -26.708647
60.013172 -26.712809
60.014664 -26.716978
60.016148 -26.721155
60.017624 -26.725340
60.019093 -26.729530
60.020554 -26.733727
60.022007 -26.737928
60.023453 -26.742136
60.024891 -26.746347
60.026321 -26.750563
60.027744 -26.754786
60.029160 -26.759016
60.030567 -26.763254
60.031967 -26.767498
60.033360 -26.771748
60.034744 -26.776003
60.036121 -26.780264
60.037491 -26.784529
60.038853 -26.788797
60.040207 -26.793074
60.041553 -26.797358
60.042892 -26.801649
60.044224 -26.805946
60.045547 -26.810249
60.046864 -26.814558
60.048172 -26.818872
60.049473 -26.823191
60.050766 -26.827513
60.052052 -26.831842
60.053326 -26.836180
60.054588 -26.840525
60.055840 -26.844875
60.057079 -26.849232
60.058308 -26.853594
60.059525 -26.857962
60.060730 -26.862333
60.061924 -26.866709
60.063107 -26.871092
60.064278 -26.875483
60.065437 -26.879879
60.066586 -26.884281
60.067722 -26.888689
60.068855 -26.893103
60.069984 -26.897522
60.071110 -26.901945
60.072231 -26.906372
60.073349 -26.910807
60.074463 -26.915249
60.075573 -26.919697
60.076679 -26.924150
60.077782 -26.928610
60.078880 -26.933075
60.079975 -26.937544
60.081066 -26.942017
60.082153 -26.946497
60.083237 -26.950985
60.084316 -26.955481
60.085392 -26.959982
60.086464 -26.964489
60.087532 -26.969002
60.088596 -26.973520
60.089657 -26.978043
60.090710 -26.982569
60.091755 -26.987103
60.092793 -26.991644
60.093822 -26.996191
60.094845 -27.000744
60.095860 -27.005302
60.096867 -27.009867
60.097866 -27.014435
60.098858 -27.019007
60.099842 -27.023586
60.100819 -27.028173
60.101788 -27.032766
60.102749 -27.037365
60.103703 -27.041969
60.104649 -27.046579
60.105587 -27.051195
60.106518 -27.055815
60.107441 -27.060442
60.108356 -27.065077
60.109264 -27.069719
60.110165 -27.074368
60.111057 -27.079021
60.111942 -27.083681
60.112820 -27.088346
60.113689 -27.093016
60.114552 -27.097689
60.115406 -27.102369
60.116253 -27.107058
60.117092 -27.111752
60.117924 -27.116451
60.118748 -27.121157
60.119564 -27.125868
60.120373 -27.130583
60.121174 -27.135302
60.121967 -27.140028
60.122753 -27.144762
60.123531 -27.149502
60.124302 -27.154247
60.125065 -27.158998
60.125820 -27.163755
60.126568 -27.168516
60.127308 -27.173281
60.128040 -27.178053
60.128761 -27.182833
60.129471 -27.187618
60.130169 -27.192410
60.130856 -27.197206
60.131531 -27.202009
60.132195 -27.206816
60.132847 -27.211626
60.133488 -27.216444
60.134117 -27.221270
60.134735 -27.226101
60.135342 -27.230938
60.135937 -27.235781
60.136520 -27.240629
60.137093 -27.245481
60.137653 -27.250338
60.138203 -27.255201
60.138741 -27.260073
60.139267 -27.264950
60.139782 -27.269833
60.140285 -27.274721
60.140778 -27.279615
60.141258 -27.284513
60.141727 -27.289419
60.142185 -27.294333
60.142632 -27.299252
60.143066 -27.304176
60.143490 -27.309107
60.143909 -27.314043
60.144325 -27.318983
60.144737 -27.323927
60.145145 -27.328878
60.145550 -27.333838
60.145950 -27.338802
60.146347 -27.343773
60.146740 -27.348749
60.147129 -27.353731
60.147514 -27.358717
60.147896 -27.363707
60.148273 -27.368704
60.148647 -27.373709
60.149017 -27.378719
60.149384 -27.383736
60.149746 -27.388758
60.150105 -27.393785
60.150459 -27.398817
60.150810 -27.403856
60.151157 -27.408903
60.151501 -27.413956
60.151840 -27.419014
60.152176 -27.424078
60.152508 -27.429148
60.152836 -27.434221
60.153160 -27.439299
60.153481 -27.444384
60.153797 -27.449476
60.154110 -27.454575
60.154419 -27.459679
60.154724 -27.464788
60.155025 -27.469904
60.155323 -27.475023
60.155617 -27.480150
60.155907 -27.485285
60.156193 -27.490425
60.156475 -27.495571
60.156754 -27.500723
60.157028 -27.505880
60.157299 -27.511042
60.157566 -27.516207
60.157829 -27.521379
60.158089 -27.526560
60.158344 -27.531746
60.158596 -27.536938
60.158844 -27.542135
60.159088 -27.547337
60.159328 -27.552542
60.159565 -27.557755
60.159798 -27.562975
60.160027 -27.568201
60.160252 -27.573433
60.160473 -27.578671
60.160690 -27.583914
60.160904 -27.589161
60.161114 -27.594412
60.161320 -27.599670
60.161522 -27.604935
60.161720 -27.610205
60.161915 -27.615480
60.162106 -27.620762
60.162292 -27.626047
60.162476 -27.631336
60.162655 -27.636633
60.162830 -27.641937
60.163002 -27.647247
60.163170 -27.652563
60.163334 -27.657885
60.163494 -27.663210
60.163651 -27.668539
60.163803 -27.673876
60.163952 -27.679220
60.164097 -27.684570
60.164238 -27.689926
60.164375 -27.695288
60.164509 -27.700653
60.164639 -27.706022
60.164764 -27.711399
60.164886 -27.716784
60.165005 -27.722174
60.165119 -27.727570
60.165230 -27.732971
60.165337 -27.738377
60.165440 -27.743786
60.165539 -27.749203
60.165634 -27.754627
60.165726 -27.760057
60.165813 -27.765493
60.165897 -27.770935
60.165977 -27.776381
60.166054 -27.781830
60.166126 -27.787287
60.166195 -27.792751
60.166260 -27.798222
60.166321 -27.803698
60.166378 -27.809179
60.166431 -27.814665
60.166481 -27.820154
60.166527 -27.825651
60.166569 -27.831156
60.166607 -27.836666
60.166641 -27.842182
60.166672 -27.847704
60.166698 -27.853230
60.166721 -27.858759
60.166740 -27.864296
60.166756 -27.869841
60.166767 -27.875391
60.166775 -27.880947
60.166779 -27.886509
60.166779 -27.892075
60.166775 -27.897644
60.166767 -27.903221
60.166756 -27.908806
60.166740 -27.914396
60.166721 -27.919992
60.166698 -27.925594
60.166672 -27.931200
60.166641 -27.936810
60.166607 -27.942427
60.166569 -27.948050
60.166527 -27.953678
60.166481 -27.959312
60.166431 -27.964952
60.166378 -27.970596
60.166321 -27.976244
60.166260 -27.981899
60.166195 -27.987560
60.166126 -27.993227
60.166054 -27.998899
60.165977 -28.004578
60.165897 -28.010260
60.165813 -28.015949
60.165726 -28.021646
60.165634 -28.027349
60.165539 -28.033058
60.165440 -28.038773
60.165337 -28.044491
60.165230 -28.050213
60.165119 -28.055943
60.165005 -28.061680
60.164886 -28.067423
60.164764 -28.073172
60.164639 -28.078926
60.164509 -28.084684
60.164375 -28.090446
60.164238 -28.096216
60.164097 -28.101992
60.163952 -28.107773
60.163803 -28.113560
60.163651 -28.119350
60.163494 -28.125145
60.163334 -28.130947
60.163170 -28.136757
60.163002 -28.142572
60.162830 -28.148394
60.162655 -28.154221
60.162476 -28.160051
60.162292 -28.165886
60.162106 -28.171728
60.161915 -28.177576
60.161720 -28.183430
60.161522 -28.189289
60.161320 -28.195154
60.161114 -28.201023
60.160904 -28.206900
60.160690 -28.212784
60.160473 -28.218674
60.160252 -28.224569
60.160027 -28.230471
60.159798 -28.236376
60.159565 -28.242285
60.159328 -28.248201
60.159088 -28.254124
60.158844 -28.260052
60.158596 -28.265985
60.158344 -28.271923
60.158089 -28.277864
60.157829 -28.283813
60.157566 -28.289770
60.157299 -28.295732
60.157028 -28.301701
60.156754 -28.307674
60.156475 -28.313652
60.156193 -28.319633
60.155907 -28.325623
60.155617 -28.331617
60.155323 -28.337618
60.155025 -28.343624
60.154724 -28.349634
60.154419 -28.355648
60.154110 -28.361670
60.153797 -28.367697
60.153481 -28.373730
60.153160 -28.379768
60.152836 -28.385813
60.152508 -28.391861
60.152176 -28.397917
60.151840 -28.403980
60.151501 -28.410049
60.151157 -28.416124
60.150810 -28.422205
60.150459 -28.428289
60.150105 -28.434378
60.149746 -28.440474
60.149384 -28.446575
60.149017 -28.452682
60.148647 -28.458796
60.148273 -28.464912
60.147896 -28.471033
60.147514 -28.477161
60.147129 -28.483295
60.146740 -28.489435
60.146347 -28.495581
60.145950 -28.501730
60.145550 -28.507883
60.145145 -28.514044
60.144737 -28.520210
60.144325 -28.526382
60.143909 -28.532560
60.143490 -28.538742
60.143066 -28.544928
60.142632 -28.551121
60.142185 -28.557322
60.141727 -28.563528
60.141258 -28.569740
60.140778 -28.575958
60.140285 -28.582180
60.139782 -28.588406
60.139267 -28.594639
60.138741 -28.600878
60.138203 -28.607122
60.137653 -28.613373
60.137093 -28.619627
60.136520 -28.625885
60.135937 -28.632151
60.135342 -28.638422
60.134735 -28.644699
60.134117 -28.650982
60.133488 -28.657269
60.132847 -28.663559
60.132195 -28.669857
60.131531 -28.676161
60.130856 -28.682470
60.130169 -28.688786
60.129471 -28.695105
60.128761 -28.701427
60.128044 -28.707758
60.127319 -28.714094
60.126587 -28.720436
60.125847 -28.726784
60.125099 -28.733135
60.124344 -28.739491
60.123581 -28.745853
60.122810 -28.752222
60.122032 -28.758596
60.121246 -28.764977
60.120453 -28.771360
60.119652 -28.777748
60.118843 -28.784143
60.118027 -28.790545
60.117203 -28.796951
60.116371 -28.803364
60.115532 -28.809780
60.114685 -28.816200
60.113831 -28.822628
60.112968 -28.829062
60.112099 -28.835501
60.111221 -28.841946
60.110336 -28.848394
60.109444 -28.854847
60.108543 -28.861307
60.107635 -28.867773
60.106720 -28.874245
60.105797 -28.880722
60.104866 -28.887203
60.103928 -28.893688
60.102982 -28.900181
60.102028 -28.906679
60.101067 -28.913183
60.100098 -28.919693
60.099121 -28.926207
60.098137 -28.932728
60.097145 -28.939255
60.096146 -28.945787
60.095139 -28.952326
60.094124 -28.958868
60.093102 -28.965414
60.092072 -28.971968
60.091034 -28.978527
60.089993 -28.985092
60.088947 -28.991663
60.087898 -28.998238
60.086845 -29.004816
60.085789 -29.011402
60.084728 -29.017994
60.083664 -29.024591
60.082596 -29.031195
60.081524 -29.037802
60.080448 -29.044413
60.079369 -29.051031
60.078285 -29.057655
60.077198 -29.064285
60.076107 -29.070921
60.075012 -29.077560
60.073914 -29.084204
60.072811 -29.090855
60.071705 -29.097511
60.070595 -29.104174
60.069481 -29.110842
60.068363 -29.117514
60.067242 -29.124193
60.066116 -29.130878
60.064980 -29.137569
60.063831 -29.144266
60.062672 -29.150967
60.061501 -29.157671
60.060318 -29.164383
60.059124 -29.171101
60.057919 -29.177824
60.056702 -29.184553
60.055473 -29.191286
60.054234 -29.198023
60.052982 -29.204767
60.051723 -29.211517
60.050457 -29.218273
60.049183 -29.225035
60.047901 -29.231800
60.046612 -29.238573
60.045315 -29.245352
60.044010 -29.252136
60.042698 -29.258926
60.041378 -29.265720
60.040051 -29.272518
60.038715 -29.279324
60.037373 -29.286135
60.036022 -29.292952
60.034664 -29.299774
60.033298 -29.306601
60.031925 -29.313431
60.030544 -29.320269
60.029156 -29.327112
60.027760 -29.333961
60.026356 -29.340815
60.024944 -29.347672
60.023525 -29.354536
60.022099 -29.361406
60.020664 -29.368282
60.019222 -29.375164
60.017773 -29.382050
60.016315 -29.388939
60.014851 -29.395836
60.013382 -29.402739
60.011909 -29.409647
60.010433 -29.416559
60.008953 -29.423475
60.007469 -29.430399
60.005981 -29.437328
60.004490 -29.444263
60.002995 -29.451204
60.001495 -29.458149
59.999992 -29.465097
59.998486 -29.472054
59.996975 -29.479015
59.995461 -29.485983
59.993942 -29.492954
59.992420 -29.499929
59.990894 -29.506912
59.989365 -29.513901
59.987823 -29.520895
59.986271 -29.527895
59.984707 -29.534899
59.983131 -29.541906
59.981544 -29.548922
59.979946 -29.555943
59.978336 -29.562969
59.976715 -29.570000
59.975086 -29.577034
59.973450 -29.584076
59.971806 -29.591124
59.970154 -29.598177
59.968494 -29.605236
59.966827 -29.612299
59.965153 -29.619366
59.963470 -29.626438
59.961781 -29.633516
59.960083 -29.640600
59.958378 -29.647688
59.956665 -29.654779
59.954945 -29.661879
59.953217 -29.668983
59.951481 -29.676094
59.949738 -29.683208
59.947987 -29.690327
59.946228 -29.697453
59.944462 -29.704584
59.942688 -29.711721
59.940907 -29.718864
59.939117 -29.726011
59.937325 -29.733162
59.935528 -29.740318
59.933727 -29.747480
59.931923 -29.754648
59.930115 -29.761820
59.928303 -29.768995
59.926487 -29.776178
59.924667 -29.783367
59.922844 -29.790562
59.921017 -29.797760
59.919186 -29.804962
59.917351 -29.812172
59.915512 -29.819387
59.913670 -29.826609
59.911816 -29.833836
59.909950 -29.841066
59.908073 -29.848301
59.906185 -29.855541
59.904285 -29.862787
59.902374 -29.870039
59.900452 -29.877295
59.898521 -29.884554
59.896584 -29.891821
59.894638 -29.899094
59.892685 -29.906372
59.890724 -29.913654
59.888756 -29.920940
59.886780 -29.928234
59.884796 -29.935534
59.882805 -29.942839
59.880806 -29.950148
59.878799 -29.957460
59.876785 -29.964781
59.874763 -29.972107
59.872734 -29.979439
59.870697 -29.986776
59.868652 -29.994118
59.866600 -30.001463
59.864540 -30.008814
59.862473 -30.016171
59.860401 -30.023533
59.858326 -30.030899
59.856247 -30.038269
59.854164 -30.045645
59.852077 -30.053026
59.849987 -30.060413
59.847893 -30.067804
59.845795 -30.075199
59.843693 -30.082602
59.841587 -30.090010
59.839478 -30.097424
59.837364 -30.104841
59.835239 -30.112263
59.833103 -30.119692
59.830956 -30.127127
59.828796 -30.134567
59.826626 -30.142012
59.824444 -30.149460
59.822254 -30.156916
59.820057 -30.164377
59.817852 -30.171844
59.815639 -30.179316
59.813419 -30.186790
59.811192 -30.194273
59.808956 -30.201761
59.806713 -30.209255
59.804462 -30.216755
59.802204 -30.224258
59.799938 -30.231766
59.797665 -30.239279
59.795383 -30.246798
59.793095 -30.254322
59.790798 -30.261850
59.788494 -30.269382
59.786182 -30.276920
59.783867 -30.284464
59.781548 -30.292013
59.779224 -30.299566
59.776897 -30.307123
59.774567 -30.314686
59.772232 -30.322254
59.769894 -30.329828
59.767551 -30.337406
59.765205 -30.344988
59.762856 -30.352575
59.760502 -30.360168
59.758137 -30.367767
59.755760 -30.375370
59.753372 -30.382977
59.750973 -30.390589
59.748562 -30.398207
59.746143 -30.405830
59.743717 -30.413458
59.741283 -30.421089
59.738842 -30.428726
59.736393 -30.436369
59.733936 -30.444017
59.731472 -30.451670
59.729000 -30.459326
59.726521 -30.466988
59.724033 -30.474655
59.721539 -30.482328
59.719036 -30.490005
59.716526 -30.497686
59.714008 -30.505373
59.711483 -30.513065
59.708954 -30.520763
59.706421 -30.528465
59.703884 -30.536171
59.701344 -30.543882
59.698799 -30.551600
59.696251 -30.559322
59.693699 -30.567049
59.691143 -30.574780
59.688583 -30.582516
59.686020 -30.590258
59.683453 -30.598005
59.680874 -30.605757
59.678284 -30.613512
59.675682 -30.621273
59.673069 -30.629040
59.670448 -30.636810
59.667820 -30.644585
59.665184 -30.652367
59.662540 -30.660154
59.659889 -30.667948
59.657230 -30.675745
59.654564 -30.683546
59.651890 -30.691355
59.649208 -30.699169
59.646519 -30.706989
59.643822 -30.714813
59.641117 -30.722641
59.638405 -30.730476
59.635685 -30.738317
59.632957 -30.746164
59.630226 -30.754015
59.627491 -30.761869
59.624752 -30.769732
59.622009 -30.777599
59.619263 -30.785473
59.616512 -30.793350
59.613758 -30.801231
59.611000 -30.809118
59.608238 -30.817011
59.605465 -30.824909
59.602680 -30.832811
59.599884 -30.840717
59.597076 -30.848629
59.594261 -30.856546
59.591438 -30.864470
59.588608 -30.872396
59.585770 -30.880327
59.582924 -30.888264
59.580070 -30.896206
59.577209 -30.904152
59.574341 -30.912102
59.571465 -30.920059
59.568581 -30.928022
59.565689 -30.935991
59.562790 -30.943964
59.559883 -30.951941
59.556969 -30.959925
59.554050 -30.967915
59.551128 -30.975910
59.548203 -30.983910
59.545273 -30.991913
59.542339 -30.999922
59.539402 -31.007936
59.536461 -31.015957
59.533516 -31.023981
59.530567 -31.032009
59.527607 -31.040043
59.524635 -31.048082
59.521652 -31.056126
59.518658 -31.064173
59.515656 -31.072224
59.512646 -31.080280
59.509628 -31.088343
59.506603 -31.096409
59.503571 -31.104479
59.500530 -31.112556
59.497482 -31.120640
59.494427 -31.128729
59.491364 -31.136822
59.488293 -31.144918
59.485214 -31.153021
59.482128 -31.161129
59.479038 -31.169243
59.475945 -31.177361
59.472847 -31.185482
59.469746 -31.193609
59.466640 -31.201742
59.463531 -31.209879
59.460419 -31.218019
59.457302 -31.226168
59.454182 -31.234322
59.451050 -31.242481
59.447906 -31.250645
59.444752 -31.258812
59.441589 -31.266985
59.438419 -31.275164
59.435242 -31.283348
59.432056 -31.291536
59.428864 -31.299728
59.425663 -31.307926
59.422455 -31.316130
59.419239 -31.324337
59.416016 -31.332548
59.412785 -31.340767
59.409546 -31.348991
59.406300 -31.357222
59.403049 -31.365456
59.399796 -31.373693
59.396538 -31.381937
59.393276 -31.390186
59.390011 -31.398441
59.386742 -31.406700
59.383469 -31.414963
59.380192 -31.423231
59.376911 -31.431505
59.373619 -31.439783
59.370316 -31.448065
59.367001 -31.456354
59.363678 -31.464649
59.360348 -31.472950
59.357010 -31.481255
59.353664 -31.489563
59.350311 -31.497877
59.346951 -31.506197
59.343582 -31.514521
59.340206 -31.522848
59.336823 -31.531183
59.333431 -31.539524
59.330032 -31.547871
59.326630 -31.556221
59.323223 -31.564575
59.319813 -31.572935
59.316399 -31.581301
59.312981 -31.589672
59.309559 -31.598047
59.306133 -31.606426
59.302704 -31.614811
59.299263 -31.623201
59.295811 -31.631596
59.292347 -31.639994
59.288876 -31.648397
59.285397 -31.656807
59.281910 -31.665222
59.278416 -31.673641
59.274914 -31.682064
59.271404 -31.690493
59.267887 -31.698927
59.264362 -31.707365
59.260830 -31.715807
59.257290 -31.724255
59.253742 -31.732708
59.250191 -31.741167
59.246635 -31.749630
59.243076 -31.758097
59.239513 -31.766569
59.235947 -31.775047
59.232376 -31.783529
59.228802 -31.792015
59.225224 -31.800507
59.221634 -31.809004
59.218033 -31.817507
59.214420 -31.826014
59.210800 -31.834524
59.207172 -31.843040
59.203537 -31.851562
59.199894 -31.860088
59.196243 -31.868618
59.192585 -31.877153
59.188919 -31.885695
59.185246 -31.894241
59.181564 -31.902792
59.177876 -31.911346
59.174183 -31.919907
59.170486 -31.928473
59.166786 -31.937042
59.163082 -31.945616
59.159374 -31.954195
59.155663 -31.962780
59.151947 -31.971371
59.148228 -31.979965
59.144497 -31.988564
59.140755 -31.997169
59.137005 -32.005783
59.133247 -32.014404
59.129482 -32.023029
59.125710 -32.031658
59.121929 -32.040291
59.118141 -32.048935
59.114346 -32.057587
59.110542 -32.066246
59.106731 -32.074913
59.102913 -32.083588
59.099087 -32.092270
59.095257 -32.100956
59.091423 -32.109646
59.087585 -32.118340
59.083744 -32.127045
59.079899 -32.135757
59.076050 -32.144478
59.072197 -32.153206
59.068333 -32.161942
59.064457 -32.170685
59.060574 -32.179432
59.056683 -32.188183
59.052784 -32.196938
59.048878 -32.205704
59.044964 -32.214478
59.041042 -32.223259
59.037113 -32.232048
59.033176 -32.240845
59.029232 -32.249645
59.025280 -32.258450
59.021324 -32.267258
59.017365 -32.276070
59.013401 -32.284893
59.009434 -32.293724
59.005463 -32.302563
59.001488 -32.311409
58.997509 -32.320263
58.993519 -32.329121
58.989517 -32.337982
58.985504 -32.346848
58.981483 -32.355724
58.977455 -32.364609
58.973419 -32.373501
58.969376 -32.382401
58.965324 -32.391308
58.961266 -32.400223
58.957199 -32.409142
58.953125 -32.418064
58.949043 -32.426991
58.944958 -32.435928
58.940868 -32.444874
58.936775 -32.453827
58.932678 -32.462788
58.928577 -32.471756
58.924473 -32.480728
58.920364 -32.489704
58.916245 -32.498684
58.912113 -32.507675
58.907974 -32.516674
58.903828 -32.525681
58.899673 -32.534695
58.895512 -32.543716
58.891342 -32.552746
58.887165 -32.561779
58.882980 -32.570816
58.878788 -32.579857
58.874588 -32.588909
58.870380 -32.597969
58.866169 -32.607037
58.861954 -32.616112
58.857735 -32.625195
58.853512 -32.634281
58.849285 -32.643372
58.845055 -32.652466
58.840820 -32.661572
58.836575 -32.670685
58.832317 -32.679806
58.828053 -32.688934
58.823780 -32.698071
58.819500 -32.707211
58.815212 -32.716354
58.810917 -32.725502
58.806614 -32.734653
58.802303 -32.743813
58.797985 -32.752979
58.793663 -32.762154
58.789337 -32.771336
58.785007 -32.780525
58.780674 -32.789719
58.776337 -32.798916
58.771996 -32.808117
58.767651 -32.817329
58.763294 -32.826550
58.758926 -32.835777
58.754551 -32.845013
58.750168 -32.854256
58.745777 -32.863503
58.741379 -32.872753
58.736973 -32.882008
58.732559 -32.891273
58.728138 -32.900547
58.723709 -32.909828
58.719273 -32.919117
58.714832 -32.928413
58.710388 -32.937714
58.705940 -32.947018
58.701488 -32.956326
58.697033 -32.965645
58.692574 -32.974972
58.688110 -32.984306
58.683636 -32.993649
58.679153 -33.002998
58.674664 -33.012352
58.670166 -33.021709
58.665661 -33.031071
58.661148 -33.040443
58.656628 -33.049824
58.652100 -33.059212
58.647564 -33.068607
58.643021 -33.078011
58.638474 -33.087418
58.633923 -33.096828
58.629368 -33.106243
58.624809 -33.115662
58.620247 -33.125092
58.615681 -33.134529
58.611103 -33.143974
58.606514 -33.153427
58.601917 -33.162888
58.597313 -33.172352
58.592701 -33.181820
58.588081 -33.191292
58.583454 -33.200775
58.578819 -33.210266
58.574177 -33.219765
58.569527 -33.229271
58.564873 -33.238785
58.560215 -33.248302
58.555553 -33.257824
58.550888 -33.267349
58.546219 -33.276886
58.541546 -33.286430
58.536869 -33.295982
58.532181 -33.305542
58.527481 -33.315109
58.522774 -33.324680
58.518059 -33.334255
58.513336 -33.343834
58.508606 -33.353424
58.503868 -33.363022
58.499123 -33.372627
58.494370 -33.382240
58.489609 -33.391861
58.484844 -33.401485
58.480076 -33.411114
58.475304 -33.420746
58.470528 -33.430386
58.465748 -33.440033
58.460964 -33.449688
58.456169 -33.459351
58.451363 -33.469017
58.446548 -33.478687
58.441727 -33.488361
58.436897 -33.498039
58.432060 -33.507725
58.427216 -33.517418
58.422363 -33.527119
58.417503 -33.536827
58.412636 -33.546539
58.407764 -33.556255
58.402889 -33.565975
58.398010 -33.575706
58.393127 -33.585445
58.388241 -33.595192
58.383350 -33.604946
58.378448 -33.614708
58.373539 -33.624474
58.368622 -33.634243
58.363697 -33.644016
58.358765 -33.653801
58.353825 -33.663593
58.348877 -33.673393
58.343922 -33.683201
58.344063 -33.683281
58.350071 -33.674080
58.356071 -33.664886
58.362064 -33.655704
58.368050 -33.646534
58.374027 -33.637375
58.379993 -33.628220
58.385948 -33.619072
58.391891 -33.609932
58.397831 -33.600800
58.403767 -33.591675
58.409698 -33.582561
58.415623 -33.573460
58.421539 -33.564369
58.427448 -33.555283
58.433350 -33.546200
58.439243 -33.537125
58.445129 -33.528057
58.451004 -33.518997
58.456867 -33.509945
58.462719 -33.500904
58.468559 -33.491875
58.474396 -33.482857
58.480228 -33.473843
58.486057 -33.464836
58.491879 -33.455837
58.497692 -33.446846
58.503498 -33.437862
58.509296 -33.428890
58.515087 -33.419930
58.520870 -33.410980
58.526646 -33.402035
58.532410 -33.393093
58.538162 -33.384159
58.543903 -33.375233
58.549641 -33.366314
58.555374 -33.357403
58.561104 -33.348503
58.566826 -33.339615
58.572540 -33.330738
58.578247 -33.321865
58.583946 -33.313000
58.589638 -33.304142
58.595322 -33.295292
58.600998 -33.286449
58.606663 -33.277618
58.612316 -33.268799
58.617958 -33.259991
58.623596 -33.251186
58.629230 -33.242386
58.634861 -33.233593
58.640488 -33.224808
58.646107 -33.216030
58.651718 -33.207260
58.657322 -33.198502
58.662918 -33.189754
58.668507 -33.181019
58.674088 -33.172287
58.679657 -33.163559
58.685215 -33.154839
58.690762 -33.146126
58.696297 -33.137421
58.701828 -33.128723
58.707355 -33.120037
58.712879 -33.111362
58.718395 -33.102699
58.723904 -33.094040
58.729404 -33.085388
58.734898 -33.076744
58.740383 -33.068108
58.745861 -33.059479
58.751331 -33.050858
58.756790 -33.042248
58.762238 -33.033649
58.767673 -33.025063
58.773098 -33.016479
58.778519 -33.007904
58.783936 -32.999336
58.789349 -32.990776
58.794754 -32.982224
58.800152 -32.973679
58.805542 -32.965145
58.810925 -32.956623
58.816299 -32.948112
58.821667 -32.939606
58.827026 -32.931107
58.832375 -32.922615
58.837711 -32.914131
58.843037 -32.905655
58.848351 -32.897186
58.853661 -32.888729
58.858967 -32.880283
58.864269 -32.871849
58.869568 -32.863419
58.874859 -32.854996
58.880142 -32.846581
58.885418 -32.838173
58.890686 -32.829773
58.895947 -32.821381
58.901199 -32.813000
58.906445 -32.804630
58.911678 -32.796272
58.916901 -32.787918
58.922112 -32.779572
58.927319 -32.771233
58.932522 -32.762901
58.937721 -32.754578
58.942917 -32.746262
58.948105 -32.737957
58.953285 -32.729664
58.958458 -32.721382
58.963623 -32.713104
58.968781 -32.704834
58.973930 -32.696571
58.979073 -32.688316
58.984207 -32.680069
58.989330 -32.671829
58.994442 -32.663601
58.999542 -32.655384
59.004639 -32.647179
59.009731 -32.638977
59.014820 -32.630779
59.019905 -32.622589
59.024982 -32.614407
59.030052 -32.606232
59.035114 -32.598064
59.040169 -32.589909
59.045216 -32.581764
59.050255 -32.573631
59.055286 -32.565510
59.060310 -32.557392
59.065323 -32.549282
59.070324 -32.541180
59.075314 -32.533085
59.080299 -32.524998
59.085281 -32.516918
59.090260 -32.508850
59.095234 -32.500793
59.100201 -32.492748
59.105160 -32.484707
59.110111 -32.476673
59.115055 -32.468647
59.119991 -32.460629
59.124920 -32.452618
59.129841 -32.444614
59.134754 -32.436623
59.139656 -32.428642
59.144547 -32.420673
59.149426 -32.412716
59.154293 -32.404762
59.159157 -32.396816
59.164017 -32.388878
59.168873 -32.380947
59.173725 -32.373024
59.178570 -32.365108
59.183407 -32.357204
59.188236 -32.349312
59.193058 -32.341431
59.197872 -32.333553
59.202679 -32.325680
59.207478 -32.317814
59.212269 -32.309956
59.217049 -32.302105
59.221817 -32.294262
59.226574 -32.286427
59.231319 -32.278603
59.236061 -32.270790
59.240799 -32.262989
59.245533 -32.255192
59.250263 -32.247402
59.254986 -32.239620
59.259701 -32.231846
59.264408 -32.224079
59.269108 -32.216320
59.273800 -32.208572
59.278484 -32.200836
59.283161 -32.193111
59.287830 -32.185398
59.292488 -32.177689
59.297134 -32.169987
59.301769 -32.162292
59.306393 -32.154606
59.311012 -32.146927
59.315628 -32.139256
59.320240 -32.131596
59.324848 -32.123947
59.329449 -32.116310
59.334042 -32.108685
59.338627 -32.101063
59.343204 -32.093449
59.347775 -32.085842
59.352337 -32.078243
59.356892 -32.070652
59.361439 -32.063068
59.365974 -32.055496
59.370499 -32.047935
59.375011 -32.040386
59.379513 -32.032848
59.384010 -32.025314
59.388504 -32.017788
59.392994 -32.010269
59.397480 -32.002758
59.401962 -31.995253
59.406437 -31.987755
59.410904 -31.980265
59.415363 -31.972778
59.419815 -31.965298
59.424259 -31.957823
59.428696 -31.950356
59.433125 -31.942896
59.437546 -31.935444
59.441959 -31.927998
59.446362 -31.920557
59.450752 -31.913124
59.455132 -31.905699
59.459499 -31.898281
59.463863 -31.890869
59.468224 -31.883463
59.472580 -31.876062
59.476933 -31.868670
59.481277 -31.861284
59.485615 -31.853905
59.489944 -31.846531
59.494267 -31.839163
59.498581 -31.831802
59.502888 -31.824450
59.507187 -31.817102
59.511478 -31.809761
59.515762 -31.802425
59.520035 -31.795097
59.524296 -31.787777
59.528545 -31.780462
59.532784 -31.773153
59.537018 -31.765850
59.541248 -31.758554
59.545475 -31.751266
59.549698 -31.743982
59.553917 -31.736704
59.558128 -31.729431
59.562332 -31.722166
59.566528 -31.714909
59.570717 -31.707659
59.574898 -31.700415
59.579071 -31.693176
59.583237 -31.685944
59.587395 -31.678719
59.591545 -31.671501
59.595684 -31.664289
59.599812 -31.657084
59.603928 -31.649883
59.608032 -31.642691
59.612125 -31.635506
59.616215 -31.628325
59.620300 -31.621149
59.624382 -31.613979
59.628460 -31.606817
59.632534 -31.599663
59.636600 -31.592516
59.640659 -31.585375
59.644711 -31.578239
59.648754 -31.571110
59.652790 -31.563988
59.656818 -31.556873
59.660839 -31.549765
59.664852 -31.542662
59.668858 -31.535564
59.672852 -31.528475
59.676834 -31.521393
59.680805 -31.514315
59.684765 -31.507242
59.688713 -31.500175
59.692657 -31.493116
59.696598 -31.486065
59.700535 -31.479021
59.704468 -31.471983
59.708397 -31.464951
59.712318 -31.457924
59.716232 -31.450905
59.720139 -31.443893
59.724037 -31.436888
59.727928 -31.429888
59.731812 -31.422894
59.735687 -31.415907
59.739555 -31.408928
59.743416 -31.401957
59.747269 -31.394991
59.751110 -31.388031
59.754940 -31.381077
59.758759 -31.374130
59.762566 -31.367191
59.766369 -31.360258
59.770168 -31.353331
59.773964 -31.346409
59.777756 -31.339495
59.781544 -31.332588
59.785328 -31.325689
59.789104 -31.318796
59.792873 -31.311909
59.796635 -31.305027
59.800388 -31.298153
59.804134 -31.291286
59.807873 -31.284426
59.811604 -31.277571
59.815327 -31.270721
59.819042 -31.263880
59.822750 -31.257046
59.826447 -31.250219
59.830132 -31.243399
59.833805 -31.236584
59.837467 -31.229774
59.841118 -31.222973
59.844765 -31.216179
59.848408 -31.209389
59.852047 -31.202604
59.855682 -31.195826
59.859314 -31.189054
59.862938 -31.182291
59.866554 -31.175535
59.870163 -31.168785
59.873764 -31.162041
59.877357 -31.155302
59.880943 -31.148571
59.884521 -31.141848
59.888092 -31.135132
59.891655 -31.128422
59.895210 -31.121717
59.898758 -31.115019
59.902294 -31.108328
59.905819 -31.101645
59.909332 -31.094965
59.912834 -31.088291
59.916325 -31.081623
59.919811 -31.074963
59.923294 -31.068310
59.926773 -31.061665
59.930248 -31.055025
59.933720 -31.048391
59.937187 -31.041763
59.940647 -31.035143
59.944099 -31.028530
59.947544 -31.021925
59.950981 -31.015326
59.954411 -31.008732
59.957832 -31.002144
59.961246 -30.995564
59.964653 -30.988991
59.968052 -30.982426
59.971443 -30.975866
59.974827 -30.969313
59.978199 -30.962765
59.981560 -30.956224
59.984909 -30.949692
59.988247 -30.943163
59.991573 -30.936640
59.994896 -30.930122
59.998215 -30.923611
60.001530 -30.917107
60.004841 -30.910610
60.008148 -30.904118
60.011452 -30.897631
60.014748 -30.891150
60.018036 -30.884674
60.021317 -30.878206
60.024590 -30.871746
60.027855 -30.865292
60.031113 -30.858843
60.034363 -30.852400
60.037605 -30.845964
60.040840 -30.839537
60.044067 -30.833117
60.047287 -30.826702
60.050499 -30.820293
60.053699 -30.813890
60.056889 -30.807495
60.060066 -30.801107
60.063232 -30.794727
60.066387 -30.788353
60.069530 -30.781984
60.072670 -30.775621
60.075806 -30.769266
60.078938 -30.762918
60.082066 -30.756578
60.085190 -30.750244
60.088310 -30.743916
60.091423 -30.737593
60.094528 -30.731277
60.097626 -30.724970
60.100716 -30.718670
60.103798 -30.712376
60.106873 -30.706087
60.109940 -30.699804
60.112999 -30.693529
60.116051 -30.687262
60.119095 -30.681002
60.122131 -30.674746
60.125160 -30.668495
60.128181 -30.662251
60.131191 -30.656012
60.134190 -30.649780
60.137177 -30.643557
60.140152 -30.637337
60.143116 -30.631123
60.146069 -30.624914
60.149017 -30.618711
60.151962 -30.612516
60.154903 -30.606329
60.157841 -30.600149
60.160774 -30.593975
60.163704 -30.587807
60.166630 -30.581644
60.169548 -30.575489
60.172459 -30.569342
60.175362 -30.563202
60.178257 -30.557068
60.181145 -30.550940
60.184025 -30.544817
60.186897 -30.538702
60.189762 -30.532595
60.192619 -30.526495
60.195469 -30.520401
60.198311 -30.514313
60.201145 -30.508230
60.203972 -30.502155
60.206787 -30.496088
60.209591 -30.490028
60.212383 -30.483973
60.215164 -30.477922
60.217934 -30.471878
60.220692 -30.465839
60.223446 -30.459808
60.226196 -30.453785
60.228943 -30.447769
60.231686 -30.441759
60.234425 -30.435755
60.237160 -30.429756
60.239891 -30.423765
60.242619 -30.417782
60.245338 -30.411806
60.248051 -30.405836
60.250755 -30.399872
60.253452 -30.393913
60.256142 -30.387962
60.258823 -30.382019
60.261497 -30.376083
60.264164 -30.370152
60.266823 -30.364225
60.269474 -30.358305
60.272118 -30.352390
60.274754 -30.346483
60.277382 -30.340584
60.280003 -30.334692
60.282612 -30.328806
60.285210 -30.322926
60.287796 -30.317051
60.290371 -30.311184
60.292934 -30.305325
60.295486 -30.299473
60.298027 -30.293625
60.300564 -30.287783
60.303097 -30.281946
60.305626 -30.276115
60.308151 -30.270292
60.310673 -30.264477
60.313190 -30.258669
60.315704 -30.252867
60.318214 -30.247070
60.320717 -30.241280
60.323212 -30.235497
60.325699 -30.229721
60.328178 -30.223953
60.330650 -30.218189
60.333115 -30.212431
60.335571 -30.206678
60.338020 -30.200932
60.340462 -30.195192
60.342896 -30.189461
60.345322 -30.183737
60.347740 -30.178019
60.350151 -30.172306
60.352554 -30.166599
60.354950 -30.160898
60.357338 -30.155205
60.359715 -30.149519
60.362080 -30.143841
60.364433 -30.138168
60.366776 -30.132502
60.369106 -30.126841
60.371426 -30.121187
60.373734 -30.115541
60.376038 -30.109903
60.378338 -30.104273
60.380634 -30.098648
60.382927 -30.093029
60.385216 -30.087416
60.387501 -30.081810
60.389782 -30.076212
60.392059 -30.070621
60.394333 -30.065035
60.396599 -30.059454
60.398857 -30.053879
60.401108 -30.048309
60.403351 -30.042747
60.405586 -30.037193
60.407814 -30.031647
60.410034 -30.026106
60.412247 -30.020571
60.414452 -30.015041
60.416649 -30.009518
60.418839 -30.004002
60.421021 -29.998493
60.423195 -29.992992
60.425362 -29.987497
60.427521 -29.982008
60.429672 -29.976524
60.431816 -29.971046
60.433949 -29.965576
60.436069 -29.960114
60.438179 -29.954659
60.440277 -29.949209
60.442364 -29.943766
60.444439 -29.938328
60.446503 -29.932896
60.448555 -29.927471
60.450596 -29.922054
60.452633 -29.916645
60.454666 -29.911242
60.456696 -29.905844
60.458721 -29.900452
60.460743 -29.895065
60.462761 -29.889687
60.464775 -29.884315
60.466785 -29.878952
60.468792 -29.873594
60.470795 -29.868242
60.472790 -29.862896
60.474777 -29.857555
60.476757 -29.852222
60.478729 -29.846897
60.480694 -29.841579
60.482651 -29.836266
60.484600 -29.830957
60.486542 -29.825655
60.488476 -29.820358
60.490402 -29.815069
60.492321 -29.809788
60.494232 -29.804514
60.496136 -29.799248
60.498032 -29.793987
60.499920 -29.788733
60.501801 -29.783484
60.503674 -29.778242
60.505539 -29.773008
60.507397 -29.767782
60.509247 -29.762564
60.511086 -29.757351
60.512913 -29.752144
60.514729 -29.746943
60.516533 -29.741747
60.518326 -29.736559
60.520107 -29.731379
60.521877 -29.726206
60.523636 -29.721039
60.525383 -29.715878
60.527126 -29.710722
60.528866 -29.705572
60.530602 -29.700430
60.532333 -29.695295
60.534061 -29.690168
60.535786 -29.685049
60.537506 -29.679935
60.539223 -29.674828
60.540936 -29.669725
60.542645 -29.664629
60.544350 -29.659540
60.546051 -29.654459
60.547749 -29.649385
60.549438 -29.644318
60.551121 -29.639256
60.552795 -29.634199
60.554462 -29.629148
60.556122 -29.624105
60.557774 -29.619070
60.559418 -29.614042
60.561054 -29.609022
60.562683 -29.604008
60.564304 -29.598999
60.565918 -29.593996
60.567524 -29.588999
60.569122 -29.584009
60.570713 -29.579027
60.572296 -29.574053
60.573872 -29.569082
60.575439 -29.564117
60.577000 -29.559158
60.578552 -29.554205
60.580097 -29.549259
60.581635 -29.544321
60.583164 -29.539391
60.584686 -29.534468
60.586201 -29.529551
60.587704 -29.524639
60.589195 -29.519733
60.590675 -29.514833
60.592144 -29.509941
60.593601 -29.505056
60.595047 -29.500179
60.596481 -29.495310
60.597904 -29.490446
60.599316 -29.485588
60.600716 -29.480736
60.602104 -29.475889
60.603489 -29.471050
60.604870 -29.466219
60.606247 -29.461395
60.607620 -29.456579
60.608990 -29.451769
60.610355 -29.446964
60.611717 -29.442165
60.613075 -29.437372
60.614429 -29.432587
60.615780 -29.427809
60.617126 -29.423038
60.618469 -29.418276
60.619808 -29.413519
60.621143 -29.408768
60.622475 -29.404022
60.623802 -29.399282
60.625122 -29.394550
60.626434 -29.389826
60.627739 -29.385109
60.629036 -29.380400
60.630325 -29.375696
60.631607 -29.370998
60.632881 -29.366306
60.634148 -29.361620
60.635406 -29.356941
60.636658 -29.352270
60.637901 -29.347607
60.639137 -29.342951
60.640366 -29.338301
60.641586 -29.333656
60.642799 -29.329018
60.644005 -29.324385
60.645203 -29.319759
60.646393 -29.315142
60.647575 -29.310532
60.648750 -29.305929
60.649918 -29.301332
60.651077 -29.296741
60.652229 -29.292156
60.653374 -29.287577
60.654510 -29.283003
60.655640 -29.278437
60.656761 -29.273878
60.657875 -29.269327
60.658981 -29.264780
60.660080 -29.260239
60.661171 -29.255703
60.662254 -29.251173
60.663326 -29.246649
60.664387 -29.242132
60.665436 -29.237623
60.666473 -29.233122
60.667500 -29.228628
60.668514 -29.224140
60.669518 -29.219658
60.670509 -29.215181
60.671490 -29.210711
60.672459 -29.206245
60.673416 -29.201788
60.674362 -29.197338
60.675297 -29.192896
60.676220 -29.188457
60.677132 -29.184025
60.678032 -29.179598
60.678928 -29.175177
60.679821 -29.170761
60.680710 -29.166353
60.681595 -29.161953
60.682476 -29.157560
60.683353 -29.153175
60.684227 -29.148796
60.685097 -29.144423
60.685963 -29.140055
60.686825 -29.135693
60.687683 -29.131336
60.688538 -29.126987
60.689388 -29.122646
60.690235 -29.118313
60.691078 -29.113987
60.691917 -29.109667
60.692753 -29.105352
60.693584 -29.101044
60.694412 -29.096741
60.695236 -29.092443
60.696056 -29.088154
60.696873 -29.083872
60.697685 -29.079597
60.698494 -29.075331
60.699299 -29.071070
60.700100 -29.066814
60.700893 -29.062565
60.701679 -29.058321
60.702457 -29.054083
60.703228 -29.049852
60.703991 -29.045630
60.704746 -29.041414
60.705494 -29.037207
60.706234 -29.033005
60.706966 -29.028809
60.707691 -29.024618
60.708408 -29.020433
60.709118 -29.016254
60.709820 -29.012083
60.710514 -29.007919
60.711201 -29.003763
60.711880 -28.999615
60.712551 -28.995472
60.713215 -28.991335
60.713871 -28.987204
60.714520 -28.983078
60.715160 -28.978958
60.715794 -28.974846
60.716419 -28.970741
60.717037 -28.966644
60.717648 -28.962555
60.718250 -28.958469
60.718845 -28.954390
60.719433 -28.950315
60.720013 -28.946247
60.720585 -28.942184
60.721149 -28.938129
60.721706 -28.934082
60.722256 -28.930042
60.722797 -28.926010
60.723331 -28.921982
60.723858 -28.917959
60.724377 -28.913942
60.724888 -28.909931
60.725391 -28.905926
60.725887 -28.901926
60.726376 -28.897934
60.726856 -28.893950
60.727329 -28.889973
60.727795 -28.886003
60.728252 -28.882038
60.728703 -28.878078
60.729145 -28.874125
60.729580 -28.870176
60.730007 -28.866234
60.730427 -28.862299
60.730839 -28.858372
60.731243 -28.854452
60.731640 -28.850540
60.732029 -28.846636
60.732410 -28.842737
60.732784 -28.838844
60.733150 -28.834957
60.733509 -28.831076
60.733860 -28.827200
60.734203 -28.823332
60.734539 -28.819471
60.734867 -28.815619
60.735188 -28.811773
60.735500 -28.807936
60.735806 -28.804104
60.736103 -28.800278
60.736393 -28.796457
60.736675 -28.792643
60.736950 -28.788834
60.737217 -28.785032
60.737476 -28.781239
60.737728 -28.777452
60.737972 -28.773674
60.738209 -28.769903
60.738438 -28.766138
60.738659 -28.762379
60.738873 -28.758625
60.739075 -28.754877
60.739265 -28.751135
60.739445 -28.747400
60.739613 -28.743673
60.739769 -28.739954
60.739914 -28.736242
60.740047 -28.732538
60.740170 -28.728840
60.740280 -28.725147
60.740379 -28.721460
60.740467 -28.717779
60.740543 -28.714104
60.740608 -28.710434
60.740662 -28.706772
60.740704 -28.703117
60.740734 -28.699471
60.740753 -28.695831
60.740761 -28.692196
60.740757 -28.688566
60.740742 -28.684942
60.740715 -28.681324
60.740677 -28.677711
60.740627 -28.674105
60.740566 -28.670506
60.740494 -28.666914
60.740410 -28.663330
60.740314 -28.659754
60.740208 -28.656185
60.740089 -28.652622
60.739960 -28.649065
60.739819 -28.645514
60.739666 -28.641968
60.739502 -28.638428
60.739326 -28.634893
60.739140 -28.631367
60.738945 -28.627848
60.738743 -28.624336
60.738533 -28.620832
60.738316 -28.617336
60.738091 -28.613846
60.737858 -28.610361
60.737617 -28.606882
60.737370 -28.603409
60.737114 -28.599941
60.736851 -28.596479
60.736580 -28.593025
60.736301 -28.589579
60.736015 -28.586140
60.735722 -28.582708
60.735420 -28.579285
60.735111 -28.575867
60.734795 -28.572454
60.734470 -28.569048
60.734138 -28.565647
60.733799 -28.562252
60.733452 -28.558863
60.733097 -28.555481
60.732735 -28.552107
60.732365 -28.548740
60.731987 -28.545382
60.731602 -28.542030
60.731209 -28.538685
60.730808 -28.535345
60.730400 -28.532011
60.729984 -28.528683
60.729561 -28.525360
60.729130 -28.522043
60.728691 -28.518734
60.728245 -28.515432
60.727791 -28.512138
60.727329 -28.508852
60.726860 -28.505573
60.726383 -28.502298
60.725899 -28.499029
60.725407 -28.495766
60.724907 -28.492508
60.724400 -28.489256
60.723885 -28.486010
60.723362 -28.482769
60.722832 -28.479536
60.722294 -28.476311
60.721748 -28.473093
60.721195 -28.469883
60.720634 -28.466681
60.720066 -28.463482
60.719490 -28.460289
60.718906 -28.457102
60.718315 -28.453920
60.717716 -28.450745
60.717110 -28.447575
60.716496 -28.444410
60.715874 -28.441254
60.715244 -28.438105
60.714607 -28.434963
60.713963 -28.431829
60.713310 -28.428703
60.712650 -28.425581
60.711983 -28.422464
60.711308 -28.419353
60.710625 -28.416248
60.709934 -28.413149
60.709236 -28.410055
60.708530 -28.406967
60.707817 -28.403887
60.707096 -28.400814
60.706367 -28.397749
60.705631 -28.394691
60.704887 -28.391642
60.704136 -28.388599
60.703377 -28.385563
60.702610 -28.382532
60.701836 -28.379507
60.701054 -28.376488
60.700268 -28.373474
60.699478 -28.370466
60.698685 -28.367464
60.697887 -28.364470
60.697086 -28.361483
60.696281 -28.358503
60.695473 -28.355532
60.694660 -28.352568
60.693844 -28.349607
60.693024 -28.346653
60.692200 -28.343704
60.691372 -28.340761
60.690540 -28.337824
60.689705 -28.334892
60.688866 -28.331966
60.688023 -28.329046
60.687176 -28.326134
60.686325 -28.323229
60.685471 -28.320332
60.684612 -28.317442
60.683750 -28.314560
60.682884 -28.311682
60.682014 -28.308809
60.681141 -28.305943
60.680264 -28.303082
60.679382 -28.300226
60.678497 -28.297377
60.677608 -28.294533
60.676708 -28.291695
60.675797 -28.288864
60.674873 -28.286041
60.673939 -28.283226
60.672993 -28.280418
60.672035 -28.277618
60.671066 -28.274826
60.670086 -28.272038
60.669094 -28.269255
60.668091 -28.266478
60.667076 -28.263706
60.666050 -28.260941
60.665012 -28.258181
60.663963 -28.255426
60.662903 -28.252680
60.661835 -28.249941
60.660759 -28.247210
60.659676 -28.244486
60.658585 -28.241770
60.657486 -28.239061
60.656380 -28.236361
60.655266 -28.233664
60.654144 -28.230972
60.653015 -28.228287
60.651878 -28.225607
60.650734 -28.222933
60.649582 -28.220264
60.648422 -28.217602
60.647255 -28.214945
60.646080 -28.212296
60.644897 -28.209654
60.643707 -28.207020
60.642509 -28.204393
60.641304 -28.201775
60.640091 -28.199163
60.638870 -28.196556
60.637642 -28.193954
60.636406 -28.191359
60.635162 -28.188768
60.633911 -28.186184
60.632652 -28.183605
60.631386 -28.181032
60.630112 -28.178465
60.628830 -28.175905
60.627541 -28.173353
60.626244 -28.170809
60.624939 -28.168272
60.623631 -28.165743
60.622318 -28.163221
60.621002 -28.160707
60.619682 -28.158197
60.618359 -28.155693
60.617031 -28.153194
60.615700 -28.150702
60.614365 -28.148214
60.613026 -28.145733
60.611683 -28.143257
60.610336 -28.140787
60.608986 -28.138323
60.607632 -28.135866
60.606274 -28.133417
60.604912 -28.130976
60.603546 -28.128542
60.602177 -28.126116
60.600803 -28.123697
60.599419 -28.121283
60.598022 -28.118874
60.596615 -28.116470
60.595196 -28.114073
60.593765 -28.111681
60.592323 -28.109295
60.590870 -28.106915
60.589405 -28.104540
60.587929 -28.102171
60.586441 -28.099810
60.584946 -28.097456
60.583443 -28.095110
60.581932 -28.092772
60.580414 -28.090441
60.578888 -28.088118
60.577354 -28.085802
60.575813 -28.083490
60.574265 -28.081182
60.572708 -28.078880
60.571144 -28.076584
60.569572 -28.074293
60.567993 -28.072008
60.566406 -28.069729
60.564812 -28.067455
60.563210 -28.065187
60.561600 -28.062925
60.559982 -28.060671
60.558357 -28.058424
60.556725 -28.056185
60.555084 -28.053953
60.553436 -28.051729
60.551781 -28.049513
60.550117 -28.047304
60.548447 -28.045099
60.546772 -28.042900
60.545094 -28.040707
60.543411 -28.038519
60.541725 -28.036337
60.540035 -28.034161
60.538342 -28.031990
60.536644 -28.029825
60.534943 -28.027666
60.533237 -28.025513
60.531528 -28.023367
60.529816 -28.021229
60.528099 -28.019098
60.526379 -28.016975
60.524654 -28.014860
60.522919 -28.012753
60.521172 -28.010653
60.519413 -28.008560
60.517643 -28.006472
60.515862 -28.004389
60.514069 -28.002312
60.512264 -28.000240
60.510448 -27.998175
60.508625 -27.996115
60.506794 -27.994061
60.504955 -27.992012
60.503109 -27.989969
60.501255 -27.987932
60.499393 -27.985901
60.497524 -27.983877
60.495647 -27.981861
60.493763 -27.979853
60.491871 -27.977852
60.489971 -27.975859
60.488064 -27.973873
60.486149 -27.971895
60.484226 -27.969925
60.482296 -27.967958
60.480358 -27.965998
60.478413 -27.964043
60.476460 -27.962093
60.474499 -27.960150
60.472530 -27.958212
60.470558 -27.956280
60.468582 -27.954353
60.466602 -27.952433
60.464619 -27.950518
60.462631 -27.948608
60.460640 -27.946707
60.458645 -27.944813
60.456646 -27.942926
60.454643 -27.941048
60.452637 -27.939177
60.450626 -27.937313
60.448612 -27.935457
60.446587 -27.933609
60.444550 -27.931768
60.442501 -27.929932
60.440441 -27.928101
60.438370 -27.926275
60.436287 -27.924456
60.434193 -27.922642
60.432091 -27.920834
60.429981 -27.919031
60.427864 -27.917234
60.425739 -27.915443
60.423607 -27.913658
60.421467 -27.911879
60.419319 -27.910105
60.417164 -27.908339
60.415001 -27.906580
60.412830 -27.904829
60.410652 -27.903086
60.408466 -27.901350
60.406273 -27.899622
60.404072 -27.897902
60.401863 -27.896189
60.399647 -27.894484
60.397423 -27.892782
60.395195 -27.891085
60.392963 -27.889393
60.390728 -27.887707
60.388489 -27.886026
60.386246 -27.884352
60.383999 -27.882683
60.381748 -27.881020
60.379494 -27.879362
60.377235 -27.877710
60.374973 -27.876064
60.372707 -27.874424
60.370438 -27.872789
60.368156 -27.871162
60.365864 -27.869543
60.363560 -27.867931
60.361244 -27.866327
60.358917 -27.864731
60.356583 -27.863142
60.354240 -27.861561
60.351891 -27.859987
60.349533 -27.858421
60.347168 -27.856863
60.344795 -27.855312
60.342415 -27.853765
60.340027 -27.852222
60.337631 -27.850685
60.335228 -27.849154
60.332817 -27.847628
60.330399 -27.846107
60.327972 -27.844593
60.325539 -27.843084
60.323097 -27.841581
60.320648 -27.840084
60.318195 -27.838593
60.315739 -27.837107
60.313278 -27.835627
60.310814 -27.834152
60.308346 -27.832685
60.305874 -27.831226
60.303398 -27.829775
60.300919 -27.828331
60.298435 -27.826895
60.295948 -27.825466
60.293457 -27.824045
60.290955 -27.822632
60.288441 -27.821226
60.285915 -27.819828
60.283379 -27.818438
60.280834 -27.817051
60.278282 -27.815668
60.275723 -27.814289
60.273155 -27.812916
60.270580 -27.811548
60.267998 -27.810186
60.265408 -27.808830
60.262810 -27.807480
60.260204 -27.806135
60.257591 -27.804796
60.254971 -27.803463
60.252342 -27.802135
60.249706 -27.800814
60.247063 -27.799498
60.244411 -27.798187
60.241756 -27.796883
60.239098 -27.795584
60.236435 -27.794292
60.233768 -27.793009
60.231098 -27.791733
60.228424 -27.790464
60.225746 -27.789204
60.223064 -27.787951
60.220379 -27.786705
60.217690 -27.785467
60.214989 -27.784237
60.212276 -27.783014
60.209553 -27.781799
60.206818 -27.780592
60.204075 -27.779392
60.201324 -27.778196
60.198566 -27.777004
60.195801 -27.775818
60.193027 -27.774637
60.190247 -27.773462
60.187458 -27.772293
60.184662 -27.771130
60.181858 -27.769972
60.179047 -27.768820
60.176228 -27.767673
60.173401 -27.766533
60.170567 -27.765398
60.167725 -27.764269
60.164879 -27.763145
60.162029 -27.762028
60.159176 -27.760916
60.156319 -27.759809
60.153458 -27.758709
60.150593 -27.757614
60.147724 -27.756527
60.144852 -27.755447
60.141975 -27.754375
60.139088 -27.753311
60.136189 -27.752254
60.133278 -27.751205
60.130356 -27.750164
60.127426 -27.749130
60.124489 -27.748104
60.121544 -27.747086
60.118591 -27.746075
60.115631 -27.745071
60.112663 -27.744076
60.109688 -27.743088
60.106705 -27.742107
60.103714 -27.741131
60.100716 -27.740158
60.097710 -27.739189
60.094696 -27.738224
60.091675 -27.737265
60.088650 -27.736311
60.085621 -27.735363
60.082588 -27.734421
60.079552 -27.733484
60.076511 -27.732553
60.073467 -27.731628
60.070419 -27.730709
60.067368 -27.729795
60.064312 -27.728888
60.061245 -27.727985
60.058167 -27.727089
60.055077 -27.726198
60.051979 -27.725313
60.048874 -27.724434
60.045761 -27.723560
60.042641 -27.722692
60.039513 -27.721830
60.036377 -27.720974
60.033234 -27.720123
60.030083 -27.719278
60.026924 -27.718441
60.023758 -27.717611
60.020584 -27.716789
60.017403 -27.715975
60.014217 -27.715168
60.011028 -27.714369
60.007835 -27.713577
60.004639 -27.712793
60.001438 -27.712017
59.998234 -27.711248
59.995026 -27.710487
59.991814 -27.709734
59.988598 -27.708988
59.985371 -27.708250
59.982132 -27.707520
59.978882 -27.706797
59.975624 -27.706081
59.972359 -27.705374
59.969086 -27.704674
59.965805 -27.703981
59.962517 -27.703293
59.959221 -27.702608
59.955917 -27.701927
59.952606 -27.701250
59.949287 -27.700577
59.945961 -27.699907
59.942627 -27.699244
59.939285 -27.698586
59.935940 -27.697933
59.932590 -27.697287
59.929237 -27.696646
59.925880 -27.696011
59.922520 -27.695381
59.919155 -27.694757
59.915787 -27.694139
59.912415 -27.693527
59.909031 -27.692921
59.905636 -27.692320
59.902229 -27.691725
59.898815 -27.691135
59.895393 -27.690552
59.891964 -27.689974
59.888527 -27.689402
59.885082 -27.688835
59.881630 -27.688274
59.878170 -27.687719
59.874702 -27.687170
59.871227 -27.686626
59.867744 -27.686089
59.864254 -27.685556
59.860760 -27.685030
59.857262 -27.684509
59.853760 -27.683994
59.850254 -27.683485
59.846745 -27.682981
59.843231 -27.682484
59.839714 -27.681992
59.836193 -27.681505
59.832661 -27.681025
59.829117 -27.680552
59.825562 -27.680086
59.821999 -27.679628
59.818428 -27.679178
59.814850 -27.678736
59.811264 -27.678301
59.807671 -27.677874
59.804070 -27.677454
59.800461 -27.677042
59.796844 -27.676638
59.793221 -27.676241
59.789589 -27.675852
59.785950 -27.675470
59.782307 -27.675097
59.778660 -27.674730
59.775009 -27.674372
59.771355 -27.674021
59.767696 -27.673677
59.764034 -27.673342
59.760368 -27.673014
59.756691 -27.672693
59.753002 -27.672380
59.749302 -27.672075
59.745594 -27.671778
59.741879 -27.671488
59.738155 -27.671206
59.734425 -27.670931
59.730686 -27.670664
59.726940 -27.670404
59.723186 -27.670153
59.719425 -27.669909
59.715656 -27.669672
59.711880 -27.669443
59.708099 -27.669222
59.704315 -27.669008
59.700527 -27.668802
59.696735 -27.668604
59.692940 -27.668413
59.689140 -27.668230
59.685337 -27.668055
59.681530 -27.667887
59.677711 -27.667727
59.673882 -27.667574
59.670044 -27.667429
59.666199 -27.667292
59.662346 -27.667162
59.658485 -27.667040
59.654617 -27.666925
59.650742 -27.666819
59.646858 -27.666719
59.642967 -27.666628
59.639069 -27.666544
59.635162 -27.666468
59.631252 -27.666399
59.627338 -27.666338
59.623421 -27.666285
59.619499 -27.666239
59.615574 -27.666201
59.611645 -27.666170
59.607712 -27.666147
59.603767 -27.666132
59.599812 -27.666124
59.595844 -27.666124
59.591869 -27.666132
59.587887 -27.666147
59.583897 -27.666170
59.579899 -27.666201
59.575893 -27.666239
59.571880 -27.666285
59.567860 -27.666338
59.563831 -27.666399
59.559795 -27.666468
59.555756 -27.666544
59.551712 -27.666628
59.547665 -27.666719
59.543613 -27.666819
59.539558 -27.666925
59.535500 -27.667040
59.531437 -27.667162
59.527363 -27.667292
59.523277 -27.667429
59.519180 -27.667574
59.515076 -27.667727
59.510963 -27.667887
59.506844 -27.668055
59.502716 -27.668230
59.498581 -27.668413
59.494438 -27.668604
59.490288 -27.668802
59.486130 -27.669008
59.481964 -27.669222
59.477795 -27.669443
59.473621 -27.669672
59.469444 -27.669909
59.465263 -27.670153
59.461079 -27.670404
59.456890 -27.670664
59.452698 -27.670931
59.448494 -27.671206
59.444279 -27.671488
59.440056 -27.671778
59.435825 -27.672075
59.431587 -27.672380
59.427341 -27.672693
59.423088 -27.673014
59.418827 -27.673342
59.414558 -27.673677
59.410282 -27.674021
59.405998 -27.674372
59.401711 -27.674730
59.397419 -27.675097
59.393124 -27.675470
59.388824 -27.675852
59.384521 -27.676241
59.380215 -27.676638
59.375904 -27.677042
59.371582 -27.677454
59.367249 -27.677874
59.362907 -27.678301
59.358559 -27.678736
59.354202 -27.679178
59.349838 -27.679628
59.345467 -27.680086
59.341087 -27.680552
59.336700 -27.681023
59.332306 -27.681499
59.327904 -27.681982
59.323498 -27.682470
59.319088 -27.682964
59.314674 -27.683464
59.310257 -27.683969
59.305836 -27.684481
59.301411 -27.684998
59.296974 -27.685520
59.292526 -27.686049
59.288071 -27.686583
59.283607 -27.687122
59.279137 -27.687668
59.274658 -27.688219
59.270172 -27.688776
59.265678 -27.689339
59.261177 -27.689907
59.256668 -27.690481
59.252151 -27.691061
59.247631 -27.691647
59.243107 -27.692238
59.238579 -27.692835
59.234047 -27.693438
59.229511 -27.694046
59.224972 -27.694660
59.220421 -27.695280
59.215858 -27.695906
59.211288 -27.696537
59.206711 -27.697174
59.202126 -27.697817
59.197533 -27.698465
59.192932 -27.699120
59.188324 -27.699778
59.183708 -27.700439
59.179085 -27.701105
59.174458 -27.701775
59.169827 -27.702448
59.165192 -27.703125
59.160553 -27.703806
59.155910 -27.704491
59.151264 -27.705183
59.146614 -27.705883
59.141953 -27.706591
59.137280 -27.707306
59.132599 -27.708029
59.127911 -27.708759
59.123215 -27.709497
59.118511 -27.710243
59.113800 -27.710997
59.109081 -27.711758
59.104355 -27.712526
59.099621 -27.713303
59.094883 -27.714087
59.090141 -27.714878
59.085396 -27.715677
59.080647 -27.716484
59.075893 -27.717299
59.071136 -27.718121
59.066368 -27.718948
59.061588 -27.719782
59.056801 -27.720621
59.052006 -27.721466
59.047203 -27.722317
59.042393 -27.723173
59.037575 -27.724035
59.032749 -27.724903
59.027916 -27.725777
59.023075 -27.726656
59.018230 -27.727541
59.013382 -27.728432
59.008530 -27.729328
59.003674 -27.730230
58.998814 -27.731138
58.993950 -27.732052
58.989075 -27.732971
58.984192 -27.733896
58.979301 -27.734827
58.974403 -27.735764
58.969498 -27.736706
58.964584 -27.737654
58.959663 -27.738605
58.954735 -27.739561
58.949799 -27.740520
58.944859 -27.741484
58.939915 -27.742451
58.934967 -27.743425
58.930016 -27.744408
58.925060 -27.745398
58.920101 -27.746395
58.915131 -27.747400
58.910149 -27.748413
58.905159 -27.749434
58.900162 -27.750462
58.895157 -27.751497
58.890144 -27.752541
58.885124 -27.753592
58.880096 -27.754650
58.875061 -27.755716
58.870022 -27.756790
58.864979 -27.757870
58.859932 -27.758955
58.854881 -27.760046
58.849827 -27.761143
58.844769 -27.762245
58.839699 -27.763353
58.834618 -27.764467
58.829529 -27.765587
58.824432 -27.766712
58.819328 -27.767843
58.814217 -27.768980
58.809097 -27.770123
58.803970 -27.771271
58.798836 -27.772425
58.793697 -27.773584
58.788555 -27.774750
58.783409 -27.775921
58.778259 -27.777096
58.773106 -27.778275
58.767948 -27.779457
58.762779 -27.780643
58.757599 -27.781837
58.752411 -27.783039
58.747215 -27.784248
58.742012 -27.785465
58.736801 -27.786690
58.731583 -27.787922
58.726357 -27.789162
58.721123 -27.790409
58.715885 -27.791664
58.710644 -27.792927
58.705399 -27.794197
58.700150 -27.795473
58.694897 -27.796755
58.689640 -27.798042
58.684372 -27.799335
58.679096 -27.800634
58.673813 -27.801939
58.668522 -27.803249
58.663223 -27.804565
58.657917 -27.805887
58.652603 -27.807215
58.647282 -27.808548
58.641953 -27.809887
58.636620 -27.811232
58.631283 -27.812582
58.625942 -27.813938
58.620598 -27.815298
58.615250 -27.816662
58.609890 -27.818029
58.604519 -27.819401
58.599140 -27.820780
58.593754 -27.822166
58.588360 -27.823561
58.582958 -27.824963
58.577549 -27.826372
58.572132 -27.827789
58.566708 -27.829214
58.561279 -27.830647
58.555847 -27.832087
58.550411 -27.833532
58.544971 -27.834984
58.539528 -27.836441
58.534081 -27.837904
58.528622 -27.839373
58.523155 -27.840847
58.517681 -27.842327
58.512199 -27.843813
58.506710 -27.845304
58.501213 -27.846802
58.495708 -27.848305
58.490196 -27.849813
58.484680 -27.851328
58.479160 -27.852846
58.473637 -27.854368
58.468109 -27.855894
58.462578 -27.857424
58.457035 -27.858961
58.451481 -27.860506
58.445919 -27.862059
58.440350 -27.863619
58.434772 -27.865187
58.429188 -27.866762
58.423595 -27.868345
58.417995 -27.869936
58.412392 -27.871532
58.406784 -27.873135
58.401173 -27.874743
58.395557 -27.876356
58.389938 -27.877975
58.384315 -27.879601
58.378681 -27.881231
58.373039 -27.882868
58.367390 -27.884510
58.361732 -27.886158
58.356068 -27.887812
58.350395 -27.889471
58.344715 -27.891134
58.339027 -27.892801
58.333336 -27.894472
58.327641 -27.896147
58.321941 -27.897829
58.316238 -27.899519
58.310532 -27.901217
58.304821 -27.902922
58.299099 -27.904634
58.293369 -27.906355
58.287632 -27.908083
58.281887 -27.909817
58.276134 -27.911556
58.270374 -27.913301
58.264606 -27.915052
58.258835 -27.916809
58.253059 -27.918571
58.247280 -27.920340
58.241497 -27.922113
58.235710 -27.923893
58.229919 -27.925678
58.224117 -27.927469
58.218307 -27.929264
58.212490 -27.931063
58.206665 -27.932865
58.200832 -27.934671
58.194992 -27.936485
58.189144 -27.938307
58.183292 -27.940136
58.177437 -27.941973
58.171577 -27.943817
58.165714 -27.945669
58.159847 -27.947529
58.153976 -27.949394
58.148094 -27.951265
58.142204 -27.953142
58.136307 -27.955025
58.130402 -27.956913
58.124489 -27.958807
58.118568 -27.960707
58.112640 -27.962612
58.106709 -27.964523
58.100773 -27.966440
58.094833 -27.968361
58.088890 -27.970285
58.082943 -27.972214
58.076992 -27.974150
58.071030 -27.976093
58.065060 -27.978045
58.059082 -27.980003
58.053097 -27.981970
58.047104 -27.983944
58.041103 -27.985924
58.035095 -27.987909
58.029083 -27.989901
58.023067 -27.991898
58.017048 -27.993900
58.011024 -27.995909
58.004997 -27.997923
57.998966 -27.999943
57.992924 -28.001968
57.986874 -28.004000
57.980816 -28.006035
57.974751 -28.008074
57.968678 -28.010117
57.962597 -28.012167
57.956509 -28.014225
57.950417 -28.016291
57.944321 -28.018364
57.938221 -28.020445
57.932117 -28.022533
57.926010 -28.024628
57.919891 -28.026728
57.913765 -28.028833
57.907631 -28.030945
57.901489 -28.033062
57.895340 -28.035185
57.889183 -28.037313
57.883018 -28.039448
57.876850 -28.041588
57.870678 -28.043732
57.864502 -28.045879
57.858322 -28.048031
57.852139 -28.050190
57.845951 -28.052357
57.839756 -28.054531
57.833553 -28.056713
57.827343 -28.058903
57.821125 -28.061100
57.814899 -28.063303
57.808666 -28.065512
57.802425 -28.067726
57.796181 -28.069946
57.789932 -28.072172
57.783680 -28.074404
57.777424 -28.076641
57.771164 -28.078884
57.764893 -28.081131
57.758614 -28.083382
57.752327 -28.085636
57.746033 -28.087894
57.739731 -28.090160
57.733421 -28.092434
57.727104 -28.094715
57.720783 -28.097004
57.714458 -28.099300
57.708130 -28.101603
57.701797 -28.103910
57.695461 -28.106224
57.689114 -28.108543
57.682758 -28.110868
57.676395 -28.113199
57.670025 -28.115536
57.663647 -28.117878
57.657261 -28.120224
57.650867 -28.122574
57.644470 -28.124928
57.638069 -28.127289
57.631664 -28.129658
57.625256 -28.132034
57.618843 -28.134418
57.612419 -28.136810
57.605988 -28.139208
57.599548 -28.141611
57.593102 -28.144020
57.586647 -28.146435
57.580185 -28.148855
57.573715 -28.151281
57.567242 -28.153713
57.560764 -28.156151
57.554283 -28.158592
57.547798 -28.161037
57.541309 -28.163486
57.534813 -28.165943
57.528309 -28.168407
57.521797 -28.170879
57.515278 -28.173359
0.000000 -0.000000
0.500000 -0.288675
1.000000 -0.577350
1.500000 -0.866025
2.000000 -1.154701
2.500000 -1.443376
3.000000 -1.732051
3.500000 -2.020726
4.000000 -2.309401
4.500000 -2.598076
5.000000 -2.886751
5.500000 -3.175427
6.000000 -3.464102
6.500000 -3.752777
7.000000 -4.041452
7.500000 -4.330127
8.000000 -4.618802
8.500000 -4.907477
9.000000 -5.196153
9.500000 -5.484828
10.000000 -5.773503
10.500000 -6.062178
11.000000 -6.350853
11.500000 -6.639528
12.000000 -6.928203
12.500000 -7.216879
13.000000 -7.505554
13.500000 -7.794229
14.000000 -8.082904
14.500000 -8.371579
15.000000 -8.660254
15.500000 -8.948929
16.000000 -9.237605
16.500000 -9.526280
17.000000 -9.814955
17.500000 -10.103630
18.000000 -10.392305
18.500000 -10.680980
19.000000 -10.969655
19.500000 -11.258331
20.000000 -11.547006
20.500000 -11.835681
21.000000 -12.124356
21.500000 -12.413031
22.000000 -12.701706
22.500000 -12.990381
23.000000 -13.279057
23.500000 -13.567732
24.000000 -13.856407
24.500000 -14.145082
25.000000 -14.433757
25.500000 -14.722432
26.000000 -15.011108
26.500000 -15.299783
27.000000 -15.588458
27.500000 -15.877133
28.000000 -16.165808
28.500000 -16.454483
29.000000 -16.743158
29.500000 -17.031834
30.000000 -17.320509
30.500000 -17.609184
31.000000 -17.897859
31.500000 -18.186534
32.000000 -18.475209
32.500000 -18.763884
33.000000 -19.052560
33.500000 -19.341235
34.000000 -19.629910
34.500000 -19.918585
35.000000 -20.207260
35.500000 -20.495935
36.000000 -20.784610
36.500000 -21.073286
37.000000 -21.361961
37.500000 -21.650636
38.000000 -21.939311
38.500000 -22.227986
39.000000 -22.516661
39.500000 -22.805336
40.000000 -23.094012
40.500000 -23.382687
41.000000 -23.671362
41.500000 -23.960037
42.000000 -24.248712
42.500000 -24.537387
43.000000 -24.826062
43.500000 -25.114738
44.000000 -25.403413
44.500000 -25.692088
45.000000 -25.980763
45.500000 -26.269438
46.000000 -26.558113
46.500000 -26.846788
47.000000 -27.135464
47.500000 -27.424139
48.000000 -27.712814
48.500000 -28.001489
49.000000 -28.290164
49.500000 -28.578839
50.000000 -28.867514
50.500000 -29.156190
51.000000 -29.444865
51.500000 -29.733540
52.000000 -30.022215
52.500000 -30.310890
53.000000 -30.599565
53.500000 -30.888240
54.000000 -31.176916
54.500000 -31.465591
55.000000 -31.754266
55.500000 -32.042941
56.000000 -32.331616
56.500000 -32.620291
57.000000 -32.908966
57.500000 -33.197642
