100.000000 0.000000
100.000000 0.050000
99.999969 0.099999
99.999908 0.149997
99.999817 0.199994
99.999695 0.249990
99.999542 0.299985
99.999359 0.349978
99.999146 0.399971
99.998901 0.449962
99.998627 0.499953
99.998322 0.549942
99.997986 0.599930
99.997620 0.649917
99.997223 0.699903
99.996796 0.749887
99.996338 0.799871
99.995850 0.849853
99.995331 0.899833
99.994781 0.949813
99.994202 0.999791
99.993591 1.049768
99.992950 1.099744
99.992279 1.149719
99.991577 1.199692
99.990845 1.249663
99.990082 1.299634
99.989288 1.349603
99.988464 1.399571
99.987610 1.449537
99.986725 1.499502
99.985809 1.549466
99.984863 1.599428
99.983887 1.649388
99.982880 1.699347
99.981842 1.749305
99.980774 1.799262
99.979675 1.849216
99.978546 1.899170
99.977386 1.949121
99.976196 1.999071
99.974976 2.049020
99.973724 2.098967
99.972443 2.148912
99.971130 2.198855
99.969788 2.248797
99.968414 2.298737
99.967010 2.348675
99.965576 2.398612
99.964111 2.448547
99.962616 2.498481
99.961090 2.548413
99.959534 2.598343
99.957947 2.648271
99.956329 2.698198
99.954681 2.748123
99.953003 2.798046
99.951294 2.847968
99.949554 2.897888
99.947784 2.947806
99.945984 2.997722
99.944153 3.047636
99.942291 3.097548
99.940399 3.147459
99.938477 3.197367
99.936523 3.247273
99.934540 3.297178
99.932526 3.347081
99.930481 3.396981
99.928406 3.446880
99.926300 3.496777
99.924164 3.546672
99.921997 3.596565
99.919800 3.646457
99.917572 3.696346
99.915314 3.746233
99.913025 3.796119
99.910706 3.846002
99.908356 3.895883
99.905975 3.945762
99.903564 3.995638
99.901123 4.045513
99.898651 4.095386
99.896149 4.145257
99.893616 4.195126
99.891052 4.244992
99.888458 4.294856
99.885834 4.344717
99.883179 4.394576
99.880493 4.444433
99.877777 4.494287
99.875031 4.544139
99.872253 4.593988
99.869446 4.643836
99.866608 4.693680
99.863739 4.743523
99.860840 4.793363
99.857910 4.843200
99.854950 4.893035
99.851959 4.942868
99.848938 4.992699
99.845886 5.042527
99.842804 5.092352
99.839691 5.142176
99.836548 5.191997
99.833374 5.241815
99.830170 5.291631
99.826935 5.341445
99.823669 5.391256
99.820374 5.441065
99.817047 5.490872
99.813690 5.540676
99.810303 5.590478
99.806885 5.640277
99.803436 5.690074
99.799957 5.739869
99.796448 5.789661
99.792908 5.839451
99.789337 5.889239
99.785736 5.939023
99.782104 5.988805
99.778442 6.038584
99.774750 6.088360
99.771027 6.138134
99.767273 6.187904
99.763489 6.237671
99.759674 6.287436
99.755829 6.337198
99.751953 6.386957
99.748047 6.436713
99.744110 6.486466
99.740143 6.536216
99.736145 6.585964
99.732117 6.635708
99.728058 6.685450
99.723969 6.735189
99.719849 6.784925
99.715698 6.834658
99.711517 6.884388
99.707306 6.934116
99.703064 6.983840
99.698792 7.033562
99.694489 7.083281
99.690155 7.132997
99.685791 7.182710
99.681396 7.232420
99.676971 7.282128
99.672516 7.331832
99.668030 7.381534
99.663513 7.431233
99.658966 7.480929
99.654388 7.530622
99.649780 7.580312
99.645142 7.629999
99.640472 7.679683
99.635773 7.729363
99.631042 7.779040
99.626282 7.828713
99.621490 7.878384
99.616669 7.928051
99.611816 7.977714
99.606934 8.027374
99.602020 8.077031
99.597076 8.126685
99.592102 8.176336
99.587097 8.225985
99.582062 8.275630
99.576996 8.325273
99.571899 8.374912
99.566772 8.424549
99.561615 8.474183
99.556427 8.523813
99.551208 8.573440
99.545959 8.623062
99.540680 8.672681
99.535370 8.722296
99.530029 8.771907
99.524658 8.821514
99.519257 8.871118
99.513824 8.920717
99.508362 8.970313
99.502869 9.019905
99.497345 9.069493
99.491791 9.119078
99.486206 9.168658
99.480591 9.218235
99.474945 9.267808
99.469269 9.317377
99.463562 9.366942
99.457825 9.416504
99.452057 9.466062
99.446259 9.515615
99.440430 9.565166
99.434570 9.614712
99.428680 9.664254
99.422760 9.713793
99.416809 9.763328
99.410828 9.812859
99.404816 9.862386
99.398773 9.911909
99.392700 9.961429
99.386597 10.010944
99.380463 10.060456
99.374298 10.109964
99.368103 10.159469
99.361877 10.208969
99.355621 10.258466
99.349335 10.307959
99.343018 10.357448
99.336670 10.406933
99.330292 10.456414
99.323883 10.505892
99.317444 10.555366
99.310974 10.604836
99.304474 10.654302
99.297943 10.703764
99.291382 10.753222
99.284790 10.802677
99.278168 10.852128
99.271515 10.901575
99.264832 10.951018
99.258118 11.000458
99.251373 11.049893
99.244598 11.099325
99.237793 11.148753
99.230957 11.198177
99.224091 11.247598
99.217194 11.297014
99.210266 11.346427
99.203308 11.395836
99.196320 11.445241
99.189301 11.494642
99.182251 11.544040
99.175171 11.593433
99.168060 11.642823
99.160919 11.692209
99.153748 11.741591
99.146545 11.790970
99.139313 11.840344
99.132050 11.889715
99.124756 11.939081
99.117432 11.988442
99.110077 12.037799
99.102692 12.087151
99.095276 12.136497
99.087830 12.185840
99.080353 12.235177
99.072845 12.284510
99.065308 12.333838
99.057739 12.383161
99.050140 12.432479
99.042511 12.481792
99.034851 12.531101
99.027161 12.580405
99.019440 12.629704
99.011688 12.678999
99.003906 12.728289
98.996094 12.777574
98.988251 12.826854
98.980377 12.876129
98.972473 12.925400
98.964539 12.974666
98.956573 13.023927
98.948578 13.073183
98.940552 13.122435
98.932495 13.171681
98.924408 13.220923
98.916290 13.270161
98.908142 13.319393
98.899963 13.368621
98.891754 13.417844
98.883514 13.467062
98.875244 13.516275
98.866943 13.565484
98.858612 13.614688
98.850250 13.663887
98.841858 13.713081
98.833435 13.762271
98.824982 13.811456
98.816498 13.860636
98.807983 13.909811
98.799438 13.958982
98.790863 14.008147
98.782257 14.057308
98.773621 14.106464
98.764954 14.155616
98.756256 14.204762
98.747528 14.253904
98.738770 14.303041
98.729980 14.352174
98.721161 14.401301
98.712311 14.450424
98.703430 14.499542
98.694519 14.548656
98.685577 14.597764
98.676605 14.646868
98.667603 14.695967
98.658569 14.745061
98.649506 14.794150
98.640411 14.843235
98.631287 14.892315
98.622131 14.941390
98.612946 14.990460
98.603729 15.039526
98.594482 15.088587
98.585205 15.137643
98.575897 15.186694
98.566559 15.235741
98.557190 15.284782
98.547791 15.333818
98.538361 15.382849
98.528900 15.431873
98.519409 15.480892
98.509888 15.529905
98.500336 15.578913
98.490753 15.627914
98.481140 15.676910
98.471497 15.725901
98.461823 15.774885
98.452118 15.823864
98.442383 15.872837
98.432617 15.921804
98.422821 15.970766
98.412994 16.019722
98.403137 16.068672
98.393250 16.117617
98.383331 16.166555
98.373383 16.215488
98.363403 16.264416
98.353394 16.313337
98.343353 16.362253
98.333282 16.411163
98.323181 16.460068
98.313049 16.508966
98.302887 16.557859
98.292694 16.606747
98.282471 16.655628
98.272217 16.704504
98.261932 16.753374
98.251617 16.802238
98.241272 16.851097
98.230896 16.899950
98.220490 16.948797
98.210052 16.997639
98.199585 17.046474
98.189087 17.095304
98.178558 17.144129
98.167999 17.192947
98.157410 17.241760
98.146790 17.290567
98.136139 17.339369
98.125458 17.388165
98.114746 17.436954
98.104004 17.485739
98.093231 17.534517
98.082428 17.583290
98.071594 17.632057
98.060730 17.680819
98.049835 17.729574
98.038910 17.778324
98.027954 17.827068
98.016968 17.875807
98.005951 17.924540
97.994904 17.973267
97.983826 18.021988
97.972717 18.070704
97.961578 18.119413
97.950409 18.168118
97.939209 18.216816
97.927979 18.265509
97.916718 18.314196
97.905426 18.362877
97.894104 18.411552
97.882751 18.460222
97.871368 18.508886
97.859955 18.557545
97.848511 18.606197
97.837036 18.654844
97.825531 18.703485
97.813995 18.752121
97.802429 18.800751
97.790833 18.849375
97.779205 18.897993
97.767548 18.946606
97.755859 18.995213
97.744141 19.043814
97.732391 19.092409
97.720612 19.140999
97.708801 19.189583
97.696960 19.238161
97.685089 19.286734
97.673187 19.335300
97.661255 19.383862
97.649292 19.432417
97.637299 19.480967
97.625275 19.529510
97.613220 19.578049
97.601135 19.626581
97.589020 19.675108
97.576874 19.723629
97.564697 19.772144
97.552490 19.820654
97.540253 19.869158
97.527985 19.917656
97.515686 19.966148
97.503357 20.014635
97.490997 20.063116
97.478607 20.111591
97.466187 20.160061
97.453735 20.208525
97.441254 20.256983
97.428741 20.305435
97.416199 20.353882
97.403625 20.402321
97.391022 20.450752
97.378387 20.499176
97.365723 20.547592
97.353027 20.596001
97.340302 20.644402
97.327545 20.692795
97.314758 20.741180
97.301941 20.789558
97.289093 20.837929
97.276215 20.886292
97.263306 20.934647
97.250366 20.982994
97.237396 21.031334
97.224396 21.079666
97.211365 21.127991
97.198303 21.176308
97.185211 21.224617
97.172089 21.272919
97.158936 21.321213
97.145752 21.369499
97.132538 21.417778
97.119293 21.466049
97.106018 21.514313
97.092712 21.562569
97.079376 21.610817
97.066010 21.659058
97.052612 21.707291
97.039185 21.755516
97.025726 21.803734
97.012238 21.851944
96.998718 21.900146
96.985168 21.948341
96.971588 21.996529
96.957977 22.044708
96.944336 22.092880
96.930664 22.141045
96.916962 22.189201
96.903229 22.237350
96.889465 22.285492
96.875671 22.333626
96.861847 22.381752
96.847992 22.429871
96.834106 22.477982
96.820190 22.526085
96.806244 22.574181
96.792267 22.622269
96.778259 22.670349
96.764221 22.718422
96.750153 22.766487
96.736053 22.814545
96.721924 22.862595
96.707764 22.910637
96.693573 22.958672
96.679352 23.006699
96.665100 23.054718
96.650818 23.102730
96.636505 23.150734
96.622162 23.198730
96.607788 23.246719
96.593384 23.294701
96.578949 23.342674
96.564484 23.390640
96.549988 23.438599
96.535461 23.486549
96.520905 23.534492
96.506317 23.582428
96.491699 23.630356
96.477051 23.678276
96.462372 23.726189
96.447662 23.774094
96.432922 23.821991
96.418152 23.869881
96.403351 23.917763
96.388519 23.965637
96.373657 24.013504
96.358765 24.061363
96.343842 24.109215
96.328888 24.157059
96.313904 24.204895
96.298889 24.252724
96.283844 24.300545
96.268768 24.348358
96.253662 24.396164
96.238525 24.443962
96.223358 24.491753
96.208160 24.539536
96.192932 24.587311
96.177673 24.635078
96.162384 24.682838
96.147064 24.730591
96.131714 24.778336
96.116333 24.826073
96.100922 24.873802
96.085480 24.921524
96.070007 24.969238
96.054504 25.016945
96.038971 25.064644
96.023407 25.112335
96.007812 25.160019
95.992188 25.207695
95.976532 25.255363
95.960846 25.303024
95.945129 25.350677
95.929382 25.398323
95.913605 25.445961
95.897797 25.493591
95.881958 25.541214
95.866089 25.588829
95.850189 25.636436
95.834259 25.684036
95.818298 25.731628
95.802307 25.779213
95.786285 25.826790
95.770233 25.874359
95.754150 25.921921
95.738037 25.969475
95.721893 26.017021
95.705719 26.064560
95.689514 26.112091
95.673279 26.159615
95.657013 26.207130
95.640717 26.254639
95.624390 26.302139
95.608032 26.349632
95.591644 26.397118
95.575226 26.444595
95.558777 26.492065
95.542297 26.539528
95.525787 26.586983
95.509247 26.634430
95.492676 26.681870
95.476074 26.729301
95.459442 26.776726
95.442780 26.824142
95.426086 26.871552
95.409363 26.918953
95.392609 26.966345
95.375824 27.013727
95.359009 27.061100
95.342163 27.108463
95.325287 27.155817
95.308380 27.203161
95.291443 27.250496
95.274475 27.297821
95.257477 27.345137
95.240448 27.392443
95.223389 27.439739
95.206299 27.487026
95.189178 27.534304
95.172035 27.581572
95.154869 27.628830
95.137680 27.676079
95.120468 27.723318
95.103233 27.770548
95.085976 27.817768
95.068695 27.864979
95.051392 27.912180
95.034065 27.959372
95.016716 28.006554
94.999344 28.053726
94.981949 28.100889
94.964531 28.148043
94.947090 28.195187
94.929626 28.242321
94.912140 28.289446
94.894630 28.336561
94.877098 28.383667
94.859543 28.430763
94.841965 28.477850
94.824364 28.524927
94.806740 28.571995
94.789093 28.619053
94.771423 28.666101
94.753731 28.713140
94.736015 28.760170
94.718277 28.807190
94.700516 28.854200
94.682732 28.901201
94.664925 28.948193
94.647095 28.995174
94.629242 29.042147
94.611366 29.089109
94.593468 29.136063
94.575546 29.183006
94.557602 29.229940
94.539635 29.276865
94.521645 29.323780
94.503632 29.370686
94.485596 29.417582
94.467537 29.464468
94.449455 29.511345
94.431351 29.558212
94.413223 29.605070
94.395073 29.651918
94.376900 29.698757
94.358704 29.745586
94.340485 29.792406
94.322243 29.839216
94.303978 29.886017
94.285690 29.932808
94.267380 29.979589
94.249046 30.026361
94.230690 30.073124
94.212311 30.119877
94.193909 30.166620
94.175484 30.213354
94.157036 30.260078
94.138565 30.306793
94.120071 30.353498
94.101555 30.400194
94.083015 30.446880
94.064453 30.493557
94.045868 30.540224
94.027260 30.586882
94.008629 30.633530
93.989975 30.680168
93.971298 30.726797
93.952599 30.773417
93.933876 30.820026
93.915131 30.866627
93.896362 30.913218
93.877571 30.959799
93.858757 31.006371
93.839920 31.052933
93.821060 31.099485
93.802177 31.146029
93.783272 31.192562
93.764343 31.239086
93.745392 31.285601
93.726418 31.332106
93.707420 31.378601
93.688400 31.425087
93.669357 31.471563
93.650291 31.518030
93.631203 31.564487
93.612091 31.610935
93.592957 31.657373
93.573799 31.703802
93.554619 31.750221
93.535416 31.796631
93.516190 31.843031
93.496941 31.889421
93.477669 31.935802
93.458374 31.982174
93.439056 32.028534
93.419716 32.074883
93.400352 32.121220
93.380966 32.167545
93.361557 32.213860
93.342125 32.260162
93.322670 32.306454
93.303192 32.352734
93.283691 32.399002
93.264168 32.445259
93.244621 32.491505
93.225052 32.537739
93.205460 32.583961
93.185844 32.630173
93.166206 32.676373
93.146545 32.722561
93.126862 32.768738
93.107155 32.814903
93.087425 32.861057
93.067673 32.907200
93.047897 32.953331
93.028099 32.999451
93.008278 33.045559
92.988434 33.091656
92.968567 33.137741
92.948677 33.183815
92.928764 33.229877
92.908829 33.275928
92.888870 33.321968
92.868889 33.367996
92.848885 33.414013
92.828857 33.460018
92.808807 33.506012
92.788734 33.551994
92.768639 33.597965
92.748520 33.643925
92.728378 33.689873
92.708214 33.735809
92.688026 33.781734
92.667816 33.827648
92.647583 33.873550
92.627327 33.919441
92.607048 33.965321
92.586746 34.011189
92.566422 34.057045
92.546074 34.102890
92.525703 34.148724
92.505310 34.194546
92.484894 34.240356
92.464455 34.286156
92.443993 34.331944
92.423508 34.377720
92.403000 34.423485
92.382469 34.469238
92.361916 34.514980
92.341339 34.560711
92.320740 34.606430
92.300117 34.652138
92.279472 34.697834
92.258804 34.743519
92.238113 34.789192
92.217400 34.834854
92.196663 34.880505
92.175903 34.926144
92.155121 34.971771
92.134315 35.017387
92.113487 35.062992
92.092636 35.108585
92.071762 35.154167
92.050865 35.199738
92.029945 35.245296
92.009003 35.290844
91.988037 35.336380
91.967049 35.381905
91.946037 35.427418
91.925003 35.472919
91.903946 35.518410
91.882866 35.563889
91.861763 35.609356
91.840637 35.654812
91.819489 35.700256
91.798317 35.745689
91.777122 35.791111
91.755905 35.836521
91.734665 35.881920
91.713402 35.927307
91.692116 35.972683
91.670807 36.018047
91.649475 36.063400
91.628120 36.108742
91.606743 36.154072
91.585342 36.199390
91.563919 36.244698
91.542473 36.289993
91.521004 36.335278
91.499512 36.380550
91.477997 36.425812
91.456459 36.471062
91.434898 36.516300
91.413315 36.561527
91.391708 36.606743
91.370079 36.651947
91.348427 36.697140
91.326752 36.742321
91.305054 36.787491
91.283333 36.832649
91.261589 36.877796
91.239822 36.922932
91.218033 36.968056
91.196220 37.013168
91.174385 37.058270
91.152527 37.103359
91.130646 37.148438
91.108742 37.193504
91.086815 37.238560
91.064865 37.283604
91.042892 37.328636
91.020897 37.373657
90.998878 37.418667
90.976837 37.463665
90.954773 37.508652
90.932686 37.553627
90.910576 37.598591
90.888443 37.643543
90.866287 37.688484
90.844109 37.733414
90.821907 37.778332
90.799683 37.823238
90.777435 37.868134
90.755165 37.913017
90.732872 37.957890
90.710556 38.002750
90.688217 38.047600
90.665855 38.092438
90.643471 38.137264
90.621063 38.182079
90.598633 38.226883
90.576180 38.271675
90.553703 38.316456
90.531204 38.361225
90.508682 38.405983
90.486137 38.450729
90.463570 38.495464
90.440979 38.540188
90.418365 38.584900
90.395729 38.629601
90.373070 38.674290
90.350388 38.718967
90.327682 38.763634
90.304955 38.808289
90.282204 38.852932
90.259430 38.897564
90.236633 38.942184
90.213814 38.986794
90.190971 39.031391
90.168106 39.075977
90.145218 39.120552
90.122307 39.165115
90.099373 39.209667
90.076416 39.254208
90.053436 39.298737
90.030434 39.343254
90.007408 39.387760
89.984360 39.432255
89.961288 39.476738
89.938194 39.521210
89.915077 39.565670
89.891937 39.610119
89.868774 39.654556
89.845589 39.698982
89.822380 39.743397
89.799149 39.787800
89.775894 39.832191
89.752617 39.876572
89.729317 39.920940
89.705994 39.965298
89.682648 40.009644
89.659279 40.053978
89.635887 40.098301
89.612473 40.142612
89.589035 40.186913
89.565575 40.231201
89.542091 40.275478
89.518585 40.319744
89.495056 40.363998
89.471504 40.408241
89.447929 40.452473
89.424332 40.496693
89.400711 40.540901
89.377068 40.585098
89.353401 40.629284
89.329712 40.673458
89.306000 40.717621
89.282265 40.761772
89.258507 40.805912
89.234726 40.850040
89.210922 40.894157
89.187096 40.938263
89.163246 40.982357
89.139374 41.026440
89.115479 41.070511
89.091560 41.114571
89.067619 41.158619
89.043655 41.202656
89.019669 41.246681
88.995659 41.290695
88.971626 41.334698
88.947571 41.378689
88.923492 41.422668
88.899391 41.466637
88.875267 41.510593
88.851120 41.554539
88.826950 41.598473
88.802757 41.642395
88.778542 41.686306
88.754303 41.730206
88.730042 41.774094
88.705757 41.817970
88.681450 41.861835
88.657120 41.905689
88.632767 41.949532
88.608391 41.993362
88.583992 42.037182
88.559570 42.080990
88.535126 42.124786
88.510658 42.168571
88.486168 42.212345
88.461655 42.256107
88.437119 42.299858
88.412560 42.343597
88.387978 42.387325
88.363373 42.431042
88.338745 42.474747
88.314095 42.518440
88.289421 42.562122
88.264725 42.605793
88.240005 42.649452
88.215263 42.693096
88.190498 42.736725
88.165710 42.780338
88.140900 42.823936
88.116066 42.867519
88.091209 42.911087
88.066330 42.954639
88.041428 42.998177
88.016502 43.041698
87.991554 43.085205
87.966583 43.128696
87.941589 43.172173
87.916573 43.215633
87.891533 43.259079
87.866470 43.302509
87.841385 43.345924
87.816277 43.389324
87.791145 43.432709
87.765991 43.476078
87.740814 43.519432
87.715614 43.562771
87.690392 43.606094
87.665146 43.649403
87.639877 43.692696
87.614586 43.735973
87.589272 43.779236
87.563934 43.822483
87.538574 43.865715
87.513191 43.908932
87.487785 43.952133
87.462357 43.995319
87.436905 44.038490
87.411430 44.081646
87.385933 44.124786
87.360413 44.167912
87.334869 44.211021
87.309303 44.254116
87.283714 44.297195
87.258102 44.340260
87.232468 44.383308
87.206810 44.426342
87.181129 44.469360
87.155426 44.512363
87.129700 44.555351
87.103951 44.598324
87.078178 44.641281
87.052383 44.684223
87.026566 44.727150
87.000725 44.770061
86.974861 44.812958
86.948975 44.855839
86.923065 44.898705
86.897133 44.941555
86.871178 44.984390
86.845200 45.027210
86.819199 45.070015
86.793175 45.112804
86.767128 45.155579
86.741058 45.198338
86.714966 45.241081
86.688850 45.283810
86.662712 45.326523
86.636551 45.369221
86.610367 45.411903
86.584160 45.454571
86.557930 45.497223
86.531677 45.539860
86.505402 45.582481
86.479103 45.625088
86.452782 45.667679
86.426437 45.710255
86.400070 45.752815
86.373680 45.795361
86.347267 45.837891
86.320831 45.880405
86.294373 45.922905
86.267891 45.965389
86.241386 46.007858
86.214859 46.050312
86.188309 46.092751
86.161736 46.135174
86.135139 46.177582
86.108521 46.219975
86.081879 46.262352
86.055214 46.304714
86.028526 46.347061
86.001816 46.389393
85.975082 46.431709
85.948326 46.474010
85.921547 46.516296
85.894745 46.558567
85.867920 46.600822
85.841072 46.643063
85.814201 46.685287
85.787308 46.727497
85.760391 46.769691
85.733452 46.811871
85.706490 46.854034
85.679504 46.896183
85.652496 46.938316
85.625465 46.980434
85.598412 47.022537
85.571335 47.064625
85.544235 47.106697
85.517113 47.148754
85.489967 47.190796
85.462799 47.232822
85.435608 47.274834
85.408394 47.316830
85.381157 47.358810
85.353897 47.400776
85.326614 47.442726
85.299309 47.484661
85.271980 47.526581
85.244629 47.568485
85.217255 47.610374
85.189857 47.652248
85.162437 47.694107
85.134995 47.735950
85.107529 47.777779
85.080040 47.819592
85.052528 47.861389
85.024994 47.903172
84.997437 47.944939
84.969856 47.986691
84.942253 48.028427
84.914627 48.070148
84.886978 48.111855
84.859306 48.153545
84.831612 48.195221
84.803894 48.236881
84.776154 48.278526
84.748390 48.320156
84.720604 48.361771
84.692795 48.403370
84.664963 48.444954
84.637108 48.486523
84.609230 48.528076
84.581329 48.569614
84.553406 48.611137
84.525459 48.652645
84.497490 48.694138
84.469498 48.735615
84.441483 48.777077
84.413445 48.818523
84.385384 48.859955
84.357300 48.901371
84.329193 48.942772
84.301064 48.984158
84.272911 49.025528
84.244736 49.066883
84.216537 49.108223
84.188316 49.149548
84.160072 49.190857
84.131805 49.232151
84.103516 49.273430
84.075203 49.314693
84.046867 49.355942
84.018509 49.397175
83.990128 49.438393
83.961723 49.479595
83.933296 49.520782
83.904846 49.561954
83.876373 49.603111
83.847878 49.644253
83.819359 49.685379
83.790817 49.726490
83.762253 49.767586
83.733665 49.808666
83.705055 49.849731
83.676422 49.890781
83.647766 49.931816
83.619087 49.972836
83.590385 50.013840
83.561661 50.054829
83.532913 50.095802
83.504143 50.136761
83.475349 50.177704
83.446533 50.218632
83.417694 50.259544
83.388832 50.300442
83.359947 50.341324
83.331039 50.382191
83.302109 50.423042
83.273155 50.463879
83.244179 50.504700
83.215179 50.545506
83.186157 50.586296
83.157112 50.627071
83.128044 50.667831
83.098953 50.708576
83.069839 50.749306
83.040703 50.790020
83.011543 50.830719
82.982361 50.871403
82.953156 50.912071
82.923927 50.952724
82.894676 50.993362
82.865402 51.033985
82.836105 51.074593
82.806786 51.115185
82.777443 51.155762
82.748077 51.196323
82.718689 51.236870
82.689278 51.277401
82.659843 51.317917
82.630386 51.358418
82.600906 51.398903
82.571404 51.439373
82.541878 51.479828
82.512329 51.520267
82.482758 51.560692
82.453163 51.601101
82.423546 51.641495
82.393906 51.681873
82.364243 51.722237
82.334557 51.762585
82.304848 51.802917
82.275116 51.843235
82.245361 51.883537
82.215584 51.923824
82.185783 51.964096
82.155960 52.004353
82.126114 52.044594
82.096245 52.084820
82.066353 52.125031
82.036438 52.165226
82.006500 52.205406
81.976540 52.245571
81.946556 52.285721
81.916550 52.325855
81.886520 52.365974
81.856468 52.406078
81.826393 52.446167
81.796295 52.486240
81.766174 52.526299
81.736031 52.566341
81.705864 52.606369
81.675674 52.646381
81.645462 52.686378
81.615227 52.726360
81.584969 52.766327
81.554688 52.806278
81.524384 52.846214
81.494057 52.886135
81.463707 52.926041
81.433334 52.965931
81.402939 53.005806
81.372520 53.045666
81.342079 53.085510
81.311615 53.125340
81.281128 53.165154
81.250618 53.204952
81.220085 53.244736
81.189529 53.284504
81.158951 53.324257
81.128349 53.363995
81.097725 53.403717
81.067078 53.443424
81.036407 53.483116
81.005714 53.522793
80.974998 53.562454
80.944260 53.602100
80.913498 53.641731
80.882713 53.681347
80.851906 53.720947
80.821075 53.760532
80.790222 53.800102
80.759346 53.839657
80.728447 53.879196
80.697525 53.918720
80.666580 53.958229
80.635612 53.997723
80.604622 54.037201
80.573608 54.076664
80.542572 54.116112
80.511513 54.155544
80.480431 54.194962
80.449326 54.234364
80.418198 54.273750
80.387047 54.313122
80.355873 54.352478
80.324677 54.391819
80.293457 54.431145
80.262215 54.470451
80.230949 54.509739
80.199661 54.549007
80.168350 54.588257
80.137016 54.627487
80.105659 54.666698
80.074280 54.705891
80.042877 54.745064
80.011452 54.784218
79.980003 54.823353
79.948532 54.862469
79.917038 54.901566
79.885521 54.940643
79.853981 54.979702
79.822418 55.018742
79.790833 55.057762
79.759224 55.096764
79.727592 55.135746
79.695938 55.174709
79.664261 55.213654
79.632561 55.252579
79.600838 55.291485
79.569092 55.330372
79.537323 55.369240
79.505531 55.408089
79.473717 55.446918
79.441879 55.485729
79.410019 55.524521
79.378136 55.563293
79.346230 55.602047
79.314301 55.640781
79.282349 55.679497
79.250374 55.718193
79.218376 55.756870
79.186356 55.795528
79.154312 55.834167
79.122246 55.872787
79.090157 55.911388
79.058044 55.949970
79.025909 55.988533
78.993752 56.027077
78.961571 56.065601
78.929367 56.104107
78.897141 56.142593
78.864891 56.181061
78.832619 56.219509
78.800323 56.257938
78.768005 56.296349
78.735664 56.334740
78.703300 56.373112
78.670914 56.411465
78.638504 56.449799
78.606071 56.488113
78.573616 56.526409
78.541138 56.564686
78.508636 56.602943
78.476112 56.641182
78.443565 56.679401
78.410995 56.717602
78.378403 56.755783
78.345787 56.793945
78.313148 56.832088
78.280487 56.870213
78.247803 56.908318
78.215096 56.946404
78.182365 56.984470
78.149612 57.022518
78.116837 57.060547
78.084038 57.098557
78.051216 57.136547
78.018372 57.174519
77.985504 57.212471
77.952614 57.250404
77.919701 57.288319
77.886765 57.326214
77.853806 57.364090
77.820824 57.401947
77.787819 57.439785
77.754791 57.477604
77.721741 57.515404
77.688667 57.553185
77.655571 57.590946
77.622452 57.628689
77.589310 57.666412
77.556145 57.704117
77.522957 57.741802
77.489746 57.779469
77.456512 57.817116
77.423256 57.854744
77.389977 57.892353
77.356674 57.929943
77.323349 57.967514
77.290001 58.005066
77.256630 58.042599
77.223236 58.080112
77.189819 58.117607
77.156380 58.155083
77.122917 58.192539
77.089432 58.229977
77.055923 58.267395
77.022392 58.304794
76.988838 58.342175
76.955261 58.379536
76.921661 58.416878
76.888039 58.454201
76.854393 58.491505
76.820724 58.528790
76.787033 58.566055
76.753319 58.603302
76.719582 58.640530
76.685822 58.677738
76.652039 58.714928
76.618233 58.752098
76.584404 58.789249
76.550552 58.826382
76.516678 58.863495
76.482780 58.900589
76.448860 58.937664
76.414917 58.974720
76.380951 59.011757
76.346962 59.048775
76.312950 59.085773
76.278915 59.122753
76.244858 59.159714
76.210777 59.196655
76.176674 59.233578
76.142548 59.270481
76.108398 59.307365
76.074226 59.344231
76.040031 59.381077
76.005814 59.417904
75.971573 59.454712
75.937309 59.491501
75.903023 59.528271
75.868713 59.565022
75.834381 59.601753
75.800026 59.638466
75.765648 59.675159
75.731247 59.711834
75.696823 59.748489
75.662376 59.785126
75.627907 59.821743
75.593414 59.858341
75.558899 59.894920
75.524361 59.931480
75.489799 59.968021
75.455215 60.004543
75.420609 60.041046
75.385979 60.077530
75.351326 60.113995
75.316650 60.150440
75.281952 60.186867
75.247231 60.223274
75.212486 60.259663
75.177719 60.296032
75.142929 60.332382
75.108116 60.368713
75.073280 60.405025
75.038422 60.441319
75.003540 60.477592
74.968636 60.513847
74.933708 60.550083
74.898758 60.586300
74.863785 60.622498
74.828789 60.658676
74.793770 60.694836
74.758728 60.730976
74.723663 60.767097
74.688576 60.803200
74.653465 60.839283
74.618332 60.875347
74.583176 60.911392
74.547997 60.947418
74.512794 60.983425
74.477570 61.019413
74.442322 61.055382
74.407051 61.091331
74.371758 61.127262
74.336441 61.163174
74.301102 61.199066
74.265739 61.234940
74.230354 61.270794
74.194946 61.306629
74.159515 61.342445
74.124062 61.378242
74.088585 61.414021
74.053085 61.449780
74.017563 61.485519
73.982018 61.521240
73.946449 61.556942
73.910858 61.592625
73.875244 61.628288
73.839607 61.663933
73.803947 61.699558
73.768265 61.735165
73.732559 61.770752
73.696831 61.806320
73.661079 61.841869
73.625305 61.877399
73.589508 61.912910
73.553688 61.948402
73.517845 61.983875
73.481979 62.019329
73.446091 62.054764
73.410179 62.090179
73.374245 62.125576
73.338287 62.160954
73.302307 62.196312
73.266304 62.231651
73.230278 62.266972
73.194229 62.302273
73.158157 62.337555
73.122063 62.372818
73.085945 62.408062
73.049805 62.443287
73.013641 62.478493
72.977455 62.513680
72.941246 62.548847
72.905014 62.583996
72.868759 62.619125
72.832481 62.654236
72.796181 62.689327
72.759857 62.724400
72.723511 62.759453
72.687141 62.794487
72.650749 62.829502
72.614334 62.864498
72.577896 62.899475
72.541435 62.934433
72.504951 62.969372
72.468445 63.004292
72.431915 63.039192
72.395363 63.074074
72.358788 63.108936
72.322189 63.143780
72.285568 63.178604
72.248924 63.213409
72.212257 63.248196
72.175568 63.282963
72.138855 63.317711
72.102119 63.352440
72.065361 63.387150
72.028580 63.421841
71.991776 63.456512
71.954948 63.491165
71.918098 63.525799
71.881226 63.560413
71.844330 63.595009
71.807411 63.629585
71.770470 63.664143
71.733505 63.698681
71.696518 63.733200
71.659508 63.767700
71.622475 63.802181
71.585419 63.836643
71.548340 63.871086
71.511238 63.905510
71.474113 63.939915
71.436966 63.974300
71.399796 64.008667
71.362602 64.043015
71.325386 64.077339
71.288147 64.111641
71.250885 64.145920
71.213600 64.180176
71.176292 64.214409
71.138962 64.248619
71.101608 64.282806
71.064232 64.316971
71.026833 64.351112
70.989410 64.385231
70.951965 64.419327
70.914497 64.453400
70.877007 64.487450
70.839493 64.521477
70.801956 64.555481
70.764397 64.589462
70.726814 64.623421
70.689209 64.657356
70.651581 64.691269
70.613930 64.725159
70.576256 64.759026
70.538559 64.792870
70.500839 64.826691
70.463097 64.860489
70.425331 64.894264
70.387543 64.928017
70.349731 64.961746
70.311897 64.995453
70.274040 65.029137
70.236160 65.062798
70.198257 65.096436
70.160332 65.130051
70.122383 65.163643
70.084412 65.197212
70.046417 65.230759
70.008400 65.264282
69.970360 65.297783
69.932297 65.331261
69.894211 65.364716
69.856102 65.398148
69.817970 65.431557
69.779816 65.464943
69.741638 65.498306
69.703438 65.531647
69.665215 65.564964
69.626968 65.598259
69.588699 65.631531
69.550407 65.664780
69.512093 65.698006
69.473755 65.731209
69.435394 65.764389
69.397011 65.797546
69.358604 65.830681
69.320175 65.863792
69.281723 65.896881
69.243248 65.929947
69.204750 65.962990
69.166229 65.996010
69.127686 66.029007
69.089119 66.061981
69.050529 66.094933
69.011917 66.127861
68.973282 66.160767
68.934624 66.193649
68.895943 66.226509
68.857239 66.259346
68.818512 66.292160
68.779762 66.324951
68.740990 66.357719
68.702194 66.390465
68.663376 66.423187
68.624535 66.455887
68.585670 66.488564
68.546783 66.521217
68.507874 66.553848
68.468941 66.586456
68.429985 66.619041
68.391006 66.651604
68.352005 66.684143
68.312981 66.716660
68.273933 66.749153
68.234863 66.781624
68.195770 66.814072
68.156654 66.846497
68.117516 66.878899
68.078354 66.911278
68.039169 66.943634
67.999962 66.975967
67.960732 67.008278
67.921478 67.040565
67.882202 67.072830
67.842903 67.105072
67.803581 67.137291
67.764236 67.169487
67.724869 67.201660
67.685478 67.233810
67.646065 67.265938
67.606628 67.298042
67.567169 67.330124
67.527687 67.362183
67.488182 67.394218
67.448654 67.426231
67.409103 67.458221
67.369530 67.490189
67.329933 67.522133
67.290314 67.554054
67.250671 67.585953
67.211006 67.617828
67.171318 67.649681
67.131607 67.681511
67.091873 67.713318
67.052116 67.745102
67.012337 67.776863
66.972534 67.808601
66.932709 67.840317
66.892860 67.872009
66.852989 67.903679
66.813095 67.935326
66.773178 67.966949
66.733238 67.998550
66.693275 68.030128
66.653290 68.061684
66.613281 68.093216
66.573250 68.124725
66.533195 68.156212
66.493118 68.187675
66.453018 68.219116
66.412895 68.250534
66.372749 68.281929
66.332581 68.313301
66.292389 68.344650
66.252174 68.375977
66.211937 68.407280
66.171677 68.438560
66.131393 68.469818
66.091087 68.501053
66.050758 68.532265
66.010406 68.563454
65.970032 68.594620
65.929634 68.625763
65.889214 68.656883
65.848770 68.687981
65.808304 68.719055
65.767815 68.750107
65.727303 68.781136
65.686768 68.812141
65.646210 68.843124
65.605629 68.874084
65.565025 68.905022
65.524399 68.935936
65.483749 68.966827
65.443077 68.997696
65.402382 69.028542
65.361664 69.059364
65.320923 69.090164
65.280159 69.120941
65.239372 69.151695
65.198563 69.182426
65.157730 69.213135
65.116875 69.243820
65.075996 69.274483
65.035095 69.305122
64.994171 69.335739
64.953224 69.366333
64.912254 69.396904
64.871262 69.427452
64.830246 69.457977
64.789207 69.488480
64.748146 69.518959
64.707062 69.549416
64.665955 69.579849
64.624825 69.610260
64.583672 69.640648
64.542496 69.671013
64.501297 69.701355
64.460075 69.731674
64.418831 69.761971
64.377563 69.792244
64.336273 69.822495
64.294960 69.852722
64.253624 69.882927
64.212265 69.913109
64.170883 69.943268
64.129478 69.973404
64.088051 70.003517
64.046600 70.033607
64.005127 70.063675
63.963634 70.093719
63.922123 70.123741
63.880592 70.153740
63.839043 70.183716
63.797474 70.213669
63.755886 70.243599
63.714279 70.273506
63.672653 70.303391
63.631008 70.333252
63.589344 70.363091
63.547661 70.392906
63.505959 70.422699
63.464237 70.452469
63.422497 70.482216
63.380737 70.511940
63.338959 70.541641
63.297161 70.571320
63.255344 70.600975
63.213509 70.630608
63.171654 70.660217
63.129780 70.689804
63.087887 70.719368
63.045975 70.748909
63.004044 70.778427
62.962093 70.807922
62.920124 70.837395
62.878136 70.866844
62.836128 70.896271
62.794102 70.925674
62.752056 70.955055
62.709991 70.984413
62.667908 71.013748
62.625805 71.043060
62.583683 71.072350
62.541542 71.101616
62.499382 71.130859
62.457203 71.160080
62.415005 71.189278
62.372787 71.218452
62.330551 71.247604
62.288296 71.276733
62.246021 71.305840
62.203728 71.334923
62.161415 71.363983
62.119083 71.393021
62.076733 71.422035
62.034363 71.451027
61.991974 71.479996
61.949566 71.508942
61.907139 71.537865
61.864693 71.566765
61.822227 71.595642
61.779743 71.624496
61.737240 71.653328
61.694717 71.682137
61.652176 71.710922
61.609615 71.739685
61.567036 71.768425
61.524437 71.797142
61.481819 71.825836
61.439182 71.854507
61.396526 71.883156
61.353851 71.911781
61.311157 71.940384
61.268444 71.968964
61.225712 71.997520
61.182961 72.026054
61.140190 72.054565
61.097401 72.083054
61.054592 72.111519
61.011765 72.139961
60.968918 72.168381
60.926052 72.196777
60.883167 72.225151
60.840263 72.253502
60.797340 72.281830
60.754398 72.310135
60.711437 72.338417
60.668457 72.366676
60.625458 72.394913
60.582439 72.423126
60.539402 72.451317
60.496346 72.479485
60.453270 72.507629
60.410175 72.535751
60.367062 72.563850
60.323929 72.591927
60.280777 72.619980
60.237606 72.648010
60.194416 72.676018
60.151207 72.704002
60.107979 72.731964
60.064732 72.759903
60.021465 72.787819
59.978180 72.815712
59.934875 72.843582
59.891552 72.871429
59.848209 72.899254
59.804848 72.927055
59.761467 72.954834
59.718067 72.982590
59.674648 73.010323
59.631210 73.038033
59.587753 73.065720
59.544277 73.093384
59.500782 73.121025
59.457268 73.148643
59.413734 73.176239
59.370182 73.203812
59.326611 73.231361
59.283020 73.258888
59.239410 73.286392
59.195782 73.313873
59.152134 73.341331
59.108467 73.368767
59.064781 73.396179
59.021076 73.423569
58.977352 73.450935
58.933609 73.478279
58.889847 73.505600
58.846066 73.532898
58.802265 73.560173
58.758446 73.587425
58.714607 73.614655
58.670750 73.641861
58.626873 73.669044
58.582977 73.696205
58.539062 73.723343
58.495129 73.750458
58.451176 73.777550
58.407204 73.804619
58.363213 73.831665
58.319202 73.858688
58.275173 73.885689
58.231125 73.912666
58.187057 73.939621
58.142971 73.966553
58.098866 73.993462
58.054741 74.020348
58.010597 74.047211
57.966434 74.074051
57.922253 74.100868
57.878052 74.127663
57.833832 74.154434
57.789593 74.181183
57.745335 74.207909
57.701057 74.234612
57.656761 74.261292
57.612446 74.287949
57.568111 74.314583
57.523758 74.341194
57.479385 74.367783
57.434994 74.394348
57.390583 74.420891
57.346153 74.447411
57.301704 74.473907
57.257236 74.500381
57.212749 74.526833
57.168243 74.553261
57.123718 74.579666
57.079174 74.606049
57.034611 74.632408
56.990028 74.658745
56.945427 74.685059
56.900806 74.711349
56.856167 74.737617
56.811508 74.763863
56.766830 74.790085
56.722134 74.816284
56.677418 74.842461
56.632683 74.868614
56.587929 74.894745
56.543156 74.920853
56.498363 74.946938
56.453552 74.973000
56.408722 74.999039
56.363873 75.025055
56.319004 75.051048
56.274117 75.077019
56.229210 75.102966
56.184284 75.128891
56.139339 75.154793
56.094376 75.180672
56.049393 75.206528
56.004391 75.232361
55.959370 75.258171
55.914330 75.283958
55.869270 75.309723
55.824192 75.335464
55.779095 75.361183
55.733978 75.386879
55.688843 75.412552
55.643688 75.438202
55.598515 75.463829
55.553322 75.489433
55.508110 75.515015
55.462879 75.540573
55.417629 75.566109
55.372360 75.591621
55.327072 75.617111
55.281765 75.642578
55.236439 75.668022
55.191093 75.693443
55.145729 75.718842
55.100346 75.744217
55.054943 75.769569
55.009521 75.794899
54.964081 75.820206
54.918621 75.845490
54.873142 75.870750
54.827644 75.895988
54.782127 75.921204
54.736591 75.946396
54.691036 75.971565
54.645462 75.996712
54.599869 76.021835
54.554256 76.046936
54.508625 76.072014
54.462975 76.097069
54.417305 76.122101
54.371616 76.147110
54.325912 76.172096
54.280193 76.197060
54.234459 76.222000
54.188709 76.246918
54.142944 76.271812
54.097164 76.296684
54.051369 76.321533
54.005558 76.346359
53.959732 76.371162
53.913891 76.395943
53.868034 76.420700
53.822163 76.445435
53.776276 76.470146
53.730373 76.494835
53.684456 76.519501
53.638523 76.544144
53.592575 76.568764
53.546612 76.593361
53.500633 76.617935
53.454639 76.642487
53.408630 76.667015
53.362606 76.691521
53.316566 76.716003
53.270512 76.740463
53.224442 76.764900
53.178356 76.789314
53.132256 76.813705
53.086140 76.838074
53.040009 76.862419
52.993862 76.886742
52.947701 76.911041
52.901524 76.935318
52.855331 76.959572
52.809124 76.983803
52.762901 77.008011
52.716663 77.032196
52.670410 77.056358
52.624142 77.080498
52.577858 77.104614
52.531559 77.128708
52.485245 77.152779
52.438915 77.176826
52.392570 77.200851
52.346210 77.224854
52.299835 77.248833
52.253445 77.272789
52.207039 77.296722
52.160618 77.320633
52.114182 77.344521
52.067730 77.368385
52.021263 77.392227
51.974781 77.416046
51.928284 77.439842
51.881771 77.463615
51.835243 77.487366
51.788700 77.511093
51.742142 77.534798
51.695568 77.558479
51.648979 77.582138
51.602375 77.605774
51.555756 77.629387
51.509121 77.652977
51.462471 77.676544
51.415806 77.700089
51.369125 77.723610
51.322430 77.747108
51.275719 77.770584
51.228992 77.794037
51.182251 77.817467
51.135494 77.840874
51.088722 77.864258
51.041935 77.887619
50.995132 77.910957
50.948315 77.934265
50.901482 77.957542
50.854633 77.980789
50.807770 78.004005
50.760891 78.027191
50.713997 78.050346
50.667088 78.073471
50.620163 78.096565
50.573223 78.119629
50.526268 78.142662
50.479298 78.165665
50.432312 78.188637
50.385311 78.211578
50.338295 78.234489
50.291264 78.257370
50.244217 78.280220
50.197155 78.303040
50.150078 78.325829
50.102985 78.348587
50.055878 78.371315
50.008755 78.394012
49.961617 78.416679
49.914463 78.439316
49.867294 78.461922
49.820110 78.484497
49.772911 78.507042
49.725697 78.529556
49.678467 78.552040
49.631222 78.574493
49.583961 78.596916
49.536686 78.619308
49.489395 78.641670
49.442089 78.664001
49.394768 78.686302
49.347431 78.708572
49.300079 78.730812
49.252712 78.753021
49.205330 78.775200
49.157932 78.797348
49.110519 78.819466
49.063091 78.841553
49.015648 78.863609
48.968189 78.885635
48.920715 78.907631
48.873226 78.929596
48.825722 78.951530
48.778202 78.973434
48.730667 78.995308
48.683117 79.017151
48.635551 79.038963
48.587971 79.060745
48.540375 79.082497
48.492764 79.104218
48.445137 79.125908
48.397495 79.147568
48.349838 79.169197
48.302166 79.190796
48.254478 79.212364
48.206776 79.233902
48.159058 79.255409
48.111324 79.276886
48.063576 79.298332
48.015812 79.319748
47.968033 79.341133
47.920238 79.362488
47.872429 79.383812
47.824604 79.405106
47.776764 79.426369
47.728909 79.447601
47.681038 79.468803
47.633152 79.489975
47.585251 79.511116
47.537334 79.532227
47.489403 79.553307
47.441456 79.574356
47.393494 79.595375
47.345516 79.616364
47.297523 79.637321
47.249516 79.658249
47.201492 79.679146
47.153454 79.700012
47.105400 79.720848
47.057331 79.741653
47.009247 79.762428
46.961147 79.783173
46.913033 79.803886
46.864902 79.824570
46.816757 79.845222
46.768597 79.865845
46.720421 79.886436
46.672230 79.906998
46.624023 79.927528
46.575802 79.948029
46.527565 79.968498
46.479313 79.988937
46.431046 80.009346
46.382763 80.029724
46.334465 80.050072
46.286152 80.070389
46.237823 80.090675
46.189480 80.110931
46.141121 80.131157
46.092747 80.151352
46.044357 80.171516
45.995953 80.191650
45.947533 80.211754
45.899097 80.231827
45.850647 80.251869
45.802181 80.271881
45.753700 80.291862
45.705204 80.311813
45.656693 80.331734
45.608166 80.351624
45.559624 80.371483
45.511066 80.391312
45.462494 80.411110
45.413906 80.430878
45.365303 80.450615
45.316685 80.470322
45.268051 80.489998
45.219402 80.509644
45.170738 80.529259
45.122059 80.548843
45.073364 80.568398
45.024654 80.587921
44.975929 80.607414
44.927189 80.626877
44.878433 80.646309
44.829662 80.665710
44.780876 80.685081
44.732075 80.704422
44.683258 80.723732
44.634426 80.743011
44.585579 80.762260
44.536716 80.781479
44.487839 80.800667
44.438946 80.819824
44.390038 80.838951
44.341114 80.858047
44.292175 80.877113
44.243221 80.896149
44.194252 80.915154
44.145267 80.934128
44.096268 80.953072
44.047253 80.971985
43.998222 80.990868
43.949177 81.009720
43.900116 81.028542
43.851040 81.047333
43.801949 81.066093
43.752842 81.084824
43.703720 81.103523
43.654583 81.122192
43.605431 81.140831
43.556263 81.159439
43.507080 81.178017
43.457882 81.196564
43.408669 81.215080
43.359440 81.233566
43.310196 81.252022
43.260937 81.270447
43.211662 81.288841
43.162373 81.307205
43.113068 81.325539
43.063747 81.343842
43.014412 81.362114
42.965061 81.380356
42.915695 81.398567
42.866314 81.416748
42.816917 81.434898
42.767506 81.453018
42.718079 81.471107
42.668636 81.489166
42.619179 81.507195
42.569706 81.525192
42.520218 81.543159
42.470715 81.561096
42.421196 81.579002
42.371662 81.596878
42.322113 81.614723
42.272549 81.632538
42.222969 81.650322
42.173374 81.668076
42.123764 81.685799
42.074139 81.703491
42.024498 81.721153
41.974842 81.738785
41.925171 81.756386
41.875484 81.773956
41.825783 81.791496
41.776066 81.809006
41.726334 81.826485
41.676586 81.843933
41.626823 81.861351
41.577045 81.878738
41.527252 81.896095
41.477444 81.913422
41.427620 81.930717
41.377781 81.947983
41.327927 81.965218
41.278057 81.982422
41.228172 81.999596
41.178272 82.016739
41.128357 82.033852
41.078426 82.050934
41.028481 82.067986
40.978519 82.085007
40.928543 82.101997
40.878551 82.118958
40.828548 82.135887
40.778534 82.152786
40.728508 82.169655
40.678471 82.186493
40.628422 82.203300
40.578362 82.220078
40.528290 82.236824
40.478207 82.253540
40.428112 82.270226
40.378006 82.286880
40.327888 82.303505
40.277760 82.320099
40.227619 82.336662
40.177467 82.353195
40.127304 82.369698
40.077129 82.386169
40.026943 82.402611
39.976746 82.419022
39.926537 82.435402
39.876316 82.451752
39.826084 82.468071
39.775841 82.484360
39.725586 82.500618
39.675320 82.516846
39.625042 82.533043
39.574753 82.549210
39.524452 82.565346
39.474140 82.581451
39.423817 82.597527
39.373482 82.613571
39.323135 82.629585
39.272778 82.645569
39.222408 82.661522
39.172028 82.677444
39.121635 82.693336
39.071232 82.709198
39.020817 82.725029
38.970390 82.740829
38.919952 82.756599
38.869503 82.772339
38.819042 82.788048
38.768570 82.803726
38.718086 82.819374
38.667591 82.834991
38.617085 82.850578
38.566566 82.866135
38.516037 82.881660
38.465496 82.897156
38.414944 82.912621
38.364380 82.928055
38.313805 82.943459
38.263218 82.958832
38.212620 82.974174
38.162010 82.989487
38.111389 83.004768
38.060757 83.020020
38.010113 83.035240
37.959457 83.050430
37.908791 83.065590
37.858112 83.080719
37.807423 83.095818
37.756721 83.110886
37.706009 83.125923
37.655285 83.140930
37.604549 83.155907
37.553802 83.170853
37.503044 83.185768
37.452274 83.200653
37.401493 83.215508
37.350700 83.230331
37.299896 83.245125
37.249081 83.259888
37.198254 83.274620
37.147415 83.289322
37.096565 83.303993
37.045704 83.318634
36.994831 83.333244
36.943947 83.347824
36.893051 83.362373
36.842144 83.376892
36.791225 83.391380
36.740295 83.405838
36.689354 83.420265
36.638401 83.434662
36.587437 83.449028
36.536461 83.463364
36.485474 83.477669
36.434475 83.491943
36.383465 83.506187
36.332443 83.520401
36.281410 83.534584
36.230366 83.548737
36.179310 83.562859
36.128242 83.576950
36.077164 83.591011
36.026073 83.605042
35.974972 83.619041
35.923859 83.633011
35.872734 83.646950
35.821598 83.660858
35.770451 83.674736
35.719292 83.688583
35.668121 83.702400
35.616940 83.716187
35.565746 83.729942
35.514542 83.743668
35.463326 83.757362
35.412098 83.771027
35.360859 83.784660
35.309608 83.798264
35.258347 83.811836
35.207073 83.825378
35.155788 83.838890
35.104492 83.852371
35.053185 83.865822
35.001865 83.879242
34.950535 83.892632
34.899193 83.905991
34.847839 83.919319
34.796474 83.932617
34.745098 83.945885
34.693710 83.959122
34.642311 83.972328
34.590900 83.985504
34.539478 83.998650
34.488045 84.011765
34.436600 84.024849
34.385143 84.037903
34.333675 84.050926
34.282196 84.063919
34.230705 84.076881
34.179203 84.089813
34.127689 84.102715
34.076164 84.115585
34.024628 84.128426
33.973080 84.141235
33.921520 84.154015
33.869949 84.166763
33.818367 84.179482
33.766773 84.192169
33.715168 84.204826
33.663551 84.217453
33.611923 84.230049
33.560284 84.242615
33.508633 84.255150
33.456970 84.267654
33.405296 84.280128
33.353611 84.292572
33.301914 84.304985
33.250206 84.317368
33.198486 84.329720
33.146755 84.342041
33.095013 84.354332
33.043259 84.366592
32.991493 84.378822
32.939716 84.391022
32.887928 84.403191
32.836128 84.415329
32.784317 84.427437
32.732494 84.439514
32.680660 84.451561
32.628815 84.463577
32.576958 84.475563
32.525089 84.487518
32.473209 84.499443
32.421318 84.511337
32.369415 84.523201
32.317501 84.535034
32.265575 84.546837
32.213638 84.558609
32.161690 84.570351
32.109730 84.582062
32.057758 84.593742
32.005775 84.605392
31.953781 84.617012
31.901775 84.628601
31.849758 84.640160
31.797729 84.651688
31.745689 84.663185
31.693638 84.674652
31.641575 84.686089
31.589500 84.697495
31.537415 84.708870
31.485319 84.720215
31.433214 84.731529
31.381100 84.742813
31.328976 84.754066
31.276842 84.765289
31.224699 84.776482
31.172546 84.787643
31.120384 84.798775
31.068213 84.809875
31.016031 84.820946
30.963840 84.831985
30.911640 84.842995
30.859430 84.853973
30.807211 84.864922
30.754982 84.875839
30.702744 84.886726
30.650496 84.897583
30.598238 84.908409
30.545971 84.919205
30.493694 84.929970
30.441408 84.940704
30.389112 84.951408
30.336807 84.962082
30.284492 84.972725
30.232168 84.983337
30.179834 84.993919
30.127491 85.004471
30.075138 85.014992
30.022776 85.025482
29.970404 85.035942
29.918022 85.046371
29.865631 85.056770
29.813231 85.067139
29.760820 85.077477
29.708401 85.087784
29.655972 85.098061
29.603533 85.108307
29.551085 85.118523
29.498627 85.128708
29.446159 85.138863
29.393682 85.148987
29.341196 85.159081
29.288700 85.169144
29.236195 85.179176
29.183680 85.189178
29.131155 85.199150
29.078621 85.209091
29.026077 85.219002
28.973524 85.228882
28.920961 85.238731
28.868389 85.248550
28.815807 85.258339
28.763216 85.268097
28.710615 85.277824
28.658005 85.287521
28.605385 85.297188
28.552755 85.306824
28.500116 85.316429
28.447468 85.326004
28.394810 85.335548
28.342142 85.345062
28.289465 85.354546
28.236778 85.363998
28.184082 85.373421
28.131376 85.382812
28.078661 85.392174
28.025936 85.401505
27.973202 85.410805
27.920458 85.420074
27.867704 85.429314
27.814941 85.438522
27.762169 85.447701
27.709387 85.456848
27.656595 85.465965
27.603794 85.475052
27.550983 85.484108
27.498163 85.493134
27.445333 85.502129
27.392494 85.511093
27.339645 85.520027
27.286787 85.528931
27.233919 85.537804
27.181042 85.546646
27.128155 85.555458
27.075258 85.564240
27.022352 85.572990
26.969437 85.581711
26.916512 85.590401
26.863577 85.599060
26.810633 85.607689
26.757679 85.616287
26.704716 85.624855
26.651743 85.633392
26.598761 85.641899
26.545769 85.650375
26.492767 85.658821
26.439756 85.667236
26.386736 85.675621
26.333706 85.683975
26.280666 85.692299
26.227617 85.700592
26.174559 85.708855
26.121490 85.717087
26.068413 85.725288
26.015326 85.733459
25.962229 85.741600
25.909122 85.749710
25.856007 85.757790
25.802881 85.765839
25.749746 85.773857
25.696602 85.781845
25.643450 85.789803
25.590290 85.797729
25.537123 85.805626
25.483948 85.813492
25.430765 85.821327
25.377575 85.829132
25.324377 85.836906
25.271172 85.844650
25.217958 85.852364
25.164738 85.860046
25.111509 85.867699
25.058273 85.875320
25.005030 85.882912
24.951778 85.890472
24.898520 85.898003
24.845253 85.905502
24.791979 85.912971
24.738697 85.920410
24.685408 85.927818
24.632111 85.935196
24.578806 85.942543
24.525494 85.949860
24.472174 85.957146
24.418846 85.964401
24.365511 85.971626
24.312168 85.978821
24.258818 85.985985
24.205460 85.993118
24.152094 86.000221
24.098721 86.007294
24.045340 86.014336
23.991951 86.021347
23.938555 86.028328
23.885151 86.035278
23.831739 86.042198
23.778320 86.049088
23.724894 86.055946
23.671459 86.062775
23.618017 86.069572
23.564568 86.076340
23.511110 86.083076
23.457645 86.089783
23.404173 86.096458
23.350693 86.103104
23.297205 86.109718
23.243710 86.116302
23.190207 86.122856
23.136696 86.129379
23.083178 86.135872
23.029652 86.142334
22.976118 86.148766
22.922577 86.155167
22.869028 86.161537
22.815472 86.167877
22.761908 86.174187
22.708336 86.180466
22.654757 86.186714
22.601170 86.192932
22.547575 86.199120
22.493973 86.205276
22.440363 86.211403
22.386745 86.217499
22.333120 86.223564
22.279488 86.229599
22.225847 86.235603
22.172199 86.241577
22.118544 86.247520
22.064880 86.253433
22.011209 86.259315
21.957531 86.265167
21.903845 86.270988
21.850151 86.276779
21.796450 86.282539
21.742741 86.288269
21.689024 86.293968
21.635300 86.299637
21.581568 86.305275
21.527828 86.310883
21.474081 86.316460
21.420326 86.322006
21.366564 86.327522
21.312794 86.333008
21.259016 86.338463
21.205231 86.343887
21.151438 86.349281
21.097637 86.354645
21.043829 86.359978
20.990013 86.365280
20.936190 86.370552
20.882359 86.375793
20.828520 86.381004
20.774673 86.386185
20.720819 86.391335
20.666958 86.396454
20.613089 86.401543
20.559212 86.406601
20.505327 86.411629
20.451435 86.416626
20.397535 86.421593
20.343628 86.426529
20.289713 86.431435
20.235790 86.436310
20.181860 86.441154
20.127922 86.445969
20.073978 86.450752
20.020029 86.455505
19.966074 86.460228
19.912113 86.464920
19.858147 86.469582
19.804174 86.474213
19.750196 86.478813
19.696213 86.483383
19.642223 86.487923
19.588228 86.492432
19.534227 86.496910
19.480221 86.501358
19.426208 86.505775
19.372190 86.510162
19.318167 86.514519
19.264137 86.518845
19.210102 86.523140
19.156061 86.527405
19.102015 86.531639
19.047962 86.535843
18.993904 86.540016
18.939840 86.544159
18.885771 86.548271
18.831696 86.552353
18.777615 86.556404
18.723528 86.560425
18.669436 86.564415
18.615337 86.568375
18.561234 86.572304
18.507124 86.576202
18.453009 86.580070
18.398888 86.583908
18.344761 86.587715
18.290628 86.591492
18.236490 86.595238
18.182346 86.598953
18.128197 86.602638
18.074041 86.606293
18.019880 86.609917
17.965714 86.613510
17.911541 86.617073
17.857363 86.620605
17.803179 86.624107
17.748989 86.627579
17.694794 86.631020
17.640593 86.634430
17.586386 86.637810
17.532173 86.641159
17.477955 86.644478
17.423731 86.647766
17.369501 86.651024
17.315266 86.654251
17.261024 86.657448
17.206778 86.660614
17.152525 86.663750
17.098267 86.666855
17.044003 86.669930
16.989733 86.672974
16.935457 86.675987
16.881176 86.678970
16.826889 86.681923
16.772596 86.684845
16.718298 86.687737
16.663994 86.690598
16.609684 86.693428
16.555368 86.696228
16.501047 86.698997
16.446720 86.701736
16.392387 86.704445
16.338049 86.707123
16.283705 86.709770
16.229355 86.712387
16.174999 86.714973
16.120638 86.717529
16.066271 86.720055
16.011898 86.722549
15.957520 86.725014
15.903138 86.727448
15.848751 86.729851
15.794359 86.732224
15.739963 86.734566
15.685561 86.736877
15.631155 86.739159
15.576744 86.741409
15.522328 86.743629
15.467908 86.745819
15.413483 86.747978
15.359053 86.750107
15.304618 86.752205
15.250178 86.754272
15.195734 86.756310
15.141285 86.758316
15.086831 86.760292
15.032372 86.762238
14.977909 86.764153
14.923441 86.766037
14.868968 86.767891
14.814490 86.769714
14.760008 86.771507
14.705521 86.773270
14.651029 86.775002
14.596532 86.776703
14.542030 86.778374
14.487524 86.780014
14.433013 86.781624
14.378497 86.783203
14.323977 86.784752
14.269451 86.786270
14.214921 86.787758
14.160386 86.789215
14.105846 86.790642
14.051302 86.792038
13.996753 86.793404
13.942199 86.794739
13.887640 86.796043
13.833076 86.797310
13.778508 86.798538
13.723935 86.799728
13.669357 86.800880
13.614775 86.801994
13.560187 86.803070
13.505596 86.804108
13.451001 86.805107
13.396402 86.806068
13.341800 86.806992
13.287193 86.807877
13.232583 86.808723
13.177969 86.809532
13.123351 86.810303
13.068729 86.811035
13.014104 86.811729
12.959475 86.812386
12.904841 86.813004
12.850204 86.813583
12.795564 86.814125
12.740919 86.814629
12.686271 86.815094
12.631618 86.815521
12.576962 86.815910
12.522303 86.816261
12.467639 86.816574
12.412971 86.816849
12.358300 86.817085
12.303625 86.817284
12.248946 86.817444
12.194263 86.817566
12.139577 86.817650
12.084887 86.817696
12.030192 86.817703
11.975494 86.817673
11.920793 86.817604
11.866087 86.817497
11.811378 86.817352
11.756664 86.817169
11.701947 86.816948
11.647226 86.816689
11.592502 86.816391
11.537773 86.816055
11.483041 86.815681
11.428305 86.815269
11.373565 86.814819
11.318821 86.814331
11.264073 86.813805
11.209322 86.813240
11.154567 86.812637
11.099808 86.811996
11.045045 86.811317
10.990279 86.810600
10.935511 86.809845
10.880739 86.809052
10.825965 86.808220
10.771188 86.807350
10.716408 86.806442
10.661625 86.805496
10.606839 86.804512
10.552051 86.803490
10.497259 86.802429
10.442465 86.801331
10.387668 86.800194
10.332868 86.799019
10.278065 86.797806
10.223259 86.796555
10.168450 86.795265
10.113639 86.793938
10.058825 86.792572
10.004007 86.791168
9.949187 86.789726
9.894364 86.788246
9.839539 86.786728
9.784710 86.785172
9.729878 86.783577
9.675044 86.781944
9.620207 86.780273
9.565367 86.778564
9.510524 86.776817
9.455678 86.775032
9.400829 86.773209
9.345978 86.771347
9.291123 86.769447
9.236266 86.767509
9.181406 86.765533
9.126543 86.763519
9.071677 86.761467
9.016809 86.759377
8.961937 86.757248
8.907063 86.755081
8.852185 86.752876
8.797305 86.750633
8.742422 86.748352
8.687536 86.746033
8.632648 86.743675
8.577756 86.741280
8.522862 86.738846
8.467967 86.736374
8.413070 86.733864
8.358171 86.731316
8.303269 86.728729
8.248366 86.726105
8.193461 86.723442
8.138555 86.720741
8.083646 86.718002
8.028735 86.715225
7.973822 86.712410
7.918907 86.709557
7.863990 86.706665
7.809072 86.703735
7.754151 86.700768
7.699228 86.697762
7.644304 86.694717
7.589377 86.691635
7.534449 86.688515
7.479519 86.685356
7.424587 86.682159
7.369653 86.678925
7.314717 86.675652
7.259779 86.672340
7.204839 86.668991
7.149898 86.665604
7.094954 86.662178
7.040009 86.658714
6.985061 86.655212
6.930112 86.651672
6.875161 86.648094
6.820208 86.644478
6.765253 86.640823
6.710296 86.637131
6.655338 86.633400
6.600379 86.629631
6.545418 86.625824
6.490456 86.621979
6.435493 86.618095
6.380527 86.614174
6.325561 86.610214
6.270593 86.606216
6.215624 86.602180
6.160653 86.598106
6.105681 86.593994
6.050707 86.589844
5.995732 86.585655
5.940756 86.581429
5.885778 86.577164
5.830799 86.572861
5.775818 86.568520
5.720836 86.564140
5.665852 86.559723
5.610867 86.555267
5.555881 86.550774
5.500893 86.546242
5.445905 86.541672
5.390915 86.537064
5.335925 86.532417
5.280934 86.527733
5.225942 86.523010
5.170949 86.518250
5.115954 86.513451
5.060959 86.508614
5.005963 86.503738
4.950966 86.498825
4.895968 86.493874
4.840970 86.488884
4.785970 86.483856
4.730969 86.478790
4.675967 86.473686
4.620965 86.468544
4.565961 86.463364
4.510956 86.458145
4.455951 86.452888
4.400944 86.447594
4.345937 86.442261
4.290930 86.436890
4.235922 86.431480
4.180913 86.426033
4.125905 86.420547
4.070895 86.415024
4.015885 86.409462
3.960875 86.403862
3.905864 86.398224
3.850853 86.392548
3.795841 86.386833
3.740829 86.381081
3.685816 86.375290
3.630803 86.369461
3.575789 86.363594
3.520775 86.357689
3.465761 86.351746
3.410746 86.345764
3.355731 86.339745
3.300716 86.333687
3.245701 86.327591
3.190686 86.321457
3.135670 86.315285
3.080654 86.309074
3.025637 86.302826
2.970621 86.296539
2.915604 86.290215
2.860587 86.283852
2.805571 86.277451
2.750554 86.271011
2.695537 86.264534
2.640520 86.258018
2.585504 86.251465
2.530487 86.244873
2.475470 86.238243
2.420453 86.231575
2.365437 86.224869
2.310420 86.218124
2.255403 86.211342
2.200387 86.204521
2.145371 86.197662
2.090355 86.190765
2.035340 86.183830
1.980324 86.176857
1.925309 86.169846
1.870294 86.162796
1.815280 86.155708
1.760266 86.148582
1.705252 86.141418
1.650239 86.134216
1.595225 86.126976
1.540213 86.119698
1.485201 86.112381
1.430189 86.105026
1.375178 86.097633
1.320167 86.090202
1.265157 86.082733
1.210148 86.075226
1.155139 86.067680
1.100131 86.060097
1.045123 86.052475
0.990116 86.044815
0.935109 86.037117
0.880104 86.029381
0.825099 86.021606
0.770095 86.013794
0.715092 86.005943
0.660089 85.998055
0.605087 85.990128
0.550086 85.982162
0.495086 85.974159
0.440087 85.966118
0.385089 85.958038
0.330092 85.949921
0.275095 85.941765
0.220100 85.933571
0.165106 85.925339
0.110112 85.917068
0.055120 85.908760
0.000129 85.900414
-0.054861 85.892029
-0.109850 85.883606
-0.164838 85.875145
-0.219824 85.866646
-0.274810 85.858109
-0.329794 85.849533
-0.384777 85.840919
-0.439759 85.832268
-0.494739 85.823578
-0.549718 85.814850
-0.604696 85.806084
-0.659672 85.797279
-0.714647 85.788437
-0.769621 85.779556
-0.824593 85.770638
-0.879564 85.761681
-0.934533 85.752686
-0.989501 85.743652
-1.044467 85.734581
-1.099432 85.725471
-1.154395 85.716324
-1.209357 85.707138
-1.264317 85.697914
-1.319275 85.688652
-1.374232 85.679352
-1.429187 85.670013
-1.484140 85.660637
-1.539092 85.651222
-1.594042 85.641769
-1.648990 85.632278
-1.703936 85.622749
-1.758880 85.613182
-1.813823 85.603577
-1.868763 85.593933
-1.923702 85.584251
-1.978639 85.574532
-2.033573 85.564774
-2.088506 85.554977
-2.143437 85.545143
-2.198366 85.535271
-2.253293 85.525360
-2.308218 85.515411
-2.363140 85.505424
-2.418061 85.495399
-2.472979 85.485336
-2.527895 85.475235
-2.582809 85.465096
-2.637721 85.454918
-2.692631 85.444702
-2.747538 85.434448
-2.802444 85.424156
-2.857346 85.413826
-2.912247 85.403458
-2.967145 85.393051
-3.022040 85.382607
-3.076934 85.372124
-3.131824 85.361603
-3.186713 85.351044
-3.241599 85.340446
-3.296483 85.329811
-3.351364 85.319138
-3.406242 85.308426
-3.461118 85.297676
-3.515991 85.286888
-3.570862 85.276062
-3.625730 85.265198
-3.680595 85.254295
-3.735458 85.243355
-3.790318 85.232376
-3.845176 85.221359
-3.900030 85.210304
-3.954882 85.199211
-4.009731 85.188080
-4.064578 85.176910
-4.119421 85.165703
-4.174262 85.154457
-4.229099 85.143173
-4.283934 85.131851
-4.338766 85.120491
-4.393595 85.109093
-4.448421 85.097656
-4.503245 85.086182
-4.558065 85.074669
-4.612883 85.063118
-4.667698 85.051529
-4.722509 85.039902
-4.777318 85.028236
-4.832122 85.016533
-4.886924 85.004791
-4.941722 84.993011
-4.996517 84.981194
-5.051308 84.969337
-5.106096 84.957443
-5.160881 84.945511
-5.215662 84.933540
-5.270441 84.921532
-5.325215 84.909485
-5.379987 84.897400
-5.434755 84.885277
-5.489520 84.873116
-5.544281 84.860916
-5.599039 84.848679
-5.653794 84.836403
-5.708545 84.824089
-5.763293 84.811737
-5.818038 84.799347
-5.872778 84.786919
-5.927515 84.774452
-5.982247 84.761948
-6.036976 84.749405
-6.091702 84.736824
-6.146423 84.724205
-6.201140 84.711548
-6.255854 84.698853
-6.310564 84.686119
-6.365270 84.673347
-6.419972 84.660538
-6.474671 84.647690
-6.529366 84.634804
-6.584056 84.621880
-6.638743 84.608917
-6.693427 84.595917
-6.748106 84.582878
-6.802782 84.569801
-6.857453 84.556686
-6.912120 84.543533
-6.966783 84.530342
-7.021441 84.517113
-7.076095 84.503845
-7.130745 84.490540
-7.185390 84.477196
-7.240032 84.463814
-7.294669 84.450394
-7.349301 84.436935
-7.403930 84.423439
-7.458554 84.409904
-7.513174 84.396332
-7.567789 84.382721
-7.622400 84.369072
-7.677007 84.355385
-7.731610 84.341660
-7.786208 84.327896
-7.840802 84.314095
-7.895391 84.300255
-7.949976 84.286377
-8.004556 84.272461
-8.059131 84.258507
-8.113701 84.244514
-8.168266 84.230484
-8.222827 84.216415
-8.277383 84.202309
-8.331934 84.188164
-8.386480 84.173981
-8.441022 84.159760
-8.495559 84.145500
-8.550091 84.131203
-8.604618 84.116867
-8.659141 84.102493
-8.713658 84.088081
-8.768171 84.073631
-8.822680 84.059143
-8.877183 84.044617
-8.931682 84.030052
-8.986176 84.015450
-9.040665 84.000809
-9.095149 83.986130
-9.149629 83.971413
-9.204103 83.956657
-9.258574 83.941864
-9.313039 83.927032
-9.367499 83.912163
-9.421955 83.897255
-9.476405 83.882309
-9.530849 83.867325
-9.585288 83.852303
-9.639721 83.837242
-9.694148 83.822144
-9.748569 83.807007
-9.802985 83.791832
-9.857395 83.776619
-9.911799 83.761368
-9.966198 83.746078
-10.020591 83.730751
-10.074978 83.715385
-10.129359 83.699982
-10.183735 83.684540
-10.238105 83.669060
-10.292469 83.653542
-10.346828 83.637985
-10.401180 83.622391
-10.455527 83.606758
-10.509869 83.591087
-10.564204 83.575378
-10.618534 83.559631
-10.672858 83.543846
-10.727177 83.528023
-10.781489 83.512161
-10.835796 83.496262
-10.890098 83.480324
-10.944393 83.464348
-10.998683 83.448334
-11.052967 83.432281
-11.107245 83.416191
-11.161518 83.400063
-11.215785 83.383896
-11.270046 83.367691
-11.324302 83.351448
-11.378551 83.335167
-11.432796 83.318848
-11.487033 83.302490
-11.541264 83.286095
-11.595488 83.269661
-11.649705 83.253189
-11.703916 83.236679
-11.758120 83.220131
-11.812317 83.203545
-11.866508 83.186920
-11.920691 83.170258
-11.974869 83.153557
-12.029039 83.136818
-12.083203 83.120041
-12.137361 83.103226
-12.191511 83.086372
-12.245655 83.069481
-12.299792 83.052551
-12.353923 83.035583
-12.408047 83.018578
-12.462164 83.001534
-12.516274 82.984451
-12.570378 82.967331
-12.624475 82.950172
-12.678566 82.932976
-12.732650 82.915741
-12.786727 82.898468
-12.840797 82.881157
-12.894861 82.863808
-12.948918 82.846420
-13.002969 82.828995
-13.057013 82.811531
-13.111050 82.794029
-13.165080 82.776489
-13.219104 82.758911
-13.273121 82.741295
-13.327131 82.723640
-13.381135 82.705948
-13.435132 82.688217
-13.489121 82.670448
-13.543103 82.652641
-13.597077 82.634796
-13.651044 82.616913
-13.705003 82.598991
-13.758954 82.581032
-13.812898 82.563034
-13.866834 82.544998
-13.920762 82.526924
-13.974683 82.508812
-14.028596 82.490662
-14.082501 82.472473
-14.136399 82.454247
-14.190289 82.435982
-14.244172 82.417679
-14.298047 82.399338
-14.351914 82.380959
-14.405774 82.362541
-14.459626 82.344086
-14.513471 82.325592
-14.567307 82.307060
-14.621137 82.288490
-14.674958 82.269882
-14.728772 82.251236
-14.782578 82.232552
-14.836377 82.213829
-14.890168 82.195068
-14.943952 82.176270
-14.997727 82.157433
-15.051496 82.138557
-15.105256 82.119644
-15.159009 82.100693
-15.212754 82.081703
-15.266492 82.062675
-15.320222 82.043610
-15.373944 82.024506
-15.427658 82.005363
-15.481363 81.986183
-15.535060 81.966965
-15.588748 81.947708
-15.642427 81.928413
-15.696098 81.909081
-15.749761 81.889709
-15.803414 81.870300
-15.857059 81.850853
-15.910696 81.831367
-15.964324 81.811844
-16.017944 81.792282
-16.071556 81.772682
-16.125160 81.753044
-16.178757 81.733368
-16.232346 81.713654
-16.285927 81.693901
-16.339500 81.674110
-16.393064 81.654282
-16.446619 81.634415
-16.500164 81.614510
-16.553699 81.594566
-16.607225 81.574585
-16.660742 81.554565
-16.714249 81.534508
-16.767746 81.514412
-16.821234 81.494278
-16.874712 81.474106
-16.928181 81.453896
-16.981640 81.433647
-17.035089 81.413361
-17.088530 81.393036
-17.141960 81.372673
-17.195381 81.352272
-17.248793 81.331833
-17.302195 81.311356
-17.355587 81.290840
-17.408970 81.270287
-17.462343 81.249695
-17.515707 81.229065
-17.569061 81.208397
-17.622406 81.187691
-17.675741 81.166946
-17.729067 81.146164
-17.782383 81.125343
-17.835690 81.104485
-17.888987 81.083588
-17.942274 81.062653
-17.995552 81.041679
-18.048820 81.020668
-18.102079 80.999619
-18.155329 80.978531
-18.208569 80.957405
-18.261799 80.936241
-18.315020 80.915039
-18.368231 80.893799
-18.421432 80.872520
-18.474625 80.851204
-18.527807 80.829849
-18.580980 80.808456
-18.634144 80.787025
-18.687298 80.765556
-18.740442 80.744049
-18.793577 80.722504
-18.846703 80.700920
-18.899818 80.679298
-18.952925 80.657639
-19.006021 80.635941
-19.059109 80.614204
-19.112186 80.592430
-19.165255 80.570618
-19.218313 80.548767
-19.271362 80.526878
-19.324402 80.504951
-19.377432 80.482986
-19.430452 80.460983
-19.483463 80.438942
-19.536465 80.416862
-19.589457 80.394745
-19.642439 80.372589
-19.695412 80.350395
-19.748375 80.328163
-19.801329 80.305893
-19.854273 80.283585
-19.907207 80.261238
-19.960133 80.238853
-20.013048 80.216431
-20.065954 80.193970
-20.118851 80.171471
-20.171736 80.148933
-20.224609 80.126358
-20.277472 80.103745
-20.330322 80.081093
-20.383162 80.058403
-20.435989 80.035675
-20.488806 80.012909
-20.541611 79.990105
-20.594404 79.967262
-20.647186 79.944382
-20.699957 79.921463
-20.752716 79.898506
-20.805464 79.875511
-20.858200 79.852478
-20.910925 79.829407
-20.963638 79.806297
-21.016340 79.783150
-21.069031 79.759964
-21.121710 79.736740
-21.174377 79.713478
-21.227034 79.690178
-21.279678 79.666840
-21.332312 79.643463
-21.384933 79.620049
-21.437544 79.596596
-21.490143 79.573105
-21.542730 79.549576
-21.595306 79.526009
-21.647871 79.502403
-21.700424 79.478760
-21.752966 79.455078
-21.805496 79.431358
-21.858015 79.407600
-21.910522 79.383804
-21.963018 79.359970
-22.015503 79.336098
-22.067976 79.312187
-22.120438 79.288239
-22.172888 79.264252
-22.225327 79.240227
-22.277754 79.216164
-22.330170 79.192062
-22.382574 79.167923
-22.434967 79.143745
-22.487349 79.119530
-22.539719 79.095276
-22.592077 79.070984
-22.644424 79.046654
-22.696760 79.022285
-22.749084 78.997879
-22.801397 78.973434
-22.853699 78.948952
-22.905989 78.924431
-22.958267 78.899872
-23.010534 78.875275
-23.062790 78.850639
-23.115034 78.825966
-23.167267 78.801254
-23.219488 78.776505
-23.271698 78.751717
-23.323896 78.726891
-23.376083 78.702026
-23.428259 78.677124
-23.480423 78.652184
-23.532576 78.627205
-23.584717 78.602188
-23.636847 78.577133
-23.688965 78.552040
-23.741070 78.526909
-23.793161 78.501740
-23.845240 78.476532
-23.897305 78.451286
-23.949356 78.426003
-24.001394 78.400681
-24.053419 78.375320
-24.105431 78.349922
-24.157429 78.324486
-24.209414 78.299011
-24.261385 78.273499
-24.313343 78.247948
-24.365288 78.222359
-24.417219 78.196732
-24.469137 78.171066
-24.521042 78.145363
-24.572933 78.119621
-24.624811 78.093842
-24.676676 78.068024
-24.728527 78.042168
-24.780365 78.016273
-24.832190 77.990341
-24.884001 77.964371
-24.935799 77.938362
-24.987583 77.912315
-25.039354 77.886230
-25.091112 77.860107
-25.142857 77.833946
-25.194588 77.807747
-25.246305 77.781509
-25.298010 77.755234
-25.349701 77.728920
-25.401379 77.702568
-25.453043 77.676178
-25.504694 77.649750
-25.556332 77.623283
-25.607956 77.596779
-25.659567 77.570236
-25.711164 77.543655
-25.762749 77.517036
-25.814320 77.490379
-25.865877 77.463684
-25.917421 77.436951
-25.968952 77.410179
-26.020470 77.383369
-26.071974 77.356522
-26.123465 77.329636
-26.174942 77.302711
-26.226406 77.275749
-26.277857 77.248749
-26.329294 77.221710
-26.380718 77.194633
-26.432129 77.167519
-26.483526 77.140366
-26.534910 77.113174
-26.586281 77.085945
-26.637638 77.058678
-26.688982 77.031372
-26.740313 77.004028
-26.791630 76.976646
-26.842934 76.949226
-26.894224 76.921768
-26.945501 76.894272
-26.996765 76.866737
-27.048016 76.839165
-27.099253 76.811554
-27.150476 76.783905
-27.201685 76.756218
-27.252878 76.728493
-27.304056 76.700729
-27.355219 76.672928
-27.406366 76.645088
-27.457499 76.617210
-27.508615 76.589294
-27.559717 76.561340
-27.610804 76.533348
-27.661875 76.505318
-27.712931 76.477249
-27.763971 76.449142
-27.814997 76.420998
-27.866007 76.392815
-27.917002 76.364594
-27.967981 76.336334
-28.018946 76.308037
-28.069895 76.279701
-28.120829 76.251328
-28.171747 76.222916
-28.222651 76.194466
-28.273539 76.165977
-28.324411 76.137451
-28.375269 76.108887
-28.426111 76.080284
-28.476938 76.051643
-28.527750 76.022964
-28.578547 75.994247
-28.629328 75.965492
-28.680094 75.936699
-28.730844 75.907867
-28.781580 75.878998
-28.832300 75.850090
-28.883005 75.821144
-28.933695 75.792160
-28.984369 75.763138
-29.035028 75.734077
-29.085672 75.704979
-29.136301 75.675842
-29.186914 75.646667
-29.237513 75.617455
-29.288095 75.588203
-29.338663 75.558914
-29.389215 75.529587
-29.439753 75.500221
-29.490274 75.470818
-29.540781 75.441376
-29.591272 75.411896
-29.641748 75.382378
-29.692209 75.352821
-29.742655 75.323227
-29.793085 75.293594
-29.843500 75.263924
-29.893900 75.234215
-29.944284 75.204468
-29.994654 75.174683
-30.045008 75.144859
-30.095346 75.114998
-30.145670 75.085098
-30.195978 75.055161
-30.246271 75.025185
-30.296549 74.995171
-30.346811 74.965118
-30.397058 74.935028
-30.447290 74.904900
-30.497505 74.874733
-30.547703 74.844528
-30.597883 74.814285
-30.648046 74.784004
-30.698193 74.753685
-30.748322 74.723328
-30.798433 74.692932
-30.848528 74.662498
-30.898605 74.632027
-30.948666 74.601517
-30.998709 74.570969
-31.048735 74.540382
-31.098743 74.509758
-31.148735 74.479095
-31.198709 74.448395
-31.248667 74.417656
-31.298607 74.386879
-31.348530 74.356064
-31.398436 74.325211
-31.448324 74.294319
-31.498196 74.263390
-31.548050 74.232422
-31.597887 74.201416
-31.647707 74.170372
-31.697510 74.139290
-31.747295 74.108170
-31.797064 74.077011
-31.846815 74.045815
-31.896549 74.014580
-31.946266 73.983307
-31.995966 73.951996
-32.045650 73.920647
-32.095318 73.889259
-32.144966 73.857834
-32.194595 73.826370
-32.244205 73.794868
-32.293797 73.763329
-32.343369 73.731750
-32.392921 73.700134
-32.442455 73.668480
-32.491970 73.636787
-32.541466 73.605057
-32.590942 73.573288
-32.640400 73.541481
-32.689838 73.509636
-32.739258 73.477753
-32.788658 73.445831
-32.838039 73.413872
-32.887402 73.381874
-32.936745 73.349838
-32.986069 73.317764
-33.035374 73.285652
-33.084660 73.253502
-33.133926 73.221313
-33.183174 73.189087
-33.232403 73.156822
-33.281612 73.124519
-33.330803 73.092178
-33.379974 73.059799
-33.429127 73.027382
-33.478260 72.994926
-33.527374 72.962433
-33.576469 72.929901
-33.625546 72.897331
-33.674603 72.864723
-33.723640 72.832077
-33.772659 72.799393
-33.821659 72.766670
-33.870640 72.733910
-33.919601 72.701111
-33.968544 72.668274
-34.017467 72.635399
-34.066372 72.602486
-34.115257 72.569534
-34.164124 72.536545
-34.212971 72.503517
-34.261799 72.470451
-34.310608 72.437347
-34.359398 72.404205
-34.408169 72.371025
-34.456921 72.337807
-34.505653 72.304550
-34.554367 72.271255
-34.603062 72.237923
-34.651737 72.204552
-34.700394 72.171143
-34.749031 72.137695
-34.797649 72.104210
-34.846249 72.070686
-34.894829 72.037125
-34.943390 72.003525
-34.991932 71.969887
-35.040455 71.936211
-35.088959 71.902496
-35.137444 71.868744
-35.185909 71.834953
-35.234356 71.801125
-35.282784 71.767258
-35.331192 71.733353
-35.379581 71.699409
-35.427952 71.665428
-35.476303 71.631409
-35.524635 71.597351
-35.572948 71.563255
-35.621243 71.529121
-35.669518 71.494949
-35.717773 71.460739
-35.766010 71.426491
-35.814228 71.392204
-35.862427 71.357880
-35.910606 71.323517
-35.958767 71.289116
-36.006908 71.254677
-36.055031 71.220200
-36.103134 71.185684
-36.151218 71.151131
-36.199284 71.116539
-36.247330 71.081909
-36.295357 71.047241
-36.343365 71.012535
-36.391354 70.977791
-36.439323 70.943008
-36.487274 70.908188
-36.535206 70.873329
-36.583118 70.838432
-36.631012 70.803497
-36.678886 70.768524
-36.726742 70.733513
-36.774578 70.698463
-36.822395 70.663376
-36.870193 70.628250
-36.917973 70.593086
-36.965733 70.557884
-37.013474 70.522644
-37.061195 70.487366
-37.108898 70.452049
-37.156582 70.416695
-37.204247 70.381302
-37.251892 70.345871
-37.299519 70.310402
-37.347126 70.274895
-37.394714 70.239349
-37.442284 70.203766
-37.489834 70.168144
-37.537365 70.132484
-37.584877 70.096786
-37.632370 70.061050
-37.679844 70.025276
-37.727299 69.989464
-37.774734 69.953613
-37.822151 69.917725
-37.869549 69.881798
-37.916927 69.845833
-37.964287 69.809830
-38.011627 69.773788
-38.058949 69.737709
-38.106251 69.701591
-38.153530 69.665436
-38.200787 69.629242
-38.248020 69.593010
-38.295231 69.556740
-38.342419 69.520432
-38.389584 69.484085
-38.436726 69.447701
-38.483845 69.411278
-38.530941 69.374817
-38.578014 69.338318
-38.625065 69.301781
-38.672092 69.265205
-38.719097 69.228592
-38.766079 69.191940
-38.813038 69.155251
-38.859974 69.118523
-38.906887 69.081757
-38.953777 69.044952
-39.000645 69.008110
-39.047489 68.971230
-39.094311 68.934311
-39.141109 68.897354
-39.187885 68.860359
-39.234638 68.823326
-39.281368 68.786255
-39.328075 68.749146
-39.374760 68.711998
-39.421421 68.674812
-39.468060 68.637589
-39.514675 68.600327
-39.561268 68.563026
-39.607838 68.525688
-39.654385 68.488312
-39.700909 68.450897
-39.747410 68.413445
-39.793888 68.375954
-39.840343 68.338425
-39.886776 68.300858
-39.933186 68.263252
-39.979572 68.225609
-40.025936 68.187927
-40.072277 68.150208
-40.118595 68.112450
-40.164890 68.074654
-40.211163 68.036819
-40.257412 67.998947
-40.303638 67.961037
-40.349842 67.923088
-40.396023 67.885101
-40.442181 67.847076
-40.488316 67.809013
-40.534428 67.770912
-40.580517 67.732773
-40.626583 67.694595
-40.672626 67.656380
-40.718647 67.618126
-40.764645 67.579834
-40.810619 67.541504
-40.856571 67.503136
-40.902500 67.464729
-40.948406 67.426285
-40.994289 67.387802
-41.040150 67.349281
-41.085987 67.310722
-41.131802 67.272125
-41.177593 67.233490
-41.223362 67.194817
-41.269108 67.156105
-41.314831 67.117355
-41.360531 67.078568
-41.406208 67.039742
-41.451862 67.000877
-41.497494 66.961975
-41.543102 66.923035
-41.588688 66.884056
-41.634251 66.845039
-41.679790 66.805984
-41.725307 66.766891
-41.770802 66.727760
-41.816273 66.688591
-41.861721 66.649384
-41.907146 66.610138
-41.952549 66.570854
-41.997929 66.531532
-42.043285 66.492172
-42.088619 66.452774
-42.133930 66.413338
-42.179218 66.373863
-42.224483 66.334351
-42.269726 66.294800
-42.314945 66.255211
-42.360142 66.215584
-42.405315 66.175919
-42.450466 66.136215
-42.495594 66.096474
-42.540699 66.056694
-42.585781 66.016876
-42.630840 65.977020
-42.675877 65.937126
-42.720890 65.897194
-42.765881 65.857224
-42.810848 65.817215
-42.855793 65.777168
-42.900715 65.737083
-42.945614 65.696960
-42.990490 65.656799
-43.035343 65.616600
-43.080173 65.576363
-43.124981 65.536087
-43.169765 65.495773
-43.214527 65.455421
-43.259266 65.415031
-43.303982 65.374603
-43.348675 65.334137
-43.393345 65.293633
-43.437992 65.253090
-43.482616 65.212509
-43.527218 65.171890
-43.571796 65.131233
-43.616352 65.090538
-43.660885 65.049805
-43.705395 65.009033
-43.749878 64.968224
-43.794334 64.927376
-43.838764 64.886490
-43.883167 64.845566
-43.927544 64.804604
-43.971893 64.763603
-44.016216 64.722565
-44.060513 64.681488
-44.104782 64.640373
-44.149025 64.599220
-44.193241 64.558029
-44.237431 64.516800
-44.281593 64.475533
-44.325729 64.434227
-44.369839 64.392883
-44.413921 64.351501
-44.457977 64.310081
-44.502007 64.268623
-44.546009 64.227127
-44.589985 64.185593
-44.633934 64.144020
-44.677856 64.102409
-44.721752 64.060760
-44.765621 64.019073
-44.809464 63.977352
-44.853279 63.935596
-44.897068 63.893806
-44.940830 63.851982
-44.984566 63.810123
-45.028275 63.768230
-45.071957 63.726303
-45.115612 63.684341
-45.159241 63.642345
-45.202843 63.600315
-45.246418 63.558250
-45.289967 63.516151
-45.333488 63.474018
-45.376984 63.431850
-45.420452 63.389648
-45.463894 63.347412
-45.507309 63.305141
-45.550697 63.262836
-45.594059 63.220497
-45.637394 63.178123
-45.680702 63.135715
-45.723984 63.093273
-45.767239 63.050797
-45.810467 63.008286
-45.853668 62.965740
-45.896843 62.923161
-45.939991 62.880547
-45.983112 62.837898
-46.026207 62.795216
-46.069275 62.752499
-46.112316 62.709747
-46.155331 62.666962
-46.198318 62.624142
-46.241280 62.581287
-46.284214 62.538399
-46.327122 62.495476
-46.370003 62.452518
-46.412857 62.409527
-46.455685 62.366501
-46.498486 62.323441
-46.541260 62.280346
-46.584007 62.237217
-46.626728 62.194054
-46.669422 62.150856
-46.712090 62.107624
-46.754730 62.064358
-46.797344 62.021057
-46.839931 61.977722
-46.882492 61.934353
-46.925026 61.890949
-46.967533 61.847511
-47.010014 61.804039
-47.052467 61.760532
-47.094894 61.716991
-47.137295 61.673416
-47.179668 61.629807
-47.222015 61.586163
-47.264336 61.542484
-47.306629 61.498772
-47.348896 61.455025
-47.391136 61.411243
-47.433350 61.367428
-47.475536 61.323578
-47.517696 61.279694
-47.559830 61.235775
-47.601936 61.191822
-47.644016 61.147835
-47.686069 61.103813
-47.728096 61.059757
-47.770096 61.015667
-47.812069 60.971542
-47.854015 60.927383
-47.895935 60.883190
-47.937828 60.838963
-47.979694 60.794701
-48.021534 60.750404
-48.063347 60.706074
-48.105133 60.661709
-48.146893 60.617310
-48.188625 60.572876
-48.230331 60.528408
-48.272011 60.483906
-48.313663 60.439369
-48.355289 60.394798
-48.396889 60.350193
-48.438461 60.305553
-48.480007 60.260880
-48.521526 60.216171
-48.563019 60.171429
-48.604485 60.126652
-48.645924 60.081841
-48.687336 60.036995
-48.728722 59.992115
-48.770081 59.947201
-48.811413 59.902252
-48.852718 59.857269
-48.893993 59.812252
-48.935238 59.767200
-48.976452 59.722115
-49.017635 59.676994
-49.058788 59.631840
-49.099911 59.586651
-49.141003 59.541428
-49.182064 59.496170
-49.223095 59.450878
-49.264095 59.405552
-49.305065 59.360191
-49.346004 59.314796
-49.386913 59.269367
-49.427792 59.223904
-49.468639 59.178406
-49.509457 59.132874
-49.550243 59.087307
-49.591000 59.041706
-49.631725 58.996071
-49.672421 58.950401
-49.713085 58.904697
-49.753719 58.858959
-49.794323 58.813187
-49.834896 58.767380
-49.875439 58.721539
-49.915951 58.675663
-49.956432 58.629753
-49.996883 58.583809
-50.037304 58.537830
-50.077694 58.491817
-50.118053 58.445770
-50.158382 58.399689
-50.198681 58.353573
-50.238949 58.307423
-50.279186 58.261238
-50.319393 58.215019
-50.359570 58.168766
-50.399715 58.122478
-50.439831 58.076157
-50.479916 58.029800
-50.519970 57.983410
-50.559994 57.936985
-50.599987 57.890526
-50.639950 57.844032
-50.679882 57.797504
-50.719784 57.750942
-50.759655 57.704346
-50.799496 57.657719
-50.839306 57.611061
-50.879086 57.564373
-50.918835 57.517654
-50.958553 57.470905
-50.998241 57.424126
-51.037899 57.377316
-51.077526 57.330475
-51.117123 57.283604
-51.156689 57.236702
-51.196224 57.189770
-51.235729 57.142807
-51.275204 57.095814
-51.314648 57.048790
-51.354061 57.001736
-51.393444 56.954651
-51.432796 56.907536
-51.472118 56.860390
-51.511410 56.813213
-51.550671 56.766006
-51.589901 56.718769
-51.629101 56.671501
-51.668270 56.624203
-51.707409 56.576874
-51.746517 56.529514
-51.785595 56.482124
-51.824642 56.434704
-51.863659 56.387253
-51.902645 56.339771
-51.941601 56.292259
-51.980526 56.244717
-52.019421 56.197144
-52.058285 56.149540
-52.097118 56.101906
-52.135921 56.054241
-52.174694 56.006546
-52.213436 55.958820
-52.252148 55.911064
-52.290829 55.863277
-52.329479 55.815460
-52.368099 55.767612
-52.406689 55.719734
-52.445248 55.671825
-52.483776 55.623886
-52.522274 55.575916
-52.560741 55.527916
-52.599178 55.479885
-52.637585 55.431824
-52.675961 55.383732
-52.714306 55.335609
-52.752621 55.287457
-52.790905 55.239273
-52.829159 55.191059
-52.867382 55.142815
-52.905575 55.094540
-52.943737 55.046234
-52.981869 54.997898
-53.019970 54.949532
-53.058041 54.901134
-53.096081 54.852707
-53.134090 54.804249
-53.172070 54.755760
-53.210018 54.707241
-53.247936 54.658691
-53.285824 54.610111
-53.323681 54.561501
-53.361507 54.512859
-53.399303 54.464188
-53.437069 54.415485
-53.474804 54.366753
-53.512508 54.317989
-53.550182 54.269196
-53.587826 54.220371
-53.625435 54.171516
-53.663010 54.122631
-53.700550 54.073715
-53.738056 54.024769
-53.775528 53.975792
-53.812965 53.926785
-53.850368 53.877747
-53.887737 53.828678
-53.925072 53.779579
-53.962372 53.730450
-53.999638 53.681290
-54.036869 53.632099
-54.074066 53.582878
-54.111229 53.533627
-54.148357 53.484344
-54.185452 53.435032
-54.222511 53.385689
-54.259537 53.336315
-54.296528 53.286911
-54.333485 53.237476
-54.370407 53.188011
-54.407295 53.138515
-54.444149 53.088989
-54.480968 53.039433
-54.517754 52.989845
-54.554504 52.940228
-54.591221 52.890579
-54.627903 52.840900
-54.664551 52.791191
-54.701164 52.741451
-54.737743 52.691681
-54.774288 52.641880
-54.810799 52.592049
-54.847275 52.542187
-54.883717 52.492294
-54.920124 52.442371
-54.956497 52.392418
-54.992836 52.342434
-55.029140 52.292419
-55.065411 52.242374
-55.101646 52.192299
-55.137848 52.142193
-55.174015 52.092056
-55.210148 52.041889
-55.246246 51.991692
-55.282310 51.941463
-55.318340 51.891205
-55.354336 51.840916
-55.390297 51.790596
-55.426224 51.740246
-55.462116 51.689865
-55.497974 51.639454
-55.533798 51.589012
-55.569588 51.538540
-55.605343 51.488037
-55.641064 51.437504
-55.676750 51.386940
-55.712402 51.336346
-55.748020 51.285721
-55.783604 51.235065
-55.819153 51.184380
-55.854668 51.133663
-55.890148 51.082916
-55.925594 51.032139
-55.961006 50.981331
-55.996384 50.930492
-56.031727 50.879623
-56.067036 50.828724
-56.102310 50.777794
-56.137550 50.726833
-56.172756 50.675842
-56.207928 50.624821
-56.243065 50.573769
-56.278168 50.522686
-56.313236 50.471573
-56.348270 50.420429
-56.383270 50.369255
-56.418236 50.318050
-56.453167 50.266815
-56.488064 50.215549
-56.522926 50.164253
-56.557755 50.112926
-56.592548 50.061569
-56.627308 50.010181
-56.662033 49.958763
-56.696724 49.907314
-56.731380 49.855835
-56.766003 49.804325
-56.800591 49.752785
-56.835144 49.701214
-56.869663 49.649612
-56.904148 49.597980
-56.938599 49.546318
-56.973015 49.494625
-57.007397 49.442902
-57.041744 49.391148
-57.076057 49.339363
-57.110336 49.287548
-57.144581 49.235703
-57.178791 49.183826
-57.212967 49.131920
-57.247108 49.079983
-57.281216 49.028015
-57.315289 48.976017
-57.349327 48.923988
-57.383331 48.871929
-57.417301 48.819839
-57.451237 48.767719
-57.485138 48.715569
-57.519005 48.663387
-57.552837 48.611176
-57.586636 48.558933
-57.620399 48.506660
-57.654129 48.454357
-57.687824 48.402023
-57.721485 48.349663
-57.755112 48.297276
-57.788704 48.244862
-57.822262 48.192421
-57.855785 48.139954
-57.889275 48.087460
-57.922729 48.034939
-57.956150 47.982391
-57.989532 47.929817
-58.022877 47.877216
-58.056183 47.824589
-58.089451 47.771935
-58.122681 47.719254
-58.155872 47.666546
-58.189026 47.613811
-58.222141 47.561050
-58.255219 47.508263
-58.288258 47.455448
-58.321259 47.402607
-58.354221 47.349739
-58.387146 47.296844
-58.420033 47.243923
-58.452881 47.190975
-58.485691 47.138000
-58.518463 47.084999
-58.551197 47.031971
-58.583893 46.978916
-58.616550 46.925835
-58.649170 46.872726
-58.681751 46.819592
-58.714294 46.766430
-58.746799 46.713242
-58.779266 46.660027
-58.811695 46.606785
-58.844086 46.553516
-58.876438 46.500221
-58.908752 46.446899
-58.941029 46.393551
-58.973267 46.340176
-59.005466 46.286774
-59.037628 46.233345
-59.069752 46.179890
-59.101837 46.126408
-59.133884 46.072899
-59.165894 46.019363
-59.197865 45.965801
-59.229797 45.912212
-59.261692 45.858597
-59.293549 45.804955
-59.325367 45.751286
-59.357147 45.697590
-59.388889 45.643867
-59.420593 45.590118
-59.452259 45.536343
-59.483887 45.482540
-59.515476 45.428711
-59.547028 45.374855
-59.578541 45.320972
-59.610016 45.267063
-59.641453 45.213127
-59.672852 45.159164
-59.704212 45.105175
-59.735535 45.051159
-59.766819 44.997116
-59.798065 44.943047
-59.829273 44.888950
-59.860443 44.834827
-59.891575 44.780678
-59.922668 44.726501
-59.953724 44.672298
-59.984741 44.618069
-60.015720 44.563812
-60.046661 44.509529
-60.077564 44.455219
-60.108429 44.400883
-60.139256 44.346519
-60.170044 44.292130
-60.200794 44.237713
-60.231506 44.183270
-60.262180 44.128799
-60.292816 44.074303
-60.323414 44.019779
-60.353973 43.965229
-60.384495 43.910652
-60.414978 43.856049
-60.445423 43.801418
-60.475830 43.746761
-60.506199 43.692078
-60.536530 43.637367
-60.566822 43.582630
-60.597076 43.527866
-60.627293 43.473076
-60.657471 43.418259
-60.687611 43.363415
-60.717712 43.308544
-60.747776 43.253647
-60.777802 43.198723
-60.807789 43.143772
-60.837738 43.088795
-60.867649 43.033791
-60.897522 42.978760
-60.927357 42.923702
-60.957153 42.868618
-60.986912 42.813507
-61.016632 42.758369
-61.046314 42.703205
-61.075958 42.648014
-61.105564 42.592796
-61.135132 42.537552
-61.164661 42.482281
-61.194153 42.426983
-61.223606 42.371658
-61.253021 42.316307
-61.282398 42.260929
-61.311737 42.205524
-61.341038 42.150093
-61.370300 42.094635
-61.399525 42.039150
-61.428711 41.983639
-61.457859 41.928101
-61.486969 41.872536
-61.516041 41.816944
-61.545074 41.761326
-61.574070 41.705681
-61.603027 41.650009
-61.631947 41.594311
-61.660828 41.538586
-61.689671 41.482834
-61.718475 41.427055
-61.747242 41.371250
-61.775970 41.315418
-61.804661 41.259560
-61.833313 41.203674
-61.861927 41.147762
-61.890503 41.091824
-61.919041 41.035858
-61.947540 40.979866
-61.976002 40.923847
-62.004421 40.867802
-62.032799 40.811729
-62.061134 40.755630
-62.089428 40.699505
-62.117680 40.643353
-62.145889 40.587173
-62.174057 40.530972
-62.202183 40.474747
-62.230267 40.418499
-62.258308 40.362228
-62.286308 40.305935
-62.314266 40.249619
-62.342182 40.193279
-62.370056 40.136917
-62.397888 40.080532
-62.425678 40.024124
-62.453426 39.967693
-62.481133 39.911240
-62.508797 39.854763
-62.536419 39.798264
-62.563999 39.741741
-62.591537 39.685196
-62.619034 39.628628
-62.646488 39.572037
-62.673901 39.515423
-62.701271 39.458786
-62.728600 39.402126
-62.755886 39.345444
-62.783131 39.288738
-62.810333 39.232010
-62.837494 39.175259
-62.864613 39.118484
-62.891689 39.061687
-62.918724 39.004868
-62.945717 38.948025
-62.972668 38.891159
-62.999577 38.834270
-63.026443 38.777359
-63.053268 38.720425
-63.080051 38.663467
-63.106792 38.606487
-63.133492 38.549484
-63.160149 38.492458
-63.186764 38.435410
-63.213337 38.378338
-63.239868 38.321243
-63.266357 38.264126
-63.292805 38.206985
-63.319210 38.149822
-63.345573 38.092636
-63.371895 38.035427
-63.398174 37.978195
-63.424412 37.920940
-63.450607 37.863663
-63.476761 37.806362
-63.502872 37.749039
-63.528942 37.691692
-63.554970 37.634323
-63.580956 37.576931
-63.606899 37.519516
-63.632801 37.462078
-63.658661 37.404617
-63.684479 37.347134
-63.710255 37.289627
-63.735989 37.232098
-63.761681 37.174545
-63.787331 37.116970
-63.812939 37.059372
-63.838505 37.001751
-63.864029 36.944107
-63.889511 36.886440
-63.914951 36.828751
-63.940350 36.771038
-63.965706 36.713303
-63.991020 36.655544
-64.016289 36.597763
-64.041512 36.539959
-64.066689 36.482132
-64.091820 36.424282
-64.116905 36.366409
-64.141945 36.308514
-64.166939 36.250595
-64.191887 36.192654
-64.216789 36.134689
-64.241646 36.076702
-64.266457 36.018692
-64.291222 35.960659
-64.315941 35.902603
-64.340614 35.844524
-64.365242 35.786423
-64.389824 35.728298
-64.414360 35.670151
-64.438850 35.611980
-64.463295 35.553787
-64.487694 35.495571
-64.512047 35.437332
-64.536354 35.379070
-64.560616 35.320786
-64.584831 35.262478
-64.609001 35.204147
-64.633125 35.145794
-64.657204 35.087418
-64.681236 35.029018
-64.705223 34.970596
-64.729164 34.912151
-64.753059 34.853683
-64.776909 34.795193
-64.800713 34.736679
-64.824471 34.678143
-64.848183 34.619583
-64.871849 34.561001
-64.895470 34.502396
-64.919044 34.443768
-64.942574 34.385117
-64.966057 34.326443
-64.989494 34.267746
-65.012886 34.209026
-65.036232 34.150284
-65.059532 34.091518
-65.082787 34.032730
-65.105995 33.973919
-65.129158 33.915085
-65.152275 33.856228
-65.175346 33.797348
-65.198372 33.738445
-65.221352 33.679520
-65.244286 33.620571
-65.267174 33.561600
-65.290016 33.502609
-65.312813 33.443600
-65.335564 33.384571
-65.358269 33.325523
-65.380928 33.266457
-65.403542 33.207371
-65.426109 33.148266
-65.448631 33.089142
-65.471107 33.029999
-65.493538 32.970837
-65.515923 32.911655
-65.538261 32.852455
-65.560555 32.793236
-65.582802 32.733997
-65.605003 32.674740
-65.627159 32.615463
-65.649269 32.556168
-65.671333 32.496853
-65.693352 32.437519
-65.715324 32.378166
-65.737251 32.318794
-65.759132 32.259403
-65.780968 32.199993
-65.802757 32.140564
-65.824501 32.081116
-65.846199 32.021648
-65.867851 31.962160
-65.889458 31.902651
-65.911018 31.843122
-65.932533 31.783575
-65.954002 31.724009
-65.975426 31.664423
-65.996803 31.604818
-66.018135 31.545195
-66.039421 31.485552
-66.060661 31.425890
-66.081856 31.366209
-66.103004 31.306509
-66.124107 31.246790
-66.145164 31.187052
-66.166176 31.127295
-66.187141 31.067518
-66.208061 31.007723
-66.228935 30.947908
-66.249763 30.888075
-66.270546 30.828222
-66.291283 30.768351
-66.311974 30.708460
-66.332619 30.648550
-66.353218 30.588621
-66.373772 30.528673
-66.394279 30.468706
-66.414742 30.408720
-66.435158 30.348715
-66.455528 30.288691
-66.475853 30.228647
-66.496132 30.168585
-66.516365 30.108503
-66.536552 30.048403
-66.556694 29.988283
-66.576790 29.928144
-66.596840 29.867987
-66.616844 29.807810
-66.636803 29.747614
-66.656715 29.687399
-66.676582 29.627165
-66.696404 29.566912
-66.716179 29.506639
-66.735909 29.446348
-66.755592 29.386038
-66.775230 29.325708
-66.794823 29.265360
-66.814369 29.204992
-66.833870 29.144606
-66.853325 29.084200
-66.872734 29.023775
-66.892097 28.963331
-66.911415 28.902868
-66.930687 28.842386
-66.949913 28.781885
-66.969093 28.721365
-66.988228 28.660826
-67.007317 28.600269
-67.026360 28.539696
-67.045357 28.479105
-67.064308 28.418497
-67.083214 28.357872
-67.102074 28.297230
-67.120888 28.236570
-67.139656 28.175894
-67.158379 28.115200
-67.177055 28.054489
-67.195686 27.993761
-67.214272 27.933016
-67.232811 27.872253
-67.251305 27.811474
-67.269753 27.750677
-67.288155 27.689863
-67.306511 27.629032
-67.324821 27.568184
-67.343086 27.507318
-67.361305 27.446436
-67.379478 27.385536
-67.397606 27.324619
-67.415688 27.263685
-67.433723 27.202734
-67.451714 27.141766
-67.469658 27.080780
-67.487556 27.019777
-67.505409 26.958757
-67.523216 26.897720
-67.540977 26.836666
-67.558693 26.775595
-67.576363 26.714506
-67.593987 26.653400
-67.611565 26.592278
-67.629097 26.531137
-67.646584 26.469980
-67.664024 26.408806
-67.681419 26.347614
-67.698769 26.286406
-67.716072 26.225180
-67.733330 26.163937
-67.750542 26.102676
-67.767708 26.041399
-67.784828 25.980104
-67.801903 25.918793
-67.818932 25.857464
-67.835915 25.796118
-67.852852 25.734755
-67.869743 25.673374
-67.886589 25.611977
-67.903389 25.550562
-67.920143 25.489132
-67.936852 25.427687
-67.953514 25.366226
-67.970131 25.304750
-67.986702 25.243259
-68.003227 25.181753
-68.019707 25.120232
-68.036140 25.058695
-68.052528 24.997143
-68.068871 24.935575
-68.085167 24.873993
-68.101418 24.812395
-68.117622 24.750782
-68.133781 24.689154
-68.149895 24.627510
-68.165962 24.565851
-68.181984 24.504177
-68.197960 24.442488
-68.213890 24.380783
-68.229774 24.319063
-68.245613 24.257328
-68.261406 24.195578
-68.277153 24.133812
-68.292854 24.072031
-68.308510 24.010235
-68.324120 23.948423
-68.339684 23.886597
-68.355202 23.824755
-68.370674 23.762897
-68.386101 23.701025
-68.401482 23.639137
-68.416817 23.577234
-68.432106 23.515316
-68.447350 23.453382
-68.462547 23.391434
-68.477699 23.329470
-68.492805 23.267490
-68.507866 23.205496
-68.522881 23.143486
-68.537849 23.081461
-68.552773 23.019421
-68.567650 22.957365
-68.582481 22.895294
-68.597267 22.833208
-68.612007 22.771107
-68.626701 22.708990
-68.641350 22.646858
-68.655952 22.584711
-68.670509 22.522549
-68.685020 22.460373
-68.699486 22.398184
-68.713905 22.335981
-68.728279 22.273766
-68.742607 22.211536
-68.756889 22.149294
-68.771126 22.087038
-68.785316 22.024769
-68.799461 21.962486
-68.813560 21.900190
-68.827614 21.837881
-68.841621 21.775558
-68.855583 21.713223
-68.869499 21.650873
-68.883369 21.588511
-68.897194 21.526134
-68.910973 21.463745
-68.924706 21.401342
-68.938393 21.338926
-68.952034 21.276497
-68.965630 21.214054
-68.979179 21.151598
-68.992683 21.089128
-69.006142 21.026646
-69.019554 20.964149
-69.032921 20.901640
-69.046242 20.839117
-69.059517 20.776581
-69.072746 20.714031
-69.085930 20.651468
-69.099068 20.588892
-69.112160 20.526302
-69.125206 20.463699
-69.138206 20.401083
-69.151161 20.338453
-69.164070 20.275810
-69.176933 20.213154
-69.189751 20.150484
-69.202522 20.087801
-69.215248 20.025105
-69.227928 19.962395
-69.240562 19.899672
-69.253151 19.836935
-69.265694 19.774185
-69.278191 19.711422
-69.290642 19.648645
-69.303047 19.585855
-69.315407 19.523054
-69.327721 19.460241
-69.339989 19.397417
-69.352211 19.334581
-69.364388 19.271734
-69.376518 19.208876
-69.388603 19.146006
-69.400642 19.083124
-69.412636 19.020231
-69.424583 18.957327
-69.436485 18.894411
-69.448341 18.831484
-69.460152 18.768545
-69.471916 18.705595
-69.483635 18.642633
-69.495308 18.579660
-69.506935 18.516676
-69.518517 18.453680
-69.530052 18.390673
-69.541542 18.327654
-69.552986 18.264624
-69.564384 18.201582
-69.575737 18.138529
-69.587044 18.075464
-69.598305 18.012388
-69.609520 17.949301
-69.620689 17.886202
-69.631813 17.823092
-69.642891 17.759970
-69.653923 17.696836
-69.664909 17.633692
-69.675850 17.570536
-69.686745 17.507368
-69.697594 17.444189
-69.708397 17.380999
-69.719154 17.317797
-69.729866 17.254583
-69.740532 17.191359
-69.751152 17.128122
-69.761726 17.064875
-69.772255 17.001616
-69.782738 16.938345
-69.793175 16.875063
-69.803566 16.811769
-69.813911 16.748465
-69.824211 16.685148
-69.834465 16.621822
-69.844673 16.558487
-69.854836 16.495142
-69.864952 16.431787
-69.875023 16.368423
-69.885048 16.305050
-69.895027 16.241667
-69.904961 16.178274
-69.914848 16.114872
-69.924690 16.051460
-69.934486 15.988038
-69.944237 15.924606
-69.953941 15.861165
-69.963600 15.797714
-69.973213 15.734254
-69.982780 15.670784
-69.992302 15.607305
-70.001778 15.543816
-70.011208 15.480317
-70.020592 15.416809
-70.029930 15.353292
-70.039215 15.289764
-70.048447 15.226228
-70.057625 15.162682
-70.066750 15.099126
-70.075821 15.035561
-70.084839 14.971986
-70.093803 14.908401
-70.102715 14.844808
-70.111572 14.781204
-70.120377 14.717591
-70.129128 14.653969
-70.137825 14.590337
-70.146469 14.526696
-70.155060 14.463047
-70.163597 14.399389
-70.172081 14.335723
-70.180511 14.272048
-70.188889 14.208364
-70.197212 14.144672
-70.205482 14.080972
-70.213699 14.017262
-70.221863 13.953545
-70.229973 13.889818
-70.238029 13.826083
-70.246033 13.762340
-70.253983 13.698587
-70.261879 13.634827
-70.269722 13.571057
-70.277512 13.507279
-70.285248 13.443493
-70.292931 13.379698
-70.300560 13.315894
-70.308136 13.252082
-70.315659 13.188261
-70.323128 13.124433
-70.330544 13.060596
-70.337906 12.996753
-70.345215 12.932901
-70.352470 12.869042
-70.359673 12.805176
-70.366821 12.741302
-70.373917 12.677420
-70.380959 12.613530
-70.387947 12.549633
-70.394882 12.485728
-70.401764 12.421816
-70.408592 12.357896
-70.415367 12.293968
-70.422089 12.230033
-70.428757 12.166090
-70.435371 12.102139
-70.441933 12.038181
-70.448441 11.974216
-70.454895 11.910242
-70.461296 11.846261
-70.467644 11.782272
-70.473938 11.718277
-70.480179 11.654275
-70.486366 11.590266
-70.492500 11.526251
-70.498581 11.462229
-70.504608 11.398200
-70.510582 11.334165
-70.516502 11.270123
-70.522369 11.206074
-70.528183 11.142018
-70.533943 11.077956
-70.539650 11.013887
-70.545303 10.949812
-70.550903 10.885730
-70.556450 10.821641
-70.561943 10.757545
-70.567383 10.693443
-70.572769 10.629334
-70.578102 10.565219
-70.583382 10.501097
-70.588608 10.436968
-70.593781 10.372833
-70.598900 10.308693
-70.603966 10.244547
-70.608978 10.180395
-70.613937 10.116238
-70.618843 10.052074
-70.623695 9.987906
-70.628494 9.923731
-70.633240 9.859550
-70.637932 9.795364
-70.642570 9.731173
-70.647156 9.666975
-70.651688 9.602772
-70.656166 9.538563
-70.660591 9.474348
-70.664963 9.410128
-70.669281 9.345901
-70.673546 9.281670
-70.677757 9.217432
-70.681915 9.153189
-70.686020 9.088940
-70.690071 9.024686
-70.694069 8.960427
-70.698013 8.896164
-70.701904 8.831896
-70.705742 8.767623
-70.709526 8.703345
-70.713257 8.639063
-70.716934 8.574776
-70.720558 8.510484
-70.724129 8.446187
-70.727646 8.381886
-70.731110 8.317579
-70.734520 8.253268
-70.737877 8.188952
-70.741180 8.124632
-70.744431 8.060307
-70.747627 7.995977
-70.750771 7.931643
-70.753860 7.867305
-70.756897 7.802962
-70.759880 7.738616
-70.762810 7.674264
-70.765686 7.609909
-70.768509 7.545549
-70.771278 7.481185
-70.773994 7.416817
-70.776657 7.352445
-70.779266 7.288068
-70.781822 7.223688
-70.784325 7.159304
-70.786774 7.094916
-70.789169 7.030525
-70.791512 6.966129
-70.793800 6.901730
-70.796036 6.837327
-70.798218 6.772920
-70.800346 6.708509
-70.802422 6.644095
-70.804443 6.579678
-70.806412 6.515257
-70.808327 6.450833
-70.810188 6.386406
-70.811996 6.321975
-70.813751 6.257541
-70.815453 6.193104
-70.817101 6.128663
-70.818695 6.064219
-70.820236 5.999772
-70.821724 5.935322
-70.823158 5.870870
-70.824539 5.806414
-70.825867 5.741956
-70.827141 5.677495
-70.828362 5.613030
-70.829529 5.548563
-70.830643 5.484094
-70.831703 5.419621
-70.832710 5.355145
-70.833664 5.290668
-70.834564 5.226187
-70.835411 5.161705
-70.836205 5.097219
-70.836945 5.032732
-70.837631 4.968242
-70.838264 4.903750
-70.838844 4.839255
-70.839371 4.774758
-70.839844 4.710259
-70.840263 4.645758
-70.840630 4.581254
-70.840942 4.516749
-70.841202 4.452242
-70.841408 4.387733
-70.841560 4.323223
-70.841660 4.258710
-70.841705 4.194195
-70.841698 4.129679
-70.841637 4.065160
-70.841522 4.000640
-70.841354 3.936119
-70.841133 3.871596
-70.840858 3.807071
-70.840530 3.742545
-70.840149 3.678017
-70.839714 3.613488
-70.839226 3.548958
-70.838684 3.484426
-70.838089 3.419894
-70.837440 3.355360
-70.836739 3.290825
-70.835983 3.226288
-70.835175 3.161751
-70.834312 3.097213
-70.833397 3.032674
-70.832428 2.968133
-70.831406 2.903592
-70.830330 2.839051
-70.829201 2.774508
-70.828018 2.709965
-70.826782 2.645421
-70.825493 2.580876
-70.824150 2.516331
-70.822754 2.451785
-70.821304 2.387239
-70.819801 2.322693
-70.818245 2.258146
-70.816635 2.193598
-70.814972 2.129051
-70.813255 2.064503
-70.811485 1.999955
-70.809662 1.935407
-70.807785 1.870859
-70.805855 1.806310
-70.803871 1.741762
-70.801834 1.677213
-70.799744 1.612665
-70.797600 1.548117
-70.795403 1.483569
-70.793152 1.419021
-70.790848 1.354474
-70.788490 1.289927
-70.786079 1.225380
-70.783615 1.160833
-70.781097 1.096287
-70.778526 1.031742
-70.775902 0.967197
-70.773224 0.902652
-70.770493 0.838109
-70.767708 0.773566
-70.764870 0.709023
-70.761978 0.644482
-70.759033 0.579941
-70.756035 0.515401
-70.752983 0.450862
-70.749878 0.386324
-70.746719 0.321787
-70.743507 0.257251
-70.740242 0.192716
-70.736923 0.128183
-70.733551 0.063650
-70.730125 -0.000881
-70.726646 -0.065411
-70.723114 -0.129939
-70.719528 -0.194467
-70.715889 -0.258992
-70.712196 -0.323517
-70.708450 -0.388039
-70.704651 -0.452561
-70.700798 -0.517080
-70.696892 -0.581598
-70.692932 -0.646114
-70.688919 -0.710628
-70.684853 -0.775141
-70.680733 -0.839652
-70.676559 -0.904160
-70.672333 -0.968667
-70.668053 -1.033172
-70.663719 -1.097675
-70.659332 -1.162176
-70.654892 -1.226674
-70.650398 -1.291171
-70.645851 -1.355665
-70.641251 -1.420157
-70.636597 -1.484646
-70.631889 -1.549133
-70.627129 -1.613618
-70.622314 -1.678100
-70.617447 -1.742580
-70.612526 -1.807057
-70.607552 -1.871531
-70.602524 -1.936003
-70.597443 -2.000472
-70.592308 -2.064939
-70.587120 -2.129402
-70.581879 -2.193862
-70.576584 -2.258320
-70.571236 -2.322775
-70.565834 -2.387227
-70.560379 -2.451675
-70.554871 -2.516121
-70.549309 -2.580563
-70.543694 -2.645002
-70.538025 -2.709438
-70.532303 -2.773871
-70.526527 -2.838300
-70.520699 -2.902726
-70.514816 -2.967149
-70.508881 -3.031568
-70.502892 -3.095983
-70.496849 -3.160395
-70.490753 -3.224803
-70.484604 -3.289208
-70.478401 -3.353609
-70.472145 -3.418006
-70.465836 -3.482399
-70.459473 -3.546789
-70.453056 -3.611175
-70.446587 -3.675556
-70.440063 -3.739934
-70.433487 -3.804307
-70.426857 -3.868677
-70.420174 -3.933042
-70.413437 -3.997403
-70.406647 -4.061760
-70.399803 -4.126112
-70.392906 -4.190461
-70.385956 -4.254805
-70.378952 -4.319144
-70.371895 -4.383480
-70.364784 -4.447810
-70.357620 -4.512136
-70.350403 -4.576457
-70.343132 -4.640773
-70.335808 -4.705085
-70.328430 -4.769392
-70.320999 -4.833694
-70.313515 -4.897991
-70.305977 -4.962283
-70.298386 -5.026571
-70.290741 -5.090853
-70.283043 -5.155130
-70.275291 -5.219402
-70.267487 -5.283669
-70.259628 -5.347930
-70.251717 -5.412187
-70.243752 -5.476438
-70.235733 -5.540683
-70.227661 -5.604924
-70.219536 -5.669159
-70.211357 -5.733388
-70.203125 -5.797612
-70.194839 -5.861830
-70.186501 -5.926043
-70.178108 -5.990249
-70.169662 -6.054450
-70.161163 -6.118645
-70.152611 -6.182835
-70.144005 -6.247018
-70.135345 -6.311196
-70.126633 -6.375368
-70.117867 -6.439534
-70.109047 -6.503693
-70.100174 -6.567846
-70.091248 -6.631993
-70.082268 -6.696134
-70.073235 -6.760269
-70.064148 -6.824397
-70.055008 -6.888519
-70.045815 -6.952635
-70.036568 -7.016745
-70.027267 -7.080847
-70.017914 -7.144943
-70.008507 -7.209033
-69.999046 -7.273115
-69.989532 -7.337191
-69.979965 -7.401260
-69.970345 -7.465323
-69.960670 -7.529379
-69.950943 -7.593428
-69.941162 -7.657470
-69.931328 -7.721505
-69.921440 -7.785533
-69.911499 -7.849554
-69.901505 -7.913567
-69.891457 -7.977573
-69.881355 -8.041573
-69.871201 -8.105564
-69.860992 -8.169548
-69.850731 -8.233524
-69.840416 -8.297493
-69.830048 -8.361454
-69.819626 -8.425407
-69.809151 -8.489353
-69.798622 -8.553291
-69.788040 -8.617222
-69.777405 -8.681145
-69.766716 -8.745060
-69.755974 -8.808968
-69.745178 -8.872868
-69.734329 -8.936760
-69.723427 -9.000645
-69.712471 -9.064522
-69.701462 -9.128391
-69.690399 -9.192253
-69.679283 -9.256106
-69.668114 -9.319951
-69.656891 -9.383787
-69.645615 -9.447615
-69.634285 -9.511434
-69.622902 -9.575244
-69.611465 -9.639046
-69.599976 -9.702839
-69.588432 -9.766623
-69.576836 -9.830400
-69.565186 -9.894167
-69.553482 -9.957926
-69.541725 -10.021676
-69.529915 -10.085418
-69.518051 -10.149151
-69.506134 -10.212875
-69.494164 -10.276591
-69.482140 -10.340299
-69.470062 -10.403997
-69.457932 -10.467687
-69.445747 -10.531366
-69.433510 -10.595037
-69.421219 -10.658697
-69.408875 -10.722348
-69.396477 -10.785990
-69.384026 -10.849622
-69.371521 -10.913244
-69.358963 -10.976857
-69.346352 -11.040461
-69.333687 -11.104054
-69.320969 -11.167639
-69.308197 -11.231214
-69.295372 -11.294779
-69.282494 -11.358335
-69.269562 -11.421881
-69.256577 -11.485417
-69.243538 -11.548944
-69.230446 -11.612462
-69.217300 -11.675970
-69.204102 -11.739468
-69.190849 -11.802955
-69.177544 -11.866431
-69.164185 -11.929897
-69.150772 -11.993353
-69.137306 -12.056798
-69.123787 -12.120233
-69.110214 -12.183657
-69.096588 -12.247070
-69.082909 -12.310473
-69.069176 -12.373866
-69.055389 -12.437248
-69.041550 -12.500620
-69.027657 -12.563981
-69.013710 -12.627332
-68.999710 -12.690672
-68.985657 -12.754002
-68.971550 -12.817321
-68.957390 -12.880630
-68.943176 -12.943928
-68.928909 -13.007215
-68.914589 -13.070490
-68.900215 -13.133754
-68.885788 -13.197006
-68.871307 -13.260247
-68.856773 -13.323477
-68.842186 -13.386695
-68.827545 -13.449902
-68.812851 -13.513097
-68.798103 -13.576281
-68.783302 -13.639453
-68.768448 -13.702614
-68.753540 -13.765763
-68.738579 -13.828901
-68.723564 -13.892028
-68.708496 -13.955143
-68.693375 -14.018247
-68.678200 -14.081339
-68.662971 -14.144420
-68.647690 -14.207489
-68.632355 -14.270546
-68.616966 -14.333591
-68.601524 -14.396623
-68.586029 -14.459642
-68.570480 -14.522650
-68.554878 -14.585645
-68.539223 -14.648627
-68.523514 -14.711597
-68.507751 -14.774555
-68.491936 -14.837501
-68.476067 -14.900434
-68.460144 -14.963354
-68.444168 -15.026262
-68.428139 -15.089158
-68.412056 -15.152041
-68.395920 -15.214912
-68.379730 -15.277771
-68.363487 -15.340617
-68.347191 -15.403451
-68.330841 -15.466272
-68.314438 -15.529080
-68.297981 -15.591875
-68.281471 -15.654656
-68.264908 -15.717424
-68.248291 -15.780179
-68.231621 -15.842920
-68.214897 -15.905648
-68.198120 -15.968363
-68.181290 -16.031065
-68.164406 -16.093754
-68.147469 -16.156429
-68.130478 -16.219091
-68.113434 -16.281740
-68.096336 -16.344376
-68.079185 -16.406998
-68.061981 -16.469606
-68.044724 -16.532202
-68.027412 -16.594784
-68.010048 -16.657352
-67.992630 -16.719908
-67.975159 -16.782450
-67.957634 -16.844978
-67.940056 -16.907494
-67.922424 -16.969995
-67.904739 -17.032484
-67.887001 -17.094959
-67.869209 -17.157421
-67.851364 -17.219870
-67.833466 -17.282305
-67.815514 -17.344725
-67.797508 -17.407129
-67.779449 -17.469519
-67.761337 -17.531893
-67.743172 -17.594252
-67.724953 -17.656595
-67.706680 -17.718924
-67.688354 -17.781237
-67.669975 -17.843534
-67.651543 -17.905817
-67.633057 -17.968084
-67.614517 -18.030336
-67.595924 -18.092573
-67.577278 -18.154795
-67.558578 -18.217001
-67.539825 -18.279192
-67.521019 -18.341368
-67.502159 -18.403528
-67.483246 -18.465673
-67.464279 -18.527803
-67.445259 -18.589918
-67.426186 -18.652018
-67.407059 -18.714102
-67.387878 -18.776171
-67.368645 -18.838224
-67.349358 -18.900263
-67.330017 -18.962286
-67.310623 -19.024294
-67.291176 -19.086287
-67.271675 -19.148264
-67.252121 -19.210226
-67.232513 -19.272173
-67.212852 -19.334105
-67.193138 -19.396021
-67.173370 -19.457922
-67.153549 -19.519808
-67.133675 -19.581678
-67.113747 -19.643534
-67.093765 -19.705374
-67.073730 -19.767199
-67.053642 -19.829006
-67.033501 -19.890797
-67.013306 -19.952570
-66.993057 -20.014326
-66.972755 -20.076065
-66.952400 -20.137787
-66.931992 -20.199492
-66.911530 -20.261179
-66.891014 -20.322849
-66.870445 -20.384502
-66.849823 -20.446138
-66.829147 -20.507757
-66.808418 -20.569359
-66.787636 -20.630943
-66.766800 -20.692511
-66.745911 -20.754061
-66.724968 -20.815594
-66.703972 -20.877110
-66.682922 -20.938608
-66.661819 -21.000090
-66.640663 -21.061554
-66.619453 -21.123001
-66.598190 -21.184431
-66.576874 -21.245844
-66.555504 -21.307240
-66.534081 -21.368618
-66.512604 -21.429979
-66.491074 -21.491323
-66.469490 -21.552650
-66.447853 -21.613960
-66.426163 -21.675253
-66.404419 -21.736528
-66.382622 -21.797787
-66.360771 -21.859028
-66.338867 -21.920252
-66.316910 -21.981459
-66.294899 -22.042648
-66.272835 -22.103821
-66.250717 -22.164976
-66.228546 -22.226114
-66.206322 -22.287233
-66.184044 -22.348333
-66.161713 -22.409414
-66.139328 -22.470476
-66.116890 -22.531519
-66.094398 -22.592543
-66.071854 -22.653547
-66.049255 -22.714533
-66.026604 -22.775499
-66.003899 -22.836447
-65.981140 -22.897375
-65.958328 -22.958284
-65.935463 -23.019175
-65.912544 -23.080046
-65.889572 -23.140898
-65.866547 -23.201731
-65.843468 -23.262545
-65.820335 -23.323339
-65.797150 -23.384115
-65.773911 -23.444872
-65.750618 -23.505610
-65.727272 -23.566328
-65.703880 -23.627028
-65.680443 -23.687708
-65.656960 -23.748369
-65.633430 -23.809011
-65.609856 -23.869635
-65.586235 -23.930239
-65.562569 -23.990824
-65.538857 -24.051390
-65.515099 -24.111937
-65.491295 -24.172464
-65.467445 -24.232973
-65.443550 -24.293463
-65.419609 -24.353933
-65.395622 -24.414385
-65.371590 -24.474817
-65.347511 -24.535231
-65.323387 -24.595625
-65.299217 -24.656000
-65.275002 -24.716356
-65.250740 -24.776691
-65.226433 -24.837006
-65.202080 -24.897299
-65.177681 -24.957571
-65.153236 -25.017822
-65.128746 -25.078053
-65.104210 -25.138262
-65.079628 -25.198450
-65.055000 -25.258617
-65.030327 -25.318764
-65.005608 -25.378889
-64.980843 -25.438993
-64.956032 -25.499077
-64.931175 -25.559139
-64.906273 -25.619181
-64.881325 -25.679201
-64.856331 -25.739201
-64.831291 -25.799179
-64.806206 -25.859137
-64.781075 -25.919073
-64.755898 -25.978989
-64.730675 -26.038883
-64.705406 -26.098757
-64.680092 -26.158609
-64.654732 -26.218441
-64.629326 -26.278252
-64.603874 -26.338041
-64.578377 -26.397810
-64.552834 -26.457558
-64.527245 -26.517284
-64.501610 -26.576990
-64.475929 -26.636675
-64.450203 -26.696339
-64.424431 -26.755981
-64.398613 -26.815603
-64.372749 -26.875204
-64.346840 -26.934784
-64.320885 -26.994343
-64.294884 -27.053881
-64.268837 -27.113398
-64.242744 -27.172894
-64.216606 -27.232367
-64.190422 -27.291817
-64.164192 -27.351244
-64.137917 -27.410648
-64.111595 -27.470030
-64.085228 -27.529388
-64.058815 -27.588724
-64.032356 -27.648037
-64.005852 -27.707327
-63.979298 -27.766594
-63.952694 -27.825838
-63.926041 -27.885059
-63.899338 -27.944258
-63.872585 -28.003433
-63.845783 -28.062586
-63.818932 -28.121716
-63.792030 -28.180822
-63.765079 -28.239906
-63.738079 -28.298967
-63.711029 -28.358006
-63.683929 -28.417021
-63.656780 -28.476013
-63.629581 -28.534983
-63.602333 -28.593929
-63.575035 -28.652853
-63.547688 -28.711754
-63.520290 -28.770632
-63.492844 -28.829487
-63.465347 -28.888319
-63.437801 -28.947128
-63.410206 -29.005915
-63.382561 -29.064678
-63.354866 -29.123419
-63.327122 -29.182137
-63.299328 -29.240831
-63.271484 -29.299503
-63.243591 -29.358152
-63.215649 -29.416779
-63.187656 -29.475382
-63.159615 -29.533962
-63.131523 -29.592520
-63.103382 -29.651054
-63.075191 -29.709564
-63.046955 -29.768049
-63.018673 -29.826509
-62.990345 -29.884945
-62.961971 -29.943356
-62.933552 -30.001741
-62.905087 -30.060102
-62.876575 -30.118439
-62.848019 -30.176750
-62.819416 -30.235037
-62.790768 -30.293299
-62.762074 -30.351536
-62.733334 -30.409748
-62.704548 -30.467936
-62.675716 -30.526098
-62.646839 -30.584236
-62.617916 -30.642349
-62.588947 -30.700438
-62.559933 -30.758501
-62.530872 -30.816540
-62.501766 -30.874554
-62.472614 -30.932543
-62.443417 -30.990507
-62.414173 -31.048447
-62.384884 -31.106361
-62.355549 -31.164251
-62.326168 -31.222116
-62.296741 -31.279957
-62.267269 -31.337772
-62.237751 -31.395563
-62.208187 -31.453329
-62.178577 -31.511070
-62.148922 -31.568787
-62.119221 -31.626478
-62.089474 -31.684145
-62.059681 -31.741787
-62.029842 -31.799404
-61.999958 -31.856997
-61.970028 -31.914564
-61.940052 -31.972107
-61.910030 -32.029625
-61.879963 -32.087116
-61.849850 -32.144581
-61.819691 -32.202019
-61.789486 -32.259430
-61.759235 -32.316814
-61.728939 -32.374172
-61.698597 -32.431503
-61.668209 -32.488808
-61.637775 -32.546085
-61.607296 -32.603336
-61.576771 -32.660561
-61.546200 -32.717758
-61.515583 -32.774929
-61.484921 -32.832073
-61.454212 -32.889191
-61.423458 -32.946281
-61.392658 -33.003345
-61.361813 -33.060383
-61.330921 -33.117393
-61.299984 -33.174377
-61.269001 -33.231335
-61.237972 -33.288265
-61.206898 -33.345169
-61.175777 -33.402046
-61.144611 -33.458897
-61.113400 -33.515720
-61.082142 -33.572517
-61.050838 -33.629288
-61.019489 -33.686031
-60.988094 -33.742748
-60.956654 -33.799438
-60.925167 -33.856102
-60.893635 -33.912739
-60.862057 -33.969349
-60.830433 -34.025932
-60.798763 -34.082489
-60.767048 -34.139019
-60.735287 -34.195522
-60.703480 -34.251999
-60.671627 -34.308449
-60.639729 -34.364872
-60.607784 -34.421268
-60.575794 -34.477638
-60.543758 -34.533981
-60.511677 -34.590298
-60.479549 -34.646587
-60.447376 -34.702850
-60.415157 -34.759087
-60.382893 -34.815296
-60.350582 -34.871479
-60.318226 -34.927635
-60.285824 -34.983765
-60.253376 -35.039867
-60.220882 -35.095943
-60.188343 -35.151993
-60.155758 -35.208015
-60.123127 -35.264011
-60.090450 -35.319981
-60.057728 -35.375923
-60.024960 -35.431839
-59.992146 -35.487728
-59.959286 -35.543591
-59.926380 -35.599426
-59.893429 -35.655235
-59.860432 -35.711018
-59.827389 -35.766773
-59.794300 -35.822502
-59.761166 -35.878204
-59.727985 -35.933880
-59.694759 -35.989525
-59.661488 -36.045139
-59.628170 -36.100723
-59.594807 -36.156277
-59.561398 -36.211800
-59.527943 -36.267292
-59.494442 -36.322754
-59.460896 -36.378185
-59.427303 -36.433586
-59.393665 -36.488956
-59.359982 -36.544296
-59.326252 -36.599606
-59.292477 -36.654884
-59.258656 -36.710133
-59.224789 -36.765350
-59.190876 -36.820538
-59.156918 -36.875694
-59.122913 -36.930820
-59.088863 -36.985916
-59.054768 -37.040981
-59.020626 -37.096016
-58.986439 -37.151020
-58.952206 -37.205994
-58.917927 -37.260937
-58.883602 -37.315849
-58.849232 -37.370731
-58.814816 -37.425583
-58.780354 -37.480404
-58.745846 -37.535194
-58.711292 -37.589954
-58.676693 -37.644684
-58.642048 -37.699383
-58.607357 -37.754051
-58.572620 -37.808689
-58.537838 -37.863297
-58.503010 -37.917873
-58.468136 -37.972420
-58.433216 -38.026936
-58.398251 -38.081421
-58.363239 -38.135876
-58.328182 -38.190300
-58.293079 -38.244694
-58.257931 -38.299057
-58.222740 -38.353390
-58.187508 -38.407692
-58.152233 -38.461964
-58.116917 -38.516205
-58.081558 -38.570415
-58.046158 -38.624596
-58.010715 -38.678745
-57.975231 -38.732864
-57.939705 -38.786953
-57.904137 -38.841011
-57.868526 -38.895039
-57.832874 -38.949036
-57.797180 -39.003002
-57.761444 -39.056938
-57.725666 -39.110844
-57.689846 -39.164719
-57.653984 -39.218563
-57.618080 -39.272377
-57.582134 -39.326160
-57.546146 -39.379913
-57.510117 -39.433636
-57.474045 -39.487328
-57.437931 -39.540989
-57.401775 -39.594620
-57.365578 -39.648220
-57.329338 -39.701790
-57.293056 -39.755329
-57.256733 -39.808838
-57.220367 -39.862316
-57.183960 -39.915764
-57.147511 -39.969181
-57.111019 -40.022568
-57.074486 -40.075924
-57.037910 -40.129250
-57.001293 -40.182545
-56.964634 -40.235809
-56.927933 -40.289043
-56.891190 -40.342247
-56.854404 -40.395420
-56.817577 -40.448563
-56.780708 -40.501675
-56.743797 -40.554756
-56.706844 -40.607807
-56.669849 -40.660828
-56.632812 -40.713818
-56.595734 -40.766777
-56.558613 -40.819706
-56.521450 -40.872604
-56.484245 -40.925472
-56.446999 -40.978310
-56.409710 -41.031116
-56.372379 -41.083893
-56.335007 -41.136635
-56.297592 -41.189342
-56.260136 -41.242016
-56.222637 -41.294655
-56.185097 -41.347260
-56.147514 -41.399830
-56.109890 -41.452366
-56.072224 -41.504868
-56.034515 -41.557335
-55.996765 -41.609768
-55.958973 -41.662167
-55.921139 -41.714531
-55.883263 -41.766861
-55.845345 -41.819157
-55.807384 -41.871418
-55.769382 -41.923645
-55.731339 -41.975838
-55.693253 -42.027996
-55.655125 -42.080120
-55.616955 -42.132210
-55.578743 -42.184265
-55.540489 -42.236286
-55.502193 -42.288273
-55.463856 -42.340225
-55.425476 -42.392143
-55.387054 -42.444027
-55.348591 -42.495876
-55.310085 -42.547691
-55.271538 -42.599472
-55.232948 -42.651218
-55.194317 -42.702930
-55.155643 -42.754608
-55.116928 -42.806252
-55.078171 -42.857861
-55.039371 -42.909435
-55.000530 -42.960976
-54.961647 -43.012482
-54.922722 -43.063953
-54.883755 -43.115391
-54.844746 -43.166794
-54.805695 -43.218163
-54.766602 -43.269497
-54.727467 -43.320797
-54.688290 -43.372063
-54.649071 -43.423294
-54.609810 -43.474491
-54.570507 -43.525654
-54.531162 -43.576782
-54.491776 -43.627876
-54.452347 -43.678936
-54.412876 -43.729961
-54.373363 -43.780952
-54.333809 -43.831909
-54.294212 -43.882832
-54.254574 -43.933720
-54.214893 -43.984573
-54.175171 -44.035393
-54.135406 -44.086178
-54.095600 -44.136929
-54.055752 -44.187645
-54.015862 -44.238327
-53.975929 -44.288975
-53.935955 -44.339588
-53.895939 -44.390167
-53.855881 -44.440712
-53.815781 -44.491222
-53.775639 -44.541698
-53.735455 -44.592140
-53.695229 -44.642548
-53.654961 -44.692921
-53.614655 -44.743259
-53.574310 -44.793564
-53.533928 -44.843834
-53.493507 -44.894070
-53.453049 -44.944271
-53.412552 -44.994438
-53.372017 -45.044571
-53.331444 -45.094669
-53.290833 -45.144733
-53.250183 -45.194763
-53.209496 -45.244759
-53.168770 -45.294720
-53.128006 -45.344646
-53.087204 -45.394539
-53.046364 -45.444397
-53.005486 -45.494221
-52.964569 -45.544010
-52.923615 -45.593765
-52.882622 -45.643486
-52.841591 -45.693172
-52.800522 -45.742825
-52.759415 -45.792442
-52.718269 -45.842026
-52.677086 -45.891575
-52.635864 -45.941090
-52.594604 -45.990570
-52.553307 -46.040016
-52.511971 -46.089428
-52.470596 -46.138805
-52.429184 -46.188148
-52.387733 -46.237457
-52.346245 -46.286732
-52.304718 -46.335972
-52.263153 -46.385178
-52.221550 -46.434349
-52.179909 -46.483482
-52.138229 -46.532578
-52.096512 -46.581635
-52.054756 -46.630653
-52.012962 -46.679634
-51.971130 -46.728577
-51.929260 -46.777481
-51.887352 -46.826347
-51.845406 -46.875175
-51.803421 -46.923965
-51.761398 -46.972717
-51.719337 -47.021431
-51.677238 -47.070107
-51.635101 -47.118744
-51.592926 -47.167343
-51.550713 -47.215904
-51.508461 -47.264427
-51.466171 -47.312912
-51.423843 -47.361359
-51.381477 -47.409767
-51.339073 -47.458138
-51.296631 -47.506470
-51.254150 -47.554764
-51.211632 -47.603020
-51.169075 -47.651237
-51.126480 -47.699417
-51.083847 -47.747559
-51.041176 -47.795662
-50.998466 -47.843727
-50.955719 -47.891754
-50.912933 -47.939743
-50.870110 -47.987694
-50.827248 -48.035606
-50.784348 -48.083481
-50.741409 -48.131317
-50.698433 -48.179115
-50.655418 -48.226875
-50.612366 -48.274597
-50.569275 -48.322281
-50.526146 -48.369926
-50.482979 -48.417534
-50.439774 -48.465103
-50.396530 -48.512634
-50.353249 -48.560127
-50.309929 -48.607582
-50.266571 -48.654999
-50.223175 -48.702377
-50.179741 -48.749718
-50.136269 -48.797020
-50.092758 -48.844284
-50.049210 -48.891510
-50.005623 -48.938698
-49.961998 -48.985847
-49.918335 -49.032959
-49.874634 -49.080032
-49.830894 -49.127068
-49.787117 -49.174065
-49.743301 -49.221024
-49.699448 -49.267944
-49.655556 -49.314827
-49.611626 -49.361671
-49.567657 -49.408478
-49.523651 -49.455246
-49.479607 -49.501976
-49.435524 -49.548668
-49.391403 -49.595322
-49.347244 -49.641937
-49.303047 -49.688515
-49.258812 -49.735054
-49.214539 -49.781555
-49.170227 -49.828018
-49.125877 -49.874443
-49.081490 -49.920830
-49.037067 -49.967178
-48.992611 -50.013489
-48.948120 -50.059761
-48.903595 -50.105995
-48.859035 -50.152191
-48.814442 -50.198349
-48.769814 -50.244469
-48.725151 -50.290550
-48.680454 -50.336594
-48.635723 -50.382599
-48.590958 -50.428566
-48.546158 -50.474495
-48.501324 -50.520386
-48.456455 -50.566238
-48.411552 -50.612053
-48.366615 -50.657829
-48.321644 -50.703568
-48.276638 -50.749268
-48.231598 -50.794930
-48.186523 -50.840553
-48.141415 -50.886139
-48.096272 -50.931686
-48.051094 -50.977196
-48.005882 -51.022667
-47.960636 -51.068100
-47.915356 -51.113495
-47.870041 -51.158852
-47.824692 -51.204170
-47.779308 -51.249451
-47.733891 -51.294693
-47.688438 -51.339897
-47.642952 -51.385063
-47.597431 -51.430191
-47.551876 -51.475281
-47.506287 -51.520332
-47.460663 -51.565346
-47.415005 -51.610321
-47.369312 -51.655258
-47.323586 -51.700157
-47.277824 -51.745018
-47.232029 -51.789841
-47.186199 -51.834625
-47.140335 -51.879372
-47.094437 -51.924080
-47.048504 -51.968750
-47.002537 -52.013382
-46.956535 -52.057976
-46.910500 -52.102528
-46.864429 -52.147038
-46.818325 -52.191505
-46.772186 -52.235931
-46.726013 -52.280315
-46.679806 -52.324657
-46.633564 -52.368958
-46.587288 -52.413216
-46.540977 -52.457432
-46.494633 -52.501606
-46.448254 -52.545738
-46.401840 -52.589828
-46.355392 -52.633877
-46.308910 -52.677883
-46.262394 -52.721848
-46.215843 -52.765770
-46.169258 -52.809650
-46.122639 -52.853489
-46.075985 -52.897285
-46.029297 -52.941040
-45.982574 -52.984753
-45.935818 -53.028423
-45.889027 -53.072052
-45.842201 -53.115639
-45.795341 -53.159184
-45.748447 -53.202686
-45.701519 -53.246147
-45.654556 -53.289566
-45.607559 -53.332943
-45.560528 -53.376278
-45.513462 -53.419571
-45.466362 -53.462822
-45.419228 -53.506031
-45.372059 -53.549198
-45.324856 -53.592323
-45.277618 -53.635406
-45.230347 -53.678448
-45.183041 -53.721447
-45.135700 -53.764404
-45.088326 -53.807320
-45.040916 -53.850193
-44.993473 -53.893024
-44.945995 -53.935814
-44.898483 -53.978561
-44.850937 -54.021267
-44.803356 -54.063931
-44.755741 -54.106552
-44.708092 -54.149132
-44.660408 -54.191669
-44.612690 -54.234165
-44.564938 -54.276619
-44.517155 -54.319031
-44.469341 -54.361401
-44.421497 -54.403728
-44.373623 -54.446014
-44.325718 -54.488258
-44.277782 -54.530460
-44.229816 -54.572620
-44.181820 -54.614738
-44.133793 -54.656815
-44.085735 -54.698849
-44.037647 -54.740841
-43.989529 -54.782791
-43.941380 -54.824699
-43.893200 -54.866566
-43.844990 -54.908390
-43.796749 -54.950172
-43.748478 -54.991913
-43.700176 -55.033611
-43.651844 -55.075268
-43.603481 -55.116882
-43.555088 -55.158455
-43.506664 -55.199986
-43.458210 -55.241474
-43.409725 -55.282921
-43.361210 -55.324326
-43.312664 -55.365688
-43.264088 -55.407009
-43.215481 -55.448288
-43.166843 -55.489525
-43.118176 -55.530720
-43.069477 -55.571873
-43.020748 -55.612984
-42.971989 -55.654053
-42.923199 -55.695080
-42.874378 -55.736065
-42.825527 -55.777008
-42.776646 -55.817909
-42.727734 -55.858768
-42.678791 -55.899586
-42.629818 -55.940361
-42.580814 -55.981094
-42.531780 -56.021786
-42.482716 -56.062435
-42.433620 -56.103043
-42.384495 -56.143608
-42.335339 -56.184132
-42.286152 -56.224613
-42.236935 -56.265053
-42.187687 -56.305450
-42.138409 -56.345806
-42.089100 -56.386120
-42.039761 -56.426392
-41.990391 -56.466621
-41.940990 -56.506809
-41.891560 -56.546955
-41.842098 -56.587059
-41.792606 -56.627121
-41.743084 -56.667141
-41.693531 -56.707119
-41.643948 -56.747055
-41.594334 -56.786949
-41.544689 -56.826801
-41.495014 -56.866611
-41.445309 -56.906380
-41.395573 -56.946106
-41.345806 -56.985790
-41.296009 -57.025433
-41.246181 -57.065033
-41.196323 -57.104591
-41.146435 -57.144108
-41.096516 -57.183582
-41.046566 -57.223015
-40.996586 -57.262405
-40.946575 -57.301754
-40.896534 -57.341061
-40.846462 -57.380325
-40.796360 -57.419548
-40.746227 -57.458729
-40.696064 -57.497868
-40.645870 -57.536964
-40.595646 -57.576019
-40.545391 -57.615032
-40.495106 -57.654003
-40.444790 -57.692932
-40.394444 -57.731819
-40.344067 -57.770664
-40.293659 -57.809467
-40.243221 -57.848228
-40.192753 -57.886948
-40.142254 -57.925625
-40.091724 -57.964260
-40.041164 -58.002853
-39.990574 -58.041405
-39.939953 -58.079914
-39.889305 -58.118382
-39.838631 -58.156807
-39.787930 -58.195190
-39.737202 -58.233528
-39.686447 -58.271820
-39.635666 -58.310066
-39.584858 -58.348267
-39.534023 -58.386421
-39.483162 -58.424530
-39.432274 -58.462593
-39.381359 -58.500610
-39.330418 -58.538582
-39.279449 -58.576508
-39.228455 -58.614388
-39.177433 -58.652222
-39.126385 -58.690010
-39.075310 -58.727753
-39.024208 -58.765450
-38.973080 -58.803101
-38.921925 -58.840706
-38.870743 -58.878265
-38.819534 -58.915779
-38.768299 -58.953247
-38.717037 -58.990669
-38.665749 -59.028046
-38.614433 -59.065376
-38.563091 -59.102661
-38.511723 -59.139900
-38.460327 -59.177094
-38.408905 -59.214241
-38.357456 -59.251343
-38.305981 -59.288399
-38.254478 -59.325409
-38.202950 -59.362373
-38.151394 -59.399292
-38.099812 -59.436165
-38.048203 -59.472992
-37.996567 -59.509773
-37.944904 -59.546509
-37.893215 -59.583199
-37.841499 -59.619843
-37.789757 -59.656441
-37.737988 -59.692993
-37.686192 -59.729500
-37.634369 -59.765961
-37.582520 -59.802376
-37.530643 -59.838745
-37.478741 -59.875069
-37.426811 -59.911346
-37.374855 -59.947578
-37.322872 -59.983765
-37.270863 -60.019905
-37.218826 -60.056000
-37.166763 -60.092049
-37.114674 -60.128052
-37.062557 -60.164009
-37.010414 -60.199921
-36.958244 -60.235786
-36.906048 -60.271606
-36.853825 -60.307381
-36.801575 -60.343109
-36.749298 -60.378792
-36.696995 -60.414429
-36.644665 -60.450020
-36.592308 -60.485565
-36.539925 -60.521065
-36.487514 -60.556519
-36.435078 -60.591927
-36.382614 -60.627289
-36.330124 -60.662605
-36.277607 -60.697876
-36.225063 -60.733101
-36.172493 -60.768280
-36.119896 -60.803413
-36.067272 -60.838501
-36.014622 -60.873543
-35.961945 -60.908539
-35.909241 -60.943489
-35.856510 -60.978394
-35.803753 -61.013252
-35.750969 -61.048065
-35.698158 -61.082832
-35.645321 -61.117554
-35.592457 -61.152229
-35.539566 -61.186859
-35.486649 -61.221443
-35.433704 -61.255981
-35.380733 -61.290474
-35.327736 -61.324921
-35.274712 -61.359322
-35.221664 -61.393677
-35.168594 -61.427986
-35.115501 -61.462250
-35.062386 -61.496468
-35.009247 -61.530640
-34.956085 -61.564766
-34.902901 -61.598846
-34.849693 -61.632881
-34.796463 -61.666870
-34.743210 -61.700813
-34.689934 -61.734711
-34.636635 -61.768562
-34.583313 -61.802368
-34.529968 -61.836128
-34.476601 -61.869843
-34.423210 -61.903511
-34.369797 -61.937134
-34.316360 -61.970711
-34.262901 -62.004242
-34.209419 -62.037727
-34.155914 -62.071167
-34.102386 -62.104561
-34.048836 -62.137909
-33.995262 -62.171211
-33.941666 -62.204468
-33.888046 -62.237679
-33.834404 -62.270844
-33.780739 -62.303963
-33.727051 -62.337036
-33.673340 -62.370064
-33.619606 -62.403046
-33.565849 -62.435982
-33.512070 -62.468872
-33.458267 -62.501717
-33.404442 -62.534515
-33.350594 -62.567268
-33.296722 -62.599976
-33.242828 -62.632637
-33.188911 -62.665253
-33.134972 -62.697823
-33.081009 -62.730347
-33.027023 -62.762825
-32.973015 -62.795258
-32.918983 -62.827644
-32.864929 -62.859985
-32.810852 -62.892281
-32.756752 -62.924530
-32.702629 -62.956734
-32.648483 -62.988892
-32.594315 -63.021004
-32.540123 -63.053070
-32.485909 -63.085091
-32.431671 -63.117065
-32.377411 -63.148994
-32.323128 -63.180878
-32.268822 -63.212715
-32.214493 -63.244507
-32.160141 -63.276253
-32.105766 -63.307953
-32.051369 -63.339607
-31.996948 -63.371216
-31.942505 -63.402779
-31.888039 -63.434296
-31.833549 -63.465767
-31.779037 -63.497192
-31.724503 -63.528572
-31.669947 -63.559906
-31.615370 -63.591194
-31.560772 -63.622437
-31.506153 -63.653633
-31.451513 -63.684784
-31.396852 -63.715889
-31.342171 -63.746948
-31.287468 -63.777962
-31.232744 -63.808929
-31.177999 -63.839851
-31.123234 -63.870728
-31.068447 -63.901558
-31.013639 -63.932343
-30.958811 -63.963081
-30.903961 -63.993774
-30.849091 -64.024422
-30.794199 -64.055023
-30.739286 -64.085579
-30.684353 -64.116089
-30.629398 -64.146553
-30.574423 -64.176971
-30.519426 -64.207344
-30.464409 -64.237671
-30.409370 -64.267952
-30.354311 -64.298187
-30.299231 -64.328377
-30.244129 -64.358521
-30.189007 -64.388618
-30.133863 -64.418671
-30.078699 -64.448677
-30.023514 -64.478638
-29.968307 -64.508553
-29.913080 -64.538422
-29.857832 -64.568245
-29.802563 -64.598022
-29.747272 -64.627754
-29.691961 -64.657440
-29.636629 -64.687080
-29.581276 -64.716675
-29.525902 -64.746223
-29.470507 -64.775726
-29.415091 -64.805183
-29.359653 -64.834595
-29.304195 -64.863960
-29.248718 -64.893280
-29.193222 -64.922554
-29.137707 -64.951782
-29.082172 -64.980965
-29.026619 -65.010101
-28.971046 -65.039192
-28.915455 -65.068237
-28.859844 -65.097237
-28.804214 -65.126190
-28.748566 -65.155098
-28.692898 -65.183960
-28.637211 -65.212776
-28.581505 -65.241547
-28.525780 -65.270271
-28.470036 -65.298950
-28.414272 -65.327583
-28.358490 -65.356171
-28.302689 -65.384712
-28.246868 -65.413208
-28.191029 -65.441658
-28.135170 -65.470062
-28.079292 -65.498421
-28.023396 -65.526733
-27.967480 -65.555000
-27.911545 -65.583221
-27.855591 -65.611397
-27.799618 -65.639526
-27.743626 -65.667610
-27.687614 -65.695648
-27.631584 -65.723640
-27.575535 -65.751587
-27.519466 -65.779488
-27.463379 -65.807343
-27.407272 -65.835152
-27.351147 -65.862915
-27.295002 -65.890633
-27.238838 -65.918304
-27.182655 -65.945930
-27.126453 -65.973511
-27.070232 -66.001045
-27.013992 -66.028534
-26.957733 -66.055977
-26.901455 -66.083374
-26.845160 -66.110725
-26.788847 -66.138031
-26.732517 -66.165291
-26.676170 -66.192505
-26.619806 -66.219673
-26.563425 -66.246796
-26.507027 -66.273872
-26.450611 -66.300903
-26.394178 -66.327888
-26.337729 -66.354828
-26.281261 -66.381721
-26.224777 -66.408569
-26.168276 -66.435371
-26.111757 -66.462128
-26.055222 -66.488838
-25.998669 -66.515503
-25.942099 -66.542122
-25.885511 -66.568695
-25.828907 -66.595222
-25.772285 -66.621704
-25.715647 -66.648140
-25.658991 -66.674530
-25.602318 -66.700874
-25.545628 -66.727173
-25.488920 -66.753426
-25.432196 -66.779633
-25.375454 -66.805794
-25.318695 -66.831909
-25.261919 -66.857979
-25.205126 -66.884003
-25.148315 -66.909981
-25.091488 -66.935913
-25.034643 -66.961800
-24.977781 -66.987640
-24.920902 -67.013435
-24.864006 -67.039185
-24.807093 -67.064888
-24.750162 -67.090546
-24.693214 -67.116158
-24.636250 -67.141724
-24.579268 -67.167244
-24.522268 -67.192719
-24.465252 -67.218147
-24.408218 -67.243530
-24.351170 -67.268867
-24.294106 -67.294159
-24.237026 -67.319405
-24.179932 -67.344604
-24.122822 -67.369759
-24.065697 -67.394867
-24.008556 -67.419930
-23.951401 -67.444946
-23.894230 -67.469917
-23.837044 -67.494843
-23.779842 -67.519722
-23.722626 -67.544556
-23.665394 -67.569344
-23.608147 -67.594086
-23.550884 -67.618782
-23.493607 -67.643433
-23.436314 -67.668037
-23.379005 -67.692596
-23.321682 -67.717110
-23.264343 -67.741577
-23.206989 -67.765999
-23.149620 -67.790375
-23.092236 -67.814705
-23.034836 -67.838989
-22.977421 -67.863228
-22.919991 -67.887421
-22.862545 -67.911568
-22.805084 -67.935669
-22.747608 -67.959724
-22.690117 -67.983734
-22.632610 -68.007698
-22.575089 -68.031616
-22.517551 -68.055489
-22.459999 -68.079315
-22.402431 -68.103096
-22.344849 -68.126831
-22.287251 -68.150520
-22.229637 -68.174164
-22.172009 -68.197762
-22.114365 -68.221313
-22.056705 -68.244820
-21.999031 -68.268280
-21.941341 -68.291695
-21.883638 -68.315063
-21.825922 -68.338387
-21.768192 -68.361664
-21.710449 -68.384895
-21.652693 -68.408081
-21.594923 -68.431221
-21.537140 -68.454315
-21.479343 -68.477364
-21.421534 -68.500366
-21.363710 -68.523323
-21.305874 -68.546234
-21.248024 -68.569099
-21.190161 -68.591919
-21.132284 -68.614693
-21.074394 -68.637421
-21.016491 -68.660103
-20.958574 -68.682739
-20.900644 -68.705330
-20.842701 -68.727875
-20.784744 -68.750374
-20.726774 -68.772827
-20.668791 -68.795235
-20.610794 -68.817596
-20.552784 -68.839912
-20.494761 -68.862183
-20.436724 -68.884407
-20.378674 -68.906586
-20.320610 -68.928719
-20.262533 -68.950806
-20.204443 -68.972847
-20.146339 -68.994843
-20.088223 -69.016792
-20.030092 -69.038696
-19.971949 -69.060555
-19.913792 -69.082367
-19.855621 -69.104134
-19.797438 -69.125854
-19.739241 -69.147530
-19.681030 -69.169159
-19.622807 -69.190742
-19.564569 -69.212280
-19.506319 -69.233772
-19.448055 -69.255219
-19.389778 -69.276619
-19.331490 -69.297974
-19.273190 -69.319283
-19.214878 -69.340546
-19.156555 -69.361763
-19.098221 -69.382935
-19.039875 -69.404060
-18.981518 -69.425140
-18.923149 -69.446175
-18.864769 -69.467163
-18.806377 -69.488106
-18.747974 -69.509003
-18.689560 -69.529854
-18.631134 -69.550659
-18.572697 -69.571419
-18.514248 -69.592133
-18.455788 -69.612801
-18.397316 -69.633423
-18.338833 -69.653999
-18.280338 -69.674530
-18.221832 -69.695015
-18.163315 -69.715454
-18.104786 -69.735847
-18.046246 -69.756195
-17.987694 -69.776497
-17.929131 -69.796753
-17.870556 -69.816963
-17.811970 -69.837128
-17.753372 -69.857246
-17.694763 -69.877319
-17.636143 -69.897346
-17.577511 -69.917328
-17.518867 -69.937263
-17.460213 -69.957153
-17.401546 -69.976997
-17.342869 -69.996796
-17.284180 -70.016548
-17.225479 -70.036255
-17.166767 -70.055916
-17.108044 -70.075531
-17.049309 -70.095100
-16.990562 -70.114624
-16.931805 -70.134102
-16.873035 -70.153534
-16.814255 -70.172920
-16.755465 -70.192261
-16.696665 -70.211555
-16.637856 -70.230804
-16.579037 -70.250008
-16.520208 -70.269165
-16.461370 -70.288277
-16.402523 -70.307343
-16.343666 -70.326363
-16.284800 -70.345337
-16.225924 -70.364265
-16.167038 -70.383148
-16.108143 -70.401985
-16.049238 -70.420776
-15.990324 -70.439522
-15.931400 -70.458221
-15.872467 -70.476875
-15.813524 -70.495483
-15.754572 -70.514046
-15.695610 -70.532562
-15.636639 -70.551033
-15.577658 -70.569458
-15.518667 -70.587837
-15.459667 -70.606171
-15.400658 -70.624458
-15.341639 -70.642700
-15.282610 -70.660896
-15.223572 -70.679047
-15.164524 -70.697151
-15.105467 -70.715210
-15.046400 -70.733223
-14.987324 -70.751190
-14.928238 -70.769112
-14.869143 -70.786987
-14.810039 -70.804817
-14.750926 -70.822601
-14.691805 -70.840340
-14.632675 -70.858032
-14.573537 -70.875679
-14.514390 -70.893280
-14.455235 -70.910835
-14.396070 -70.928345
-14.336898 -70.945808
-14.277717 -70.963226
-14.218527 -70.980598
-14.159328 -70.997925
-14.100121 -71.015205
-14.040906 -71.032440
-13.981682 -71.049629
-13.922449 -71.066772
-13.863208 -71.083870
-13.803958 -71.100922
-13.744699 -71.117928
-13.685432 -71.134888
-13.626157 -71.151802
-13.566873 -71.168671
-13.507581 -71.185493
-13.448281 -71.202271
-13.388974 -71.219002
-13.329659 -71.235687
-13.270337 -71.252327
-13.211007 -71.268921
-13.151670 -71.285469
-13.092324 -71.301971
-13.032971 -71.318428
-12.973611 -71.334839
-12.914243 -71.351204
-12.854867 -71.367523
-12.795484 -71.383797
-12.736093 -71.400024
-12.676694 -71.416206
-12.617288 -71.432343
-12.557874 -71.448433
-12.498452 -71.464478
-12.439023 -71.480476
-12.379586 -71.496429
-12.320142 -71.512337
-12.260690 -71.528198
-12.201230 -71.544014
-12.141764 -71.559784
-12.082291 -71.575508
-12.022811 -71.591187
-11.963325 -71.606819
-11.903831 -71.622406
-11.844332 -71.637947
-11.784825 -71.653442
-11.725312 -71.668892
-11.665792 -71.684296
-11.606266 -71.699654
-11.546733 -71.714966
-11.487193 -71.730232
-11.427647 -71.745453
-11.368093 -71.760628
-11.308534 -71.775757
-11.248967 -71.790840
-11.189394 -71.805878
-11.129814 -71.820869
-11.070228 -71.835815
-11.010634 -71.850716
-10.951035 -71.865570
-10.891428 -71.880379
-10.831816 -71.895142
-10.772198 -71.909859
-10.712574 -71.924530
-10.652945 -71.939156
-10.593309 -71.953735
-10.533669 -71.968269
-10.474022 -71.982758
-10.414370 -71.997200
-10.354712 -72.011597
-10.295048 -72.025948
-10.235378 -72.040253
-10.175703 -72.054512
-10.116022 -72.068726
-10.056335 -72.082893
-9.996643 -72.097015
-9.936945 -72.111092
-9.877241 -72.125122
-9.817532 -72.139107
-9.757816 -72.153046
-9.698095 -72.166939
-9.638369 -72.180786
-9.578636 -72.194588
-9.518898 -72.208344
-9.459155 -72.222054
-9.399407 -72.235718
-9.339655 -72.249336
-9.279898 -72.262909
-9.220136 -72.276436
-9.160369 -72.289917
-9.100597 -72.303352
-9.040821 -72.316742
-8.981040 -72.330086
-8.921254 -72.343384
-8.861464 -72.356636
-8.801668 -72.369843
-8.741868 -72.383003
-8.682063 -72.396118
-8.622253 -72.409187
-8.562439 -72.422211
-8.502620 -72.435188
-8.442796 -72.448120
-8.382967 -72.461006
-8.323133 -72.473846
-8.263295 -72.486641
-8.203452 -72.499390
-8.143604 -72.512093
-8.083753 -72.524750
-8.023897 -72.537361
-7.964037 -72.549927
-7.904173 -72.562447
-7.844305 -72.574921
-7.784432 -72.587349
-7.724556 -72.599731
-7.664676 -72.612068
-7.604792 -72.624359
-7.544904 -72.636604
-7.485012 -72.648804
-7.425117 -72.660957
-7.365217 -72.673065
-7.305314 -72.685127
-7.245407 -72.697144
-7.185496 -72.709114
-7.125582 -72.721039
-7.065664 -72.732918
-7.005743 -72.744751
-6.945818 -72.756538
-6.885890 -72.768280
-6.825959 -72.779976
-6.766024 -72.791626
-6.706086 -72.803230
-6.646145 -72.814789
-6.586200 -72.826302
-6.526252 -72.837769
-6.466301 -72.849190
-6.406346 -72.860565
-6.346389 -72.871895
-6.286428 -72.883179
-6.226465 -72.894417
-6.166499 -72.905609
-6.106530 -72.916756
-6.046558 -72.927856
-5.986584 -72.938911
-5.926606 -72.949921
-5.866626 -72.960884
-5.806643 -72.971802
-5.746656 -72.982674
-5.686668 -72.993500
-5.626677 -73.004280
-5.566684 -73.015015
-5.506688 -73.025703
-5.446690 -73.036346
-5.386690 -73.046944
-5.326687 -73.057495
-5.266682 -73.068001
-5.206674 -73.078461
-5.146664 -73.088875
-5.086652 -73.099243
-5.026637 -73.109566
-4.966620 -73.119843
-4.906602 -73.130074
-4.846581 -73.140259
-4.786559 -73.150398
-4.726535 -73.160492
-4.666509 -73.170540
-4.606481 -73.180542
-4.546451 -73.190498
-4.486419 -73.200409
-4.426385 -73.210274
-4.366349 -73.220093
-4.306312 -73.229866
-4.246273 -73.239594
-4.186232 -73.249275
-4.126190 -73.258911
-4.066147 -73.268501
-4.006102 -73.278046
-3.946056 -73.287544
-3.886008 -73.296997
-3.825959 -73.306404
-3.765909 -73.315765
-3.705857 -73.325081
-3.645804 -73.334351
-3.585750 -73.343575
-3.525695 -73.352753
-3.465638 -73.361885
-3.405581 -73.370972
-3.345522 -73.380013
-3.285463 -73.389008
-3.225402 -73.397957
-3.165341 -73.406860
-3.105278 -73.415718
-3.045215 -73.424530
-2.985151 -73.433296
-2.925086 -73.442017
-2.865021 -73.450691
-2.804954 -73.459320
-2.744887 -73.467903
-2.684820 -73.476440
-2.624752 -73.484932
-2.564683 -73.493378
-2.504614 -73.501778
-2.444544 -73.510132
-2.384474 -73.518440
-2.324404 -73.526703
-2.264333 -73.534920
-2.204262 -73.543091
-2.144191 -73.551216
-2.084119 -73.559296
-2.024048 -73.567329
-1.963976 -73.575317
-1.903904 -73.583260
-1.843832 -73.591156
-1.783760 -73.599007
-1.723688 -73.606812
-1.663616 -73.614571
-1.603544 -73.622284
-1.543473 -73.629951
-1.483402 -73.637573
-1.423330 -73.645149
-1.363260 -73.652679
-1.303189 -73.660164
-1.243119 -73.667603
-1.183049 -73.674995
-1.122980 -73.682343
-1.062911 -73.689644
-1.002843 -73.696899
-0.942775 -73.704109
-0.882707 -73.711273
-0.822641 -73.718391
-0.762575 -73.725464
-0.702510 -73.732491
-0.642445 -73.739471
-0.582382 -73.746407
-0.522319 -73.753296
-0.462257 -73.760139
-0.402196 -73.766937
-0.342136 -73.773689
-0.282077 -73.780396
-0.222018 -73.787056
-0.161961 -73.793671
-0.101905 -73.800240
-0.041851 -73.806763
0.018203 -73.813240
0.078255 -73.819672
0.138307 -73.826057
0.198357 -73.832397
0.258405 -73.838692
0.318452 -73.844940
0.378498 -73.851143
0.438542 -73.857300
0.498585 -73.863411
0.558627 -73.869476
0.618666 -73.875496
0.678704 -73.881470
0.738741 -73.887398
0.798776 -73.893280
0.858809 -73.899117
0.918840 -73.904907
0.978870 -73.910652
1.038898 -73.916351
1.098923 -73.922005
1.158947 -73.927612
1.218970 -73.933174
1.278990 -73.938690
1.339008 -73.944160
1.399024 -73.949585
1.459038 -73.954964
1.519049 -73.960297
1.579059 -73.965584
1.639066 -73.970825
1.699071 -73.976021
1.759074 -73.981171
1.819075 -73.986275
1.879073 -73.991333
1.939068 -73.996346
1.999061 -74.001312
2.059052 -74.006233
2.119040 -74.011108
2.179026 -74.015938
2.239009 -74.020721
2.298990 -74.025459
2.358967 -74.030151
2.418942 -74.034798
2.478915 -74.039398
2.538884 -74.043953
2.598851 -74.048462
2.658814 -74.052925
2.718775 -74.057343
2.778733 -74.061714
2.838688 -74.066040
2.898640 -74.070320
2.958589 -74.074554
3.018534 -74.078743
3.078477 -74.082886
3.138416 -74.086983
3.198352 -74.091034
3.258285 -74.095039
3.318215 -74.098999
3.378141 -74.102913
3.438064 -74.106781
3.497984 -74.110603
3.557900 -74.114380
3.617813 -74.118111
3.677722 -74.121796
3.737627 -74.125435
3.797529 -74.129028
3.857428 -74.132576
3.917322 -74.136078
3.977213 -74.139534
4.037101 -74.142944
4.096984 -74.146309
4.156864 -74.149628
4.216740 -74.152901
4.276612 -74.156128
4.336481 -74.159309
4.396345 -74.162445
4.456206 -74.165535
4.516063 -74.168579
4.575915 -74.171577
4.635764 -74.174530
4.695608 -74.177437
4.755447 -74.180298
4.815283 -74.183113
4.875114 -74.185883
4.934941 -74.188606
4.994763 -74.191284
5.054582 -74.193916
5.114396 -74.196503
5.174205 -74.199043
5.234011 -74.201538
5.293812 -74.203987
5.353608 -74.206390
5.413400 -74.208748
5.473186 -74.211060
5.532969 -74.213326
5.592746 -74.215546
5.652518 -74.217720
5.712286 -74.219849
5.772049 -74.221931
5.831807 -74.223969
5.891561 -74.225960
5.951309 -74.227905
6.011053 -74.229805
6.070792 -74.231659
6.130526 -74.233467
6.190255 -74.235229
6.249978 -74.236946
6.309696 -74.238617
6.369409 -74.240242
6.429117 -74.241821
6.488819 -74.243355
6.548516 -74.244843
6.608208 -74.246284
6.667895 -74.247681
6.727576 -74.249031
6.787252 -74.250336
6.846923 -74.251595
6.906589 -74.252808
6.966248 -74.253975
7.025902 -74.255096
7.085550 -74.256172
7.145192 -74.257202
7.204829 -74.258186
7.264460 -74.259125
7.324085 -74.260017
7.383704 -74.260864
7.443318 -74.261665
7.502926 -74.262421
7.562528 -74.263130
7.622125 -74.263794
7.681715 -74.264412
7.741299 -74.264984
7.800877 -74.265511
7.860449 -74.265991
7.920014 -74.266426
7.979574 -74.266815
8.039127 -74.267159
8.098675 -74.267456
8.158216 -74.267708
8.217750 -74.267914
8.277277 -74.268074
8.336798 -74.268188
8.396312 -74.268257
8.455819 -74.268280
8.515320 -74.268257
8.574814 -74.268188
8.634301 -74.268074
8.693782 -74.267914
8.753256 -74.267708
8.812723 -74.267456
8.872184 -74.267159
8.931638 -74.266815
8.991085 -74.266426
9.050526 -74.265991
9.109960 -74.265511
9.169387 -74.264984
9.228807 -74.264412
9.288221 -74.263794
9.347629 -74.263130
9.407029 -74.262421
9.466423 -74.261665
9.525810 -74.260864
9.585191 -74.260017
9.644564 -74.259125
9.703929 -74.258186
9.763287 -74.257202
9.822637 -74.256172
9.881979 -74.255096
9.941314 -74.253975
10.000641 -74.252808
10.059960 -74.251595
10.119272 -74.250336
10.178576 -74.249031
10.237873 -74.247681
10.297162 -74.246284
10.356443 -74.244843
10.415717 -74.243355
10.474983 -74.241821
10.534242 -74.240242
10.593493 -74.238617
10.652736 -74.236946
10.711971 -74.235229
10.771199 -74.233467
10.830420 -74.231659
10.889632 -74.229805
10.948837 -74.227905
11.008035 -74.225960
11.067225 -74.223969
11.126407 -74.221931
11.185581 -74.219849
11.244748 -74.217720
11.303906 -74.215546
11.363056 -74.213326
11.422197 -74.211060
11.481330 -74.208748
11.540454 -74.206390
11.599569 -74.203987
11.658676 -74.201538
11.717774 -74.199043
11.776864 -74.196503
11.835945 -74.193916
11.895018 -74.191284
11.954082 -74.188606
12.013137 -74.185883
12.072184 -74.183113
12.131222 -74.180298
12.190251 -74.177437
12.249272 -74.174530
12.308285 -74.171577
12.367289 -74.168579
12.426284 -74.165535
12.485271 -74.162445
12.544249 -74.159309
12.603218 -74.156128
12.662179 -74.152901
12.721131 -74.149628
12.780075 -74.146309
12.839010 -74.142944
12.897936 -74.139534
12.956852 -74.136078
13.015759 -74.132576
13.074656 -74.129028
13.133543 -74.125435
13.192421 -74.121796
13.251289 -74.118111
13.310148 -74.114380
13.368998 -74.110603
13.427837 -74.106781
13.486668 -74.102913
13.545488 -74.098999
13.604300 -74.095039
13.663101 -74.091034
13.721893 -74.086983
13.780676 -74.082886
13.839449 -74.078743
13.898212 -74.074554
13.956966 -74.070320
14.015711 -74.066040
14.074446 -74.061714
14.133171 -74.057343
14.191887 -74.052925
14.250593 -74.048462
14.309290 -74.043953
14.367977 -74.039398
14.426655 -74.034798
14.485323 -74.030151
14.543982 -74.025459
14.602630 -74.020721
14.661267 -74.015938
14.719894 -74.011108
14.778511 -74.006233
14.837117 -74.001312
14.895713 -73.996346
14.954298 -73.991333
15.012873 -73.986275
15.071437 -73.981171
15.129991 -73.976021
15.188534 -73.970825
15.247066 -73.965584
15.305589 -73.960297
15.364100 -73.954964
15.422602 -73.949585
15.481092 -73.944160
15.539573 -73.938690
15.598042 -73.933174
15.656502 -73.927612
15.714951 -73.922005
15.773389 -73.916351
15.831817 -73.910652
15.890234 -73.904907
15.948641 -73.899117
16.007036 -73.893280
16.065420 -73.887398
16.123793 -73.881470
16.182154 -73.875496
16.240503 -73.869476
16.298841 -73.863411
16.357168 -73.857300
16.415483 -73.851143
16.473787 -73.844940
16.532080 -73.838692
16.590361 -73.832397
16.648630 -73.826057
16.706888 -73.819672
16.765135 -73.813240
16.823370 -73.806763
16.881594 -73.800240
16.939806 -73.793671
16.998007 -73.787056
17.056196 -73.780396
17.114374 -73.773689
17.172541 -73.766937
17.230696 -73.760139
17.288839 -73.753296
17.346972 -73.746407
17.405092 -73.739471
17.463202 -73.732491
17.521299 -73.725464
17.579386 -73.718391
17.637461 -73.711273
17.695524 -73.704109
17.753576 -73.696899
17.811617 -73.689644
17.869646 -73.682343
17.927664 -73.674995
17.985670 -73.667603
18.043665 -73.660164
18.101648 -73.652679
18.159620 -73.645149
18.217581 -73.637573
18.275530 -73.629951
18.333467 -73.622284
18.391394 -73.614571
18.449308 -73.606812
18.507212 -73.599007
18.565104 -73.591156
18.622984 -73.583260
18.680853 -73.575317
18.738710 -73.567329
18.796556 -73.559296
18.854389 -73.551216
18.912209 -73.543091
18.970015 -73.534920
19.027807 -73.526703
19.085587 -73.518440
19.143353 -73.510132
19.201105 -73.501778
19.258844 -73.493378
19.316570 -73.484932
19.374283 -73.476440
19.431982 -73.467903
19.489668 -73.459320
19.547340 -73.450691
19.605000 -73.442017
19.662645 -73.433296
19.720278 -73.424530
19.777897 -73.415718
19.835503 -73.406860
19.893095 -73.397957
19.950674 -73.389008
20.008240 -73.380013
20.065792 -73.370972
20.123331 -73.361885
20.180857 -73.352753
20.238369 -73.343575
20.295868 -73.334351
20.353354 -73.325081
20.410826 -73.315765
20.468285 -73.306404
20.525730 -73.296997
20.583162 -73.287544
20.640581 -73.278046
20.697987 -73.268501
20.755379 -73.258911
20.812757 -73.249275
20.870123 -73.239594
20.927475 -73.229866
20.984814 -73.220093
21.042139 -73.210274
21.099451 -73.200409
21.156750 -73.190498
21.214035 -73.180542
21.271307 -73.170540
21.328566 -73.160492
21.385811 -73.150398
21.443043 -73.140259
21.500261 -73.130074
21.557467 -73.119843
21.614658 -73.109566
21.671837 -73.099243
21.729002 -73.088875
21.786154 -73.078461
21.843292 -73.068001
21.900417 -73.057495
21.957529 -73.046944
22.014627 -73.036346
22.071712 -73.025703
22.128784 -73.015015
22.185843 -73.004280
22.242887 -72.993500
22.299919 -72.982674
22.356937 -72.971802
22.413940 -72.960884
22.470928 -72.949921
22.527901 -72.938911
22.584858 -72.927856
22.641800 -72.916756
22.698727 -72.905609
22.755638 -72.894417
22.812534 -72.883179
22.869415 -72.871895
22.926281 -72.860565
22.983131 -72.849190
23.039967 -72.837769
23.096786 -72.826302
23.153591 -72.814789
23.210381 -72.803230
23.267155 -72.791626
23.323914 -72.779976
23.380657 -72.768280
23.437386 -72.756538
23.494099 -72.744751
23.550797 -72.732918
23.607479 -72.721039
23.664146 -72.709114
23.720798 -72.697144
23.777435 -72.685127
23.834057 -72.673065
23.890663 -72.660957
23.947254 -72.648804
24.003830 -72.636604
24.060390 -72.624359
24.116936 -72.612068
24.173466 -72.599731
24.229980 -72.587349
24.286480 -72.574921
24.342964 -72.562447
24.399433 -72.549927
24.455887 -72.537361
24.512325 -72.524750
24.568748 -72.512093
24.625156 -72.499390
24.681549 -72.486641
24.737926 -72.473846
24.794289 -72.461006
24.850636 -72.448120
24.906967 -72.435188
24.963284 -72.422211
25.019585 -72.409187
25.075871 -72.396118
25.132141 -72.383011
25.188396 -72.369865
25.244637 -72.356682
25.300861 -72.343460
25.357071 -72.330200
25.413265 -72.316902
25.469444 -72.303566
25.525608 -72.290192
25.581757 -72.276779
25.637890 -72.263329
25.694008 -72.249840
25.750111 -72.236313
25.806198 -72.222748
25.862270 -72.209145
25.918327 -72.195503
25.974369 -72.181824
26.030396 -72.168106
26.086405 -72.154350
26.142397 -72.140556
26.198372 -72.126724
26.254330 -72.112854
26.310270 -72.098946
26.366194 -72.084999
26.422100 -72.071014
26.477989 -72.056992
26.533861 -72.042931
26.589716 -72.028831
26.645554 -72.014694
26.701374 -72.000519
26.757177 -71.986305
26.812963 -71.972054
26.868732 -71.957764
26.924484 -71.943436
26.980219 -71.929070
27.035936 -71.914665
27.091637 -71.900223
27.147320 -71.885742
27.202986 -71.871223
27.258635 -71.856667
27.314266 -71.842072
27.369881 -71.827438
27.425478 -71.812767
27.481058 -71.798058
27.536621 -71.783310
27.592167 -71.768524
27.647696 -71.753700
27.703207 -71.738838
27.758701 -71.723938
27.814178 -71.709000
27.869638 -71.694023
27.925081 -71.679008
27.980507 -71.663956
28.035915 -71.648865
28.091307 -71.633736
28.146681 -71.618568
28.202038 -71.603363
28.257378 -71.588120
28.312700 -71.572838
28.368006 -71.557518
28.423294 -71.542160
28.478565 -71.526764
28.533819 -71.511330
28.589056 -71.495857
28.644276 -71.480347
28.699478 -71.464798
28.754663 -71.449211
28.809832 -71.433586
28.864983 -71.417923
28.920116 -71.402222
28.975233 -71.386482
29.030333 -71.370705
29.085415 -71.354889
29.140480 -71.339035
29.195528 -71.323143
29.250559 -71.307213
29.305573 -71.291245
29.360569 -71.275238
29.415548 -71.259193
29.470510 -71.243111
29.525455 -71.226990
29.580383 -71.210831
29.635294 -71.194633
29.690187 -71.178398
29.745064 -71.162125
29.799923 -71.145813
29.854763 -71.129463
29.909584 -71.113075
29.964386 -71.096649
30.019169 -71.080185
30.073933 -71.063683
30.128677 -71.047142
30.183403 -71.030563
30.238110 -71.013947
30.292797 -70.997292
30.347466 -70.980598
30.402115 -70.963867
30.456745 -70.947098
30.511356 -70.930290
30.565948 -70.913445
30.620522 -70.896561
30.675076 -70.879639
30.729610 -70.862679
30.784126 -70.845680
30.838623 -70.828644
30.893101 -70.811569
30.947559 -70.794456
31.001999 -70.777306
31.056419 -70.760117
31.110821 -70.742889
31.165203 -70.725624
31.219566 -70.708321
31.273911 -70.690979
31.328236 -70.673599
31.382542 -70.656181
31.436829 -70.638725
31.491096 -70.621231
31.545345 -70.603699
31.599575 -70.586128
31.653786 -70.568520
31.707977 -70.550873
31.762150 -70.533188
31.816303 -70.515465
31.870438 -70.497704
31.924553 -70.479904
31.978649 -70.462067
32.032726 -70.444191
32.086784 -70.426277
32.140823 -70.408325
32.194843 -70.390335
32.248844 -70.372307
32.302826 -70.354240
32.356789 -70.336136
32.410732 -70.317993
32.464657 -70.299812
32.518562 -70.281593
32.572449 -70.263336
32.626316 -70.245041
32.680164 -70.226707
32.733994 -70.208336
32.787804 -70.189926
32.841595 -70.171478
32.895367 -70.152992
32.949120 -70.134468
33.002853 -70.115906
33.056568 -70.097305
33.110264 -70.078667
33.163940 -70.059990
33.217598 -70.041275
33.271236 -70.022522
33.324856 -70.003731
33.378456 -69.984901
33.432037 -69.966034
33.485600 -69.947128
33.539143 -69.928185
33.592667 -69.909203
33.646172 -69.890182
33.699657 -69.871124
33.753124 -69.852028
33.806572 -69.832893
33.860001 -69.813721
33.913410 -69.794510
33.966801 -69.775261
34.020172 -69.755974
34.073524 -69.736649
34.126858 -69.717285
34.180172 -69.697884
34.233467 -69.678444
34.286743 -69.658966
34.340000 -69.639450
34.393238 -69.619896
34.446457 -69.600304
34.499657 -69.580673
34.552837 -69.561005
34.605999 -69.541298
34.659142 -69.521553
34.712265 -69.501770
34.765369 -69.481949
34.818455 -69.462090
34.871521 -69.442192
34.924568 -69.422256
34.977596 -69.402283
35.030605 -69.382271
35.083595 -69.362221
35.136566 -69.342133
35.189518 -69.322006
35.242451 -69.301842
35.295364 -69.281639
35.348259 -69.261398
35.401134 -69.241119
35.453991 -69.220802
35.506828 -69.200447
35.559647 -69.180054
35.612446 -69.159622
35.665226 -69.139153
35.717987 -69.118645
35.770725 -69.098099
35.823441 -69.077515
35.876133 -69.056892
35.928802 -69.036232
35.981449 -69.015533
36.034073 -68.994797
36.086674 -68.974022
36.139252 -68.953209
36.191807 -68.932358
36.244339 -68.911469
36.296848 -68.890541
36.349335 -68.869576
36.401798 -68.848572
36.454239 -68.827530
36.506657 -68.806450
36.559052 -68.785332
36.611423 -68.764175
36.663773 -68.742981
36.716099 -68.721748
36.768402 -68.700478
36.820683 -68.679169
36.872940 -68.657822
36.925175 -68.636436
36.977386 -68.615013
37.029575 -68.593552
37.081741 -68.572052
37.133884 -68.550514
37.186005 -68.528938
37.238102 -68.507324
37.290176 -68.485672
37.342228 -68.463982
37.394257 -68.442253
37.446262 -68.420486
37.498245 -68.398682
37.550205 -68.376839
37.602142 -68.354958
37.654057 -68.333038
37.705948 -68.311081
37.757816 -68.289085
37.809662 -68.267052
37.861485 -68.244980
37.913284 -68.222870
37.965061 -68.200722
38.016815 -68.178535
38.068546 -68.156311
38.120255 -68.134048
38.171940 -68.111748
38.223602 -68.089409
38.275242 -68.067032
38.326859 -68.044617
38.378452 -68.022163
38.430023 -67.999672
38.481571 -67.977142
38.533096 -67.954575
38.584599 -67.931969
38.636078 -67.909325
38.687534 -67.886642
38.738968 -67.863922
38.790379 -67.841164
38.841766 -67.818367
38.893131 -67.795532
38.944473 -67.772659
38.995792 -67.749748
39.047089 -67.726799
39.098362 -67.703812
39.149612 -67.680786
39.200840 -67.657722
39.252045 -67.634621
39.303226 -67.611481
39.354385 -67.588303
39.405521 -67.565086
39.456635 -67.541832
39.507725 -67.518539
39.558792 -67.495209
39.609837 -67.471840
39.660858 -67.448433
39.711857 -67.424988
39.762833 -67.401505
39.813786 -67.377983
39.864716 -67.354424
39.915623 -67.330826
39.966507 -67.307190
40.017368 -67.283516
40.068207 -67.259804
40.119022 -67.236053
40.169815 -67.212265
40.220585 -67.188438
40.271332 -67.164574
40.322056 -67.140671
40.372757 -67.116730
40.423435 -67.092751
40.474091 -67.068733
40.524723 -67.044678
40.575333 -67.020584
40.625919 -66.996452
40.676483 -66.972282
40.727024 -66.948074
40.777542 -66.923828
40.828037 -66.899544
40.878510 -66.875221
40.928959 -66.850861
40.979385 -66.826462
41.029789 -66.802025
41.080170 -66.777550
41.130527 -66.753036
41.180862 -66.728485
41.231174 -66.703896
41.281464 -66.679268
41.331730 -66.654602
41.381973 -66.629898
41.432194 -66.605156
41.482391 -66.580376
41.532566 -66.555557
41.582718 -66.530701
41.632847 -66.505806
41.682953 -66.480873
41.733036 -66.455902
41.783096 -66.430893
41.833134 -66.405846
41.883148 -66.380760
41.933140 -66.355637
41.983109 -66.330475
42.033054 -66.305275
42.082977 -66.280037
42.132877 -66.254761
42.182755 -66.229446
42.232609 -66.204094
42.282440 -66.178703
42.332249 -66.153275
42.382034 -66.127808
42.431797 -66.102303
42.481537 -66.076759
42.531254 -66.051178
42.580948 -66.025558
42.630619 -65.999901
42.680267 -65.974205
42.729893 -65.948471
42.779495 -65.922699
42.829075 -65.896889
42.878632 -65.871040
42.928165 -65.845154
42.977676 -65.819229
43.027164 -65.793266
43.076630 -65.767265
43.126072 -65.741226
43.175491 -65.715149
43.224888 -65.689034
43.274261 -65.662880
43.323612 -65.636688
43.372940 -65.610458
43.422245 -65.584190
43.471527 -65.557884
43.520786 -65.531540
43.570023 -65.505157
43.619236 -65.478737
43.668427 -65.452278
43.717594 -65.425781
43.766739 -65.399246
43.815861 -65.372673
43.864960 -65.346062
43.914036 -65.319412
43.963089 -65.292725
44.012119 -65.265999
44.061127 -65.239235
44.110111 -65.212433
44.159073 -65.185593
44.208008 -65.158714
44.256916 -65.131798
44.305798 -65.104843
44.354652 -65.077850
44.403481 -65.050819
44.452282 -65.023750
44.501057 -64.996643
44.549805 -64.969498
44.598526 -64.942314
44.647221 -64.915092
44.695889 -64.887833
44.744530 -64.860535
44.793144 -64.833199
44.841732 -64.805824
44.890293 -64.778419
44.938828 -64.750984
44.987335 -64.723518
45.035816 -64.696022
45.084270 -64.668495
45.132698 -64.640938
45.181099 -64.613350
45.229473 -64.585732
45.277821 -64.558083
45.326141 -64.530403
45.374435 -64.502693
45.422703 -64.474953
45.470943 -64.447182
45.519157 -64.419380
45.567345 -64.391548
45.615505 -64.363686
45.663639 -64.335793
45.711746 -64.307869
45.759827 -64.279915
45.807880 -64.251930
45.855907 -64.223915
45.903908 -64.195869
45.951881 -64.167793
45.999828 -64.139687
46.047749 -64.111549
46.095642 -64.083382
46.143509 -64.055183
46.191349 -64.026955
46.239162 -63.998692
46.286949 -63.970394
46.334709 -63.942062
46.382442 -63.913696
46.430149 -63.885296
46.477829 -63.856861
46.525482 -63.828392
46.573109 -63.799889
46.620708 -63.771351
46.668282 -63.742779
46.715828 -63.714172
46.763348 -63.685532
46.810841 -63.656857
46.858307 -63.628147
46.905746 -63.599403
46.953159 -63.570625
47.000546 -63.541813
47.047905 -63.512966
47.095238 -63.484085
47.142544 -63.455170
47.189823 -63.426220
47.237076 -63.397236
47.284302 -63.368217
47.331501 -63.339165
47.378674 -63.310078
47.425819 -63.280956
47.472939 -63.251801
47.520031 -63.222610
47.567097 -63.193386
47.614136 -63.164127
47.661148 -63.134834
47.708134 -63.105507
47.755093 -63.076145
47.802025 -63.046749
47.848930 -63.017319
47.895809 -62.987854
47.942661 -62.958355
47.989487 -62.928822
48.036285 -62.899254
48.083057 -62.869652
48.129803 -62.840015
48.176521 -62.810345
48.223213 -62.780640
48.269878 -62.750900
48.316517 -62.721127
48.363129 -62.691319
48.409714 -62.661476
48.456272 -62.631599
48.502804 -62.601688
48.549309 -62.571743
48.595787 -62.541763
48.642239 -62.511749
48.688663 -62.481701
48.735062 -62.451618
48.781433 -62.421501
48.827778 -62.391350
48.874096 -62.361164
48.920387 -62.330944
48.966652 -62.300694
49.012890 -62.270412
49.059101 -62.240101
49.105286 -62.209759
49.151443 -62.179386
49.197575 -62.148983
49.243679 -62.118549
49.289757 -62.088085
49.335808 -62.057590
49.381832 -62.027065
49.427830 -61.996510
49.473801 -61.965923
49.519745 -61.935307
49.565662 -61.904659
49.611553 -61.873981
49.657417 -61.843273
49.703255 -61.812534
49.749065 -61.781765
49.794849 -61.750965
49.840607 -61.720135
49.886337 -61.689274
49.932041 -61.658382
49.977718 -61.627460
50.023369 -61.596508
50.068993 -61.565525
50.114590 -61.534512
50.160160 -61.503468
50.205704 -61.472393
50.251221 -61.441288
50.296711 -61.410152
50.342175 -61.378986
50.387611 -61.347790
50.433022 -61.316563
50.478405 -61.285305
50.523762 -61.254017
50.569092 -61.222698
50.614395 -61.191349
50.659672 -61.159969
50.704922 -61.128559
50.750145 -61.097118
50.795341 -61.065647
50.840511 -61.034145
50.885654 -61.002613
50.930771 -60.971050
50.975861 -60.939457
51.020924 -60.907833
51.065960 -60.876179
51.110970 -60.844494
51.155952 -60.812778
51.200909 -60.781033
51.245838 -60.749256
51.290741 -60.717449
51.335617 -60.685612
51.380466 -60.653744
51.425289 -60.621845
51.470085 -60.589916
51.514854 -60.557957
51.559597 -60.525967
51.604313 -60.493946
51.649002 -60.461895
51.693665 -60.429813
51.738300 -60.397701
51.782909 -60.365559
51.827492 -60.333385
51.872047 -60.301182
51.916576 -60.268948
51.961079 -60.236683
52.005554 -60.204388
52.050003 -60.172062
52.094425 -60.139706
52.138821 -60.107319
52.183189 -60.074902
52.227531 -60.042454
52.271847 -60.009975
52.316135 -59.977467
52.360397 -59.944927
52.404633 -59.912357
52.448841 -59.879757
52.493023 -59.847126
52.537178 -59.814465
52.581306 -59.781773
52.625408 -59.749050
52.669483 -59.716297
52.713531 -59.683514
52.757553 -59.650700
52.801548 -59.617855
52.845516 -59.584980
52.889458 -59.552074
52.933372 -59.519138
52.977261 -59.486172
53.021122 -59.453175
53.064957 -59.420147
53.108765 -59.387089
53.152546 -59.354000
53.196301 -59.320881
53.240028 -59.287731
53.283726 -59.254551
53.327393 -59.221340
53.371029 -59.188099
53.414635 -59.154827
53.458210 -59.121525
53.501755 -59.088192
53.545269 -59.054829
53.588753 -59.021435
53.632206 -58.988010
53.675629 -58.954556
53.719021 -58.921070
53.762383 -58.887554
53.805714 -58.854008
53.849014 -58.820431
53.892284 -58.786823
53.935524 -58.753185
53.978733 -58.719517
54.021912 -58.685818
54.065060 -58.652088
54.108177 -58.618328
54.151264 -58.584538
54.194321 -58.550716
54.237347 -58.516865
54.280342 -58.482983
54.323307 -58.449070
54.366241 -58.415127
54.409145 -58.381153
54.452019 -58.347149
54.494862 -58.313114
54.537674 -58.279049
54.580456 -58.244953
54.623207 -58.210827
54.665928 -58.176670
54.708618 -58.142483
54.751278 -58.108265
54.793907 -58.074017
54.836506 -58.039738
54.879074 -58.005428
54.921612 -57.971088
54.964119 -57.936718
55.006596 -57.902317
55.049042 -57.867886
55.091457 -57.833424
55.133842 -57.798931
55.176197 -57.764408
55.218521 -57.729855
55.260815 -57.695271
55.303078 -57.660656
55.345310 -57.626011
55.387512 -57.591335
55.429684 -57.556629
55.471825 -57.521893
55.513935 -57.487125
55.556015 -57.452328
55.598064 -57.417500
55.640083 -57.382641
55.682072 -57.347752
55.724030 -57.312832
55.765957 -57.277882
55.807854 -57.242901
55.849720 -57.207890
55.891556 -57.172848
55.933361 -57.137775
55.975136 -57.102673
56.016880 -57.067539
56.058594 -57.032375
56.100277 -56.997181
56.141930 -56.961956
56.183552 -56.926701
56.225143 -56.891415
56.266705 -56.856098
56.308235 -56.820755
56.349735 -56.785385
56.391205 -56.749989
56.432644 -56.714565
56.474052 -56.679115
56.515430 -56.643639
56.556778 -56.608135
56.598095 -56.572605
56.639381 -56.537048
56.680637 -56.501465
56.721863 -56.465855
56.763058 -56.430218
56.804222 -56.394554
56.845356 -56.358864
56.886459 -56.323147
56.927532 -56.287403
56.968575 -56.251633
57.009586 -56.215836
57.050568 -56.180012
57.091518 -56.144161
57.132439 -56.108284
57.173328 -56.072380
57.214188 -56.036449
57.255016 -56.000492
57.295815 -55.964508
57.336582 -55.928497
57.377319 -55.892460
57.418026 -55.856396
57.458702 -55.820305
57.499348 -55.784187
57.539963 -55.748043
57.580547 -55.711872
57.621101 -55.675674
57.661625 -55.639450
57.702118 -55.603199
57.742580 -55.566921
57.783012 -55.530617
57.823414 -55.494286
57.863785 -55.457928
57.904125 -55.421543
57.944435 -55.385132
57.984715 -55.348694
58.024963 -55.312229
58.065182 -55.275738
58.105370 -55.239220
58.145527 -55.202675
58.185654 -55.166103
58.225750 -55.129505
58.265816 -55.092880
58.305851 -55.056229
58.345856 -55.019550
58.385830 -54.982845
58.425774 -54.946114
58.465687 -54.909355
58.505569 -54.872570
58.545422 -54.835758
58.585243 -54.798920
58.625034 -54.762054
58.664795 -54.725163
58.704525 -54.688244
58.744225 -54.651299
58.783894 -54.614326
58.823532 -54.577328
58.863140 -54.540302
58.902718 -54.503250
58.942265 -54.466171
58.981781 -54.429066
59.021267 -54.391933
59.060722 -54.354774
59.100147 -54.317589
59.139542 -54.280376
59.178905 -54.243137
59.218239 -54.205872
59.257542 -54.168579
59.296814 -54.131260
59.336056 -54.093914
59.375267 -54.056541
59.414448 -54.019142
59.453598 -53.981716
59.492718 -53.944263
59.531807 -53.906784
59.570866 -53.869278
59.609894 -53.831745
59.648891 -53.794186
59.687859 -53.756599
59.726795 -53.718987
59.765701 -53.681347
59.804577 -53.643681
59.843422 -53.605988
59.882236 -53.568268
59.921021 -53.530521
59.959774 -53.492748
59.998497 -53.454948
60.037189 -53.417122
60.075851 -53.379269
60.114483 -53.341389
60.153084 -53.303482
60.191654 -53.265549
60.230194 -53.227589
60.268703 -53.189602
60.307182 -53.151588
60.345631 -53.113548
60.384048 -53.075481
60.422436 -53.037388
60.460793 -52.999268
60.499119 -52.961121
60.537415 -52.922947
60.575680 -52.884747
60.613914 -52.846519
60.652119 -52.808266
60.690292 -52.769985
60.728436 -52.731678
60.766548 -52.693344
60.804630 -52.654984
60.842682 -52.616596
60.880703 -52.578182
60.918694 -52.539742
60.956654 -52.501274
60.994583 -52.462780
61.032482 -52.424259
61.070351 -52.385712
61.108189 -52.347137
61.145996 -52.308537
61.183773 -52.269909
61.221519 -52.231255
61.259235 -52.192574
61.296921 -52.153866
61.334576 -52.115131
61.372200 -52.076370
61.409794 -52.037582
61.447357 -51.998768
61.484890 -51.959927
61.522392 -51.921059
61.559864 -51.882164
61.597305 -51.843243
61.634716 -51.804295
61.672096 -51.765320
61.709446 -51.726318
61.746765 -51.687290
61.784054 -51.648235
61.821312 -51.609154
61.858540 -51.570045
61.895737 -51.530910
61.932903 -51.491749
61.970039 -51.452560
62.007145 -51.413345
62.044220 -51.374104
62.081264 -51.334835
62.118279 -51.295540
62.155262 -51.256218
62.192215 -51.216869
62.229137 -51.177494
62.266029 -51.138092
62.302891 -51.098663
62.339722 -51.059208
62.376522 -51.019726
62.413292 -50.980217
62.450031 -50.940681
62.486740 -50.901119
62.523418 -50.861530
62.560066 -50.821915
62.596684 -50.782272
62.633270 -50.742603
62.669827 -50.702908
62.706352 -50.663189
62.742847 -50.623447
62.779312 -50.583683
62.815746 -50.543896
62.852150 -50.504086
62.888523 -50.464252
62.924862 -50.424397
62.961166 -50.384518
62.997437 -50.344616
63.033672 -50.304691
63.069874 -50.264744
63.106041 -50.224773
63.142174 -50.184780
63.178272 -50.144764
63.214336 -50.104725
63.250366 -50.064663
63.286362 -50.024578
63.322323 -49.984470
63.358250 -49.944340
63.394142 -49.904186
63.430000 -49.864010
63.465824 -49.823811
63.501614 -49.783588
63.537369 -49.743343
63.573090 -49.703075
63.608776 -49.662785
63.644428 -49.622471
63.680046 -49.582134
63.715630 -49.541775
63.751179 -49.501392
63.786694 -49.460987
63.822174 -49.420559
63.857620 -49.380108
63.893032 -49.339634
63.928410 -49.299137
63.963753 -49.258617
63.999062 -49.218075
64.034340 -49.177509
64.069588 -49.136921
64.104805 -49.096310
64.139992 -49.055676
64.175148 -49.015018
64.210274 -48.974339
64.245369 -48.933636
64.280434 -48.892910
64.315468 -48.852161
64.350471 -48.811390
64.385445 -48.770596
64.420387 -48.729778
64.455299 -48.688938
64.490181 -48.648075
64.525032 -48.607189
64.559853 -48.566280
64.594643 -48.525349
64.629402 -48.484394
64.664131 -48.443417
64.698830 -48.402416
64.733498 -48.361393
64.768135 -48.320347
64.802742 -48.279278
64.837318 -48.238186
64.871864 -48.197071
64.906380 -48.155933
64.940865 -48.114773
64.975319 -48.073589
65.009743 -48.032383
65.044136 -47.991154
65.078499 -47.949902
65.112831 -47.908627
65.147133 -47.867329
65.181404 -47.826008
65.215645 -47.784664
65.249855 -47.743298
65.284035 -47.701908
65.318184 -47.660496
65.352303 -47.619061
65.386391 -47.577602
65.420448 -47.536121
65.454475 -47.494617
65.488472 -47.453091
65.522438 -47.411541
65.556374 -47.369968
65.590279 -47.328373
65.624153 -47.286755
65.657997 -47.245113
65.691811 -47.203449
65.725594 -47.161762
65.759346 -47.120052
65.793068 -47.078320
65.826759 -47.036564
65.860420 -46.994785
65.894051 -46.952984
65.927650 -46.911160
65.961220 -46.869312
65.994759 -46.827442
66.028267 -46.785549
66.061745 -46.743633
66.095192 -46.701694
66.128609 -46.659733
66.161995 -46.617748
66.195351 -46.575741
66.228676 -46.533710
66.261971 -46.491657
66.295235 -46.449581
66.328468 -46.407482
66.361671 -46.365360
66.394844 -46.323215
66.427986 -46.281048
66.461098 -46.238857
66.494179 -46.196644
66.527229 -46.154408
66.560249 -46.112148
66.593239 -46.069866
66.626198 -46.027561
66.659126 -45.985233
66.692024 -45.942883
66.724892 -45.900509
66.757729 -45.858112
66.790535 -45.815693
66.823311 -45.773251
66.856056 -45.730785
66.888771 -45.688297
66.921455 -45.645786
66.954109 -45.603252
66.986732 -45.560696
67.019325 -45.518116
67.051888 -45.475513
67.084419 -45.432888
67.116920 -45.390240
67.149391 -45.347569
67.181831 -45.304874
67.214241 -45.262157
67.246620 -45.219418
67.278969 -45.176655
67.311287 -45.133869
67.343575 -45.091061
67.375832 -45.048229
67.408058 -45.005375
67.440254 -44.962498
67.472420 -44.919598
67.504555 -44.876675
67.536659 -44.833729
67.568733 -44.790760
67.600777 -44.747768
67.632790 -44.704754
67.664772 -44.661716
67.696724 -44.618656
67.728645 -44.575573
67.760536 -44.532467
67.792397 -44.489338
67.824226 -44.446186
67.856026 -44.403011
67.887794 -44.359814
67.919533 -44.316593
67.951241 -44.273350
67.982918 -44.230083
68.014557 -44.186794
68.046158 -44.143482
68.077721 -44.100147
68.109245 -44.056789
68.140732 -44.013412
68.172180 -43.970016
68.203590 -43.926601
68.234962 -43.883167
68.266296 -43.839714
68.297592 -43.796242
68.328850 -43.752750
68.360069 -43.709240
68.391251 -43.665710
68.422394 -43.622162
68.453499 -43.578594
68.484566 -43.535007
68.515594 -43.491402
68.546585 -43.447777
68.577538 -43.404133
68.608452 -43.360470
68.639328 -43.316788
68.670166 -43.273087
68.700966 -43.229366
68.731728 -43.185627
68.762451 -43.141869
68.793137 -43.098091
68.823784 -43.054295
68.854393 -43.010479
68.884964 -42.966644
68.915497 -42.922791
68.945992 -42.878918
68.976448 -42.835026
69.006866 -42.791115
69.037247 -42.747185
69.067589 -42.703236
69.097893 -42.659267
69.128159 -42.615280
69.158386 -42.571274
69.188576 -42.527248
69.218727 -42.483204
69.248840 -42.439140
69.278915 -42.395058
69.308952 -42.350956
69.338951 -42.306835
69.368912 -42.262695
69.398834 -42.218536
69.428719 -42.174358
69.458565 -42.130161
69.488373 -42.085945
69.518143 -42.041710
69.547874 -41.997456
69.577568 -41.953182
69.607224 -41.908890
69.636841 -41.864578
69.666420 -41.820248
69.695961 -41.775898
69.725464 -41.731529
69.754929 -41.687141
69.784355 -41.642735
69.813744 -41.598309
69.843094 -41.553864
69.872406 -41.509399
69.901680 -41.464916
69.930916 -41.420414
69.960114 -41.375893
69.989273 -41.331352
70.018394 -41.286793
70.047478 -41.242214
70.076523 -41.197617
70.105530 -41.153000
70.134499 -41.108364
70.163429 -41.063709
70.192322 -41.019035
70.221176 -40.974342
70.249992 -40.929630
70.278770 -40.884899
70.307510 -40.840149
70.336212 -40.795380
70.364876 -40.750591
70.393501 -40.705784
70.422089 -40.660957
70.450638 -40.616112
70.479149 -40.571247
70.507622 -40.526363
70.536057 -40.481461
70.564453 -40.436539
70.592812 -40.391598
70.621132 -40.346638
70.649414 -40.301659
70.677658 -40.256660
70.705864 -40.211643
70.734032 -40.166607
70.762161 -40.121552
70.790253 -40.076477
70.818306 -40.031384
70.846321 -39.986271
70.874298 -39.941139
70.902237 -39.895988
70.930138 -39.850819
70.958000 -39.805630
70.985825 -39.760422
71.013611 -39.715195
71.041359 -39.669949
71.069069 -39.624683
71.096741 -39.579399
71.124374 -39.534096
71.151970 -39.488773
71.179527 -39.443432
71.207047 -39.398071
71.234528 -39.352692
71.261971 -39.307293
71.289375 -39.261875
71.316742 -39.216438
71.344070 -39.170982
71.371361 -39.125507
71.398613 -39.080013
71.425827 -39.034500
71.453003 -38.988968
71.480141 -38.943417
71.507240 -38.897846
71.534302 -38.852257
71.561325 -38.806648
71.588310 -38.761021
71.615257 -38.715374
71.642166 -38.669708
71.669037 -38.624023
71.695869 -38.578320
71.722664 -38.532597
71.749420 -38.486855
71.776138 -38.441093
71.802818 -38.395313
71.829460 -38.349514
71.856064 -38.303696
71.882629 -38.257858
71.909157 -38.212002
71.935646 -38.166126
71.962097 -38.120232
71.988510 -38.074318
72.014885 -38.028385
72.041222 -37.982433
72.067520 -37.936462
72.093781 -37.890472
72.120003 -37.844463
72.146187 -37.798435
72.172333 -37.752388
72.198441 -37.706322
72.224510 -37.660236
72.250542 -37.614132
72.276535 -37.568008
72.302490 -37.521866
72.328407 -37.475704
72.354286 -37.429523
72.380127 -37.383324
72.405930 -37.337105
72.431694 -37.290867
72.457420 -37.244610
72.483109 -37.198334
72.508759 -37.152039
72.534370 -37.105724
72.559944 -37.059391
72.585480 -37.013039
72.610977 -36.966667
72.636436 -36.920280
72.661858 -36.873878
72.687241 -36.827461
72.712585 -36.781029
72.737892 -36.734581
72.763161 -36.688118
72.788391 -36.641640
72.813583 -36.595146
72.838737 -36.548637
72.863853 -36.502113
72.888931 -36.455574
72.913971 -36.409019
72.938972 -36.362450
72.963936 -36.315865
72.988861 -36.269264
73.013748 -36.222649
73.038597 -36.176018
73.063408 -36.129372
73.088181 -36.082710
73.112915 -36.036034
73.137611 -35.989342
73.162270 -35.942635
73.186890 -35.895912
73.211472 -35.849174
73.236015 -35.802422
73.260521 -35.755653
73.284988 -35.708870
73.309418 -35.662071
73.333809 -35.615257
73.358162 -35.568428
73.382477 -35.521584
73.406754 -35.474724
73.430992 -35.427849
73.455193 -35.380959
73.479355 -35.334053
73.503479 -35.287132
73.527565 -35.240196
73.551613 -35.193245
73.575623 -35.146278
73.599594 -35.099297
73.623528 -35.052299
73.647423 -35.005287
73.671280 -34.958260
73.695099 -34.911217
73.718880 -34.864159
73.742622 -34.817085
73.766327 -34.769997
73.789993 -34.722893
73.813622 -34.675774
73.837212 -34.628639
73.860764 -34.581490
73.884277 -34.534325
73.907753 -34.487144
73.931190 -34.439949
73.954590 -34.392738
73.977951 -34.345512
74.001274 -34.298271
74.024559 -34.251015
74.047806 -34.203743
74.071014 -34.156456
74.094185 -34.109154
74.117317 -34.061836
74.140411 -34.014503
74.163467 -33.967155
74.186485 -33.919792
74.209465 -33.872414
74.232407 -33.825020
74.255310 -33.777611
74.278175 -33.730186
74.301003 -33.682747
74.323792 -33.635292
74.346542 -33.587822
74.369255 -33.540337
74.391930 -33.492836
74.414566 -33.445320
74.437164 -33.397789
74.459724 -33.350243
74.482246 -33.302681
74.504730 -33.255104
74.527176 -33.207512
74.549583 -33.159904
74.571953 -33.112282
74.594284 -33.064644
74.616577 -33.016991
74.638832 -32.969322
74.661049 -32.921638
74.683228 -32.873940
74.705368 -32.826225
74.727470 -32.778496
74.749535 -32.730751
74.771561 -32.682991
74.793549 -32.635216
74.815498 -32.587425
74.837410 -32.539619
74.859283 -32.491798
74.881119 -32.443962
74.902916 -32.396111
74.924675 -32.348244
74.946396 -32.300362
74.968079 -32.252464
74.989723 -32.204552
75.011330 -32.156624
75.032898 -32.108681
75.054428 -32.060722
75.075920 -32.012749
75.097374 -31.964760
75.118790 -31.916756
75.140167 -31.868736
75.161507 -31.820702
75.182808 -31.772652
75.204071 -31.724586
75.225296 -31.676506
75.246483 -31.628410
75.267632 -31.580299
75.288742 -31.532173
75.309814 -31.484032
75.330849 -31.435875
75.351845 -31.387703
75.372803 -31.339516
75.393723 -31.291315
75.414604 -31.243101
75.435448 -31.194874
75.456253 -31.146633
75.477020 -31.098379
75.497749 -31.050112
75.518440 -31.001831
75.539093 -30.953537
75.559708 -30.905230
75.580284 -30.856909
75.600822 -30.808575
75.621323 -30.760227
75.641785 -30.711866
75.662209 -30.663492
75.682594 -30.615105
75.702942 -30.566704
75.723251 -30.518290
75.743523 -30.469862
75.763756 -30.421421
75.783951 -30.372967
75.804108 -30.324499
75.824226 -30.276018
75.844307 -30.227524
75.864349 -30.179016
75.884354 -30.130495
75.904320 -30.081961
75.924248 -30.033413
75.944138 -29.984852
75.963989 -29.936277
75.983803 -29.887690
76.003578 -29.839088
76.023315 -29.790474
76.043015 -29.741846
76.062675 -29.693205
76.082298 -29.644550
76.101883 -29.595882
76.121429 -29.547201
76.140938 -29.498507
76.160408 -29.449799
76.179840 -29.401077
76.199234 -29.352343
76.218590 -29.303595
76.237907 -29.254833
76.257187 -29.206059
76.276428 -29.157270
76.295631 -29.108469
76.314796 -29.059654
76.333923 -29.010826
76.353012 -28.961985
76.372063 -28.913130
76.391075 -28.864262
76.410049 -28.815380
76.428986 -28.766485
76.447884 -28.717577
76.466743 -28.668655
76.485565 -28.619720
76.504349 -28.570772
76.523094 -28.521811
76.541801 -28.472836
76.560471 -28.423847
76.579102 -28.374846
76.597694 -28.325830
76.616249 -28.276802
76.634766 -28.227760
76.653244 -28.178705
76.671684 -28.129637
76.690086 -28.080555
76.708450 -28.031460
76.726776 -27.982351
76.745064 -27.933229
76.763313 -27.884094
76.781525 -27.834946
76.799698 -27.785784
76.817833 -27.736609
76.835930 -27.687420
76.853989 -27.638218
76.872009 -27.589003
76.889992 -27.539774
76.907936 -27.490532
76.925842 -27.441278
76.943710 -27.392014
76.961540 -27.342737
76.979332 -27.293449
76.997086 -27.244150
77.014801 -27.194839
77.032478 -27.145517
77.050117 -27.096184
77.067719 -27.046839
77.085281 -26.997482
77.102806 -26.948114
77.120293 -26.898735
77.137741 -26.849344
77.155151 -26.799942
77.172523 -26.750528
77.189857 -26.701103
77.207153 -26.651667
77.224411 -26.602219
77.241631 -26.552759
77.258812 -26.503288
77.275955 -26.453806
77.293060 -26.404312
77.310127 -26.354807
77.327156 -26.305290
77.344147 -26.255762
77.361099 -26.206223
77.378014 -26.156672
77.394890 -26.107109
77.411728 -26.057535
77.428528 -26.007950
77.445290 -25.958353
77.462013 -25.908745
77.478699 -25.859125
77.495346 -25.809494
77.511955 -25.759851
77.528526 -25.710197
77.545059 -25.660532
77.561554 -25.610855
77.578011 -25.561167
77.594429 -25.511467
77.610809 -25.461756
77.627151 -25.412033
77.643456 -25.362299
77.659721 -25.312553
77.675949 -25.262796
77.692139 -25.213028
77.708290 -25.163248
77.724403 -25.113457
77.740479 -25.063654
77.756516 -25.013840
77.772514 -24.964014
77.788475 -24.914177
77.804398 -24.864328
77.820282 -24.814468
77.836128 -24.764597
77.851936 -24.714714
77.867706 -24.664820
77.883438 -24.614914
77.899132 -24.564997
77.914787 -24.515068
77.930405 -24.465128
77.945984 -24.415176
77.961525 -24.365213
77.977028 -24.315239
77.992493 -24.265253
78.007919 -24.215256
78.023308 -24.165247
78.038658 -24.115227
78.053970 -24.065195
78.069244 -24.015152
78.084480 -23.965097
78.099678 -23.915031
78.114838 -23.864954
78.129959 -23.814865
78.145042 -23.764765
78.160088 -23.714653
78.175095 -23.664530
78.190063 -23.614395
78.204994 -23.564251
78.219887 -23.514097
78.234741 -23.463934
78.249557 -23.413761
78.264336 -23.363579
78.279076 -23.313387
78.293777 -23.263186
78.308441 -23.212975
78.323067 -23.162754
78.337654 -23.112524
78.352203 -23.062284
78.366714 -23.012035
78.381187 -22.961777
78.395622 -22.911509
78.410019 -22.861231
78.424377 -22.810944
78.438698 -22.760647
78.452980 -22.710340
78.467224 -22.660025
78.481430 -22.609699
78.495598 -22.559364
78.509727 -22.509020
78.523819 -22.458666
78.537872 -22.408302
78.551888 -22.357929
78.565865 -22.307547
78.579803 -22.257154
78.593704 -22.206753
78.607567 -22.156342
78.621391 -22.105921
78.635178 -22.055490
78.648926 -22.005051
78.662636 -21.954601
78.676308 -21.904142
78.689941 -21.853674
78.703537 -21.803196
78.717094 -21.752708
78.730614 -21.702211
78.744095 -21.651705
78.757538 -21.601189
78.770943 -21.550663
78.784309 -21.500128
78.797638 -21.449583
78.810928 -21.399029
78.824181 -21.348465
78.837395 -21.297892
78.850571 -21.247309
78.863708 -21.196716
78.876808 -21.146114
78.889870 -21.095503
78.902893 -21.044882
78.915878 -20.994251
78.928825 -20.943611
78.941734 -20.892962
78.954605 -20.842302
78.967438 -20.791634
78.980232 -20.740955
78.992989 -20.690268
79.005707 -20.639570
79.018387 -20.588863
79.031029 -20.538147
79.043633 -20.487421
79.056198 -20.436686
79.068726 -20.385941
79.081215 -20.335186
79.093666 -20.284422
79.106079 -20.233648
79.118454 -20.182865
79.130791 -20.132072
79.143089 -20.081270
79.155350 -20.030458
79.167572 -19.979637
79.179756 -19.928806
79.191902 -19.877966
79.204010 -19.827116
79.216080 -19.776257
79.228111 -19.725388
79.240105 -19.674511
79.252060 -19.623627
79.263977 -19.572735
79.275856 -19.521835
79.287697 -19.470928
79.299500 -19.420013
79.311264 -19.369091
79.322990 -19.318161
79.334679 -19.267223
79.346329 -19.216278
79.357941 -19.165325
79.369514 -19.114365
79.381050 -19.063396
79.392548 -19.012421
79.404007 -18.961437
79.415428 -18.910446
79.426811 -18.859447
79.438156 -18.808441
79.449463 -18.757427
79.460732 -18.706406
79.471962 -18.655376
79.483154 -18.604340
79.494308 -18.553295
79.505424 -18.502243
79.516502 -18.451183
79.527542 -18.400116
79.538544 -18.349041
79.549507 -18.297958
79.560432 -18.246868
79.571320 -18.195770
79.582169 -18.144665
79.592979 -18.093552
79.603752 -18.042431
79.614487 -17.991302
79.625183 -17.940166
79.635841 -17.889023
79.646461 -17.837872
79.657043 -17.786713
79.667587 -17.735546
79.678093 -17.684372
79.688560 -17.633190
79.698990 -17.582001
79.709381 -17.530804
79.719734 -17.479599
79.730049 -17.428387
79.740326 -17.377167
79.750565 -17.325939
79.760765 -17.274704
79.770927 -17.223461
79.781052 -17.172211
79.791138 -17.120953
79.801186 -17.069687
79.811195 -17.018414
79.821167 -16.967133
79.831100 -16.915844
79.840996 -16.864548
79.850853 -16.813244
79.860672 -16.761932
79.870453 -16.710613
79.880196 -16.659286
79.889900 -16.607952
79.899567 -16.556610
79.909195 -16.505260
79.918785 -16.453903
79.928337 -16.402538
79.937851 -16.351166
79.947327 -16.299786
79.956764 -16.248398
79.966164 -16.197002
79.975525 -16.145599
79.984848 -16.094189
79.994133 -16.042770
80.003380 -15.991345
80.012589 -15.939914
80.021759 -15.888475
80.030891 -15.837030
80.039986 -15.785579
80.049042 -15.734120
80.058060 -15.682655
80.067039 -15.631184
80.075981 -15.579705
80.084885 -15.528220
80.093750 -15.476728
80.102577 -15.425230
80.111366 -15.373725
80.120117 -15.322213
80.128830 -15.270695
80.137505 -15.219170
80.146141 -15.167638
80.154739 -15.116099
80.163300 -15.064554
80.171822 -15.013002
80.180305 -14.961444
80.188751 -14.909879
80.197159 -14.858307
80.205528 -14.806728
80.213860 -14.755144
80.222153 -14.703554
80.230408 -14.651958
80.238625 -14.600357
80.246803 -14.548750
80.254944 -14.497137
80.263046 -14.445518
80.271111 -14.393894
80.279137 -14.342264
80.287125 -14.290628
80.295074 -14.238987
80.302986 -14.187340
80.310860 -14.135687
80.318695 -14.084028
80.326492 -14.032364
80.334251 -13.980694
80.341972 -13.929018
80.349655 -13.877337
80.357300 -13.825649
80.364906 -13.773956
80.372475 -13.722258
80.380005 -13.670553
80.387497 -13.618843
80.394951 -13.567127
80.402367 -13.515406
80.409744 -13.463678
80.417084 -13.411945
80.424385 -13.360207
80.431648 -13.308462
80.438873 -13.256712
80.446060 -13.204956
80.453209 -13.153194
80.460320 -13.101427
80.467392 -13.049654
80.474426 -12.997875
80.481422 -12.946091
80.488380 -12.894300
80.495300 -12.842505
80.502182 -12.790704
80.509026 -12.738898
80.515831 -12.687088
80.522598 -12.635273
80.529327 -12.583453
80.536018 -12.531629
80.542671 -12.479799
80.549286 -12.427965
80.555862 -12.376126
80.562401 -12.324283
80.568901 -12.272434
80.575363 -12.220581
80.581787 -12.168723
80.588173 -12.116860
80.594521 -12.064993
80.600830 -12.013121
80.607101 -11.961244
80.613335 -11.909362
80.619530 -11.857475
80.625687 -11.805584
80.631805 -11.753688
80.637886 -11.701787
80.643929 -11.649881
80.649933 -11.597971
80.655899 -11.546056
80.661827 -11.494136
80.667717 -11.442211
80.673569 -11.390282
80.679382 -11.338347
80.685158 -11.286408
80.690895 -11.234465
80.696594 -11.182516
80.702255 -11.130563
80.707878 -11.078605
80.713463 -11.026642
80.719009 -10.974674
80.724518 -10.922702
80.729988 -10.870725
80.735420 -10.818744
80.740814 -10.766759
80.746170 -10.714770
80.751488 -10.662778
80.756767 -10.610782
80.762009 -10.558782
80.767212 -10.506778
80.772377 -10.454770
80.777504 -10.402759
80.782593 -10.350743
80.787643 -10.298724
80.792656 -10.246701
80.797630 -10.194674
80.802567 -10.142644
80.807465 -10.090610
80.812325 -10.038571
80.817146 -9.986529
80.821930 -9.934484
80.826675 -9.882434
80.831383 -9.830380
80.836052 -9.778323
80.840683 -9.726262
80.845276 -9.674197
80.849831 -9.622128
80.854347 -9.570056
80.858826 -9.517980
80.863266 -9.465899
80.867668 -9.413815
80.872032 -9.361728
80.876358 -9.309636
80.880646 -9.257541
80.884895 -9.205441
80.889107 -9.153338
80.893280 -9.101232
80.897415 -9.049121
80.901512 -8.997006
80.905571 -8.944888
80.909592 -8.892766
80.913574 -8.840641
80.917519 -8.788513
80.921425 -8.736382
80.925293 -8.684249
80.929123 -8.632113
80.932915 -8.579973
80.936668 -8.527831
80.940384 -8.475686
80.944061 -8.423538
80.947701 -8.371387
80.951302 -8.319234
80.954865 -8.267077
80.958389 -8.214918
80.961876 -8.162756
80.965324 -8.110591
80.968735 -8.058423
80.972107 -8.006252
80.975441 -7.954079
80.978737 -7.901902
80.981995 -7.849723
80.985214 -7.797541
80.988396 -7.745356
80.991539 -7.693168
80.994644 -7.640977
80.997711 -7.588783
81.000740 -7.536587
81.003731 -7.484387
81.006683 -7.432185
81.009598 -7.379981
81.012474 -7.327774
81.015312 -7.275564
81.018112 -7.223352
81.020874 -7.171138
81.023598 -7.118922
81.026283 -7.066703
81.028931 -7.014482
81.031540 -6.962258
81.034111 -6.910032
81.036644 -6.857803
81.039139 -6.805573
81.041595 -6.753339
81.044014 -6.701104
81.046394 -6.648866
81.048737 -6.596625
81.051041 -6.544383
81.053307 -6.492137
81.055534 -6.439890
81.057724 -6.387640
81.059875 -6.335389
81.061989 -6.283136
81.064064 -6.230881
81.066101 -6.178624
81.068100 -6.126365
81.070061 -6.074104
81.071983 -6.021841
81.073868 -5.969576
81.075714 -5.917310
81.077522 -5.865041
81.079292 -5.812771
81.081024 -5.760499
81.082718 -5.708224
81.084373 -5.655948
81.085991 -5.603670
81.087570 -5.551390
81.089111 -5.499108
81.090614 -5.446825
81.092079 -5.394540
81.093506 -5.342254
81.094894 -5.289967
81.096245 -5.237678
81.097557 -5.185387
81.098831 -5.133095
81.100067 -5.080802
81.101265 -5.028507
81.102425 -4.976211
81.103546 -4.923913
81.104630 -4.871614
81.105675 -4.819314
81.106682 -4.767012
81.107651 -4.714709
81.108582 -4.662404
81.109474 -4.610098
81.110329 -4.557790
81.111145 -4.505481
81.111923 -4.453171
81.112663 -4.400860
81.113365 -4.348548
81.114029 -4.296236
81.114655 -4.243922
81.115242 -4.191607
81.115791 -4.139291
81.116302 -4.086975
81.116776 -4.034657
81.117210 -3.982338
81.117607 -3.930019
81.117966 -3.877698
81.118286 -3.825377
81.118568 -3.773055
81.118813 -3.720731
81.119019 -3.668408
81.119186 -3.616083
81.119316 -3.563758
81.119408 -3.511432
81.119461 -3.459105
81.119476 -3.406778
81.119453 -3.354450
81.119392 -3.302121
81.119293 -3.249792
81.119156 -3.197462
81.118980 -3.145132
81.118767 -3.092801
81.118515 -3.040470
81.118225 -2.988138
81.117897 -2.935806
81.117531 -2.883473
81.117126 -2.831140
81.116684 -2.778807
81.116203 -2.726473
81.115685 -2.674139
81.115128 -2.621805
81.114532 -2.569471
81.113899 -2.517136
81.113228 -2.464802
81.112518 -2.412467
81.111771 -2.360131
81.110985 -2.307796
81.110161 -2.255460
81.109299 -2.203125
81.108398 -2.150789
81.107460 -2.098454
81.106483 -2.046118
81.105469 -1.993783
81.104416 -1.941447
81.103325 -1.889112
81.102196 -1.836777
81.101028 -1.784442
81.099823 -1.732107
81.098579 -1.679772
81.097298 -1.627438
81.095978 -1.575104
81.094620 -1.522770
81.093224 -1.470436
81.091789 -1.418103
81.090317 -1.365770
81.088806 -1.313437
81.087257 -1.261105
81.085670 -1.208773
81.084045 -1.156442
81.082382 -1.104111
81.080681 -1.051780
81.078941 -0.999451
81.077164 -0.947121
81.075348 -0.894793
81.073494 -0.842465
81.071602 -0.790137
81.069672 -0.737810
81.067703 -0.685484
81.065697 -0.633159
81.063652 -0.580834
81.061569 -0.528510
81.059448 -0.476187
81.057289 -0.423865
81.055092 -0.371543
81.052856 -0.319222
81.050583 -0.266903
81.048271 -0.214584
81.045921 -0.162266
81.043533 -0.109949
81.041107 -0.057633
81.038643 -0.005318
81.036140 0.046996
81.033600 0.099309
81.031021 0.151620
81.028404 0.203931
81.025749 0.256241
81.023056 0.308549
81.020325 0.360856
81.017555 0.413162
81.014748 0.465466
81.011902 0.517770
81.009018 0.570072
81.006096 0.622372
81.003136 0.674672
81.000137 0.726970
80.997101 0.779266
80.994026 0.831562
80.990913 0.883855
80.987762 0.936147
80.984573 0.988438
80.981346 1.040727
80.978081 1.093015
80.974777 1.145301
80.971436 1.197585
80.968056 1.249868
80.964638 1.302149
80.961182 1.354428
80.957687 1.406706
80.954155 1.458982
80.950584 1.511256
80.946976 1.563528
80.943329 1.615799
80.939644 1.668067
80.935921 1.720334
80.932159 1.772599
80.928360 1.824862
80.924522 1.877123
80.920647 1.929382
80.916733 1.981639
80.912781 2.033894
80.908791 2.086146
80.904762 2.138397
80.900696 2.190645
80.896591 2.242892
80.892448 2.295136
80.888268 2.347378
80.884048 2.399618
80.879791 2.451856
80.875496 2.504091
80.871162 2.556324
80.866791 2.608555
80.862381 2.660783
80.857933 2.713009
80.853447 2.765232
80.848923 2.817453
80.844360 2.869672
80.839760 2.921888
80.835121 2.974102
80.830444 3.026313
80.825729 3.078521
80.820976 3.130727
80.816185 3.182930
80.811356 3.235131
80.806488 3.287329
80.801582 3.339524
80.796638 3.391717
80.791656 3.443907
80.786636 3.496094
80.781578 3.548278
80.776482 3.600460
80.771347 3.652638
80.766174 3.704814
80.760963 3.756987
80.755714 3.809157
80.750427 3.861324
80.745102 3.913489
80.739738 3.965650
80.734337 4.017808
80.728897 4.069963
80.723419 4.122115
80.717903 4.174264
80.712349 4.226409
80.706757 4.278552
80.701126 4.330690
80.695457 4.382826
80.689751 4.434958
80.684006 4.487087
80.678223 4.539212
80.672401 4.591334
80.666542 4.643453
80.660645 4.695569
80.654709 4.747681
80.648735 4.799789
80.642723 4.851895
80.636673 4.903997
80.630585 4.956096
80.624458 5.008191
80.618294 5.060283
80.612091 5.112371
80.605850 5.164456
80.599571 5.216537
80.593254 5.268613
80.586899 5.320686
80.580505 5.372756
80.574074 5.424821
80.567604 5.476882
80.561096 5.528940
80.554550 5.580994
80.547966 5.633044
80.541344 5.685091
80.534683 5.737133
80.527985 5.789172
80.521248 5.841207
80.514473 5.893238
80.507660 5.945265
80.500809 5.997288
80.493919 6.049307
80.486992 6.101322
80.480026 6.153333
80.473022 6.205339
80.465981 6.257341
80.458900 6.309339
80.451782 6.361332
80.444626 6.413321
80.437431 6.465306
80.430199 6.517286
80.422928 6.569263
80.415619 6.621234
80.408272 6.673202
80.400887 6.725165
80.393463 6.777124
80.386002 6.829079
80.378502 6.881030
80.370964 6.932976
80.363388 6.984917
80.355774 7.036854
80.348122 7.088786
80.340431 7.140713
80.332703 7.192635
80.324936 7.244553
80.317131 7.296465
80.309288 7.348373
80.301407 7.400277
80.293488 7.452175
80.285530 7.504069
80.277534 7.555958
80.269501 7.607842
80.261429 7.659721
80.253319 7.711596
80.245171 7.763466
80.236984 7.815331
80.228760 7.867191
80.220497 7.919047
80.212196 7.970897
80.203857 8.022742
80.195480 8.074582
80.187065 8.126417
80.178612 8.178247
80.170120 8.230073
80.161591 8.281894
80.153023 8.333710
80.144417 8.385521
80.135773 8.437326
80.127090 8.489126
80.118370 8.540920
80.109612 8.592709
80.100815 8.644491
80.091980 8.696268
80.083107 8.748039
80.074196 8.799805
80.065247 8.851564
80.056259 8.903318
80.047234 8.955067
80.038170 9.006809
80.029068 9.058546
80.019928 9.110277
80.010750 9.162003
80.001534 9.213722
79.992279 9.265436
79.982986 9.317144
79.973656 9.368847
79.964287 9.420544
79.954880 9.472235
79.945435 9.523920
79.935951 9.575600
79.926430 9.627274
79.916870 9.678942
79.907272 9.730604
79.897636 9.782261
79.887962 9.833912
79.878250 9.885557
79.868500 9.937197
79.858711 9.988831
79.848885 10.040459
79.839020 10.092081
79.829117 10.143698
79.819176 10.195309
79.809196 10.246913
79.799179 10.298511
79.789124 10.350101
79.779030 10.401686
79.768898 10.453263
79.758728 10.504834
79.748520 10.556398
79.738274 10.607956
79.727989 10.659507
79.717667 10.711051
79.707306 10.762589
79.696907 10.814119
79.686470 10.865644
79.675995 10.917161
79.665482 10.968672
79.654930 11.020176
79.644341 11.071673
79.633713 11.123164
79.623047 11.174648
79.612343 11.226126
79.601601 11.277596
79.590820 11.329061
79.580002 11.380518
79.569145 11.431969
79.558250 11.483413
79.547318 11.534850
79.536346 11.586281
79.525337 11.637705
79.514290 11.689122
79.503204 11.740533
79.492081 11.791937
79.480919 11.843334
79.469719 11.894725
79.458481 11.946109
79.447205 11.997486
79.435890 12.048857
79.424538 12.100220
79.413147 12.151575
79.401718 12.202923
79.390251 12.254263
79.378746 12.305595
79.367203 12.356920
79.355621 12.408237
79.344002 12.459547
79.332344 12.510849
79.320648 12.562143
79.308914 12.613430
79.297142 12.664709
79.285332 12.715981
79.273483 12.767244
79.261597 12.818501
79.249672 12.869749
79.237709 12.920990
79.225708 12.972223
79.213669 13.023449
79.201591 13.074667
79.189476 13.125877
79.177322 13.177080
79.165131 13.228275
79.152901 13.279463
79.140633 13.330643
79.128326 13.381815
79.115982 13.432980
79.103600 13.484137
79.091179 13.535286
79.078720 13.586428
79.066223 13.637562
79.053688 13.688688
79.041115 13.739807
79.028503 13.790918
79.015854 13.842022
79.003166 13.893118
78.990440 13.944205
78.977676 13.995284
78.964874 14.046354
78.952034 14.097416
78.939156 14.148469
78.926239 14.199513
78.913284 14.250549
78.900291 14.301577
78.887260 14.352595
78.874191 14.403605
78.861084 14.454607
78.847939 14.505600
78.834755 14.556584
78.821533 14.607560
78.808273 14.658527
78.794975 14.709486
78.781639 14.760436
78.768265 14.811378
78.754852 14.862310
78.741402 14.913235
78.727913 14.964150
78.714386 15.015058
78.700821 15.065956
78.687218 15.116846
78.673576 15.167727
78.659897 15.218600
78.646179 15.269464
78.632423 15.320320
78.618629 15.371167
78.604797 15.422006
78.590927 15.472836
78.577019 15.523657
78.563072 15.574470
78.549088 15.625274
78.535065 15.676069
78.521004 15.726855
78.506905 15.777632
78.492767 15.828399
78.478592 15.879156
78.464378 15.929904
78.450127 15.980642
78.435837 16.031372
78.421509 16.082092
78.407143 16.132803
78.392738 16.183504
78.378296 16.234196
78.363815 16.284878
78.349297 16.335550
78.334740 16.386213
78.320145 16.436867
78.305511 16.487511
78.290840 16.538145
78.276131 16.588770
78.261383 16.639385
78.246597 16.689991
78.231773 16.740587
78.216911 16.791174
78.202011 16.841751
78.187073 16.892319
78.172096 16.942877
78.157082 16.993425
78.142029 17.043964
78.126938 17.094494
78.111809 17.145014
78.096642 17.195524
78.081436 17.246025
78.066193 17.296516
78.050911 17.346998
78.035591 17.397470
78.020233 17.447933
78.004837 17.498386
77.989403 17.548830
77.973930 17.599264
77.958420 17.649689
77.942871 17.700104
77.927284 17.750509
77.911659 17.800905
77.895996 17.851292
77.880295 17.901669
77.864555 17.952036
77.848778 18.002394
77.832962 18.052742
77.817108 18.103081
77.801216 18.153410
77.785286 18.203730
77.769318 18.254040
77.753311 18.304340
77.737267 18.354631
77.721184 18.404911
77.705063 18.455179
77.688904 18.505436
77.672707 18.555681
77.656471 18.605915
77.640198 18.656137
77.623886 18.706348
77.607536 18.756548
77.591148 18.806736
77.574722 18.856913
77.558258 18.907078
77.541756 18.957232
77.525215 19.007374
77.508636 19.057505
77.492020 19.107624
77.475365 19.157732
77.458672 19.207829
77.441940 19.257914
77.425171 19.307987
77.408363 19.358049
77.391518 19.408100
77.374634 19.458139
77.357712 19.508167
77.340752 19.558184
77.323753 19.608189
77.306717 19.658182
77.289642 19.708164
77.272530 19.758135
77.255379 19.808094
77.238190 19.858042
77.220963 19.907978
77.203697 19.957903
77.186394 20.007816
77.169052 20.057718
77.151672 20.107609
77.134254 20.157488
77.116798 20.207355
77.099304 20.257212
77.081772 20.307056
77.064201 20.356890
77.046593 20.406712
77.028946 20.456522
77.011261 20.506321
76.993538 20.556108
76.975777 20.605885
76.957977 20.655649
76.940140 20.705402
76.922264 20.755144
76.904350 20.804874
76.886398 20.854593
76.868408 20.904301
76.850380 20.953997
76.832314 21.003681
76.814209 21.053354
76.796066 21.103016
76.777885 21.152666
76.759666 21.202305
76.741409 21.251932
76.723114 21.301548
76.704781 21.351152
76.686409 21.400745
76.667999 21.450327
76.649551 21.499897
76.631065 21.549456
76.612541 21.599003
76.593979 21.648539
76.575378 21.698063
76.556740 21.747576
76.538063 21.797077
76.519348 21.846567
76.500595 21.896044
76.481804 21.945507
76.462975 21.994957
76.444107 22.044394
76.425201 22.093817
76.406258 22.143227
76.387276 22.192623
76.368256 22.242006
76.349197 22.291376
76.330101 22.340733
76.310966 22.390076
76.291794 22.439405
76.272583 22.488722
76.253334 22.538025
76.234047 22.587315
76.214722 22.636591
76.195358 22.685854
76.175957 22.735104
76.156517 22.784340
76.137039 22.833563
76.117523 22.882772
76.097969 22.931969
76.078377 22.981152
76.058746 23.030321
76.039078 23.079477
76.019371 23.128620
75.999626 23.177750
75.979843 23.226866
75.960022 23.275969
75.940163 23.325058
75.920265 23.374134
75.900330 23.423197
75.880356 23.472246
75.860344 23.521282
75.840294 23.570305
75.820206 23.619314
75.800079 23.668310
75.779915 23.717293
75.759712 23.766262
75.739471 23.815218
75.719193 23.864161
75.698875 23.913090
75.678520 23.962006
75.658127 24.010908
75.637695 24.059797
75.617226 24.108673
75.596718 24.157536
75.576172 24.206385
75.555588 24.255220
75.534966 24.304043
75.514305 24.352852
75.493607 24.401648
75.472870 24.450430
75.452095 24.499199
75.431282 24.547955
75.410431 24.596697
75.389542 24.645426
75.368614 24.694141
75.347649 24.742844
75.326645 24.791533
75.305603 24.840208
75.284523 24.888870
75.263405 24.937519
75.242249 24.986155
75.221054 25.034777
75.199821 25.083385
75.178551 25.131981
75.157242 25.180563
75.135895 25.229132
75.114510 25.277685
75.093086 25.326223
75.071625 25.374746
75.050125 25.423254
75.028587 25.471746
75.007011 25.520224
74.985397 25.568686
74.963745 25.617132
74.942055 25.665564
74.920326 25.713980
74.898560 25.762381
74.876755 25.810766
74.854912 25.859137
74.833031 25.907492
74.811111 25.955832
74.789154 26.004156
74.767159 26.052465
74.745125 26.100760
74.723053 26.149038
74.700943 26.197302
74.678795 26.245550
74.656609 26.293783
74.634384 26.342001
74.612122 26.390203
74.589821 26.438391
74.567482 26.486563
74.545105 26.534719
74.522690 26.582861
74.500237 26.630987
74.477745 26.679098
74.455215 26.727194
74.432648 26.775274
74.410042 26.823339
74.387398 26.871389
74.364716 26.919424
74.341995 26.967443
74.319237 27.015448
74.296440 27.063437
74.273605 27.111410
74.250732 27.159369
74.227821 27.207312
74.204872 27.255239
74.181885 27.303152
74.158859 27.351049
74.135796 27.398932
74.112694 27.446798
74.089554 27.494650
74.066376 27.542486
74.043159 27.590307
74.019905 27.638113
73.996613 27.685904
73.973282 27.733679
73.949913 27.781439
73.926506 27.829184
73.903061 27.876913
73.879578 27.924627
73.856056 27.972326
73.832497 28.020010
73.808899 28.067678
73.785263 28.115332
73.761589 28.162970
73.737877 28.210592
73.714127 28.258200
73.690338 28.305792
73.666512 28.353369
73.642647 28.400930
73.618744 28.448477
73.594803 28.496008
73.570824 28.543522
73.546806 28.591019
73.522751 28.638498
73.498657 28.685961
73.474525 28.733406
73.450356 28.780834
73.426147 28.828245
73.401901 28.875639
73.377617 28.923016
73.353294 28.970375
73.328934 29.017717
73.304535 29.065042
73.280098 29.112350
73.255623 29.159641
73.231110 29.206915
73.206558 29.254171
73.181969 29.301411
73.157341 29.348633
73.132675 29.395838
73.107971 29.443026
73.083229 29.490196
73.058449 29.537350
73.033630 29.584486
73.008774 29.631605
72.983879 29.678707
72.958946 29.725792
72.933975 29.772860
72.908966 29.819910
72.883919 29.866943
72.858833 29.913960
72.833710 29.960958
72.808548 30.007940
72.783348 30.054905
72.758110 30.101852
72.732834 30.148783
72.707520 30.195696
72.682167 30.242592
72.656776 30.289471
72.631348 30.336332
72.605881 30.383177
72.580376 30.430004
72.554832 30.476814
72.529251 30.523607
72.503632 30.570383
72.477974 30.617142
72.452278 30.663883
72.426544 30.710608
72.400772 30.757315
72.374962 30.804005
72.349113 30.850677
72.323227 30.897333
72.297302 30.943972
72.271339 30.990593
72.245338 31.037197
72.219299 31.083784
72.193222 31.130354
72.167107 31.176907
72.140953 31.223442
72.114761 31.269960
72.088531 31.316462
72.062263 31.362946
72.035957 31.409412
72.009613 31.455862
71.983231 31.502295
71.956810 31.548710
71.930351 31.595108
71.903854 31.641489
71.877319 31.687853
71.850746 31.734198
71.824135 31.780523
71.797485 31.826830
71.770798 31.873117
71.744072 31.919386
71.717308 31.965635
71.690506 32.011868
71.663666 32.058083
71.636787 32.104279
71.609871 32.150455
71.582916 32.196613
71.555923 32.242752
71.528893 32.288872
71.501823 32.334972
71.474716 32.381054
71.447571 32.427116
71.420387 32.473160
71.393166 32.519184
71.365906 32.565189
71.338608 32.611176
71.311272 32.657143
71.283897 32.703091
71.256485 32.749020
71.229034 32.794930
71.201546 32.840820
71.174019 32.886692
71.146454 32.932545
71.118851 32.978378
71.091209 33.024193
71.063530 33.069988
71.035812 33.115765
71.008057 33.161522
70.980263 33.207260
70.952431 33.252979
70.924561 33.298679
70.896652 33.344360
70.868706 33.390022
70.840721 33.435665
70.812698 33.481289
70.784637 33.526894
70.756538 33.572479
70.728401 33.618046
70.700226 33.663593
70.672012 33.709122
70.643761 33.754631
70.615471 33.800121
70.587143 33.845592
70.558777 33.891045
70.530373 33.936478
70.501930 33.981892
70.473450 34.027287
70.444931 34.072662
70.416374 34.118019
70.387779 34.163357
70.359146 34.208675
70.330475 34.253975
70.301765 34.299255
70.273018 34.344517
70.244232 34.389759
70.215408 34.434982
70.186546 34.480186
70.157646 34.525372
70.128708 34.570538
70.099731 34.615685
70.070717 34.660812
70.041664 34.705921
70.012573 34.751011
69.983444 34.796082
69.954277 34.841133
69.925072 34.886166
69.895828 34.931179
69.866547 34.976173
69.837227 35.021149
69.807869 35.066105
69.778473 35.111042
69.749039 35.155960
69.719566 35.200859
69.690056 35.245739
69.660507 35.290600
69.630920 35.335442
69.601295 35.380264
69.571632 35.425068
69.541931 35.469852
69.512192 35.514618
69.482414 35.559364
69.452599 35.604092
69.422745 35.648800
69.392853 35.693489
69.362923 35.738159
69.332954 35.782810
69.302948 35.827442
69.272903 35.872055
69.242821 35.916649
69.212700 35.961224
69.182541 36.005779
69.152344 36.050316
69.122108 36.094833
69.091835 36.139332
69.061523 36.183811
69.031174 36.228271
69.000786 36.272709
68.970360 36.317123
68.939896 36.361515
68.909393 36.405884
68.878853 36.450230
68.848274 36.494553
68.817657 36.538853
68.787003 36.583130
68.756310 36.627384
68.725578 36.671616
68.694809 36.715824
68.664001 36.760010
68.633156 36.804173
68.602272 36.848312
68.571350 36.892429
68.540390 36.936523
68.509392 36.980595
68.478355 37.024643
68.447281 37.068668
68.416168 37.112671
68.385017 37.156651
68.353828 37.200607
68.322601 37.244541
68.291336 37.288452
68.260033 37.332340
68.228691 37.376205
68.197311 37.420048
68.165894 37.463867
68.134438 37.507664
68.102943 37.551437
68.071411 37.595188
68.039841 37.638916
68.008232 37.682621
67.976585 37.726303
67.944901 37.769962
67.913177 37.813599
67.881416 37.857212
67.849617 37.900803
67.817780 37.944370
67.785904 37.987915
67.753990 38.031437
67.722038 38.074936
67.690048 38.118412
67.658020 38.161865
67.625954 38.205296
67.593849 38.248703
67.561707 38.292088
67.529526 38.335449
67.497307 38.378788
67.465050 38.422104
67.432755 38.465397
67.400421 38.508667
67.368050 38.551914
67.335640 38.595139
67.303192 38.638340
67.270706 38.681519
67.238182 38.724674
67.205620 38.767807
67.173019 38.810917
67.140381 38.854004
67.107704 38.897068
67.074989 38.940109
67.042236 38.983128
67.009445 39.026123
66.976616 39.069096
66.943748 39.112045
66.910843 39.154972
66.877899 39.197876
66.844917 39.240757
66.811897 39.283615
66.778839 39.326450
66.745743 39.369263
66.712608 39.412052
66.679436 39.454819
66.646225 39.497562
66.612976 39.540283
66.579689 39.582981
66.546364 39.625656
66.513000 39.668308
66.479599 39.710938
66.446159 39.753544
66.412682 39.796127
66.379166 39.838688
66.345612 39.881226
66.312019 39.923740
66.278389 39.966232
66.244720 40.008701
66.211014 40.051147
66.177269 40.093571
66.143486 40.135971
66.109665 40.178349
66.075806 40.220703
66.041908 40.263035
66.007973 40.305344
65.973999 40.347630
65.939987 40.389893
65.905937 40.432133
65.871849 40.474350
65.837723 40.516544
65.803558 40.558716
65.769356 40.600864
65.735115 40.642990
65.700836 40.685093
65.666519 40.727173
65.632164 40.769230
65.597771 40.811264
65.563339 40.853275
65.528870 40.895264
65.494362 40.937229
65.459816 40.979172
65.425232 41.021091
65.390610 41.062988
65.355949 41.104862
65.321251 41.146713
65.286514 41.188541
65.251740 41.230347
65.216927 41.272129
65.182076 41.313889
65.147186 41.355625
65.112259 41.397339
65.077293 41.439030
65.042290 41.480698
65.007248 41.522343
64.972168 41.563965
64.937050 41.605564
64.901894 41.647141
64.866699 41.688694
64.831467 41.730225
64.796196 41.771732
64.760887 41.813217
64.725540 41.854679
64.690155 41.896114
64.654732 41.937523
64.619270 41.978905
64.583771 42.020260
64.548233 42.061588
64.512657 42.102890
64.477043 42.144165
64.441391 42.185413
64.405701 42.226635
64.369972 42.267830
64.334206 42.308998
64.298401 42.350140
64.262558 42.391254
64.226677 42.432343
64.190758 42.473404
64.154800 42.514439
64.118805 42.555447
64.082771 42.596428
64.046700 42.637383
64.010590 42.678310
63.974445 42.719212
63.938267 42.760086
63.902054 42.800934
63.865807 42.841755
63.829525 42.882549
63.793209 42.923317
63.756859 42.964058
63.720474 43.004772
63.684055 43.045460
63.647602 43.086121
63.611115 43.126755
63.574593 43.167362
63.538036 43.207943
63.501446 43.248497
63.464821 43.289024
63.428162 43.329525
63.391468 43.369999
63.354740 43.410446
63.317978 43.450867
63.281181 43.491261
63.244350 43.531628
63.207485 43.571968
63.170586 43.612282
63.133652 43.652569
63.096684 43.692829
63.059681 43.733063
63.022644 43.773270
62.985573 43.813450
62.948467 43.853603
62.911327 43.893730
62.874153 43.933830
62.836945 43.973904
62.799702 44.013950
62.762424 44.053970
62.725113 44.093964
62.687767 44.133930
62.650387 44.173870
62.612972 44.213783
62.575523 44.253670
62.538040 44.293530
62.500523 44.333363
62.462971 44.373169
62.425385 44.412949
62.387764 44.452702
62.350109 44.492428
62.312420 44.532127
62.274696 44.571800
62.236938 44.611446
62.199146 44.651066
62.161320 44.690659
62.123459 44.730225
62.085564 44.769764
62.047634 44.809277
62.009670 44.848763
61.971672 44.888222
61.933640 44.927654
61.895573 44.967060
61.857471 45.006439
61.819336 45.045792
61.781166 45.085117
61.742962 45.124416
61.704723 45.163689
61.666451 45.202934
61.628143 45.242153
61.589802 45.281345
61.551426 45.320511
61.513016 45.359650
61.474571 45.398762
61.436092 45.437847
61.397579 45.476906
61.359032 45.515938
61.320450 45.554943
61.281834 45.593922
61.243183 45.632874
61.204498 45.671799
61.165779 45.710697
61.127026 45.749569
61.088238 45.788414
61.049416 45.827232
61.010559 45.866024
60.971668 45.904789
60.932743 45.943527
60.893784 45.982239
60.854790 46.020924
60.815762 46.059582
60.776699 46.098213
60.737602 46.136818
60.698471 46.175396
60.659306 46.213947
60.620106 46.252472
60.580872 46.290970
60.541603 46.329441
60.502300 46.367886
60.462963 46.406303
60.423592 46.444695
60.384186 46.483059
60.344746 46.521397
60.305271 46.559708
60.265762 46.597992
60.226219 46.636250
60.186642 46.674480
60.147030 46.712685
60.107384 46.750862
60.067703 46.789013
60.027988 46.827137
59.988239 46.865234
59.948456 46.903305
59.908638 46.941345
59.868786 46.979355
59.828899 47.017334
59.788979 47.055283
59.749023 47.093201
59.709034 47.131088
59.669010 47.168945
59.628952 47.206772
59.588860 47.244568
59.548733 47.282333
59.508572 47.320068
59.468376 47.357773
59.428146 47.395447
59.387882 47.433090
59.347584 47.470703
59.307251 47.508286
59.266884 47.545837
59.226482 47.583359
59.186047 47.620850
59.145576 47.658310
59.105072 47.695740
59.064533 47.733139
59.023960 47.770508
58.983353 47.807846
58.942711 47.845154
58.902035 47.882431
58.861324 47.919678
58.820580 47.956894
58.779800 47.994080
58.738987 48.031235
58.698139 48.068359
58.657257 48.105453
58.616341 48.142517
58.575390 48.179550
58.534405 48.216553
58.493385 48.253525
58.452332 48.290466
58.411243 48.327377
58.370121 48.364258
58.328964 48.401108
58.287773 48.437927
58.246548 48.474716
58.205288 48.511475
58.163994 48.548203
58.122665 48.584900
58.081303 48.621567
58.039906 48.658203
57.998474 48.694809
57.957008 48.731384
57.915508 48.767929
57.873974 48.804443
57.832405 48.840927
57.790802 48.877380
57.749165 48.913803
57.707493 48.950195
57.665787 48.986557
57.624046 49.022888
57.582272 49.059189
57.540462 49.095459
57.498619 49.131699
57.456741 49.167908
57.414829 49.204086
57.372883 49.240234
57.330902 49.276352
57.288887 49.312439
57.246838 49.348495
57.204754 49.384521
57.162636 49.420517
57.120483 49.456482
57.078297 49.492416
57.036076 49.528320
56.993820 49.564194
56.951530 49.600037
56.909206 49.635849
56.866848 49.671631
56.824455 49.707382
56.782028 49.743103
56.739567 49.778793
56.697071 49.814453
56.654541 49.850082
56.611977 49.885681
56.569378 49.921249
56.526745 49.956787
56.484077 49.992294
56.441376 50.027771
56.398640 50.063217
56.355869 50.098633
56.313065 50.134018
56.270226 50.169373
56.227352 50.204697
56.184444 50.239990
56.141502 50.275253
56.098526 50.310486
56.055515 50.345688
56.012470 50.380859
55.969391 50.416000
55.926277 50.451111
55.883129 50.486191
55.839947 50.521240
55.796730 50.556259
55.753479 50.591248
55.710194 50.626205
55.666874 50.661133
55.623520 50.696030
55.580132 50.730896
55.536709 50.765732
55.493252 50.800537
55.449760 50.835312
55.406235 50.870056
55.362675 50.904770
55.319080 50.939453
55.275452 50.974106
55.231789 51.008728
55.188091 51.043320
55.144360 51.077881
55.100594 51.112411
55.056793 51.146912
55.012959 51.181381
54.969090 51.215820
54.925186 51.250229
54.881248 51.284607
54.837276 51.318954
54.793270 51.353271
54.749229 51.387558
54.705154 51.421810
54.661045 51.456028
54.616901 51.490211
54.572723 51.524361
54.528511 51.558475
54.484264 51.592556
54.439983 51.626602
54.395668 51.660614
54.351318 51.694592
54.306934 51.728535
54.262516 51.762444
54.218063 51.796318
54.173576 51.830158
54.129055 51.863964
54.084499 51.897736
54.039909 51.931473
53.995285 51.965176
53.950626 51.998844
53.905933 52.032478
53.861206 52.066078
53.816444 52.099644
53.771648 52.133175
53.726818 52.166672
53.681953 52.200134
53.637054 52.233562
53.592121 52.266956
53.547153 52.300316
53.502151 52.333641
53.457115 52.366932
53.412045 52.400188
53.366943 52.433411
53.321812 52.466599
53.276649 52.499752
53.231457 52.532871
53.186234 52.565956
53.140980 52.599007
53.095695 52.632023
53.050381 52.665005
53.005035 52.697952
52.959660 52.730865
52.914253 52.763744
52.868816 52.796589
52.823349 52.829399
52.777851 52.862175
52.732323 52.894917
52.686764 52.927624
52.641174 52.960297
52.595554 52.992935
52.549904 53.025539
52.504223 53.058109
52.458511 53.090645
52.412769 53.123146
52.366997 53.155613
52.321194 53.188046
52.275360 53.220444
52.229496 53.252808
52.183601 53.285137
52.137676 53.317432
52.091721 53.349693
52.045734 53.381920
51.999718 53.414112
51.953671 53.446270
51.907593 53.478394
51.861485 53.510483
51.815346 53.542538
51.769176 53.574558
51.722977 53.606544
51.676746 53.638496
51.630486 53.670414
51.584194 53.702297
51.537872 53.734146
51.491520 53.765961
51.445137 53.797741
51.398724 53.829487
51.352280 53.861198
51.305805 53.892876
51.259300 53.924519
51.212765 53.956127
51.166199 53.987701
51.119602 54.019241
51.072975 54.050747
51.026318 54.082218
50.979630 54.113655
50.932911 54.145058
50.886162 54.176426
50.839382 54.207760
50.792572 54.239059
50.745731 54.270325
50.698860 54.301556
50.651958 54.332752
50.605026 54.363914
50.558064 54.395042
50.511070 54.426136
50.464046 54.457195
50.416992 54.488220
50.369907 54.519211
50.322792 54.550167
50.275646 54.581089
50.228470 54.611977
50.181263 54.642830
50.134026 54.673649
50.086758 54.704433
50.039459 54.735184
49.992130 54.765900
49.944771 54.796581
49.897381 54.827229
49.849960 54.857841
49.802509 54.888420
49.755028 54.918964
49.707516 54.949474
49.659973 54.979950
49.612400 55.010391
49.564796 55.040798
49.517162 55.071171
49.469498 55.101509
49.421803 55.131813
49.374077 55.162083
49.326321 55.192318
49.278534 55.222519
49.230717 55.252686
49.182869 55.282818
49.134991 55.312916
49.087082 55.342976
49.039143 55.372997
48.991173 55.402981
48.943172 55.432926
48.895142 55.462833
48.847080 55.492702
48.798988 55.522533
48.750866 55.552326
48.702713 55.582081
48.654530 55.611797
48.606316 55.641476
48.558071 55.671116
48.509796 55.700718
48.461491 55.730282
48.413155 55.759808
48.364788 55.789295
48.316391 55.818745
48.267963 55.848156
48.219505 55.877529
48.171017 55.906864
48.122498 55.936161
48.073948 55.965420
48.025368 55.994640
47.976757 56.023823
47.928116 56.052967
47.879444 56.082073
47.830742 56.111141
47.782009 56.140171
47.733246 56.169163
47.684452 56.198116
47.635628 56.227032
47.586773 56.255909
47.537888 56.284748
47.488972 56.313549
47.440025 56.342312
47.391048 56.371037
47.342041 56.399723
47.293003 56.428371
47.243935 56.456982
47.194836 56.485554
47.145706 56.514088
47.096546 56.542583
47.047356 56.571041
46.998135 56.599461
46.948883 56.627842
46.899601 56.656185
46.850288 56.684490
46.800945 56.712757
46.751572 56.740986
46.702168 56.769176
46.652733 56.797329
46.603268 56.825443
46.553772 56.853519
46.504246 56.881557
46.454689 56.909557
46.405102 56.937519
46.355484 56.965443
46.305836 56.993328
46.256157 57.021175
46.206448 57.048985
46.156708 57.076756
46.106937 57.104488
46.057137 57.132183
46.007305 57.159840
45.957443 57.187458
45.907551 57.215038
45.857628 57.242580
45.807674 57.270084
45.757690 57.297550
45.707676 57.324978
45.657631 57.352367
45.607555 57.379719
45.557449 57.407032
45.507313 57.434307
45.457146 57.461544
45.406948 57.488743
45.356720 57.515903
45.306461 57.543026
45.256172 57.570110
45.205853 57.597157
45.155502 57.624165
45.105122 57.651134
45.054710 57.678066
45.004269 57.704960
44.953796 57.731815
44.903294 57.758633
44.852760 57.785412
44.802197 57.812153
44.751602 57.838856
44.700977 57.865520
44.650322 57.892147
44.599636 57.918736
44.548920 57.945286
44.498173 57.971798
44.447395 57.998272
44.396587 58.024708
44.345749 58.051105
44.294880 58.077465
44.243984 58.103786
44.193062 58.130070
44.142113 58.156315
44.091137 58.182522
44.040134 58.208691
43.989105 58.234821
43.938049 58.260914
43.886967 58.286968
43.835857 58.312984
43.784721 58.338963
43.733559 58.364902
43.682369 58.390804
43.631153 58.416668
43.579910 58.442493
43.528641 58.468281
43.477345 58.494030
43.426022 58.519741
43.374672 58.545414
43.323296 58.571049
43.271893 58.596645
43.220463 58.622204
43.169006 58.647724
43.117523 58.673203
43.066013 58.698639
43.014477 58.724033
42.962914 58.749386
42.911324 58.774696
42.859707 58.799965
42.808064 58.825191
42.756393 58.850376
42.704697 58.875519
42.652973 58.900620
42.601223 58.925678
42.549446 58.950695
42.497643 58.975670
42.445812 59.000603
42.393955 59.025494
42.342072 59.050343
42.290161 59.075150
42.238224 59.099915
42.186260 59.124638
42.134270 59.149319
42.082253 59.173958
42.030209 59.198555
41.978138 59.223110
41.926041 59.247623
41.873917 59.272095
41.821766 59.296524
41.769588 59.320911
41.717384 59.345257
41.665154 59.369560
41.612896 59.393822
41.560612 59.418041
41.508301 59.442219
41.455963 59.466354
41.403599 59.490448
41.351208 59.514500
41.298790 59.538509
41.246346 59.562477
41.193874 59.586403
41.141376 59.610287
41.088852 59.634129
41.036301 59.657928
40.983723 59.681686
40.931118 59.705402
40.878487 59.729076
40.825829 59.752708
40.773144 59.776299
40.720432 59.799847
40.667694 59.823353
40.614929 59.846817
40.562138 59.870239
40.509319 59.893620
40.456474 59.916958
40.403603 59.940254
40.350704 59.963509
40.297779 59.986721
40.244827 60.009892
40.191849 60.033020
40.138844 60.056107
40.085812 60.079151
40.032753 60.102154
39.979668 60.125114
39.926556 60.148033
39.873417 60.170910
39.820251 60.193745
39.767059 60.216537
39.713840 60.239288
39.660595 60.261997
39.607323 60.284664
39.554024 60.307289
39.500698 60.329872
39.447346 60.352413
39.393967 60.374912
39.340561 60.397369
39.287128 60.419785
39.233669 60.442158
39.180183 60.464489
39.126671 60.486778
39.073132 60.509026
39.019566 60.531231
38.965973 60.553394
38.912354 60.575516
38.858707 60.597595
38.805035 60.619633
38.751335 60.641628
38.697609 60.663582
38.643856 60.685493
38.590076 60.707363
38.536270 60.729191
38.482437 60.750977
38.428577 60.772720
38.374691 60.794422
38.320778 60.816082
38.266838 60.837700
38.212872 60.859276
38.158878 60.880810
38.104858 60.902302
38.050812 60.923752
37.996738 60.945160
37.942638 60.966526
37.888512 60.987850
37.834358 61.009132
37.780178 61.030373
37.725971 61.051571
37.671738 61.072727
37.617477 61.093842
37.563190 61.114914
37.508877 61.135944
37.454536 61.156933
37.400169 61.177879
37.345776 61.198784
37.291355 61.219646
37.236908 61.240467
37.182434 61.261246
37.127934 61.281982
37.073406 61.302677
37.018852 61.323330
36.964272 61.343941
36.909664 61.364510
36.855030 61.385036
36.800369 61.405518
36.745682 61.425953
36.690968 61.446342
36.636227 61.466686
36.581459 61.486984
36.526665 61.507236
36.471844 61.527443
36.416996 61.547604
36.362125 61.567719
36.307232 61.587788
36.252316 61.607811
36.197376 61.627789
36.142414 61.647720
36.087429 61.667606
36.032421 61.687447
35.977390 61.707241
35.922337 61.726990
35.867260 61.746693
35.812160 61.766350
35.757038 61.785961
35.701893 61.805527
35.646725 61.825047
35.591534 61.844521
35.536320 61.863949
35.481083 61.883331
35.425823 61.902668
35.370541 61.921959
35.315235 61.941204
35.259907 61.960403
35.204556 61.979557
35.149181 61.998665
35.093784 62.017727
35.038364 62.036743
34.982922 62.055714
34.927456 62.074638
34.871967 62.093517
34.816456 62.112350
34.760921 62.131138
34.705364 62.149879
34.649784 62.168575
34.594181 62.187225
34.538555 62.205830
34.482906 62.224388
34.427235 62.242901
34.371540 62.261368
34.315823 62.279789
34.260082 62.298164
34.204319 62.316494
34.148533 62.334778
34.092724 62.353016
34.036892 62.371208
33.981037 62.389355
33.925159 62.407455
33.869259 62.425510
33.813335 62.443520
33.757389 62.461483
33.701420 62.479401
33.645428 62.497272
33.589413 62.515099
33.533375 62.532879
33.477314 62.550613
33.421230 62.568302
33.365124 62.585945
33.308994 62.603542
33.252842 62.621094
33.196667 62.638599
33.140469 62.656059
33.084248 62.673473
33.028004 62.690842
32.971737 62.708164
32.915447 62.725441
32.859135 62.742672
32.802799 62.759857
32.746441 62.776997
32.690060 62.794090
32.633656 62.811138
32.577229 62.828140
32.520779 62.845097
32.464306 62.862007
32.407810 62.878872
32.351292 62.895691
32.294750 62.912464
32.238186 62.929192
32.181599 62.945873
32.124989 62.962509
32.068356 62.979099
32.011700 62.995644
31.955021 63.012142
31.898319 63.028595
31.841595 63.045002
31.784847 63.061363
31.728077 63.077679
31.671284 63.093948
31.614468 63.110172
31.557629 63.126350
31.500767 63.142483
31.443882 63.158569
31.386974 63.174610
31.330044 63.190605
31.273090 63.206554
31.216114 63.222458
31.159115 63.238316
31.102093 63.254128
31.045050 63.269894
30.987986 63.285614
30.930901 63.301289
30.873795 63.316917
30.816668 63.332500
30.759520 63.348038
30.702351 63.363529
30.645161 63.378975
30.587950 63.394375
30.530718 63.409729
30.473465 63.425037
30.416191 63.440300
30.358896 63.455517
30.301580 63.470688
30.244244 63.485813
30.186886 63.500893
30.129507 63.515923
30.072107 63.530903
30.014687 63.545834
29.957245 63.560715
29.899782 63.575546
29.842299 63.590328
29.784794 63.605061
29.727268 63.619743
29.669722 63.634377
29.612154 63.648960
29.554565 63.663494
29.496956 63.677979
29.439325 63.692413
29.381674 63.706799
29.324001 63.721134
29.266308 63.735420
29.208593 63.749657
29.150858 63.763844
29.093102 63.777981
29.035324 63.792068
28.977526 63.806107
28.919706 63.820095
28.861866 63.834034
28.804005 63.847923
28.746122 63.861763
28.688219 63.875553
28.630295 63.889294
28.572350 63.902985
28.514383 63.916626
28.456396 63.930218
28.398388 63.943760
28.340359 63.957253
28.282309 63.970695
28.224237 63.984089
28.166145 63.997433
28.108032 64.010727
28.049898 64.023972
27.991743 64.037170
27.933567 64.050323
27.875370 64.063431
27.817154 64.076492
27.758919 64.089508
27.700665 64.102478
27.642391 64.115402
27.584099 64.128281
27.525787 64.141113
27.467457 64.153900
27.409107 64.166641
27.350739 64.179337
27.292351 64.191986
27.233944 64.204590
27.175518 64.217148
27.117073 64.229660
27.058609 64.242126
27.000126 64.254547
26.941624 64.266922
26.883102 64.279251
26.824562 64.291534
26.766003 64.303772
26.707424 64.315964
26.648827 64.328102
26.590210 64.340187
26.531574 64.352219
26.472919 64.364197
26.414246 64.376122
26.355553 64.387993
26.296841 64.399811
26.238110 64.411575
26.179359 64.423286
26.120590 64.434944
26.061802 64.446548
26.002995 64.458099
25.944168 64.469597
25.885323 64.481041
25.826458 64.492432
25.767574 64.503769
25.708672 64.515053
25.649750 64.526283
25.590809 64.537460
25.531849 64.548584
25.472870 64.559654
25.413872 64.570671
25.354855 64.581635
25.295818 64.592545
25.236763 64.603401
25.177689 64.614204
25.118595 64.624954
25.059483 64.635651
25.000351 64.646294
24.941200 64.656883
24.882030 64.667419
24.822842 64.677902
24.763634 64.688332
24.704409 64.698708
24.645166 64.709030
24.585907 64.719299
24.526630 64.729515
24.467337 64.739677
24.408026 64.749786
24.348698 64.759842
24.289352 64.769844
24.229990 64.779793
24.170610 64.789688
24.111214 64.799530
24.051800 64.809319
23.992369 64.819054
23.932920 64.828735
23.873455 64.838364
23.813972 64.847939
23.754473 64.857460
23.694956 64.866928
23.635422 64.876343
23.575871 64.885704
23.516302 64.895012
23.456717 64.904266
23.397114 64.913467
23.337494 64.922615
23.277857 64.931709
23.218203 64.940750
23.158531 64.949738
23.098843 64.958672
23.039137 64.967552
22.979414 64.976379
22.919674 64.985153
22.859917 64.993874
22.800142 65.002541
22.740351 65.011154
22.680542 65.019714
22.620716 65.028221
22.560873 65.036674
22.501013 65.045074
22.441135 65.053421
22.381241 65.061714
22.321329 65.069954
22.261400 65.078140
22.201454 65.086273
22.141491 65.094353
22.081511 65.102379
22.021513 65.110352
21.961498 65.118271
21.901466 65.126137
21.841417 65.133949
21.781351 65.141708
21.721270 65.149414
21.661173 65.157066
21.601061 65.164665
21.540934 65.172211
21.480791 65.179703
21.420633 65.187141
21.360460 65.194527
21.300272 65.201859
21.240068 65.209137
21.179850 65.216362
21.119616 65.223534
21.059366 65.230652
20.999102 65.237717
20.938822 65.244728
20.878527 65.251686
20.818216 65.258591
20.757891 65.265442
20.697550 65.272240
20.637194 65.278984
20.576822 65.285675
20.516436 65.292313
20.456034 65.298897
20.395617 65.305428
20.335184 65.311905
20.274736 65.318329
20.214273 65.324699
20.153795 65.331017
20.093302 65.337280
20.032793 65.343491
19.972269 65.349648
19.911730 65.355751
19.851175 65.361801
19.790606 65.367798
19.730021 65.373741
19.669420 65.379631
19.608805 65.385468
19.548174 65.391251
19.487528 65.396980
19.426867 65.402657
19.366190 65.408279
19.305498 65.413849
19.244791 65.419365
19.184069 65.424828
19.123331 65.430237
19.062578 65.435593
19.001810 65.440895
18.941027 65.446144
18.880230 65.451340
18.819420 65.456482
18.758596 65.461571
18.697760 65.466606
18.636909 65.471588
18.576046 65.476517
18.515169 65.481392
18.454279 65.486214
18.393375 65.490982
18.332458 65.495697
18.271528 65.500359
18.210585 65.504967
18.149628 65.509521
18.088657 65.514023
18.027674 65.518471
17.966677 65.522865
17.905666 65.527206
17.844643 65.531494
17.783606 65.535728
17.722555 65.539909
17.661491 65.544037
17.600414 65.548111
17.539324 65.552132
17.478220 65.556099
17.417103 65.560013
17.355972 65.563873
17.294828 65.567680
17.233671 65.571434
17.172501 65.575134
17.111317 65.578781
17.050119 65.582375
16.988909 65.585915
16.927685 65.589401
16.866447 65.592834
16.805197 65.596214
16.743933 65.599541
16.682655 65.602814
16.621365 65.606033
16.560061 65.609200
16.498743 65.612312
16.437412 65.615372
16.376068 65.618378
16.314711 65.621330
16.253340 65.624229
16.191957 65.627075
16.130564 65.629868
16.069159 65.632607
16.007742 65.635292
15.946313 65.637924
15.884871 65.640503
15.823418 65.643028
15.761951 65.645500
15.700473 65.647919
15.638982 65.650284
15.577479 65.652596
15.515965 65.654854
15.454440 65.657059
15.392903 65.659210
15.331355 65.661308
15.269795 65.663353
15.208224 65.665344
15.146642 65.667282
15.085048 65.669167
15.023442 65.670998
14.961825 65.672775
14.900197 65.674500
14.838557 65.676170
14.776906 65.677788
14.715243 65.679352
14.653569 65.680862
14.591884 65.682320
14.530187 65.683723
14.468478 65.685074
14.406758 65.686371
14.345027 65.687614
14.283285 65.688805
14.221533 65.689941
14.159770 65.691025
14.097997 65.692055
14.036213 65.693031
13.974419 65.693954
13.912614 65.694824
13.850799 65.695641
13.788973 65.696404
13.727137 65.697113
13.665290 65.697769
13.603433 65.698372
13.541565 65.698921
13.479687 65.699417
13.417798 65.699860
13.355899 65.700249
13.293989 65.700584
13.232069 65.700867
13.170138 65.701096
13.108197 65.701271
13.046247 65.701393
12.984286 65.701462
12.922317 65.701477
12.860337 65.701439
12.798348 65.701347
12.736350 65.701202
12.674342 65.701004
12.612325 65.700752
12.550298 65.700447
12.488261 65.700089
12.426215 65.699677
12.364160 65.699211
12.302094 65.698692
12.240020 65.698120
12.177936 65.697495
12.115842 65.696815
12.053739 65.696083
11.991626 65.695297
11.929503 65.694458
11.867372 65.693565
11.805231 65.692619
11.743082 65.691620
11.680924 65.690567
11.618758 65.689461
11.556583 65.688301
11.494400 65.687088
11.432208 65.685822
11.370008 65.684502
11.307798 65.683128
11.245581 65.681702
11.183354 65.680214
11.121119 65.678665
11.058876 65.677055
10.996624 65.675385
10.934363 65.673653
10.872094 65.671860
10.809816 65.670006
10.747530 65.668091
10.685235 65.666115
10.622931 65.664078
10.560620 65.661980
10.498302 65.659821
10.435975 65.657600
10.373641 65.655319
10.311299 65.652977
10.248950 65.650574
10.186593 65.648109
10.124228 65.645584
10.061856 65.642998
9.999476 65.640350
9.937089 65.637642
9.874694 65.634872
9.812291 65.632042
9.749881 65.629150
9.687463 65.626198
9.625037 65.623184
9.562604 65.620110
9.500163 65.616974
9.437715 65.613777
9.375259 65.610519
9.312798 65.607201
9.250329 65.603821
9.187854 65.600380
9.125372 65.596878
9.062883 65.593315
9.000388 65.589691
8.937886 65.586006
8.875378 65.582260
8.812862 65.578453
8.750340 65.574585
8.687812 65.570656
8.625277 65.566666
8.562735 65.562614
8.500186 65.558502
8.437631 65.554329
8.375069 65.550095
8.312500 65.545799
8.249926 65.541443
8.187346 65.537025
8.124760 65.532547
8.062168 65.528008
7.999570 65.523407
7.936967 65.518745
7.874358 65.514023
7.811743 65.509239
7.749122 65.504395
7.686496 65.499489
7.623864 65.494522
7.561226 65.489494
7.498582 65.484406
7.435933 65.479256
7.373279 65.474045
7.310619 65.468773
7.247954 65.463440
7.185284 65.458046
7.122608 65.452591
7.059927 65.447075
6.997241 65.441498
6.934550 65.435860
6.871854 65.430161
6.809153 65.424400
6.746447 65.418579
6.683736 65.412697
6.621020 65.406754
6.558300 65.400749
6.495575 65.394684
6.432845 65.388557
6.370111 65.382370
6.307371 65.376122
6.244627 65.369812
6.181880 65.363441
6.119127 65.357010
6.056371 65.350517
5.993610 65.343964
5.930845 65.337349
5.868075 65.330673
5.805302 65.323936
5.742524 65.317139
5.679743 65.310280
5.616958 65.303360
5.554169 65.296379
5.491376 65.289337
5.428579 65.282234
5.365779 65.275070
5.302975 65.267845
5.240167 65.260559
5.177355 65.253212
5.114541 65.245804
5.051723 65.238335
4.988901 65.230804
4.926076 65.223213
4.863248 65.215561
4.800417 65.207848
4.737582 65.200073
4.674744 65.192238
4.611903 65.184341
4.549059 65.176384
4.486213 65.168365
4.423363 65.160286
4.360511 65.152145
4.297656 65.143944
4.234797 65.135681
4.171937 65.127357
4.109073 65.118973
4.046207 65.110527
3.983339 65.102020
3.920469 65.093452
3.857596 65.084824
3.794721 65.076134
3.731843 65.067383
3.668963 65.058571
3.606081 65.049698
3.543197 65.040764
3.480311 65.031769
3.417423 65.022713
3.354533 65.013596
3.291641 65.004417
3.228747 64.995178
3.165851 64.985878
3.102954 64.976517
3.040055 64.967094
2.977155 64.957611
2.914253 64.948067
2.851349 64.938461
2.788445 64.928795
2.725538 64.919067
2.662631 64.909279
2.599722 64.899429
2.536812 64.889519
2.473901 64.879547
2.410989 64.869514
2.348076 64.859421
2.285162 64.849266
2.222248 64.839050
2.159332 64.828773
2.096415 64.818436
2.033498 64.808037
1.970580 64.797577
1.907662 64.787056
1.844742 64.776474
1.781823 64.765831
1.718903 64.755127
1.655982 64.744362
1.593061 64.733536
1.530140 64.722649
1.467219 64.711700
1.404298 64.700691
1.341376 64.689621
1.278455 64.678490
1.215533 64.667297
1.152612 64.656044
1.089690 64.644730
1.026769 64.633354
0.963849 64.621918
0.900928 64.610420
0.838008 64.598862
0.775089 64.587242
0.712170 64.575562
0.649251 64.563820
0.586334 64.552017
0.523417 64.540154
0.460501 64.528229
0.397585 64.516243
0.334670 64.504196
0.271757 64.492088
0.208844 64.479919
0.145933 64.467690
0.083022 64.455399
0.020113 64.443047
-0.042795 64.430634
-0.105702 64.418159
-0.168607 64.405624
-0.231511 64.393028
-0.294414 64.380371
-0.357315 64.367653
-0.420214 64.354874
-0.483112 64.342033
-0.546007 64.329132
-0.608902 64.316170
-0.671794 64.303146
-0.734684 64.290062
-0.797573 64.276917
-0.860459 64.263710
-0.923344 64.250443
-0.986226 64.237114
-1.049106 64.223724
-1.111983 64.210274
-1.174859 64.196762
-1.237731 64.183189
-1.300602 64.169556
-1.363470 64.155861
-1.426335 64.142105
-1.489198 64.128288
-1.552058 64.114410
-1.614915 64.100471
-1.677769 64.086472
-1.740620 64.072411
-1.803469 64.058289
-1.866314 64.044106
-1.929157 64.029861
-1.991996 64.015556
-2.054832 64.001190
-2.117665 63.986763
-2.180494 63.972275
-2.243320 63.957726
-2.306143 63.943115
-2.368962 63.928444
-2.431777 63.913712
-2.494589 63.898918
-2.557397 63.884064
-2.620202 63.869148
-2.683002 63.854172
-2.745799 63.839134
-2.808591 63.824036
-2.871380 63.808876
-2.934164 63.793655
-2.996944 63.778374
-3.059721 63.763031
-3.122492 63.747627
-3.185260 63.732162
-3.248023 63.716637
-3.310782 63.701050
-3.373536 63.685402
-3.436285 63.669693
-3.499030 63.653923
-3.561770 63.638092
-3.624506 63.622200
-3.687236 63.606247
-3.749962 63.590233
-3.812682 63.574158
-3.875398 63.558022
-3.938108 63.541821
-4.000814 63.525555
-4.063514 63.509224
-4.126209 63.492828
-4.188899 63.476368
-4.251584 63.459843
-4.314262 63.443253
-4.376935 63.426598
-4.439603 63.409878
-4.502264 63.393093
-4.564920 63.376244
-4.627571 63.359329
-4.690215 63.342350
-4.752854 63.325306
-4.815486 63.308197
-4.878113 63.291023
-4.940733 63.273785
-5.003347 63.256481
-5.065955 63.239113
-5.128556 63.221680
-5.191152 63.204182
-5.253740 63.186619
-5.316322 63.168991
-5.378898 63.151299
-5.441466 63.133541
-5.504028 63.115719
-5.566584 63.097832
-5.629132 63.079880
-5.691674 63.061863
-5.754208 63.043781
-5.816735 63.025635
-5.879255 63.007423
-5.941768 62.989147
-6.004274 62.970806
-6.066772 62.952400
-6.129263 62.933929
-6.191747 62.915394
-6.254222 62.896793
-6.316690 62.878128
-6.379151 62.859398
-6.441604 62.840603
-6.504049 62.821743
-6.566486 62.802818
-6.628915 62.783829
-6.691336 62.764774
-6.753748 62.745655
-6.816153 62.726471
-6.878550 62.707222
-6.940938 62.687908
-7.003318 62.668530
-7.065689 62.649086
-7.128052 62.629578
-7.190406 62.610004
-7.252751 62.590366
-7.315088 62.570663
-7.377417 62.550896
-7.439736 62.531063
-7.502046 62.511166
-7.564347 62.491203
-7.626639 62.471176
-7.688922 62.451084
-7.751196 62.430927
-7.813461 62.410706
-7.875717 62.390419
-7.937963 62.370068
-8.000199 62.349651
-8.062427 62.329170
-8.124644 62.308624
-8.186852 62.288013
-8.249051 62.267338
-8.311240 62.246597
-8.373420 62.225792
-8.435590 62.204922
-8.497750 62.183987
-8.559900 62.162987
-8.622040 62.141922
-8.684169 62.120792
-8.746287 62.099598
-8.808395 62.078339
-8.870493 62.057014
-8.932580 62.035625
-8.994657 62.014172
-9.056723 61.992653
-9.118778 61.971069
-9.180823 61.949421
-9.242858 61.927708
-9.304882 61.905930
-9.366895 61.884087
-9.428896 61.862179
-9.490886 61.840206
-9.552864 61.818169
-9.614831 61.796066
-9.676786 61.773899
-9.738730 61.751667
-9.800663 61.729370
-9.862584 61.707008
-9.924494 61.684582
-9.986392 61.662090
-10.048279 61.639534
-10.110154 61.616913
-10.172018 61.594227
-10.233870 61.571476
-10.295709 61.548660
-10.357535 61.525780
-10.419350 61.502834
-10.481152 61.479824
-10.542941 61.456749
-10.604718 61.433609
-10.666483 61.410404
-10.728235 61.387135
-10.789975 61.363800
-10.851703 61.340401
-10.913418 61.316936
-10.975121 61.293407
-11.036810 61.269814
-11.098486 61.246155
-11.160149 61.222431
-11.221798 61.198643
-11.283434 61.174789
-11.345057 61.150871
-11.406666 61.126888
-11.468262 61.102840
-11.529844 61.078728
-11.591413 61.054550
-11.652969 61.030308
-11.714512 61.006001
-11.776041 60.981628
-11.837556 60.957191
-11.899056 60.932690
-11.960543 60.908123
-12.022015 60.883492
-12.083472 60.858795
-12.144916 60.834034
-12.206345 60.809208
-12.267759 60.784317
-12.329160 60.759361
-12.390546 60.734341
-12.451918 60.709255
-12.513275 60.684105
-12.574618 60.658890
-12.635946 60.633610
-12.697259 60.608265
-12.758556 60.582855
-12.819839 60.557381
-12.881105 60.531841
-12.942357 60.506237
-13.003593 60.480568
-13.064815 60.454834
-13.126020 60.429035
-13.187211 60.403172
-13.248386 60.377243
-13.309546 60.351250
-13.370691 60.325191
-13.431820 60.299068
-13.492932 60.272881
-13.554029 60.246628
-13.615108 60.220310
-13.676172 60.193928
-13.737220 60.167480
-13.798251 60.140968
-13.859266 60.114391
-13.920265 60.087749
-13.981248 60.061043
-14.042214 60.034271
-14.103165 60.007435
-14.164099 59.980534
-14.225016 59.953568
-14.285915 59.926537
-14.346798 59.899441
-14.407663 59.872280
-14.468512 59.845055
-14.529343 59.817764
-14.590157 59.790409
-14.650953 59.762989
-14.711733 59.735504
-14.772495 59.707954
-14.833241 59.680340
-14.893969 59.652660
-14.954679 59.624916
-15.015372 59.597107
-15.076047 59.569233
-15.136703 59.541294
-15.197342 59.513290
-15.257962 59.485222
-15.318564 59.457088
-15.379148 59.428890
-15.439714 59.400627
-15.500262 59.372299
-15.560792 59.343906
-15.621304 59.315449
-15.681797 59.286926
-15.742271 59.258339
-15.802727 59.229687
-15.863163 59.200970
-15.923580 59.172188
-15.983978 59.143341
-16.044357 59.114429
-16.104717 59.085453
-16.165058 59.056412
-16.225380 59.027306
-16.285683 58.998135
-16.345966 58.968899
-16.406231 58.939598
-16.466476 58.910233
-16.526703 58.880802
-16.586910 58.851307
-16.647099 58.821747
-16.707268 58.792122
-16.767418 58.762432
-16.827547 58.732677
-16.887655 58.702858
-16.947742 58.672974
-17.007809 58.643024
-17.067854 58.613010
-17.127878 58.582932
-17.187881 58.552788
-17.247864 58.522579
-17.307825 58.492306
-17.367765 58.461967
-17.427685 58.431564
-17.487583 58.401096
-17.547461 58.370564
-17.607317 58.339966
-17.667152 58.309303
-17.726967 58.278576
-17.786760 58.247784
-17.846533 58.216927
-17.906284 58.186005
-17.966015 58.155018
-18.025724 58.123966
-18.085413 58.092850
-18.145081 58.061668
-18.204727 58.030422
-18.264353 57.999111
-18.323956 57.967735
-18.383535 57.936295
-18.443092 57.904789
-18.502626 57.873219
-18.562138 57.841583
-18.621626 57.809883
-18.681091 57.778118
-18.740534 57.746288
-18.799953 57.714394
-18.859350 57.682434
-18.918724 57.650410
-18.978075 57.618320
-19.037403 57.586166
-19.096708 57.553947
-19.155991 57.521664
-19.215250 57.489315
-19.274487 57.456902
-19.333700 57.424423
-19.392891 57.391880
-19.452059 57.359272
-19.511204 57.326599
-19.570326 57.293861
-19.629425 57.261059
-19.688501 57.228191
-19.747553 57.195259
-19.806580 57.162262
-19.865582 57.129200
-19.924559 57.096073
-19.983511 57.062881
-20.042439 57.029625
-20.101341 56.996304
-20.160219 56.962917
-20.219072 56.929466
-20.277901 56.895950
-20.336704 56.862370
-20.395483 56.828724
-20.454237 56.795013
-20.512966 56.761238
-20.571671 56.727398
-20.630350 56.693493
-20.689005 56.659523
-20.747635 56.625488
-20.806240 56.591389
-20.864820 56.557224
-20.923376 56.522995
-20.981907 56.488701
-21.040413 56.454342
-21.098892 56.419918
-21.157345 56.385429
-21.215771 56.350876
-21.274170 56.316257
-21.332542 56.281574
-21.390888 56.246826
-21.449207 56.212013
-21.507500 56.177135
-21.565765 56.142193
-21.624004 56.107185
-21.682217 56.072113
-21.740402 56.036976
-21.798561 56.001774
-21.856693 55.966507
-21.914799 55.931175
-21.972878 55.895779
-22.030930 55.860317
-22.088955 55.824791
-22.146954 55.789200
-22.204926 55.753544
-22.262871 55.717823
-22.320789 55.682037
-22.378681 55.646187
-22.436544 55.610271
-22.494379 55.574291
-22.552185 55.538246
-22.609962 55.502136
-22.667711 55.465961
-22.725431 55.429722
-22.783123 55.393417
-22.840786 55.357048
-22.898420 55.320614
-22.956026 55.284115
-23.013603 55.247551
-23.071152 55.210922
-23.128672 55.174229
-23.186163 55.137470
-23.243626 55.100647
-23.301060 55.063759
-23.358465 55.026806
-23.415842 54.989788
-23.473190 54.952705
-23.530510 54.915558
-23.587801 54.878345
-23.645063 54.841068
-23.702297 54.803726
-23.759501 54.766319
-23.816673 54.728848
-23.873816 54.691311
-23.930927 54.653709
-23.988008 54.616043
-24.045059 54.578312
-24.102079 54.540516
-24.159069 54.502655
-24.216028 54.464729
-24.272957 54.426739
-24.329855 54.388683
-24.386723 54.350563
-24.443560 54.312378
-24.500366 54.274128
-24.557142 54.235813
-24.613888 54.197433
-24.670603 54.158989
-24.727287 54.120480
-24.783941 54.081905
-24.840565 54.043266
-24.897158 54.004562
-24.953720 53.965794
-25.010250 53.926960
-25.066748 53.888062
-25.123213 53.849098
-25.179646 53.810070
-25.236046 53.770977
-25.292414 53.731819
-25.348749 53.692596
-25.405052 53.653309
-25.461323 53.613956
-25.517561 53.574539
-25.573767 53.535057
-25.629940 53.495510
-25.686081 53.455898
-25.742189 53.416222
-25.798265 53.376480
-25.854309 53.336674
-25.910320 53.296803
-25.966299 53.256866
-26.022245 53.216866
-26.078159 53.176800
-26.134041 53.136669
-26.189890 53.096474
-26.245705 53.056213
-26.301485 53.015888
-26.357231 52.975498
-26.412943 52.935043
-26.468620 52.894524
-26.524263 52.853939
-26.579872 52.813290
-26.635447 52.772575
-26.690987 52.731796
-26.746492 52.690952
-26.801964 52.650043
-26.857401 52.609070
-26.912804 52.568031
-26.968172 52.526928
-27.023506 52.485760
-27.078806 52.444527
-27.134071 52.403229
-27.189302 52.361866
-27.244499 52.320438
-27.299662 52.278946
-27.354790 52.237389
-27.409883 52.195766
-27.464941 52.154079
-27.519962 52.112328
-27.574947 52.070511
-27.629896 52.028629
-27.684809 51.986683
-27.739685 51.944672
-27.794525 51.902596
-27.849329 51.860455
-27.904097 51.818249
-27.958828 51.775978
-28.013523 51.733643
-28.068182 51.691242
-28.122805 51.648777
-28.177391 51.606247
-28.231941 51.563652
-28.286455 51.520992
-28.340933 51.478268
-28.395374 51.435478
-28.449780 51.392624
-28.504148 51.349705
-28.558481 51.306721
-28.612778 51.263672
-28.667036 51.220558
-28.721256 51.177380
-28.775438 51.134136
-28.829582 51.090828
-28.883688 51.047455
-28.937756 51.004017
-28.991785 50.960514
-29.045776 50.916946
-29.099730 50.873314
-29.153645 50.829617
-29.207521 50.785854
-29.261360 50.742027
-29.315161 50.698135
-29.368923 50.654179
-29.422647 50.610157
-29.476334 50.566071
-29.529982 50.521919
-29.583591 50.477703
-29.637163 50.433422
-29.690697 50.389076
-29.744192 50.344666
-29.797649 50.300190
-29.851067 50.255650
-29.904444 50.211044
-29.957781 50.166374
-30.011078 50.121639
-30.064335 50.076839
-30.117552 50.031975
-30.170729 49.987045
-30.223866 49.942051
-30.276962 49.896992
-30.330019 49.851868
-30.383036 49.806679
-30.436012 49.761425
-30.488949 49.716106
-30.541845 49.670723
-30.594702 49.625275
-30.647518 49.579762
-30.700294 49.534184
-30.753031 49.488541
-30.805727 49.442833
-30.858383 49.397060
-30.910999 49.351227
-30.963573 49.305332
-31.016106 49.259377
-31.068596 49.213360
-31.121044 49.167282
-31.173450 49.121143
-31.225815 49.074944
-31.278137 49.028683
-31.330418 48.982361
-31.382656 48.935978
-31.434853 48.889534
-31.487007 48.843029
-31.539120 48.796463
-31.591190 48.749836
-31.643219 48.703148
-31.695206 48.656399
-31.747150 48.609589
-31.799053 48.562717
-31.850914 48.515785
-31.902733 48.468792
-31.954510 48.421738
-32.006245 48.374622
-32.057938 48.327446
-32.109589 48.280209
-32.161198 48.232910
-32.212765 48.185551
-32.264290 48.138130
-32.315773 48.090649
-32.367214 48.043106
-32.418613 47.995502
-32.469971 47.947838
-32.521286 47.900112
-32.572559 47.852325
-32.623787 47.804478
-32.674969 47.756569
-32.726105 47.708599
-32.777195 47.660568
-32.828239 47.612476
-32.879238 47.564323
-32.930191 47.516109
-32.981098 47.467834
-33.031960 47.419498
-33.082775 47.371101
-33.133545 47.322643
-33.184269 47.274124
-33.234947 47.225544
-33.285580 47.176903
-33.336166 47.128201
-33.386707 47.079437
-33.437202 47.030613
-33.487652 46.981728
-33.538055 46.932781
-33.588413 46.883774
-33.638725 46.834705
-33.688992 46.785576
-33.739212 46.736385
-33.789387 46.687134
-33.839516 46.637821
-33.889599 46.588448
-33.939636 46.539013
-33.989628 46.489517
-34.039574 46.439960
-34.089474 46.390343
-34.139328 46.340664
-34.189137 46.290924
-34.238899 46.241123
-34.288616 46.191261
-34.338287 46.141338
-34.387913 46.091354
-34.437492 46.041309
-34.487026 45.991203
-34.536514 45.941036
-34.585957 45.890808
-34.635353 45.840519
-34.684704 45.790169
-34.734009 45.739758
-34.783264 45.689285
-34.832470 45.638752
-34.881626 45.588158
-34.930733 45.537502
-34.979790 45.486786
-35.028797 45.436008
-35.077755 45.385170
-35.126663 45.334270
-35.175522 45.283310
-35.224331 45.232288
-35.273090 45.181206
-35.321800 45.130062
-35.370461 45.078857
-35.419071 45.027592
-35.467632 44.976265
-35.516144 44.924877
-35.564606 44.873428
-35.613018 44.821918
-35.661381 44.770348
-35.709694 44.718716
-35.757957 44.667023
-35.806171 44.615269
-35.854336 44.563454
-35.902451 44.511578
-35.950516 44.459641
-35.998531 44.407642
-36.046497 44.355583
-36.094414 44.303463
-36.142281 44.251282
-36.190098 44.199039
-36.237865 44.146736
-36.285583 44.094372
-36.333252 44.041946
-36.380871 43.989460
-36.428440 43.936913
-36.475960 43.884304
-36.523430 43.831635
-36.570850 43.778904
-36.618221 43.726116
-36.665543 43.673271
-36.712814 43.620369
-36.760036 43.567410
-36.807205 43.514393
-36.854321 43.461319
-36.901382 43.408188
-36.948391 43.355000
-36.995346 43.301754
-37.042248 43.248451
-37.089096 43.195091
-37.135891 43.141674
-37.182632 43.088200
-37.229321 43.034668
-37.275955 42.981079
-37.322536 42.927433
-37.369064 42.873730
-37.415539 42.819969
-37.461960 42.766151
-37.508327 42.712276
-37.554642 42.658344
-37.600903 42.604355
-37.647110 42.550308
-37.693264 42.496204
-37.739365 42.442043
-37.785412 42.387825
-37.831406 42.333549
-37.877346 42.279217
-37.923233 42.224827
-37.969067 42.170380
-38.014847 42.115875
-38.060574 42.061314
-38.106247 42.006695
-38.151867 41.952019
-38.197433 41.897285
-38.242947 41.842495
-38.288406 41.787647
-38.333813 41.732742
-38.379166 41.677780
-38.424465 41.622761
-38.469711 41.567684
-38.514904 41.512550
-38.560043 41.457359
-38.605129 41.402111
-38.650162 41.346806
-38.695141 41.291443
-38.740063 41.236023
-38.784927 41.180546
-38.829735 41.125011
-38.874485 41.069420
-38.919178 41.013771
-38.963814 40.958065
-39.008392 40.902302
-39.052914 40.846481
-39.097378 40.790604
-39.141785 40.734669
-39.186134 40.678677
-39.230427 40.622627
-39.274662 40.566521
-39.318840 40.510357
-39.362961 40.454136
-39.407024 40.397858
-39.451031 40.341522
-39.494980 40.285130
-39.538872 40.228680
-39.582706 40.172173
-39.626484 40.115608
-39.670204 40.058987
-39.713867 40.002308
-39.757473 39.945572
-39.801022 39.888779
-39.844513 39.831928
-39.887947 39.775021
-39.931324 39.718056
-39.974644 39.661034
-40.017906 39.603954
-40.061111 39.546818
-40.104259 39.489624
-40.147350 39.432377
-40.190384 39.375076
-40.233360 39.317722
-40.276279 39.260315
-40.319141 39.202854
-40.361946 39.145340
-40.404694 39.087772
-40.447384 39.030151
-40.490017 38.972477
-40.532593 38.914749
-40.575111 38.856968
-40.617569 38.799133
-40.659966 38.741245
-40.702301 38.683304
-40.744576 38.625309
-40.786789 38.567261
-40.828941 38.509159
-40.871033 38.451004
-40.913063 38.392796
-40.955032 38.334534
-40.996941 38.276218
-41.038788 38.217850
-41.080574 38.159428
-41.122299 38.100952
-41.163963 38.042423
-41.205566 37.983841
-41.247108 37.925205
-41.288589 37.866516
-41.330009 37.807774
-41.371368 37.748978
-41.412666 37.690128
-41.453903 37.631226
-41.495079 37.572269
-41.536194 37.513260
-41.577248 37.454197
-41.618240 37.395081
-41.659172 37.335911
-41.700043 37.276688
-41.740852 37.217411
-41.781601 37.158081
-41.822289 37.098698
-41.862915 37.039261
-41.903481 36.979771
-41.943985 36.920227
-41.984428 36.860630
-42.024811 36.800980
-42.065132 36.741276
-42.105392 36.681519
-42.145592 36.621708
-42.185730 36.561844
-42.225807 36.501926
-42.265823 36.441956
-42.305779 36.381931
-42.345673 36.321854
-42.385506 36.261723
-42.425274 36.201538
-42.464977 36.141300
-42.504616 36.081009
-42.544189 36.020664
-42.583698 35.960266
-42.623142 35.899815
-42.662521 35.839310
-42.701836 35.778751
-42.741085 35.718143
-42.780270 35.657486
-42.819389 35.596779
-42.858444 35.536022
-42.897434 35.475216
-42.936359 35.414360
-42.975220 35.353455
-43.014015 35.292500
-43.052746 35.231495
-43.091412 35.170441
-43.130013 35.109337
-43.168549 35.048183
-43.207020 34.986980
-43.245426 34.925728
-43.283768 34.864426
-43.322044 34.803074
-43.360256 34.741673
-43.398403 34.680222
-43.436485 34.618721
-43.474503 34.557171
-43.512455 34.495571
-43.550343 34.433922
-43.588165 34.372223
-43.625923 34.310474
-43.663616 34.248676
-43.701244 34.186829
-43.738808 34.124931
-43.776306 34.062984
-43.813740 34.000988
-43.851109 33.938942
-43.888412 33.876846
-43.925652 33.814701
-43.962826 33.752506
-43.999935 33.690262
-44.036980 33.627968
-44.073959 33.565624
-44.110874 33.503231
-44.147720 33.440788
-44.184498 33.378296
-44.221207 33.315754
-44.257847 33.253162
-44.294418 33.190521
-44.330921 33.127831
-44.367355 33.065090
-44.403721 33.002300
-44.440018 32.939461
-44.476246 32.876572
-44.512405 32.813633
-44.548496 32.750645
-44.584518 32.687607
-44.620472 32.624519
-44.656357 32.561382
-44.692173 32.498196
-44.727921 32.434959
-44.763599 32.371674
-44.799210 32.308342
-44.834751 32.244965
-44.870224 32.181541
-44.905628 32.118073
-44.940964 32.054558
-44.976231 31.990995
-45.011429 31.927385
-45.046558 31.863728
-45.081619 31.800022
-45.116611 31.736269
-45.151535 31.672468
-45.186390 31.608620
-45.221176 31.544725
-45.255894 31.480785
-45.290543 31.416800
-45.325123 31.352768
-45.359634 31.288691
-45.394077 31.224567
-45.428452 31.160398
-45.462757 31.096184
-45.496994 31.031923
-45.531162 30.967617
-45.565262 30.903265
-45.599293 30.838867
-45.633255 30.774424
-45.667149 30.709934
-45.700974 30.645399
-45.734730 30.580818
-45.768414 30.516191
-45.802025 30.451519
-45.835564 30.386801
-45.869030 30.322037
-45.902424 30.257227
-45.935745 30.192371
-45.968994 30.127470
-46.002171 30.062523
-46.035275 29.997532
-46.068306 29.932497
-46.101265 29.867418
-46.134151 29.802296
-46.166965 29.737129
-46.199707 29.671919
-46.232376 29.606665
-46.264973 29.541367
-46.297497 29.476025
-46.329948 29.410639
-46.362328 29.345209
-46.394634 29.279736
-46.426868 29.214218
-46.459030 29.148657
-46.491119 29.083052
-46.523136 29.017403
-46.555080 28.951710
-46.586952 28.885973
-46.618752 28.820192
-46.650478 28.754368
-46.682133 28.688499
-46.713715 28.622587
-46.745224 28.556631
-46.776661 28.490633
-46.808025 28.424593
-46.839317 28.358511
-46.870537 28.292387
-46.901684 28.226221
-46.932758 28.160013
-46.963760 28.093763
-46.994690 28.027472
-47.025547 27.961138
-47.056332 27.894762
-47.087044 27.828344
-47.117683 27.761885
-47.148251 27.695383
-47.178745 27.628839
-47.209167 27.562254
-47.239517 27.495626
-47.269794 27.428957
-47.299999 27.362246
-47.330132 27.295492
-47.360188 27.228697
-47.390167 27.161860
-47.420071 27.094980
-47.449898 27.028061
-47.479649 26.961102
-47.509323 26.894102
-47.538921 26.827063
-47.568443 26.759983
-47.597889 26.692863
-47.627258 26.625704
-47.656551 26.558504
-47.685768 26.491264
-47.714909 26.423985
-47.743973 26.356665
-47.772961 26.289305
-47.801872 26.221905
-47.830708 26.154465
-47.859467 26.086985
-47.888149 26.019464
-47.916756 25.951904
-47.945286 25.884304
-47.973740 25.816664
-48.002117 25.748983
-48.030418 25.681263
-48.058643 25.613504
-48.086792 25.545708
-48.114864 25.477873
-48.142860 25.410000
-48.170780 25.342089
-48.198624 25.274139
-48.226391 25.206152
-48.254082 25.138126
-48.281696 25.070063
-48.309235 25.001961
-48.336697 24.933821
-48.364082 24.865643
-48.391392 24.797426
-48.418625 24.729172
-48.445782 24.660879
-48.472862 24.592548
-48.499866 24.524179
-48.526794 24.455772
-48.553646 24.387327
-48.580421 24.318844
-48.607121 24.250322
-48.633743 24.181765
-48.660290 24.113171
-48.686760 24.044540
-48.713154 23.975874
-48.739471 23.907171
-48.765713 23.838432
-48.791878 23.769657
-48.817966 23.700846
-48.843975 23.631998
-48.869904 23.563114
-48.895752 23.494194
-48.921520 23.425238
-48.947208 23.356245
-48.972816 23.287216
-48.998344 23.218151
-49.023792 23.149050
-49.049160 23.079912
-49.074448 23.010738
-49.099655 22.941528
-49.124783 22.872284
-49.149830 22.803005
-49.174797 22.733692
-49.199684 22.664345
-49.224491 22.594963
-49.249218 22.525547
-49.273865 22.456097
-49.298431 22.386612
-49.322918 22.317093
-49.347324 22.247540
-49.371651 22.177952
-49.395897 22.108330
-49.420063 22.038673
-49.444149 21.968983
-49.468155 21.899258
-49.492081 21.829498
-49.515926 21.759705
-49.539692 21.689877
-49.563377 21.620014
-49.586983 21.550119
-49.610508 21.480192
-49.633953 21.410233
-49.657318 21.340240
-49.680603 21.270216
-49.703808 21.200159
-49.726933 21.130070
-49.749977 21.059948
-49.772942 20.989794
-49.795826 20.919607
-49.818630 20.849388
-49.841354 20.779137
-49.863998 20.708853
-49.886562 20.638536
-49.909046 20.568188
-49.931450 20.497807
-49.953773 20.427393
-49.976017 20.356947
-49.998180 20.286469
-50.020264 20.215960
-50.042267 20.145420
-50.064190 20.074850
-50.086033 20.004250
-50.107796 19.933619
-50.129478 19.862957
-50.151081 19.792265
-50.172604 19.721542
-50.194046 19.650789
-50.215408 19.580006
-50.236691 19.509192
-50.257889 19.438347
-50.279003 19.367472
-50.300034 19.296566
-50.320980 19.225630
-50.341843 19.154663
-50.362621 19.083666
-50.383316 19.012638
-50.403927 18.941582
-50.424454 18.870497
-50.444897 18.799383
-50.465256 18.728241
-50.485531 18.657070
-50.505722 18.585871
-50.525829 18.514643
-50.545853 18.443386
-50.565792 18.372101
-50.585648 18.300787
-50.605419 18.229445
-50.625107 18.158073
-50.644711 18.086674
-50.664230 18.015245
-50.683666 17.943789
-50.703018 17.872303
-50.722286 17.800789
-50.741470 17.729246
-50.760571 17.657677
-50.779587 17.586081
-50.798519 17.514458
-50.817368 17.442808
-50.836132 17.371132
-50.854813 17.299429
-50.873409 17.227699
-50.891922 17.155943
-50.910351 17.084160
-50.928696 17.012350
-50.946957 16.940514
-50.965134 16.868650
-50.983227 16.796761
-51.001236 16.724844
-51.019161 16.652901
-51.037003 16.580931
-51.054760 16.508934
-51.072433 16.436913
-51.090023 16.364866
-51.107529 16.292795
-51.124950 16.220699
-51.142288 16.148579
-51.159542 16.076433
-51.176712 16.004263
-51.193798 15.932068
-51.210800 15.859848
-51.227718 15.787603
-51.244553 15.715334
-51.261303 15.643040
-51.277969 15.570721
-51.294552 15.498378
-51.311050 15.426011
-51.327465 15.353621
-51.343796 15.281206
-51.360043 15.208768
-51.376205 15.136306
-51.392284 15.063820
-51.408279 14.991310
-51.424191 14.918777
-51.440018 14.846222
-51.455761 14.773643
-51.471420 14.701042
-51.486996 14.628418
-51.502487 14.555771
-51.517895 14.483101
-51.533218 14.410408
-51.548458 14.337692
-51.563610 14.264955
-51.578674 14.192195
-51.593651 14.119413
-51.608540 14.046610
-51.623341 13.973784
-51.638054 13.900937
-51.652679 13.828068
-51.667217 13.755177
-51.681667 13.682264
-51.696030 13.609331
-51.710304 13.536377
-51.724491 13.463402
-51.738590 13.390406
-51.752602 13.317389
-51.766525 13.244350
-51.780361 13.171291
-51.794109 13.098212
-51.807770 13.025113
-51.821342 12.951994
-51.834827 12.878855
-51.848225 12.805696
-51.861534 12.732516
-51.874756 12.659317
-51.887890 12.586098
-51.900936 12.512859
-51.913895 12.439602
-51.926765 12.366325
-51.939548 12.293030
-51.952244 12.219715
-51.964851 12.146381
-51.977371 12.073029
-51.989803 11.999657
-52.002148 11.926266
-52.014404 11.852857
-52.026573 11.779429
-52.038654 11.705984
-52.050648 11.632521
-52.062553 11.559039
-52.074371 11.485539
-52.086102 11.412022
-52.097744 11.338486
-52.109299 11.264933
-52.120766 11.191362
-52.132145 11.117775
-52.143436 11.044170
-52.154640 10.970549
-52.165756 10.896910
-52.176785 10.823254
-52.187725 10.749580
-52.198578 10.675891
-52.209343 10.602185
-52.220020 10.528463
-52.230610 10.454725
-52.241112 10.380971
-52.251526 10.307200
-52.261852 10.233414
-52.272091 10.159611
-52.282242 10.085793
-52.292305 10.011959
-52.302280 9.938110
-52.312168 9.864246
-52.321968 9.790367
-52.331680 9.716473
-52.341305 9.642563
-52.350842 9.568639
-52.360291 9.494700
-52.369652 9.420748
-52.378925 9.346781
-52.388111 9.272799
-52.397209 9.198804
-52.406219 9.124794
-52.415142 9.050770
-52.423977 8.976732
-52.432724 8.902681
-52.441383 8.828617
-52.449955 8.754539
-52.458439 8.680449
-52.466835 8.606344
-52.475143 8.532227
-52.483364 8.458096
-52.491497 8.383952
-52.499542 8.309796
-52.507500 8.235628
-52.515369 8.161448
-52.523151 8.087255
-52.530846 8.013049
-52.538452 7.938832
-52.545971 7.864603
-52.553402 7.790361
-52.560745 7.716108
-52.568001 7.641844
-52.575169 7.567568
-52.582249 7.493280
-52.589241 7.418982
-52.596146 7.344672
-52.602962 7.270351
-52.609692 7.196019
-52.616333 7.121677
-52.622887 7.047324
-52.629353 6.972961
-52.635731 6.898587
-52.642021 6.824203
-52.648224 6.749810
-52.654339 6.675406
-52.660366 6.600992
-52.666306 6.526569
-52.672157 6.452136
-52.677917 6.377694
-52.683586 6.303242
-52.689163 6.228781
-52.694649 6.154311
-52.700043 6.079832
-52.705345 6.005343
-52.710556 5.930847
-52.715675 5.856341
-52.720703 5.781827
-52.725639 5.707305
-52.730484 5.632774
-52.735237 5.558236
-52.739899 5.483689
-52.744469 5.409134
-52.748947 5.334572
-52.753334 5.260003
-52.757629 5.185425
-52.761833 5.110841
-52.765945 5.036249
-52.769966 4.961650
-52.773895 4.887044
-52.777733 4.812432
-52.781479 4.737813
-52.785133 4.663187
-52.788696 4.588554
-52.792168 4.513915
-52.795547 4.439270
-52.798836 4.364619
-52.802032 4.289961
-52.805138 4.215298
-52.808151 4.140629
-52.811073 4.065955
-52.813904 3.991275
-52.816643 3.916589
-52.819290 3.841899
-52.821846 3.767203
-52.824310 3.692502
-52.826683 3.617797
-52.828964 3.543087
-52.831154 3.468372
-52.833252 3.393653
-52.835258 3.318930
-52.837173 3.244202
-52.838997 3.169470
-52.840729 3.094734
-52.842369 3.019995
-52.843918 2.945252
-52.845375 2.870505
-52.846741 2.795755
-52.848015 2.721002
-52.849197 2.646246
-52.850288 2.571486
-52.851288 2.496724
-52.852196 2.421959
-52.853012 2.347191
-52.853737 2.272420
-52.854370 2.197648
-52.854912 2.122872
-52.855362 2.048095
-52.855721 1.973316
-52.855988 1.898534
-52.856163 1.823751
-52.856247 1.748966
-52.856239 1.674180
-52.856140 1.599392
-52.855949 1.524603
-52.855667 1.449813
-52.855293 1.375023
-52.854828 1.300231
-52.854271 1.225438
-52.853622 1.150645
-52.852882 1.075852
-52.852051 1.001058
-52.851128 0.926263
-52.850113 0.851469
-52.849007 0.776675
-52.847809 0.701881
-52.846519 0.627087
-52.845139 0.552294
-52.843666 0.477501
-52.842102 0.402709
-52.840446 0.327918
-52.838699 0.253127
-52.836861 0.178338
-52.834930 0.103550
-52.832909 0.028763
-52.830795 -0.046023
-52.828590 -0.120806
-52.826294 -0.195588
-52.823906 -0.270369
-52.821426 -0.345147
-52.818855 -0.419923
-52.816193 -0.494697
-52.813438 -0.569469
-52.810593 -0.644238
-52.807655 -0.719004
-52.804626 -0.793768
-52.801506 -0.868529
-52.798294 -0.943287
-52.794991 -1.018042
-52.791595 -1.092793
-52.788109 -1.167542
-52.784531 -1.242287
-52.780861 -1.317028
-52.777100 -1.391765
-52.773247 -1.466498
-52.769302 -1.541228
-52.765266 -1.615953
-52.761139 -1.690674
-52.756920 -1.765390
-52.752609 -1.840102
-52.748207 -1.914809
-52.743713 -1.989512
-52.739128 -2.064209
-52.734451 -2.138902
-52.729683 -2.213589
-52.724823 -2.288271
-52.719872 -2.362948
-52.714828 -2.437619
-52.709694 -2.512284
-52.704468 -2.586944
-52.699150 -2.661597
-52.693741 -2.736245
-52.688240 -2.810886
-52.682648 -2.885521
-52.676964 -2.960149
-52.671188 -3.034771
-52.665321 -3.109386
-52.659363 -3.183994
-52.653313 -3.258595
-52.647171 -3.333189
-52.640938 -3.407776
-52.634613 -3.482355
-52.628197 -3.556927
-52.621689 -3.631491
-52.615089 -3.706048
-52.608398 -3.780596
-52.601616 -3.855137
-52.594742 -3.929669
-52.587776 -4.004193
-52.580719 -4.078708
-52.573570 -4.153215
-52.566330 -4.227713
-52.558998 -4.302203
-52.551575 -4.376683
-52.544060 -4.451155
-52.536453 -4.525617
-52.528755 -4.600070
-52.520966 -4.674513
-52.513084 -4.748947
-52.505112 -4.823371
-52.497047 -4.897786
-52.488892 -4.972190
-52.480644 -5.046584
-52.472305 -5.120968
-52.463875 -5.195342
-52.455353 -5.269705
-52.446739 -5.344058
-52.438034 -5.418400
-52.429237 -5.492731
-52.420349 -5.567050
-52.411369 -5.641359
-52.402298 -5.715657
-52.393135 -5.789943
-52.383881 -5.864217
-52.374535 -5.938480
-52.365097 -6.012732
-52.355568 -6.086971
-52.345947 -6.161198
-52.336235 -6.235413
-52.326431 -6.309616
-52.316536 -6.383806
-52.306549 -6.457983
-52.296471 -6.532148
-52.286301 -6.606300
-52.276039 -6.680439
-52.265686 -6.754566
-52.255241 -6.828679
-52.244705 -6.902778
-52.234077 -6.976864
-52.223358 -7.050937
-52.212547 -7.124995
-52.201645 -7.199040
-52.190651 -7.273071
-52.179565 -7.347087
-52.168388 -7.421090
-52.157120 -7.495078
-52.145760 -7.569051
-52.134308 -7.643010
-52.122765 -7.716954
-52.111130 -7.790884
-52.099403 -7.864798
-52.087585 -7.938697
-52.075676 -8.012581
-52.063675 -8.086449
-52.051582 -8.160301
-52.039398 -8.234138
-52.027122 -8.307960
-52.014755 -8.381764
-52.002296 -8.455553
-51.989746 -8.529325
-51.977104 -8.603082
-51.964371 -8.676822
-51.951546 -8.750546
-51.938629 -8.824253
-51.925621 -8.897943
-51.912521 -8.971617
-51.899330 -9.045273
-51.886047 -9.118912
-51.872673 -9.192533
-51.859207 -9.266138
-51.845650 -9.339725
-51.832001 -9.413295
-51.818260 -9.486846
-51.804428 -9.560379
-51.790504 -9.633894
-51.776489 -9.707391
-51.762383 -9.780869
-51.748188 -9.854330
-51.733906 -9.927773
-51.719536 -10.001196
-51.705078 -10.074600
-51.690533 -10.147985
-51.675900 -10.221352
-51.661179 -10.294699
-51.646370 -10.368027
-51.631474 -10.441336
-51.616489 -10.514625
-51.601418 -10.587893
-51.586258 -10.661142
-51.571011 -10.734371
-51.555676 -10.807580
-51.540253 -10.880769
-51.524742 -10.953938
-51.509144 -11.027086
-51.493458 -11.100214
-51.477684 -11.173321
-51.461823 -11.246407
-51.445873 -11.319471
-51.429836 -11.392515
-51.413712 -11.465538
-51.397499 -11.538540
-51.381199 -11.611520
-51.364811 -11.684478
-51.348335 -11.757414
-51.331772 -11.830328
-51.315121 -11.903220
-51.298382 -11.976090
-51.281555 -12.048939
-51.264641 -12.121765
-51.247639 -12.194569
-51.230549 -12.267349
-51.213371 -12.340107
-51.196106 -12.412842
-51.178753 -12.485554
-51.161312 -12.558243
-51.143784 -12.630909
-51.126167 -12.703551
-51.108463 -12.776170
-51.090672 -12.848764
-51.072792 -12.921335
-51.054825 -12.993882
-51.036770 -13.066405
-51.018627 -13.138905
-51.000397 -13.211380
-50.982079 -13.283831
-50.963673 -13.356256
-50.945179 -13.428658
-50.926598 -13.501034
-50.907928 -13.573385
-50.889172 -13.645712
-50.870327 -13.718014
-50.851395 -13.790291
-50.832375 -13.862542
-50.813267 -13.934768
-50.794071 -14.006968
-50.774788 -14.079142
-50.755417 -14.151290
-50.735958 -14.223413
-50.716412 -14.295509
-50.696777 -14.367579
-50.677055 -14.439623
-50.657246 -14.511640
-50.637348 -14.583630
-50.617363 -14.655593
-50.597290 -14.727530
-50.577129 -14.799439
-50.556881 -14.871323
-50.536545 -14.943178
-50.516121 -15.015006
-50.495609 -15.086806
-50.475010 -15.158579
-50.454323 -15.230324
-50.433548 -15.302041
-50.412685 -15.373731
-50.391735 -15.445393
-50.370697 -15.517026
-50.349571 -15.588631
-50.328358 -15.660207
-50.307056 -15.731754
-50.285667 -15.803273
-50.264191 -15.874763
-50.242626 -15.946225
-50.220974 -16.017658
-50.199234 -16.089062
-50.177406 -16.160437
-50.155491 -16.231783
-50.133488 -16.303099
-50.111397 -16.374384
-50.089218 -16.445639
-50.066952 -16.516863
-50.044598 -16.588057
-50.022156 -16.659220
-49.999626 -16.730352
-49.977009 -16.801455
-49.954304 -16.872526
-49.931511 -16.943567
-49.908630 -17.014578
-49.885662 -17.085558
-49.862606 -17.156507
-49.839462 -17.227427
-49.816231 -17.298315
-49.792915 -17.369173
-49.769516 -17.439999
-49.746033 -17.510792
-49.722466 -17.581553
-49.698814 -17.652281
-49.675079 -17.722977
-49.651260 -17.793640
-49.627357 -17.864271
-49.603371 -17.934870
-49.579300 -18.005436
-49.555145 -18.075970
-49.530907 -18.146471
-49.506584 -18.216940
-49.482178 -18.287376
-49.457687 -18.357780
-49.433113 -18.428152
-49.408455 -18.498491
-49.383713 -18.568796
-49.358887 -18.639067
-49.333977 -18.709303
-49.308983 -18.779505
-49.283905 -18.849672
-49.258743 -18.919806
-49.233498 -18.989904
-49.208168 -19.059969
-49.182755 -19.129999
-49.157257 -19.199995
-49.131676 -19.269957
-49.106010 -19.339884
-49.080261 -19.409777
-49.054428 -19.479635
-49.028511 -19.549459
-49.002510 -19.619249
-48.976425 -19.689005
-48.950256 -19.758724
-48.924004 -19.828407
-48.897667 -19.898054
-48.871246 -19.967665
-48.844742 -20.037239
-48.818153 -20.106777
-48.791481 -20.176279
-48.764725 -20.245745
-48.737885 -20.315174
-48.710960 -20.384567
-48.683952 -20.453924
-48.656860 -20.523245
-48.629684 -20.592529
-48.602425 -20.661777
-48.575081 -20.730989
-48.547653 -20.800165
-48.520142 -20.869303
-48.492546 -20.938402
-48.464867 -21.007463
-48.437103 -21.076487
-48.409256 -21.145472
-48.381325 -21.214418
-48.353310 -21.283327
-48.325211 -21.352198
-48.297028 -21.421030
-48.268761 -21.489824
-48.240410 -21.558580
-48.211975 -21.627298
-48.183456 -21.695978
-48.154854 -21.764620
-48.126167 -21.833223
-48.097397 -21.901789
-48.068542 -21.970316
-48.039604 -22.038803
-48.010582 -22.107250
-47.981480 -22.175657
-47.952297 -22.244024
-47.923035 -22.312351
-47.893692 -22.380638
-47.864269 -22.448885
-47.834766 -22.517092
-47.805183 -22.585258
-47.775520 -22.653385
-47.745777 -22.721472
-47.715954 -22.789518
-47.686050 -22.857525
-47.656067 -22.925491
-47.626003 -22.993418
-47.595860 -23.061304
-47.565636 -23.129150
-47.535332 -23.196955
-47.504948 -23.264717
-47.474483 -23.332438
-47.443939 -23.400116
-47.413315 -23.467752
-47.382610 -23.535347
-47.351826 -23.602900
-47.320961 -23.670410
-47.290016 -23.737879
-47.258991 -23.805305
-47.227886 -23.872690
-47.196701 -23.940033
-47.165436 -24.007334
-47.134090 -24.074593
-47.102665 -24.141809
-47.071159 -24.208984
-47.039574 -24.276117
-47.007908 -24.343206
-46.976162 -24.410252
-46.944336 -24.477253
-46.912430 -24.544210
-46.880444 -24.611124
-46.848377 -24.677994
-46.816231 -24.744820
-46.784004 -24.811602
-46.751698 -24.878340
-46.719311 -24.945034
-46.686844 -25.011684
-46.654297 -25.078291
-46.621670 -25.144854
-46.588963 -25.211372
-46.556175 -25.277847
-46.523308 -25.344278
-46.490360 -25.410666
-46.457333 -25.477009
-46.424225 -25.543306
-46.391037 -25.609558
-46.357769 -25.675764
-46.324421 -25.741924
-46.290993 -25.808039
-46.257484 -25.874107
-46.223896 -25.940130
-46.190231 -26.006107
-46.156490 -26.072039
-46.122673 -26.137924
-46.088779 -26.203764
-46.054810 -26.269558
-46.020763 -26.335306
-45.986641 -26.401009
-45.952442 -26.466665
-45.918167 -26.532276
-45.883816 -26.597841
-45.849388 -26.663361
-45.814884 -26.728834
-45.780304 -26.794260
-45.745647 -26.859638
-45.710915 -26.924969
-45.676105 -26.990252
-45.641220 -27.055487
-45.606258 -27.120674
-45.571220 -27.185814
-45.536106 -27.250906
-45.500916 -27.315950
-45.465649 -27.380947
-45.430305 -27.445896
-45.394886 -27.510798
-45.359390 -27.575651
-45.323818 -27.640457
-45.288170 -27.705215
-45.252445 -27.769926
-45.216644 -27.834589
-45.180767 -27.899204
-45.144814 -27.963772
-45.108784 -28.028290
-45.072678 -28.092758
-45.036495 -28.157177
-45.000237 -28.221546
-44.963902 -28.285866
-44.927490 -28.350136
-44.891003 -28.414356
-44.854439 -28.478527
-44.817799 -28.542648
-44.781082 -28.606720
-44.744289 -28.670742
-44.707420 -28.734715
-44.670475 -28.798637
-44.633453 -28.862511
-44.596355 -28.926334
-44.559181 -28.990108
-44.521931 -29.053833
-44.484604 -29.117508
-44.447201 -29.181133
-44.409725 -29.244707
-44.372177 -29.308229
-44.334557 -29.371700
-44.296864 -29.435120
-44.259098 -29.498487
-44.221260 -29.561804
-44.183350 -29.625069
-44.145367 -29.688282
-44.107311 -29.751444
-44.069183 -29.814554
-44.030983 -29.877613
-43.992710 -29.940620
-43.954365 -30.003576
-43.915947 -30.066481
-43.877457 -30.129333
-43.838894 -30.192135
-43.800259 -30.254885
-43.761551 -30.317583
-43.722771 -30.380230
-43.683918 -30.442825
-43.644993 -30.505367
-43.605995 -30.567856
-43.566925 -30.630291
-43.527782 -30.692673
-43.488567 -30.755001
-43.449280 -30.817276
-43.409920 -30.879498
-43.370487 -30.941666
-43.330982 -31.003780
-43.291405 -31.065842
-43.251755 -31.127850
-43.212032 -31.189804
-43.172237 -31.251705
-43.132370 -31.313553
-43.092430 -31.375347
-43.052418 -31.437088
-43.012333 -31.498775
-42.972176 -31.560410
-42.931946 -31.621990
-42.891644 -31.683517
-42.851269 -31.744991
-42.810822 -31.806410
-42.770302 -31.867773
-42.729710 -31.929081
-42.689045 -31.990334
-42.648308 -32.051533
-42.607502 -32.112679
-42.566628 -32.173771
-42.525684 -32.234810
-42.484673 -32.295795
-42.443592 -32.356728
-42.402443 -32.417606
-42.361225 -32.478428
-42.319939 -32.539192
-42.278584 -32.599899
-42.237160 -32.660549
-42.195667 -32.721142
-42.154106 -32.781677
-42.112476 -32.842155
-42.070778 -32.902576
-42.029011 -32.962940
-41.987175 -33.023247
-41.945271 -33.083496
-41.903297 -33.143688
-41.861256 -33.203823
-41.819145 -33.263901
-41.776966 -33.323921
-41.734718 -33.383884
-41.692402 -33.443790
-41.650017 -33.503639
-41.607563 -33.563431
-41.565041 -33.623165
-41.522449 -33.682842
-41.479790 -33.742462
-41.437061 -33.802025
-41.394264 -33.861530
-41.351398 -33.920979
-41.308464 -33.980370
-41.265461 -34.039703
-41.222389 -34.098980
-41.179249 -34.158199
-41.136040 -34.217361
-41.092762 -34.276466
-41.049416 -34.335514
-41.006001 -34.394505
-40.962517 -34.453438
-40.918964 -34.512314
-40.875343 -34.571133
-40.831654 -34.629894
-40.787899 -34.688599
-40.744080 -34.747246
-40.700195 -34.805836
-40.656246 -34.864368
-40.612232 -34.922844
-40.568153 -34.981262
-40.524010 -35.039623
-40.479801 -35.097927
-40.435528 -35.156170
-40.391190 -35.214352
-40.346786 -35.272472
-40.302319 -35.330532
-40.257786 -35.388531
-40.213188 -35.446468
-40.168526 -35.504345
-40.123798 -35.562160
-40.079006 -35.619915
-40.034149 -35.677608
-39.989227 -35.735241
-39.944241 -35.792812
-39.899189 -35.850323
-39.854073 -35.907772
-39.808891 -35.965160
-39.763645 -36.022488
-39.718334 -36.079754
-39.672958 -36.136959
-39.627518 -36.194103
-39.582012 -36.251186
-39.536442 -36.308208
-39.490807 -36.365170
-39.445107 -36.422070
-39.399342 -36.478909
-39.353512 -36.535686
-39.307617 -36.592403
-39.261658 -36.649059
-39.215633 -36.705654
-39.169544 -36.762188
-39.123390 -36.818661
-39.077171 -36.875072
-39.030888 -36.931423
-38.984539 -36.987713
-38.938129 -37.043941
-38.891659 -37.100109
-38.845127 -37.156216
-38.798534 -37.212261
-38.751881 -37.268246
-38.705166 -37.324169
-38.658390 -37.380032
-38.611553 -37.435833
-38.564655 -37.491573
-38.517696 -37.547253
-38.470676 -37.602871
-38.423595 -37.658428
-38.376453 -37.713924
-38.329250 -37.769360
-38.281986 -37.824734
-38.234661 -37.880047
-38.187275 -37.935299
-38.139828 -37.990486
-38.092319 -38.045609
-38.044750 -38.100666
-37.997120 -38.155659
-37.949429 -38.210587
-37.901676 -38.265450
-37.853863 -38.320248
-37.805988 -38.374981
-37.758053 -38.429649
-37.710056 -38.484253
-37.661999 -38.538792
-37.613880 -38.593266
-37.565701 -38.647675
-37.517460 -38.702019
-37.469158 -38.756298
-37.420795 -38.810513
-37.372372 -38.864662
-37.323887 -38.918747
-37.275341 -38.972767
-37.226734 -39.026722
-37.178066 -39.080612
-37.129337 -39.134438
-37.080547 -39.188198
-37.031700 -39.241894
-36.982796 -39.295525
-36.933834 -39.349091
-36.884815 -39.402592
-36.835739 -39.456028
-36.786606 -39.509399
-36.737415 -39.562706
-36.688168 -39.615948
-36.638863 -39.669125
-36.589500 -39.722237
-36.540081 -39.775284
-36.490604 -39.828266
-36.441071 -39.881184
-36.391479 -39.934036
-36.341831 -39.986824
-36.292126 -40.039547
-36.242363 -40.092205
-36.192543 -40.144798
-36.142666 -40.197327
-36.092731 -40.249790
-36.042740 -40.302189
-35.992691 -40.354523
-35.942585 -40.406792
-35.892422 -40.458996
-35.842201 -40.511135
-35.791924 -40.563210
-35.741589 -40.615219
-35.691196 -40.667164
-35.640747 -40.719044
-35.590240 -40.770859
-35.539677 -40.822609
-35.489056 -40.874294
-35.438377 -40.925915
-35.387642 -40.977470
-35.336849 -41.028961
-35.285999 -41.080387
-35.235092 -41.131744
-35.184128 -41.183033
-35.133110 -41.234253
-35.082039 -41.285404
-35.030914 -41.336487
-34.979736 -41.387501
-34.928505 -41.438446
-34.877220 -41.489323
-34.825882 -41.540131
-34.774490 -41.590870
-34.723045 -41.641541
-34.671547 -41.692142
-34.619995 -41.742676
-34.568390 -41.793140
-34.516731 -41.843536
-34.465019 -41.893864
-34.413254 -41.944122
-34.361435 -41.994312
-34.309563 -42.044434
-34.257637 -42.094486
-34.205658 -42.144470
-34.153625 -42.194386
-34.101540 -42.244232
-34.049400 -42.294010
-33.997208 -42.343719
-33.944962 -42.393360
-33.892662 -42.442932
-33.840309 -42.492435
-33.787903 -42.541870
-33.735443 -42.591236
-33.682930 -42.640533
-33.630363 -42.689762
-33.577744 -42.738922
-33.525070 -42.788013
-33.472343 -42.837036
-33.419563 -42.885990
-33.366730 -42.934875
-33.313843 -42.983692
-33.260902 -43.032440
-33.207909 -43.081120
-33.154865 -43.129730
-33.101772 -43.178272
-33.048630 -43.226746
-32.995438 -43.275150
-32.942196 -43.323486
-32.888905 -43.371754
-32.835564 -43.419952
-32.782173 -43.468082
-32.728733 -43.516144
-32.675243 -43.564137
-32.621704 -43.612061
-32.568115 -43.659916
-32.514477 -43.707703
-32.460789 -43.755421
-32.407051 -43.803070
-32.353264 -43.850651
-32.299427 -43.898163
-32.245541 -43.945606
-32.191605 -43.992981
-32.137619 -44.040287
-32.083584 -44.087524
-32.029499 -44.134693
-31.975365 -44.181793
-31.921181 -44.228825
-31.866947 -44.275787
-31.812664 -44.322681
-31.758331 -44.369507
-31.703949 -44.416264
-31.649519 -44.462952
-31.595041 -44.509571
-31.540516 -44.556122
-31.485943 -44.602600
-31.431322 -44.649006
-31.376654 -44.695339
-31.321938 -44.741600
-31.267174 -44.787788
-31.212362 -44.833904
-31.157503 -44.879948
-31.102596 -44.925919
-31.047642 -44.971817
-30.992640 -45.017643
-30.937590 -45.063396
-30.882492 -45.109077
-30.827347 -45.154686
-30.772154 -45.200222
-30.716913 -45.245686
-30.661627 -45.291077
-30.606295 -45.336395
-30.550917 -45.381641
-30.495493 -45.426815
-30.440023 -45.471916
-30.384508 -45.516945
-30.328947 -45.561901
-30.273340 -45.606785
-30.217688 -45.651596
-30.161989 -45.696335
-30.106245 -45.741001
-30.050455 -45.785595
-29.994619 -45.830116
-29.938738 -45.874565
-29.882811 -45.918941
-29.826838 -45.963245
-29.770819 -46.007477
-29.714754 -46.051636
-29.658646 -46.095722
-29.602493 -46.139736
-29.546297 -46.183678
-29.490057 -46.227547
-29.433773 -46.271343
-29.377445 -46.315067
-29.321074 -46.358719
-29.264658 -46.402298
-29.208199 -46.445805
-29.151695 -46.489239
-29.095148 -46.532600
-29.038557 -46.575890
-28.981922 -46.619106
-28.925243 -46.662251
-28.868521 -46.705322
-28.811754 -46.748322
-28.754944 -46.791248
-28.698090 -46.834103
-28.641191 -46.876884
-28.584251 -46.919594
-28.527269 -46.962231
-28.470245 -47.004795
-28.413179 -47.047287
-28.356071 -47.089706
-28.298922 -47.132053
-28.241730 -47.174328
-28.184496 -47.216530
-28.127220 -47.258659
-28.069902 -47.300716
-28.012543 -47.342701
-27.955141 -47.384613
-27.897697 -47.426453
-27.840212 -47.468220
-27.782684 -47.509914
-27.725115 -47.551537
-27.667503 -47.593086
-27.609850 -47.634563
-27.552156 -47.675968
-27.494423 -47.717300
-27.436649 -47.758560
-27.378836 -47.799747
-27.320982 -47.840862
-27.263088 -47.881905
-27.205154 -47.922874
-27.147181 -47.963772
-27.089167 -48.004597
-27.031113 -48.045349
-26.973019 -48.086029
-26.914885 -48.126637
-26.856710 -48.167171
-26.798496 -48.207634
-26.740242 -48.248024
-26.681948 -48.288342
-26.623613 -48.328587
-26.565239 -48.368759
-26.506826 -48.408859
-26.448376 -48.448887
-26.389887 -48.488842
-26.331360 -48.528725
-26.272795 -48.568535
-26.214191 -48.608273
-26.155550 -48.647938
-26.096870 -48.687531
-26.038153 -48.727051
-25.979397 -48.766499
-25.920603 -48.805874
-25.861771 -48.845173
-25.802900 -48.884396
-25.743992 -48.923542
-25.685045 -48.962612
-25.626060 -49.001606
-25.567038 -49.040524
-25.507977 -49.079365
-25.448879 -49.118130
-25.389746 -49.156818
-25.330576 -49.195431
-25.271370 -49.233967
-25.212128 -49.272427
-25.152849 -49.310810
-25.093534 -49.349117
-25.034184 -49.387348
-24.974796 -49.425503
-24.915373 -49.463581
-24.855913 -49.501583
-24.796417 -49.539509
-24.736885 -49.577358
-24.677317 -49.615131
-24.617712 -49.652828
-24.558071 -49.690449
-24.498394 -49.727993
-24.438681 -49.765461
-24.378931 -49.802853
-24.319147 -49.840168
-24.259329 -49.877407
-24.199476 -49.914570
-24.139589 -49.951656
-24.079668 -49.988667
-24.019712 -50.025600
-23.959723 -50.062458
-23.899698 -50.099239
-23.839640 -50.135944
-23.779547 -50.172573
-23.719419 -50.209126
-23.659258 -50.245602
-23.599062 -50.282001
-23.538832 -50.318325
-23.478567 -50.354572
-23.418268 -50.390743
-23.357935 -50.426838
-23.297567 -50.462856
-23.237167 -50.498798
-23.176735 -50.534664
-23.116270 -50.570454
-23.055773 -50.606167
-22.995243 -50.641804
-22.934681 -50.677364
-22.874086 -50.712849
-22.813459 -50.748257
-22.752800 -50.783588
-22.692108 -50.818844
-22.631384 -50.854023
-22.570627 -50.889126
-22.509838 -50.924152
-22.449017 -50.959103
-22.388163 -50.993977
-22.327276 -51.028774
-22.266357 -51.063496
-22.205406 -51.098141
-22.144423 -51.132710
-22.083408 -51.167202
-22.022364 -51.201618
-21.961288 -51.235958
-21.900183 -51.270222
-21.839046 -51.304409
-21.777880 -51.338520
-21.716682 -51.372555
-21.655455 -51.406513
-21.594196 -51.440395
-21.532907 -51.474201
-21.471588 -51.507931
-21.410238 -51.541584
-21.348858 -51.575161
-21.287447 -51.608662
-21.226006 -51.642086
-21.164534 -51.675434
-21.103031 -51.708706
-21.041498 -51.741901
-20.979937 -51.775021
-20.918346 -51.808064
-20.856728 -51.841030
-20.795080 -51.873920
-20.733404 -51.906734
-20.671700 -51.939472
-20.609966 -51.972134
-20.548204 -52.004719
-20.486414 -52.037228
-20.424595 -52.069660
-20.362747 -52.102016
-20.300871 -52.134296
-20.238966 -52.166500
-20.177032 -52.198627
-20.115070 -52.230679
-20.053080 -52.262653
-19.991060 -52.294552
-19.929012 -52.326374
-19.866936 -52.358120
-19.804832 -52.389790
-19.742702 -52.421383
-19.680546 -52.452900
-19.618362 -52.484341
-19.556152 -52.515705
-19.493916 -52.546993
-19.431652 -52.578205
-19.369362 -52.609341
-19.307045 -52.640400
-19.244701 -52.671383
-19.182331 -52.702290
-19.119934 -52.733120
-19.057510 -52.763874
-18.995060 -52.794552
-18.932583 -52.825153
-18.870079 -52.855679
-18.807549 -52.886127
-18.744991 -52.916500
-18.682409 -52.946796
-18.619802 -52.977016
-18.557171 -53.007160
-18.494514 -53.037228
-18.431833 -53.067219
-18.369127 -53.097134
-18.306396 -53.126972
-18.243641 -53.156734
-18.180861 -53.186420
-18.118055 -53.216030
-18.055225 -53.245564
-17.992371 -53.275021
-17.929491 -53.304401
-17.866587 -53.333706
-17.803658 -53.362934
-17.740704 -53.392086
-17.677725 -53.421162
-17.614721 -53.450161
-17.551693 -53.479084
-17.488642 -53.507931
-17.425568 -53.536701
-17.362471 -53.565395
-17.299351 -53.594013
-17.236208 -53.622555
-17.173042 -53.651020
-17.109854 -53.679409
-17.046642 -53.707722
-16.983408 -53.735958
-16.920151 -53.764118
-16.856871 -53.792202
-16.793568 -53.820210
-16.730242 -53.848141
-16.666893 -53.875996
-16.603521 -53.903774
-16.540127 -53.931477
-16.476709 -53.959103
-16.413269 -53.986652
-16.349806 -54.014126
-16.286322 -54.041523
-16.222816 -54.068844
-16.159290 -54.096088
-16.095743 -54.123257
-16.032175 -54.150349
-15.968586 -54.177364
-15.904976 -54.204304
-15.841345 -54.231167
-15.777693 -54.257954
-15.714020 -54.284664
-15.650326 -54.311298
-15.586611 -54.337856
-15.522875 -54.364338
-15.459118 -54.390743
-15.395340 -54.417072
-15.331542 -54.443325
-15.267724 -54.469501
-15.203886 -54.495602
-15.140028 -54.521626
-15.076150 -54.547573
-15.012252 -54.573444
-14.948334 -54.599239
-14.884396 -54.624958
-14.820437 -54.650600
-14.756460 -54.676167
-14.692464 -54.701656
-14.628448 -54.727070
-14.564414 -54.752407
-14.500360 -54.777668
-14.436288 -54.802853
-14.372196 -54.827961
-14.308085 -54.852993
-14.243956 -54.877949
-14.179807 -54.902828
-14.115640 -54.927631
-14.051455 -54.952358
-13.987251 -54.977009
-13.923030 -55.001583
-13.858790 -55.026081
-13.794533 -55.050503
-13.730257 -55.074848
-13.665963 -55.099117
-13.601651 -55.123310
-13.537321 -55.147427
-13.472974 -55.171467
-13.408609 -55.195431
-13.344228 -55.219318
-13.279829 -55.243130
-13.215413 -55.266865
-13.150980 -55.290524
-13.086530 -55.314106
-13.022062 -55.337612
-12.957578 -55.361042
-12.893077 -55.384396
-12.828560 -55.407673
-12.764027 -55.430874
-12.699477 -55.453999
-12.634912 -55.477047
-12.570330 -55.500019
-12.505732 -55.522915
-12.441117 -55.545734
-12.376487 -55.568478
-12.311840 -55.591145
-12.247178 -55.613735
-12.182501 -55.636250
-12.117808 -55.658688
-12.053101 -55.681049
-11.988378 -55.703335
-11.923639 -55.725544
-11.858886 -55.747677
-11.794117 -55.769733
-11.729333 -55.791714
-11.664534 -55.813618
-11.599720 -55.835445
-11.534892 -55.857197
-11.470050 -55.878872
-11.405193 -55.900471
-11.340322 -55.921993
-11.275437 -55.943439
-11.210538 -55.964809
-11.145624 -55.986103
-11.080696 -56.007320
-11.015754 -56.028461
-10.950798 -56.049526
-10.885829 -56.070515
-10.820847 -56.091427
-10.755851 -56.112263
-10.690842 -56.133022
-10.625819 -56.153706
-10.560783 -56.174313
-10.495734 -56.194843
-10.430672 -56.215298
-10.365596 -56.235676
-10.300508 -56.255978
-10.235407 -56.276203
-10.170294 -56.296352
-10.105168 -56.316425
-10.040030 -56.336422
-9.974880 -56.356342
-9.909718 -56.376186
-9.844543 -56.395954
-9.779355 -56.415646
-9.714155 -56.435261
-9.648944 -56.454800
-9.583721 -56.474262
-9.518487 -56.493649
-9.453241 -56.512959
-9.387984 -56.532192
-9.322716 -56.551350
-9.257436 -56.570431
-9.192144 -56.589436
-9.126842 -56.608364
-9.061527 -56.627216
-8.996202 -56.645992
-8.930867 -56.664692
-8.865521 -56.683315
-8.800165 -56.701862
-8.734798 -56.720333
-8.669421 -56.738728
-8.604033 -56.757046
-8.538635 -56.775288
-8.473227 -56.793453
-8.407807 -56.811543
-8.342378 -56.829556
-8.276938 -56.847492
-8.211490 -56.865353
-8.146031 -56.883137
-8.080564 -56.900845
-8.015086 -56.918476
-7.949599 -56.936031
-7.884103 -56.953510
-7.818597 -56.970913
-7.753083 -56.988239
-7.687559 -57.005489
-7.622026 -57.022663
-7.556485 -57.039761
-7.490934 -57.056782
-7.425375 -57.073727
-7.359808 -57.090595
-7.294232 -57.107388
-7.228647 -57.124104
-7.163054 -57.140743
-7.097453 -57.157307
-7.031843 -57.173794
-6.966226 -57.190205
-6.900600 -57.206539
-6.834966 -57.222797
-6.769325 -57.238979
-6.703676 -57.255085
-6.638019 -57.271114
-6.572355 -57.287067
-6.506683 -57.302944
-6.441004 -57.318745
-6.375318 -57.334469
-6.309624 -57.350117
-6.243924 -57.365688
-6.178216 -57.381184
-6.112502 -57.396603
-6.046781 -57.411945
-5.981053 -57.427212
-5.915318 -57.442402
-5.849577 -57.457516
-5.783830 -57.472553
-5.718077 -57.487514
-5.652317 -57.502399
-5.586551 -57.517208
-5.520779 -57.531940
-5.455001 -57.546597
-5.389217 -57.561176
-5.323427 -57.575680
-5.257632 -57.590107
-5.191831 -57.604458
-5.126024 -57.618732
-5.060212 -57.632931
-4.994394 -57.647053
-4.928572 -57.661098
-4.862744 -57.675068
-4.796911 -57.688961
-4.731073 -57.702778
-4.665230 -57.716518
-4.599383 -57.730183
-4.533531 -57.743771
-4.467674 -57.757282
-4.401812 -57.770718
-4.335946 -57.784077
-4.270076 -57.797359
-4.204201 -57.810566
-4.138322 -57.823696
-4.072439 -57.836750
-4.006552 -57.849728
-3.940661 -57.862629
-3.874767 -57.875454
-3.808868 -57.888203
-3.742966 -57.900875
-3.677061 -57.913471
-3.611152 -57.925991
-3.545239 -57.938435
-3.479323 -57.950802
-3.413404 -57.963093
-3.347482 -57.975307
-3.281557 -57.987446
-3.215628 -57.999508
-3.149697 -58.011494
-3.083763 -58.023403
-3.017827 -58.035236
-2.951888 -58.046993
-2.885946 -58.058674
-2.820002 -58.070278
-2.754055 -58.081806
-2.688106 -58.093258
-2.622155 -58.104633
-2.556202 -58.115932
-2.490247 -58.127155
-2.424291 -58.138302
-2.358332 -58.149372
-2.292372 -58.160366
-2.226409 -58.171284
-2.160446 -58.182125
-2.094481 -58.192890
-2.028514 -58.203579
-1.962546 -58.214191
-1.896577 -58.224728
-1.830607 -58.235188
-1.764635 -58.245571
-1.698663 -58.255878
-1.632690 -58.266109
-1.566716 -58.276264
-1.500742 -58.286343
-1.434767 -58.296345
-1.368791 -58.306271
-1.302815 -58.316120
-1.236838 -58.325893
-1.170861 -58.335590
-1.104885 -58.345211
-1.038907 -58.354755
-0.972930 -58.364223
-0.906953 -58.373615
-0.840976 -58.382931
-0.775000 -58.392170
-0.709023 -58.401333
-0.643048 -58.410419
-0.577072 -58.419430
-0.511097 -58.428364
-0.445123 -58.437222
-0.379150 -58.446003
-0.313177 -58.454708
-0.247205 -58.463337
-0.181235 -58.471889
-0.115265 -58.480366
-0.049297 -58.488766
0.016670 -58.497089
0.082636 -58.505337
0.148601 -58.513508
0.214563 -58.521603
0.280525 -58.529621
0.346484 -58.537563
0.412442 -58.545429
0.478398 -58.553219
0.544352 -58.560932
0.610304 -58.568569
0.676254 -58.576130
0.742202 -58.583614
0.808148 -58.591022
0.874091 -58.598354
0.940032 -58.605610
1.005970 -58.612789
1.071905 -58.619892
1.137838 -58.626919
1.203769 -58.633869
1.269696 -58.640743
1.335620 -58.647545
1.401542 -58.654274
1.467460 -58.660931
1.533375 -58.667515
1.599287 -58.674026
1.665196 -58.680466
1.731101 -58.686832
1.797002 -58.693127
1.862900 -58.699348
1.928795 -58.705498
1.994686 -58.711575
2.060572 -58.717579
2.126455 -58.723511
2.192334 -58.729370
2.258209 -58.735157
2.324080 -58.740871
2.389946 -58.746513
2.455808 -58.752083
2.521666 -58.757580
2.587520 -58.763004
2.653368 -58.768356
2.719213 -58.773636
2.785052 -58.778843
2.850887 -58.783978
2.916717 -58.789040
2.982542 -58.794029
3.048361 -58.798946
3.114176 -58.803791
3.179985 -58.808563
3.245789 -58.813263
3.311588 -58.817890
3.377381 -58.822445
3.443168 -58.826927
3.508950 -58.831337
3.574726 -58.835674
3.640496 -58.839939
3.706261 -58.844131
3.772019 -58.848251
3.837772 -58.852299
3.903518 -58.856274
3.969258 -58.860176
4.034992 -58.864006
4.100720 -58.867764
4.166441 -58.871449
4.232156 -58.875061
4.297864 -58.878601
4.363566 -58.882069
4.429261 -58.885464
4.494949 -58.888786
4.560630 -58.892036
4.626305 -58.895214
4.691972 -58.898319
4.757632 -58.901352
4.823285 -58.904312
4.888930 -58.907200
4.954569 -58.910015
5.020200 -58.912758
5.085823 -58.915428
5.151439 -58.918026
5.217047 -58.920551
5.282647 -58.923004
5.348240 -58.925385
5.413825 -58.927692
5.479401 -58.929928
5.544970 -58.932091
5.610530 -58.934181
5.676082 -58.936199
5.741626 -58.938145
5.807162 -58.940018
5.872689 -58.941818
5.938207 -58.943546
6.003717 -58.945202
6.069218 -58.946785
6.134711 -58.948296
6.200194 -58.949734
6.265669 -58.951099
6.331134 -58.952393
6.396591 -58.953613
6.462038 -58.954762
6.527476 -58.955837
6.592905 -58.956841
6.658324 -58.957771
6.723734 -58.958630
6.789134 -58.959415
6.854525 -58.960129
6.919906 -58.960770
6.985277 -58.961338
7.050639 -58.961834
7.115990 -58.962257
7.181332 -58.962608
7.246663 -58.962887
7.311985 -58.963093
7.377296 -58.963226
7.442597 -58.963287
7.507887 -58.963276
7.573167 -58.963192
7.638437 -58.963036
7.703696 -58.962807
7.768944 -58.962505
7.834182 -58.962132
7.899408 -58.961685
7.964624 -58.961166
8.029828 -58.960575
8.095021 -58.959911
8.160203 -58.959175
8.225373 -58.958366
8.290532 -58.957485
8.355680 -58.956532
8.420815 -58.955505
8.485940 -58.954407
8.551053 -58.953236
8.616155 -58.951992
8.681245 -58.950676
8.746324 -58.949287
8.811391 -58.947826
8.876446 -58.946293
8.941488 -58.944687
9.006518 -58.943008
9.071536 -58.941257
9.136541 -58.939434
9.201534 -58.937538
9.266515 -58.935570
9.331483 -58.933529
9.396439 -58.931416
9.461382 -58.929230
9.526313 -58.926971
9.591231 -58.924641
9.656137 -58.922237
9.721030 -58.919762
9.785910 -58.917213
9.850776 -58.914593
9.915628 -58.911900
9.980468 -58.909134
10.045294 -58.906296
10.110106 -58.903389
10.174906 -58.900414
10.239692 -58.897369
10.304464 -58.894257
10.369224 -58.891075
10.433969 -58.887825
10.498702 -58.884506
10.563420 -58.881119
10.628124 -58.877663
10.692814 -58.874138
10.757489 -58.870544
10.822150 -58.866882
10.886797 -58.863152
10.951429 -58.859352
11.016047 -58.855484
11.080651 -58.851547
11.145241 -58.847542
11.209816 -58.843468
11.274377 -58.839325
11.338923 -58.835114
11.403456 -58.830833
11.467973 -58.826485
11.532475 -58.822067
11.596961 -58.817581
11.661432 -58.813026
11.725888 -58.808403
11.790329 -58.803711
11.854754 -58.798950
11.919165 -58.794121
11.983560 -58.789223
12.047939 -58.784256
12.112304 -58.779221
12.176653 -58.774117
12.240987 -58.768944
12.305305 -58.763702
12.369606 -58.758392
12.433891 -58.753014
12.498160 -58.747566
12.562413 -58.742050
12.626650 -58.736465
12.690870 -58.730812
12.755075 -58.725090
12.819263 -58.719299
12.883434 -58.713440
12.947590 -58.707512
13.011729 -58.701515
13.075852 -58.695450
13.139959 -58.689316
13.204049 -58.683113
13.268122 -58.676842
13.332177 -58.670502
13.396215 -58.664093
13.460237 -58.657616
13.524240 -58.651070
13.588227 -58.644455
13.652197 -58.637772
13.716149 -58.631020
13.780085 -58.624199
13.844003 -58.617310
13.907904 -58.610352
13.971787 -58.603325
14.035654 -58.596230
14.099503 -58.589066
14.163333 -58.581833
14.227145 -58.574532
14.290939 -58.567162
14.354715 -58.559723
14.418473 -58.552216
14.482213 -58.544640
14.545935 -58.536995
14.609638 -58.529282
14.673324 -58.521500
14.736991 -58.513649
14.800640 -58.505730
14.864271 -58.497742
14.927884 -58.489685
14.991478 -58.481560
15.055053 -58.473366
15.118608 -58.465103
15.182145 -58.456772
15.245663 -58.448372
15.309161 -58.439903
15.372641 -58.431366
15.436101 -58.422760
15.499542 -58.414085
15.562964 -58.405342
15.626368 -58.396530
15.689752 -58.387650
15.753117 -58.378700
15.816463 -58.369682
15.879788 -58.360596
15.943094 -58.351440
16.006380 -58.342216
16.069647 -58.332924
16.132895 -58.323563
16.196123 -58.314133
16.259333 -58.304634
16.322521 -58.295067
16.385689 -58.285431
16.448835 -58.275726
16.511961 -58.265953
16.575066 -58.256111
16.638149 -58.246201
16.701212 -58.236221
16.764254 -58.226173
16.827274 -58.216057
16.890274 -58.205872
16.953253 -58.195621
17.016211 -58.185307
17.079147 -58.174927
17.142063 -58.164482
17.204958 -58.153973
17.267832 -58.143398
17.330685 -58.132759
17.393517 -58.122055
17.456327 -58.111286
17.519117 -58.100452
17.581886 -58.089554
17.644634 -58.078590
17.707361 -58.067562
17.770067 -58.056469
17.832752 -58.045311
17.895416 -58.034088
17.958059 -58.022800
18.020681 -58.011448
18.083282 -58.000031
18.145863 -57.988548
18.208420 -57.977001
18.270954 -57.965389
18.333466 -57.953712
18.395954 -57.941971
18.458420 -57.930164
18.520863 -57.918293
18.583282 -57.906357
18.645679 -57.894356
18.708054 -57.882290
18.770405 -57.870159
18.832733 -57.857964
18.895039 -57.845703
18.957321 -57.833378
19.019581 -57.820988
19.081818 -57.808533
19.144032 -57.796013
19.206223 -57.783428
19.268391 -57.770779
19.330536 -57.758064
19.392658 -57.745285
19.454758 -57.732441
19.516834 -57.719532
19.578888 -57.706558
19.640919 -57.693520
19.702927 -57.680416
19.764912 -57.667248
19.826874 -57.654015
19.888813 -57.640717
19.950729 -57.627354
20.012623 -57.613926
20.074493 -57.600433
20.136339 -57.586876
20.198160 -57.573254
20.259956 -57.559566
20.321728 -57.545815
20.383474 -57.531998
20.445196 -57.518116
20.506893 -57.504169
20.568565 -57.490158
20.630213 -57.476082
20.691835 -57.461941
20.753433 -57.447735
20.815006 -57.433464
20.876554 -57.419128
20.938078 -57.404728
20.999577 -57.390263
21.061050 -57.375732
21.122499 -57.361137
21.183924 -57.346478
21.245323 -57.331753
21.306698 -57.316963
21.368048 -57.302109
21.429373 -57.287189
21.490673 -57.272205
21.551949 -57.257156
21.613199 -57.242043
21.674425 -57.226864
21.735626 -57.211620
21.796803 -57.196312
21.857954 -57.180939
21.919081 -57.165501
21.980183 -57.149998
22.041258 -57.134430
22.102306 -57.118797
22.163328 -57.103100
22.224323 -57.087337
22.285292 -57.071510
22.346233 -57.055618
22.407148 -57.039661
22.468037 -57.023640
22.528898 -57.007553
22.589733 -56.991402
22.650541 -56.975185
22.711323 -56.958904
22.772078 -56.942558
22.832806 -56.926151
22.893507 -56.909683
22.954182 -56.893154
23.014830 -56.876564
23.075451 -56.859913
23.136045 -56.843201
23.196613 -56.826427
23.257154 -56.809593
23.317669 -56.792698
23.378157 -56.775742
23.438618 -56.758724
23.499052 -56.741646
23.559460 -56.724506
23.619841 -56.707306
23.680195 -56.690044
23.740522 -56.672722
23.800823 -56.655338
23.861097 -56.637894
23.921345 -56.620388
23.981565 -56.602821
24.041758 -56.585194
24.101921 -56.567505
24.162056 -56.549755
24.222162 -56.531944
24.282240 -56.514072
24.342289 -56.496140
24.402309 -56.478146
24.462301 -56.460091
24.522264 -56.441975
24.582199 -56.423798
24.642105 -56.405560
24.701982 -56.387260
24.761831 -56.368900
24.821651 -56.350479
24.881443 -56.331997
24.941206 -56.313454
25.000940 -56.294849
25.060646 -56.276184
25.120323 -56.257458
25.179972 -56.238670
25.239592 -56.219822
25.299183 -56.200912
25.358746 -56.181942
25.418280 -56.162910
25.477785 -56.143818
25.537262 -56.124664
25.596710 -56.105450
25.656130 -56.086174
25.715521 -56.066837
25.774883 -56.047440
25.834217 -56.027981
25.893522 -56.008461
25.952799 -55.988880
26.012047 -55.969238
26.071266 -55.949535
26.130455 -55.929771
26.189613 -55.909946
26.248741 -55.890060
26.307838 -55.870113
26.366905 -55.850105
26.425941 -55.830036
26.484947 -55.809906
26.543922 -55.789715
26.602867 -55.769463
26.661781 -55.749149
26.720665 -55.728775
26.779518 -55.708340
26.838341 -55.687843
26.897133 -55.667286
26.955894 -55.646667
27.014626 -55.625988
27.073326 -55.605247
27.131996 -55.584446
27.190636 -55.563583
27.249245 -55.542660
27.307823 -55.521675
27.366371 -55.500629
27.424889 -55.479523
27.483376 -55.458355
27.541832 -55.437126
27.600258 -55.415836
27.658653 -55.394485
27.717018 -55.373074
27.775352 -55.351601
27.833656 -55.330067
27.891930 -55.308472
27.950172 -55.286816
28.008385 -55.265099
28.066566 -55.243320
28.124718 -55.221485
28.182837 -55.199593
28.240923 -55.177643
28.298977 -55.155636
28.356998 -55.133572
28.414988 -55.111450
28.472944 -55.089272
28.530869 -55.067036
28.588760 -55.044743
28.646620 -55.022392
28.704447 -54.999985
28.762241 -54.977520
28.820004 -54.954998
28.877733 -54.932419
28.935431 -54.909782
28.993095 -54.887089
29.050728 -54.864338
29.108328 -54.841530
29.165895 -54.818665
29.223431 -54.795742
29.280933 -54.772762
29.338404 -54.749725
29.395842 -54.726631
29.453247 -54.703480
29.510620 -54.680271
29.567961 -54.657005
29.625269 -54.633682
29.682545 -54.610302
29.739788 -54.586864
29.796999 -54.563370
29.854177 -54.539818
29.911324 -54.516209
29.968437 -54.492542
30.025518 -54.468819
30.082567 -54.445038
30.139584 -54.421200
30.196568 -54.397305
30.253519 -54.373352
30.310438 -54.349342
30.367323 -54.325275
30.424173 -54.301151
30.480989 -54.276970
30.537771 -54.252731
30.594519 -54.228436
30.651232 -54.204082
30.707911 -54.179672
30.764555 -54.155205
30.821165 -54.130680
30.877741 -54.106098
30.934282 -54.081459
30.990789 -54.056763
31.047262 -54.032009
31.103701 -54.007198
31.160105 -53.982330
31.216475 -53.957405
31.272810 -53.932423
31.329111 -53.907383
31.385378 -53.882286
31.441610 -53.857132
31.497808 -53.831921
31.553972 -53.806652
31.610102 -53.781326
31.666197 -53.755943
31.722258 -53.730503
31.778284 -53.705006
31.834276 -53.679451
31.890234 -53.653839
31.946157 -53.628170
32.002045 -53.602444
32.057896 -53.576660
32.113712 -53.550819
32.169495 -53.524921
32.225243 -53.498966
32.280956 -53.472954
32.336636 -53.446884
32.392281 -53.420757
32.447891 -53.394573
32.503468 -53.368332
32.559010 -53.342033
32.614517 -53.315678
32.669991 -53.289265
32.725430 -53.262794
32.780834 -53.236267
32.836205 -53.209682
32.891541 -53.183041
32.946842 -53.156345
33.002110 -53.129597
33.057343 -53.102795
33.112541 -53.075939
33.167706 -53.049030
33.222836 -53.022068
33.277931 -52.995052
33.332993 -52.967983
33.388020 -52.940861
33.443012 -52.913685
33.497971 -52.886456
33.552895 -52.859173
33.607784 -52.831837
33.662640 -52.804447
33.717457 -52.777004
33.772236 -52.749508
33.826977 -52.721958
33.881680 -52.694355
33.936344 -52.666698
33.990971 -52.638988
34.045559 -52.611225
34.100109 -52.583408
34.154621 -52.555538
34.209095 -52.527615
34.263531 -52.499638
34.317928 -52.471607
34.372288 -52.443523
34.426609 -52.415386
34.480892 -52.387196
34.535137 -52.358952
34.589344 -52.330654
34.643513 -52.302303
34.697643 -52.273899
34.751736 -52.245441
34.805790 -52.216930
34.859806 -52.188366
34.913784 -52.159748
34.967724 -52.131077
35.021626 -52.102352
35.075489 -52.073574
35.129314 -52.044743
35.183102 -52.015858
35.236851 -51.986919
35.290562 -51.957928
35.344234 -51.928883
35.397869 -51.899784
35.451466 -51.870632
35.505024 -51.841427
35.558544 -51.812168
35.612026 -51.782856
35.665470 -51.753490
35.718876 -51.724072
35.772243 -51.694599
35.825573 -51.665073
35.878864 -51.635494
35.932117 -51.605862
35.985332 -51.576176
36.038509 -51.546436
36.091648 -51.516644
36.144749 -51.486797
36.197811 -51.456898
36.250835 -51.426945
36.303822 -51.396938
36.356770 -51.366879
36.409679 -51.336765
36.462551 -51.306599
36.515385 -51.276379
36.568180 -51.246105
36.620937 -51.215778
36.673656 -51.185398
36.726337 -51.154964
36.778980 -51.124477
36.831585 -51.093937
36.884151 -51.063343
36.936680 -51.032696
36.989170 -51.001995
37.041622 -50.971241
37.094036 -50.940434
37.146412 -50.909573
37.198750 -50.878658
37.251049 -50.847691
37.303310 -50.816669
37.355534 -50.785599
37.407719 -50.754478
37.459866 -50.723309
37.511974 -50.692089
37.564045 -50.660820
37.616077 -50.629501
37.668072 -50.598133
37.720028 -50.566715
37.771946 -50.535248
37.823826 -50.503731
37.875668 -50.472164
37.927471 -50.440548
37.979237 -50.408882
38.030964 -50.377167
38.082653 -50.345402
38.134304 -50.313587
38.185917 -50.281723
38.237492 -50.249809
38.289028 -50.217846
38.340523 -50.185833
38.391975 -50.153770
38.443386 -50.121658
38.494755 -50.089497
38.546082 -50.057285
38.597366 -50.025024
38.648609 -49.992714
38.699810 -49.960354
38.750969 -49.927944
38.802086 -49.895485
38.853161 -49.862976
38.904194 -49.830418
38.955185 -49.797810
39.006134 -49.765152
39.057041 -49.732445
39.107906 -49.699688
39.158730 -49.666882
39.209511 -49.634026
39.260250 -49.601120
39.310947 -49.568165
39.361603 -49.535160
39.412216 -49.502106
39.462788 -49.469002
39.513317 -49.435848
39.563805 -49.402645
39.614250 -49.369392
39.664654 -49.336090
39.715015 -49.302738
39.765335 -49.269337
39.815613 -49.235886
39.865849 -49.202385
39.916042 -49.168835
39.966194 -49.135235
40.016304 -49.101585
40.066372 -49.067886
40.116398 -49.034138
40.166382 -49.000340
40.216324 -48.966492
40.266224 -48.932594
40.316082 -48.898647
40.365898 -48.864651
40.415672 -48.830605
40.465405 -48.796509
40.515095 -48.762363
40.564743 -48.728168
40.614349 -48.693924
40.663914 -48.659630
40.713436 -48.625286
40.762917 -48.590893
40.812355 -48.556450
40.861752 -48.521957
40.911106 -48.487415
40.960419 -48.452824
41.009689 -48.418182
41.058918 -48.383492
41.108105 -48.348751
41.157249 -48.313961
41.206352 -48.279121
41.255413 -48.244232
41.304432 -48.209293
41.353409 -48.174305
41.402344 -48.139271
41.451237 -48.104191
41.500088 -48.069065
41.548897 -48.033894
41.597664 -47.998676
41.646389 -47.963413
41.695072 -47.928104
41.743713 -47.892750
41.792313 -47.857349
41.840870 -47.821903
41.889385 -47.786411
41.937859 -47.750874
41.986290 -47.715290
42.034679 -47.679661
42.083027 -47.643986
42.131332 -47.608265
42.179596 -47.572498
42.227818 -47.536686
42.275997 -47.500828
42.324135 -47.464924
42.372231 -47.428974
42.420284 -47.392979
42.468296 -47.356937
42.516266 -47.320850
42.564194 -47.284718
42.612080 -47.248539
42.659924 -47.212315
42.707726 -47.176044
42.755486 -47.139729
42.803204 -47.103367
42.850880 -47.066959
42.898514 -47.030506
42.946106 -46.994007
42.993656 -46.957462
43.041164 -46.920872
43.088631 -46.884235
43.136055 -46.847553
43.183434 -46.810825
43.230766 -46.774052
43.278053 -46.737232
43.325294 -46.700367
43.372490 -46.663456
43.419640 -46.626499
43.466743 -46.589497
43.513802 -46.552448
43.560814 -46.515354
43.607780 -46.478214
43.654701 -46.441029
43.701576 -46.403797
43.748405 -46.366520
43.795189 -46.329197
43.841927 -46.291828
43.888618 -46.254414
43.935265 -46.216953
43.981865 -46.179447
44.028419 -46.141895
44.074928 -46.104298
44.121391 -46.066654
44.167809 -46.028965
44.214180 -45.991230
44.260506 -45.953449
44.306786 -45.915623
44.353020 -45.877750
44.399208 -45.839832
44.445351 -45.801868
44.491447 -45.763859
44.537498 -45.725803
44.583504 -45.687702
44.629463 -45.649555
44.675377 -45.611362
44.721245 -45.573124
44.767067 -45.534840
44.812843 -45.496510
44.858574 -45.458134
44.904259 -45.419712
44.949898 -45.381245
44.995491 -45.342731
45.041039 -45.304173
45.086540 -45.265568
45.131996 -45.226921
45.177406 -45.188232
45.222771 -45.149502
45.268089 -45.110729
45.313362 -45.071915
45.358589 -45.033058
45.403770 -44.994160
45.448906 -44.955219
45.493996 -44.916237
45.539040 -44.877213
45.584038 -44.838146
45.628990 -44.799038
45.673897 -44.759888
45.718758 -44.720695
45.763573 -44.681461
45.808342 -44.642185
45.853065 -44.602867
45.897743 -44.563507
45.942375 -44.524105
45.986961 -44.484661
46.031502 -44.445175
46.075996 -44.405647
46.120445 -44.366077
46.164848 -44.326466
46.209206 -44.286812
46.253517 -44.247116
46.297783 -44.207378
46.342003 -44.167599
46.386177 -44.127777
46.430305 -44.087914
46.474388 -44.048008
46.518425 -44.008060
46.562416 -43.968071
46.606361 -43.928040
46.650261 -43.887966
46.694115 -43.847851
46.737923 -43.807693
46.781685 -43.767494
46.825401 -43.727253
46.869072 -43.686970
46.912697 -43.646645
46.956276 -43.606277
46.999809 -43.565868
47.043297 -43.525417
47.086739 -43.484924
47.130135 -43.444389
47.173485 -43.403812
47.216789 -43.363194
47.260048 -43.322533
47.303261 -43.281830
47.346428 -43.241085
47.389549 -43.200298
47.432625 -43.159470
47.475655 -43.118599
47.518639 -43.077686
47.561577 -43.036732
47.604469 -42.995735
47.647316 -42.954697
47.690117 -42.913616
47.732872 -42.872494
47.775581 -42.831329
47.818245 -42.790123
47.860863 -42.748875
47.903435 -42.707584
47.945961 -42.666252
47.988441 -42.624878
48.030876 -42.583462
48.073265 -42.542004
48.115608 -42.500504
48.157906 -42.458961
48.200157 -42.417377
48.242363 -42.375751
48.284519 -42.334084
48.326626 -42.292374
48.368683 -42.250622
48.410690 -42.208828
48.452648 -42.166992
48.494556 -42.125114
48.536415 -42.083199
48.578224 -42.041245
48.619984 -41.999252
48.661694 -41.957222
48.703354 -41.915154
48.744965 -41.873047
48.786526 -41.830902
48.828037 -41.788719
48.869499 -41.746498
48.910912 -41.704239
48.952274 -41.661942
48.993587 -41.619606
49.034851 -41.577232
49.076065 -41.534821
49.117229 -41.492371
49.158344 -41.449883
49.199409 -41.407356
49.240425 -41.364792
49.281391 -41.322189
49.322308 -41.279549
49.363174 -41.236870
49.403992 -41.194153
49.444759 -41.151398
49.485477 -41.108604
49.526146 -41.065773
49.566765 -41.022903
49.607334 -40.979996
49.647854 -40.937050
49.688324 -40.894066
49.728745 -40.851044
49.769115 -40.807983
49.809437 -40.764885
49.849709 -40.721748
49.889931 -40.678574
49.930103 -40.635361
49.970226 -40.592110
50.010300 -40.548820
50.050323 -40.505493
50.090298 -40.462128
50.130222 -40.418724
50.170097 -40.375282
50.209923 -40.331802
50.249699 -40.288284
50.289425 -40.244728
50.329102 -40.201134
50.368729 -40.157501
50.408306 -40.113831
50.447834 -40.070122
50.487312 -40.026375
50.526741 -39.982590
50.566120 -39.938766
50.605450 -39.894905
50.644730 -39.851006
50.683960 -39.807068
50.723141 -39.763092
50.762272 -39.719078
50.801353 -39.675026
50.840385 -39.630936
50.879368 -39.586807
50.918301 -39.542641
50.957184 -39.498436
50.996017 -39.454193
51.034801 -39.409912
51.073536 -39.365593
51.112221 -39.321236
51.150856 -39.276840
51.189442 -39.232407
51.227978 -39.187935
51.266464 -39.143425
51.304901 -39.098877
51.343288 -39.054291
51.381626 -39.009666
51.419914 -38.965004
51.458153 -38.920303
51.496342 -38.875565
51.534481 -38.830788
51.572571 -38.785973
51.610611 -38.741119
51.648602 -38.696232
51.686543 -38.651310
51.724434 -38.606354
51.762276 -38.561363
51.800068 -38.516338
51.837811 -38.471279
51.875504 -38.426186
51.913147 -38.381058
51.950741 -38.335896
51.988285 -38.290699
52.025780 -38.245468
52.063225 -38.200203
52.100620 -38.154903
52.137966 -38.109570
52.175262 -38.064201
52.212509 -38.018799
52.249706 -37.973362
52.286854 -37.927891
52.323952 -37.882385
52.361000 -37.836845
52.397999 -37.791271
52.434948 -37.745663
52.471848 -37.700020
52.508698 -37.654343
52.545498 -37.608631
52.582249 -37.562885
52.618950 -37.517105
52.655602 -37.471291
52.692204 -37.425442
52.728756 -37.379559
52.765259 -37.333641
52.801712 -37.287689
52.838116 -37.241703
52.874470 -37.195683
52.910774 -37.149628
52.947029 -37.103539
52.983234 -37.057415
53.019390 -37.011257
53.055496 -36.965065
53.091553 -36.918839
53.127560 -36.872578
53.163517 -36.826283
53.199425 -36.779953
53.235283 -36.733589
53.271091 -36.687191
53.306850 -36.640759
53.342560 -36.594292
53.378220 -36.547791
53.413830 -36.501255
53.449390 -36.454685
53.484898 -36.408081
53.520351 -36.361443
53.555752 -36.314770
53.591099 -36.268063
53.626392 -36.221321
53.661633 -36.174545
53.696819 -36.127735
53.731953 -36.080891
53.767033 -36.034012
53.802059 -35.987099
53.837032 -35.940151
53.871952 -35.893169
53.906818 -35.846153
53.941631 -35.799103
53.976391 -35.752018
54.011097 -35.704899
54.045750 -35.657745
54.080349 -35.610558
54.114895 -35.563335
54.149387 -35.516079
54.183826 -35.468788
54.218212 -35.421463
54.252544 -35.374104
54.286823 -35.326710
54.321049 -35.279282
54.355221 -35.231819
54.389339 -35.184326
54.423405 -35.136803
54.457417 -35.089249
54.491375 -35.041664
54.525280 -34.994049
54.559132 -34.946404
54.592930 -34.898727
54.626675 -34.851021
54.660366 -34.803284
54.694004 -34.755516
54.727589 -34.707718
54.761120 -34.659889
54.794598 -34.612030
54.828022 -34.564140
54.861393 -34.516220
54.894711 -34.468269
54.927975 -34.420288
54.961185 -34.372276
54.994343 -34.324234
55.027447 -34.276161
55.060497 -34.228058
55.093494 -34.179924
55.126438 -34.131760
55.159328 -34.083565
55.192165 -34.035339
55.224949 -33.987083
55.257679 -33.938797
55.290356 -33.890480
55.322979 -33.842133
55.355549 -33.793755
55.388065 -33.745346
55.420528 -33.696907
55.452938 -33.648438
55.485294 -33.599937
55.517597 -33.551407
55.549847 -33.502846
55.582043 -33.454254
55.614185 -33.405632
55.646275 -33.356979
55.678310 -33.308296
55.710293 -33.259583
55.742222 -33.210838
55.774097 -33.162064
55.805920 -33.113258
55.837688 -33.064423
55.869404 -33.015556
55.901066 -32.966660
55.932674 -32.917732
55.964230 -32.868774
55.995731 -32.819786
56.027180 -32.770767
56.058575 -32.721718
56.089916 -32.672638
56.121204 -32.623528
56.152439 -32.574387
56.183620 -32.525215
56.214748 -32.476013
56.245823 -32.426781
56.276844 -32.377518
56.307812 -32.328224
56.338726 -32.278900
56.369587 -32.229546
56.400394 -32.180161
56.431149 -32.130745
56.461849 -32.081299
56.492496 -32.031822
56.523090 -31.982317
56.553631 -31.932783
56.584118 -31.883221
56.614552 -31.833630
56.644932 -31.784010
56.675259 -31.734362
56.705532 -31.684685
56.735752 -31.634979
56.765919 -31.585245
56.796032 -31.535482
56.826092 -31.485691
56.856098 -31.435871
56.886051 -31.386023
56.915951 -31.336145
56.945797 -31.286240
56.975590 -31.236305
57.005329 -31.186342
57.035015 -31.136351
57.064648 -31.086330
57.094227 -31.036282
57.123753 -30.986204
57.153225 -30.936098
57.182644 -30.885963
57.212009 -30.835800
57.241322 -30.785608
57.270580 -30.735388
57.299786 -30.685139
57.328938 -30.634861
57.358036 -30.584555
57.387081 -30.534220
57.416073 -30.483858
57.445011 -30.433470
57.473896 -30.383055
57.502728 -30.332613
57.531506 -30.282145
57.560230 -30.231649
57.588902 -30.181128
57.617519 -30.130579
57.646084 -30.080004
57.674595 -30.029402
57.703053 -29.978773
57.731457 -29.928118
57.759808 -29.877436
57.788105 -29.826727
57.816349 -29.775991
57.844540 -29.725229
57.872677 -29.674440
57.900761 -29.623625
57.928791 -29.572783
57.956768 -29.521914
57.984692 -29.471018
58.012562 -29.420095
58.040379 -29.369146
58.068142 -29.318171
58.095852 -29.267168
58.123508 -29.216139
58.151112 -29.165083
58.178661 -29.114000
58.206158 -29.062891
58.233601 -29.011755
58.260990 -28.960592
58.288326 -28.909403
58.315609 -28.858187
58.342838 -28.806944
58.370014 -28.755674
58.397137 -28.704378
58.424206 -28.653055
58.451221 -28.601707
58.478184 -28.550335
58.505093 -28.498938
58.531948 -28.447515
58.558750 -28.396069
58.585499 -28.344597
58.612194 -28.293100
58.638836 -28.241579
58.665424 -28.190033
58.691956 -28.138462
58.718430 -28.086866
58.744846 -28.035246
58.771206 -27.983601
58.797508 -27.931931
58.823753 -27.880236
58.849941 -27.828516
58.876072 -27.776772
58.902145 -27.725002
58.928162 -27.673208
58.954121 -27.621389
58.980022 -27.569546
59.005867 -27.517677
59.031654 -27.465784
59.057384 -27.413866
59.083057 -27.361923
59.108673 -27.309956
59.134232 -27.257963
59.159733 -27.205946
59.185177 -27.153904
59.210564 -27.101837
59.235893 -27.049746
59.261166 -26.997629
59.286381 -26.945488
59.311539 -26.893322
59.336639 -26.841131
59.361683 -26.788916
59.386669 -26.736675
59.411598 -26.684410
59.436470 -26.632122
59.461285 -26.579811
59.486042 -26.527477
59.510742 -26.475121
59.535385 -26.422741
59.559971 -26.370338
59.584499 -26.317913
59.608971 -26.265465
59.633385 -26.212994
59.657742 -26.160500
59.682041 -26.107983
59.706284 -26.055443
59.730469 -26.002880
59.754597 -25.950294
59.778667 -25.897686
59.802681 -25.845055
59.826637 -25.792400
59.850536 -25.739723
59.874378 -25.687023
59.898163 -25.634300
59.921890 -25.581554
59.945560 -25.528786
59.969173 -25.475994
59.992729 -25.423180
60.016228 -25.370342
60.039669 -25.317482
60.063053 -25.264599
60.086380 -25.211693
60.109650 -25.158764
60.132862 -25.105812
60.156017 -25.052837
60.179115 -24.999840
60.202156 -24.946819
60.225140 -24.893776
60.248066 -24.840710
60.270935 -24.787621
60.293747 -24.734509
60.316502 -24.681374
60.339199 -24.628218
60.361839 -24.575041
60.384422 -24.521843
60.406948 -24.468624
60.429417 -24.415384
60.451828 -24.362123
60.474182 -24.308842
60.496479 -24.255539
60.518719 -24.202215
60.540901 -24.148870
60.563026 -24.095505
60.585094 -24.042118
60.607105 -23.988710
60.629059 -23.935282
60.650955 -23.881832
60.672794 -23.828362
60.694576 -23.774870
60.716301 -23.721357
60.737968 -23.667824
60.759579 -23.614269
60.781132 -23.560694
60.802628 -23.507097
60.824066 -23.453480
60.845448 -23.399841
60.866772 -23.346182
60.888039 -23.292501
60.909248 -23.238800
60.930401 -23.185078
60.951496 -23.131334
60.972534 -23.077570
60.993515 -23.023785
61.014439 -22.969978
61.035305 -22.916151
61.056114 -22.862303
61.076866 -22.808434
61.097561 -22.754543
61.118198 -22.700632
61.138779 -22.646702
61.159302 -22.592752
61.179768 -22.538784
61.200176 -22.484797
61.220528 -22.430790
61.240822 -22.376764
61.261059 -22.322720
61.281239 -22.268656
61.301361 -22.214573
61.321426 -22.160471
61.341434 -22.106350
61.361385 -22.052210
61.381279 -21.998051
61.401115 -21.943872
61.420895 -21.889675
61.440617 -21.835459
61.460281 -21.781223
61.479889 -21.726969
61.499439 -21.672695
61.518932 -21.618402
61.538368 -21.564091
61.557747 -21.509760
61.577068 -21.455410
61.596333 -21.401041
61.615540 -21.346653
61.634689 -21.292246
61.653782 -21.237820
61.672817 -21.183374
61.691795 -21.128910
61.710716 -21.074427
61.729580 -21.019924
61.748386 -20.965403
61.767136 -20.910862
61.785828 -20.856302
61.804462 -20.801723
61.823040 -20.747126
61.841560 -20.692509
61.860023 -20.637873
61.878429 -20.583220
61.896778 -20.528549
61.915070 -20.473862
61.933304 -20.419157
61.951481 -20.364435
61.969601 -20.309696
61.987663 -20.254940
62.005669 -20.200167
62.023617 -20.145376
62.041508 -20.090569
62.059341 -20.035744
62.077118 -19.980902
62.094837 -19.926043
62.112499 -19.871166
62.130104 -19.816273
62.147652 -19.761362
62.165142 -19.706434
62.182575 -19.651489
62.199951 -19.596527
62.217270 -19.541548
62.234531 -19.486551
62.251736 -19.431538
62.268883 -19.376507
62.285973 -19.321459
62.303005 -19.266394
62.319981 -19.211311
62.336899 -19.156212
62.353760 -19.101095
62.370564 -19.045961
62.387310 -18.990810
62.403999 -18.935642
62.420631 -18.880457
62.437206 -18.825254
62.453724 -18.770035
62.470184 -18.714798
62.486588 -18.659544
62.502934 -18.604273
62.519222 -18.548986
62.535454 -18.493685
62.551628 -18.438368
62.567745 -18.383036
62.583805 -18.327688
62.599808 -18.272326
62.615753 -18.216948
62.631641 -18.161554
62.647472 -18.106146
62.663246 -18.050722
62.678963 -17.995283
62.694622 -17.939829
62.710224 -17.884359
62.725769 -17.828875
62.741257 -17.773375
62.756687 -17.717859
62.772060 -17.662329
62.787376 -17.606783
62.802635 -17.551222
62.817837 -17.495646
62.832981 -17.440054
62.848068 -17.384447
62.863098 -17.328825
62.878071 -17.273188
62.892986 -17.217535
62.907845 -17.161867
62.922646 -17.106184
62.937389 -17.050486
62.952076 -16.994772
62.966705 -16.939043
62.981277 -16.883299
62.995792 -16.827539
63.010250 -16.771765
63.024651 -16.715975
63.038994 -16.660170
63.053280 -16.604349
63.067509 -16.548513
63.081680 -16.492664
63.095795 -16.436802
63.109852 -16.380926
63.123852 -16.325037
63.137794 -16.269135
63.151680 -16.213219
63.165508 -16.157290
63.179279 -16.101347
63.192993 -16.045391
63.206650 -15.989422
63.220249 -15.933439
63.233791 -15.877443
63.247276 -15.821434
63.260704 -15.765411
63.274075 -15.709375
63.287388 -15.653326
63.300644 -15.597263
63.313843 -15.541187
63.326984 -15.485098
63.340069 -15.428995
63.353092 -15.372879
63.366055 -15.316750
63.378956 -15.260607
63.391796 -15.204451
63.404575 -15.148281
63.417294 -15.092098
63.429951 -15.035902
63.442547 -14.979693
63.455082 -14.923472
63.467556 -14.867239
63.479969 -14.810993
63.492321 -14.754735
63.504612 -14.698464
63.516842 -14.642181
63.529011 -14.585886
63.541119 -14.529578
63.553165 -14.473258
63.565151 -14.416925
63.577076 -14.360580
63.588940 -14.304223
63.600742 -14.247853
63.612484 -14.191471
63.624165 -14.135077
63.635784 -14.078670
63.647343 -14.022250
63.658840 -13.965819
63.670277 -13.909377
63.681652 -13.852923
63.692966 -13.796458
63.704220 -13.739982
63.715412 -13.683494
63.726543 -13.626994
63.737614 -13.570483
63.748623 -13.513961
63.759571 -13.457427
63.770458 -13.400882
63.781284 -13.344325
63.792049 -13.287757
63.802753 -13.231177
63.813396 -13.174586
63.823978 -13.117984
63.834499 -13.061370
63.844959 -13.004745
63.855358 -12.948108
63.865696 -12.891460
63.875973 -12.834803
63.886189 -12.778134
63.896343 -12.721456
63.906437 -12.664766
63.916470 -12.608067
63.926441 -12.551356
63.936352 -12.494636
63.946201 -12.437904
63.955990 -12.381163
63.965717 -12.324410
63.975384 -12.267648
63.984989 -12.210875
63.994534 -12.154091
64.004021 -12.097297
64.013451 -12.040492
64.022820 -11.983677
64.032127 -11.926851
64.041374 -11.870016
64.050560 -11.813171
64.059685 -11.756317
64.068748 -11.699453
64.077751 -11.642580
64.086693 -11.585697
64.095573 -11.528805
64.104393 -11.471903
64.113152 -11.414991
64.121849 -11.358070
64.130486 -11.301140
64.139061 -11.244200
64.147575 -11.187250
64.156029 -11.130291
64.164421 -11.073322
64.172752 -11.016344
64.181023 -10.959356
64.189232 -10.902359
64.197380 -10.845353
64.205467 -10.788339
64.213493 -10.731316
64.221458 -10.674284
64.229362 -10.617244
64.237206 -10.560195
64.244987 -10.503138
64.252708 -10.446072
64.260368 -10.388997
64.267967 -10.331914
64.275505 -10.274822
64.282982 -10.217722
64.290398 -10.160613
64.297752 -10.103496
64.305046 -10.046370
64.312279 -9.989235
64.319450 -9.932092
64.326561 -9.874940
64.333611 -9.817780
64.340599 -9.760613
64.347527 -9.703439
64.354393 -9.646256
64.361198 -9.589067
64.367943 -9.531869
64.374626 -9.474664
64.381248 -9.417451
64.387810 -9.360230
64.394310 -9.303002
64.400749 -9.245767
64.407127 -9.188523
64.413445 -9.131272
64.419701 -9.074014
64.425896 -9.016747
64.432030 -8.959474
64.438103 -8.902192
64.444115 -8.844903
64.450066 -8.787607
64.455956 -8.730305
64.461784 -8.672996
64.467552 -8.615680
64.473259 -8.558357
64.478905 -8.501028
64.484489 -8.443692
64.490013 -8.386350
64.495476 -8.329000
64.500877 -8.271645
64.506218 -8.214282
64.511497 -8.156913
64.516716 -8.099537
64.521873 -8.042154
64.526970 -7.984766
64.532005 -7.927371
64.536980 -7.869969
64.541893 -7.812562
64.546745 -7.755148
64.551537 -7.697729
64.556267 -7.640303
64.560936 -7.582870
64.565544 -7.525433
64.570091 -7.467989
64.574577 -7.410540
64.579002 -7.353085
64.583366 -7.295624
64.587669 -7.238157
64.591911 -7.180685
64.596092 -7.123207
64.600212 -7.065723
64.604271 -7.008235
64.608269 -6.950740
64.612206 -6.893241
64.616081 -6.835736
64.619896 -6.778226
64.623650 -6.720711
64.627342 -6.663191
64.630974 -6.605665
64.634544 -6.548134
64.638054 -6.490599
64.641502 -6.433058
64.644890 -6.375513
64.648216 -6.317963
64.651482 -6.260408
64.654686 -6.202849
64.657829 -6.145285
64.660912 -6.087716
64.663933 -6.030142
64.666893 -5.972564
64.669792 -5.914981
64.672630 -5.857395
64.675407 -5.799804
64.678123 -5.742208
64.680779 -5.684609
64.683372 -5.627005
64.685905 -5.569397
64.688377 -5.511785
64.690788 -5.454168
64.693138 -5.396548
64.695427 -5.338924
64.697655 -5.281297
64.699821 -5.223665
64.701927 -5.166030
64.703972 -5.108391
64.705956 -5.050748
64.707878 -4.993101
64.709740 -4.935451
64.711540 -4.877798
64.713280 -4.820141
64.714958 -4.762481
64.716576 -4.704817
64.718132 -4.647151
64.719627 -4.589480
64.721062 -4.531807
64.722435 -4.474130
64.723747 -4.416451
64.724998 -4.358768
64.726189 -4.301083
64.727318 -4.243394
64.728386 -4.185703
64.729393 -4.128009
64.730339 -4.070312
64.731224 -4.012613
64.732048 -3.954911
64.732811 -3.897206
64.733513 -3.839498
64.734154 -3.781788
64.734734 -3.724076
64.735252 -3.666361
64.735710 -3.608644
64.736107 -3.550925
64.736443 -3.493203
64.736717 -3.435480
64.736931 -3.377754
64.737083 -3.320026
64.737175 -3.262297
64.737206 -3.204565
64.737175 -3.146832
64.737083 -3.089096
64.736931 -3.031359
64.736717 -2.973620
64.736443 -2.915880
64.736107 -2.858138
64.735710 -2.800394
64.735252 -2.742649
64.734734 -2.684903
64.734154 -2.627155
64.733513 -2.569406
64.732811 -2.511655
64.732048 -2.453903
64.731224 -2.396151
64.730339 -2.338397
64.729393 -2.280642
64.728386 -2.222886
64.727318 -2.165129
64.726189 -2.107371
64.724998 -2.049612
64.723747 -1.991852
64.722435 -1.934092
64.721062 -1.876331
64.719627 -1.818569
64.718132 -1.760807
64.716576 -1.703044
64.714958 -1.645281
64.713280 -1.587517
64.711540 -1.529754
64.709740 -1.471989
64.707878 -1.414225
64.705956 -1.356460
64.703972 -1.298696
64.701927 -1.240931
64.699821 -1.183166
64.697655 -1.125401
64.695427 -1.067636
64.693138 -1.009871
64.690788 -0.952107
64.688377 -0.894343
64.685905 -0.836579
64.683372 -0.778815
64.680779 -0.721052
64.678123 -0.663289
64.675407 -0.605527
64.672630 -0.547766
64.669792 -0.490005
64.666893 -0.432245
64.663933 -0.374485
64.660912 -0.316726
64.657829 -0.258969
64.654686 -0.201212
64.651482 -0.143456
64.648216 -0.085701
64.644890 -0.027947
64.641502 0.029806
64.638054 0.087557
64.634544 0.145308
64.630974 0.203057
64.627342 0.260804
64.623650 0.318551
64.619896 0.376295
64.616081 0.434039
64.612206 0.491780
64.608269 0.549520
64.604271 0.607259
64.600212 0.664996
64.596092 0.722730
64.591911 0.780464
64.587669 0.838195
64.583366 0.895924
64.579002 0.953651
64.574577 1.011376
64.570091 1.069099
64.565544 1.126820
64.560936 1.184539
64.556267 1.242255
64.551537 1.299969
64.546745 1.357681
64.541893 1.415390
64.536980 1.473096
64.532005 1.530800
64.526970 1.588502
64.521873 1.646200
64.516716 1.703896
64.511497 1.761590
64.506218 1.819280
64.500877 1.876968
64.495476 1.934652
64.490013 1.992334
64.484489 2.050012
64.478905 2.107687
64.473259 2.165360
64.467552 2.223029
64.461784 2.280694
64.455956 2.338356
64.450066 2.396015
64.444115 2.453671
64.438103 2.511323
64.432030 2.568971
64.425896 2.626616
64.419701 2.684258
64.413445 2.741895
64.407127 2.799529
64.400749 2.857158
64.394310 2.914784
64.387810 2.972406
64.381248 3.030024
64.374626 3.087638
64.367943 3.145248
64.361198 3.202853
64.354393 3.260455
64.347527 3.318052
64.340599 3.375644
64.333611 3.433233
64.326561 3.490816
64.319450 3.548396
64.312279 3.605970
64.305046 3.663541
64.297752 3.721106
64.290398 3.778667
64.282982 3.836223
64.275505 3.893774
64.267967 3.951320
64.260368 4.008861
64.252708 4.066397
64.244987 4.123928
64.237206 4.181454
64.229362 4.238974
64.221458 4.296489
64.213493 4.353999
64.205467 4.411504
64.197380 4.469003
64.189232 4.526497
64.181023 4.583986
64.172752 4.641469
64.164421 4.698946
64.156029 4.756417
64.147575 4.813882
64.139061 4.871342
64.130486 4.928796
64.121849 4.986245
64.113152 5.043687
64.104393 5.101123
64.095573 5.158553
64.086693 5.215976
64.077751 5.273394
64.068748 5.330805
64.059685 5.388210
64.050560 5.445609
64.041374 5.503001
64.032127 5.560387
64.022820 5.617766
64.013451 5.675139
64.004021 5.732505
63.994530 5.789864
63.984978 5.847217
63.975365 5.904562
63.965691 5.961902
63.955956 6.019234
63.946159 6.076559
63.936302 6.133876
63.926384 6.191187
63.916405 6.248490
63.906364 6.305787
63.896263 6.363076
63.886101 6.420358
63.875877 6.477633
63.865593 6.534900
63.855247 6.592159
63.844841 6.649411
63.834373 6.706656
63.823845 6.763892
63.813255 6.821121
63.802605 6.878343
63.791893 6.935556
63.781120 6.992762
63.770287 7.049960
63.759392 7.107149
63.748436 7.164330
63.737419 7.221504
63.726341 7.278669
63.715202 7.335826
63.704002 7.392975
63.692741 7.450115
63.681419 7.507247
63.670036 7.564370
63.658592 7.621485
63.647087 7.678591
63.635521 7.735688
63.623894 7.792777
63.612206 7.849857
63.600456 7.906929
63.588646 7.963992
63.576775 8.021046
63.564842 8.078091
63.552849 8.135127
63.540794 8.192154
63.528679 8.249171
63.516502 8.306179
63.504265 8.363177
63.491966 8.420166
63.479607 8.477145
63.467186 8.534115
63.454704 8.591075
63.442162 8.648026
63.429558 8.704967
63.416893 8.761898
63.404167 8.818820
63.391380 8.875732
63.378532 8.932635
63.365623 8.989529
63.352654 9.046412
63.339622 9.103286
63.326530 9.160149
63.313377 9.217001
63.300163 9.273843
63.286888 9.330674
63.273552 9.387495
63.260155 9.444305
63.246696 9.501105
63.233177 9.557895
63.219597 9.614674
63.205956 9.671442
63.192253 9.728200
63.178490 9.784947
63.164665 9.841684
63.150780 9.898411
63.136833 9.955127
63.122826 10.011832
63.108757 10.068526
63.094627 10.125209
63.080437 10.181880
63.066185 10.238540
63.051872 10.295188
63.037498 10.351825
63.023064 10.408450
63.008568 10.465064
62.994011 10.521667
62.979393 10.578258
62.964714 10.634837
62.949974 10.691405
62.935173 10.747962
62.920311 10.804507
62.905388 10.861041
62.890404 10.917563
62.875359 10.974073
62.860252 11.030571
62.845085 11.087056
62.829857 11.143529
62.814568 11.199989
62.799217 11.256437
62.783806 11.312873
62.768333 11.369296
62.752800 11.425707
62.737206 11.482105
62.721550 11.538491
62.705833 11.594865
62.690056 11.651226
62.674217 11.707575
62.658318 11.763911
62.642357 11.820235
62.626335 11.876547
62.610252 11.932845
62.594109 11.989130
62.577904 12.045402
62.561638 12.101660
62.545311 12.157905
62.528923 12.214136
62.512474 12.270354
62.495964 12.326559
62.479393 12.382751
62.462761 12.438929
62.446068 12.495093
62.429314 12.551245
62.412498 12.607383
62.395622 12.663507
62.378685 12.719619
62.361687 12.775717
62.344627 12.831800
62.327507 12.887870
62.310326 12.943925
62.293083 12.999966
62.275780 13.055992
62.258415 13.112004
62.240990 13.168002
62.223503 13.223986
62.205956 13.279955
62.188347 13.335910
62.170677 13.391850
62.152946 13.447777
62.135155 13.503689
62.117302 13.559587
62.099388 13.615470
62.081413 13.671339
62.063377 13.727193
62.045280 13.783031
62.027122 13.838855
62.008904 13.894663
61.990623 13.950456
61.972282 14.006233
61.953880 14.061996
61.935417 14.117743
61.916893 14.173474
61.898308 14.229191
61.879662 14.284892
61.860954 14.340578
61.842186 14.396249
61.823357 14.451904
61.804466 14.507545
61.785515 14.563169
61.766502 14.618778
61.747429 14.674371
61.728294 14.729947
61.709099 14.785507
61.689842 14.841051
61.670525 14.896579
61.651146 14.952090
61.631706 15.007586
61.612206 15.063065
61.592644 15.118527
61.573021 15.173974
61.553337 15.229404
61.533592 15.284819
61.513786 15.340217
61.493919 15.395598
61.473991 15.450964
61.454002 15.506312
61.433952 15.561644
61.413841 15.616958
61.393669 15.672255
61.373436 15.727534
61.353142 15.782797
61.332787 15.838042
61.312370 15.893270
61.291893 15.948482
61.271355 16.003675
61.250755 16.058851
61.230095 16.114010
61.209373 16.169151
61.188591 16.224276
61.167747 16.279383
61.146843 16.334473
61.125877 16.389545
61.104851 16.444601
61.083763 16.499640
61.062614 16.554661
61.041405 16.609665
61.020134 16.664652
60.998802 16.719622
60.977409 16.774574
60.955956 16.829508
60.934441 16.884422
60.912865 16.939318
60.891228 16.994194
60.869530 17.049051
60.847771 17.103889
60.825951 17.158709
60.804070 17.213509
60.782127 17.268290
60.760124 17.323051
60.738060 17.377794
60.715935 17.432518
60.693748 17.487223
60.671501 17.541908
60.649193 17.596575
60.626823 17.651222
60.604393 17.705851
60.581902 17.760460
60.559349 17.815050
60.536736 17.869621
60.514061 17.924173
60.491325 17.978706
60.468529 18.033220
60.445671 18.087715
60.422752 18.142191
60.399773 18.196648
60.376732 18.251085
60.353630 18.305504
60.330467 18.359903
60.307243 18.414284
60.283958 18.468645
60.260612 18.522987
60.237206 18.577309
60.213737 18.631609
60.190208 18.685888
60.166618 18.740147
60.142967 18.794384
60.119255 18.848600
60.095482 18.902796
60.071648 18.956970
60.047752 19.011124
60.023796 19.065256
59.999779 19.119368
59.975700 19.173458
59.951561 19.227528
59.927361 19.281576
59.903099 19.335604
59.878777 19.389610
59.854393 19.443596
59.829948 19.497561
59.805443 19.551504
59.780876 19.605427
59.756248 19.659328
59.731560 19.713209
59.706810 19.767069
59.681999 19.820908
59.657127 19.874725
59.632195 19.928522
59.607201 19.982298
59.582146 20.036053
59.557030 20.089787
59.531853 20.143499
59.506615 20.197191
59.481316 20.250860
59.455956 20.304506
59.430534 20.358130
59.405052 20.411730
59.379509 20.465307
59.353905 20.518862
59.328239 20.572393
59.302513 20.625902
59.276726 20.679388
59.250877 20.732851
59.224968 20.786291
59.198997 20.839708
59.172966 20.893103
59.146873 20.946474
59.120720 20.999823
59.094505 21.053148
59.068230 21.106451
59.041893 21.159731
59.015495 21.212988
58.989037 21.266222
58.962517 21.319433
58.935936 21.372622
58.909294 21.425787
58.882591 21.478930
58.855827 21.532049
58.829002 21.585146
58.802116 21.638220
58.775169 21.691271
58.748161 21.744299
58.721092 21.797304
58.693962 21.850286
58.666771 21.903244
58.639519 21.956177
58.612206 22.009085
58.584831 22.061968
58.557396 22.114826
58.529900 22.167660
58.502342 22.220469
58.474724 22.273252
58.447044 22.326012
58.419304 22.378746
58.391502 22.431456
58.363640 22.484140
58.335716 22.536800
58.307732 22.589436
58.279686 22.642046
58.251579 22.694632
58.223412 22.747192
58.195183 22.799728
58.166893 22.852240
58.138542 22.904726
58.110130 22.957188
58.081657 23.009624
58.053123 23.062037
58.024529 23.114424
57.995872 23.166786
57.967155 23.219124
57.938377 23.271437
57.909538 23.323725
57.880638 23.375988
57.851677 23.428226
57.822655 23.480438
57.793571 23.532623
57.764427 23.584782
57.735222 23.636913
57.705956 23.689018
57.676628 23.741096
57.647240 23.793148
57.617790 23.845173
57.588280 23.897171
57.558708 23.949142
57.529076 24.001087
57.499382 24.053005
57.469627 24.104897
57.439812 24.156761
57.409935 24.208599
57.379997 24.260410
57.349998 24.312195
57.319939 24.363953
57.289818 24.415684
57.259636 24.467388
57.229393 24.519066
57.199089 24.570717
57.168724 24.622341
57.138298 24.673939
57.107811 24.725510
57.077263 24.777054
57.046654 24.828571
57.015984 24.880062
56.985252 24.931526
56.954460 24.982964
56.923607 25.034372
56.892693 25.085752
56.861717 25.137104
56.830681 25.188427
56.799583 25.239721
56.768425 25.290987
56.737206 25.342224
56.705925 25.393433
56.674583 25.444613
56.643181 25.495764
56.611717 25.546886
56.580193 25.597980
56.548607 25.649046
56.516960 25.700083
56.485252 25.751091
56.453484 25.802071
56.421654 25.853022
56.389763 25.903944
56.357811 25.954838
56.325798 26.005703
56.293724 26.056540
56.261589 26.107347
56.229393 26.158127
56.197136 26.208878
56.164818 26.259600
56.132439 26.310293
56.099998 26.360958
56.067497 26.411594
56.034935 26.462202
56.002312 26.512781
55.969627 26.563330
55.936882 26.613848
55.904076 26.664335
55.871208 26.714792
55.838280 26.765219
55.805290 26.815615
55.772240 26.865980
55.739128 26.916315
55.705956 26.966619
55.672722 27.016893
55.639427 27.067137
55.606071 27.117350
55.572655 27.167532
55.539177 27.217684
55.505638 27.267805
55.472038 27.317896
55.438377 27.367956
55.404655 27.417986
55.370872 27.467985
55.337029 27.517954
55.303123 27.567892
55.269157 27.617800
55.235130 27.667677
55.201042 27.717524
55.166893 27.767340
55.132683 27.817125
55.098412 27.866880
55.064079 27.916605
55.029686 27.966299
54.995232 28.015961
54.960716 28.065590
54.926140 28.115187
54.891502 28.164751
54.856804 28.214283
54.822044 28.263783
54.787224 28.313250
54.752342 28.362684
54.717400 28.412086
54.682396 28.461456
54.647331 28.510794
54.612209 28.560099
54.577030 28.609371
54.541794 28.658611
54.506500 28.707819
54.471149 28.756994
54.435741 28.806137
54.400276 28.855247
54.364754 28.904325
54.329174 28.953371
54.293537 29.002384
54.257843 29.051365
54.222092 29.100313
54.186283 29.149229
54.150417 29.198112
54.114494 29.246964
54.078514 29.295782
54.042477 29.344568
54.006382 29.393322
53.970230 29.442041
53.934021 29.490726
53.897755 29.539377
53.861431 29.587994
53.825050 29.636576
53.788612 29.685123
53.752117 29.733637
53.715565 29.782116
53.678955 29.830561
53.642288 29.878971
53.605564 29.927347
53.568783 29.975689
53.531944 30.023996
53.495049 30.072269
53.458096 30.120508
53.421085 30.168713
53.384018 30.216883
53.346893 30.265018
53.309711 30.313120
53.272472 30.361187
53.235176 30.409220
53.197823 30.457218
53.160412 30.505182
53.122944 30.553112
53.085419 30.601007
53.047836 30.648869
53.010197 30.696695
52.972500 30.744488
52.934746 30.792246
52.896935 30.839968
52.859066 30.887653
52.821140 30.935303
52.783157 30.982916
52.745117 31.030493
52.707020 31.078033
52.668865 31.125538
52.630653 31.173006
52.592384 31.220438
52.554058 31.267834
52.515675 31.315193
52.477234 31.362516
52.438736 31.409803
52.400181 31.457054
52.361568 31.504269
52.322899 31.551447
52.284172 31.598589
52.245388 31.645695
52.206547 31.692764
52.167648 31.739798
52.128693 31.786795
52.089680 31.833755
52.050610 31.880680
52.011482 31.927568
51.972298 31.974421
51.933056 32.021236
51.893757 32.068016
51.854401 32.114758
51.814987 32.161461
51.775517 32.208126
51.735989 32.254753
51.696404 32.301342
51.656761 32.347893
51.617062 32.394405
51.577305 32.440880
51.537491 32.487316
51.497620 32.533714
51.457691 32.580074
51.417706 32.626396
51.377663 32.672680
51.337563 32.718925
51.297405 32.765133
51.257191 32.811302
51.216919 32.857433
51.176590 32.903526
51.136204 32.949581
51.095760 32.995598
51.055260 33.041576
51.014702 33.087517
50.974087 33.133419
50.933414 33.179283
50.892685 33.225109
50.851898 33.270897
50.811054 33.316647
50.770153 33.362358
50.729195 33.408031
50.688179 33.453667
50.647106 33.499264
50.605976 33.544823
50.564789 33.590343
50.523544 33.635826
50.482243 33.681271
50.440884 33.726677
50.399467 33.772045
50.357994 33.817375
50.316463 33.862667
50.274876 33.907921
50.233231 33.953136
50.191528 33.998314
50.149769 34.043453
50.107952 34.088554
50.066078 34.133614
50.024147 34.178631
49.982159 34.223606
49.940113 34.268539
49.898010 34.313431
49.855850 34.358280
49.813633 34.403088
49.771358 34.447853
49.729027 34.492577
49.686638 34.537258
49.644192 34.581898
49.601688 34.626495
49.559128 34.671051
49.516510 34.715565
49.473835 34.760036
49.431103 34.804466
49.388313 34.848854
49.345467 34.893200
49.302563 34.937504
49.259602 34.981766
49.216583 35.025986
49.173508 35.070164
49.130375 35.114300
49.087185 35.158394
49.043938 35.202446
49.000633 35.246456
48.957272 35.290424
48.913853 35.334351
48.870377 35.378235
48.826843 35.422077
48.783253 35.465878
48.739605 35.509636
48.695900 35.553352
48.652138 35.597027
48.608318 35.640659
48.564442 35.684250
48.520508 35.727798
48.476517 35.771305
48.432468 35.814770
48.388363 35.858192
48.344200 35.901573
48.299980 35.944912
48.255703 35.988209
48.211369 36.031464
48.166977 36.074677
48.122528 36.117847
48.078022 36.160976
48.033459 36.204063
47.988838 36.247108
47.944160 36.290112
47.899426 36.333073
47.854633 36.375992
47.809784 36.418869
47.764877 36.461704
47.719913 36.504498
47.674892 36.547245
47.629814 36.589947
47.584679 36.632603
47.539486 36.675213
47.494240 36.717777
47.448940 36.760296
47.403587 36.802769
47.358181 36.845196
47.312721 36.887577
47.267208 36.929913
47.221642 36.972202
47.176022 37.014446
47.130348 37.056644
47.084621 37.098797
47.038841 37.140903
46.993008 37.182964
46.947121 37.224979
46.901180 37.266949
46.855186 37.308872
46.809139 37.350750
46.763039 37.392582
46.716885 37.434368
46.670677 37.476109
46.624416 37.517803
46.578102 37.559452
46.531734 37.601055
46.485313 37.642612
46.438839 37.684124
46.392311 37.725590
46.345730 37.767010
46.299095 37.808384
46.252407 37.849712
46.205666 37.890995
46.158871 37.932232
46.112022 37.973423
46.065121 38.014568
46.018166 38.055668
45.971157 38.096722
45.924095 38.137730
45.876980 38.178692
45.829811 38.219608
45.782589 38.260479
45.735313 38.301304
45.687984 38.342083
45.640602 38.382816
45.593166 38.423504
45.545677 38.464146
45.498135 38.504742
45.450539 38.545292
45.402889 38.585796
45.355186 38.626255
45.307430 38.666668
45.259621 38.707035
45.211758 38.747356
45.163841 38.787628
45.115871 38.827850
45.067848 38.868023
45.019772 38.908146
44.971642 38.948219
44.923458 38.988243
44.875221 39.028217
44.826931 39.068142
44.778587 39.108017
44.730190 39.147842
44.681740 39.187618
44.633236 39.227345
44.584679 39.267021
44.536068 39.306648
44.487404 39.346226
44.438686 39.385754
44.389915 39.425232
44.341091 39.464661
44.292213 39.504040
44.243282 39.543369
44.194298 39.582649
44.145260 39.621880
44.096169 39.661060
44.047024 39.700191
43.997826 39.739273
43.948574 39.778305
43.899269 39.817287
43.849911 39.856220
43.800499 39.895103
43.751034 39.933937
43.701515 39.972721
43.651943 40.011456
43.602318 40.050140
43.552639 40.088776
43.502907 40.127361
43.453121 40.165897
43.403282 40.204384
43.353390 40.242821
43.303444 40.281208
43.253445 40.319546
43.203392 40.357834
43.153286 40.396072
43.103127 40.434261
43.052914 40.472401
43.002647 40.510490
42.952328 40.548531
42.901955 40.586521
42.851528 40.624462
42.801048 40.662354
42.750515 40.700195
42.699928 40.737988
42.649288 40.775730
42.598595 40.813423
42.547848 40.851063
42.497047 40.888649
42.446194 40.926182
42.395287 40.963661
42.344326 41.001087
42.293312 41.038460
42.242245 41.075779
42.191124 41.113045
42.139950 41.150257
42.088722 41.187416
42.037441 41.224522
41.986107 41.261574
41.934719 41.298573
41.883278 41.335518
41.831787 41.372410
41.780247 41.409248
41.728657 41.446033
41.677017 41.482765
41.625328 41.519444
41.573589 41.556068
41.521801 41.592640
41.469963 41.629158
41.418076 41.665623
41.366138 41.702034
41.314152 41.738392
41.262115 41.774696
41.210030 41.810947
41.157894 41.847145
41.105709 41.883289
41.053474 41.919380
41.001190 41.955418
40.948856 41.991402
40.896473 42.027332
40.844040 42.063210
40.791557 42.099033
40.739025 42.134804
40.686443 42.170521
40.633812 42.206184
40.581131 42.241795
40.528400 42.277351
40.475620 42.312855
40.422791 42.348305
40.369911 42.383701
40.316982 42.419044
40.264004 42.454334
40.210976 42.489571
40.157898 42.524754
40.104771 42.559883
40.051594 42.594959
39.998367 42.629982
39.945091 42.664951
39.891766 42.699867
39.838390 42.734726
39.784966 42.769527
39.731491 42.804272
39.677967 42.838959
39.624393 42.873589
39.570770 42.908161
39.517097 42.942677
39.463375 42.977135
39.409603 43.011536
39.355782 43.045879
39.301910 43.080166
39.247990 43.114395
39.194019 43.148567
39.139999 43.182682
39.085930 43.216740
39.031811 43.250740
38.977642 43.284683
38.923424 43.318569
38.869156 43.352398
38.814838 43.386169
38.760471 43.419884
38.706055 43.453541
38.651588 43.487141
38.597073 43.520683
38.542507 43.554169
38.487892 43.587597
38.433228 43.620968
38.378513 43.654282
38.323750 43.687538
38.268936 43.720737
38.214073 43.753880
38.159161 43.786964
38.104198 43.819992
38.049187 43.852962
37.994125 43.885876
37.939014 43.918732
37.883854 43.951530
37.828644 43.984272
37.773384 44.016956
37.718075 44.049583
37.662716 44.082153
37.607307 44.114666
37.551849 44.147121
37.496342 44.179520
37.440784 44.211861
37.385178 44.244144
37.329521 44.276371
37.273815 44.308540
37.218060 44.340652
37.162254 44.372707
37.106400 44.404705
37.050495 44.436642
36.994541 44.468517
36.938541 44.500332
36.882496 44.532085
36.826405 44.563778
36.770267 44.595409
36.714085 44.626980
36.657856 44.658489
36.601582 44.689938
36.545261 44.721325
36.488895 44.752651
36.432484 44.783916
36.376026 44.815121
36.319523 44.846264
36.262974 44.877346
36.206379 44.908367
36.149738 44.939327
36.093052 44.970226
36.036320 45.001064
35.979542 45.031841
35.922718 45.062557
35.865849 45.093212
35.808933 45.123806
35.751972 45.154339
35.694965 45.184811
35.637913 45.215221
35.580814 45.245571
35.523670 45.275860
35.466480 45.306087
35.409245 45.336254
35.351963 45.366360
35.294636 45.396404
35.237263 45.426388
35.179844 45.456310
35.122379 45.486172
35.064869 45.515972
35.007313 45.545712
34.949711 45.575390
34.892063 45.605007
34.834370 45.634563
34.776630 45.664059
34.718845 45.693493
34.661015 45.722866
34.603138 45.752178
34.545216 45.781429
34.487247 45.810619
34.429234 45.839748
34.371174 45.868816
34.313068 45.897823
34.254917 45.926769
34.196720 45.955654
34.138477 45.984474
34.080189 46.013229
34.021854 46.041920
33.963474 46.070545
33.905048 46.099106
33.846577 46.127602
33.788059 46.156033
33.729496 46.184399
33.670887 46.212700
33.612232 46.240936
33.553532 46.269108
33.494785 46.297215
33.435993 46.325256
33.377155 46.353233
33.318272 46.381145
33.259342 46.408993
33.200367 46.436775
33.141346 46.464493
33.082279 46.492146
33.023167 46.519733
32.964008 46.547256
32.904804 46.574715
32.845554 46.602108
32.786259 46.629436
32.726917 46.656700
32.667530 46.683899
32.608101 46.711033
32.548630 46.738102
32.489117 46.765106
32.429562 46.792046
32.369965 46.818920
32.310326 46.845730
32.250645 46.872475
32.190922 46.899155
32.131157 46.925770
32.071350 46.952320
32.011501 46.978806
31.951609 47.005226
31.891672 47.031582
31.831692 47.057873
31.771667 47.084099
31.711599 47.110260
31.651487 47.136356
31.591333 47.162388
31.531137 47.188354
31.470900 47.214256
31.410620 47.240093
31.350298 47.265865
31.289934 47.291573
31.229528 47.317215
31.169081 47.342793
31.108591 47.368301
31.048059 47.393742
30.987486 47.419113
30.926870 47.444416
30.866213 47.469650
30.805513 47.494816
30.744772 47.519913
30.683989 47.544941
30.623163 47.569901
30.562296 47.594791
30.501387 47.619614
30.440435 47.644367
30.379442 47.669052
30.318407 47.693668
30.257330 47.718216
30.196211 47.742695
30.135050 47.767105
30.073847 47.791447
30.012602 47.815720
29.951315 47.839924
29.889986 47.864059
29.828615 47.888126
29.767202 47.912125
29.705748 47.936054
29.644253 47.959915
29.582718 47.983707
29.521143 48.007431
29.459528 48.031086
29.397873 48.054672
29.336178 48.078190
29.274443 48.101639
29.212667 48.125019
29.150852 48.148331
29.088997 48.171574
29.027102 48.194748
28.965166 48.217854
28.903191 48.240891
28.841175 48.263859
28.779119 48.286758
28.717024 48.309589
28.654888 48.332352
28.592712 48.355045
28.530497 48.377670
28.468241 48.400227
28.405945 48.422714
28.343609 48.445133
28.281233 48.467484
28.218817 48.489765
28.156361 48.511978
28.093864 48.534122
28.031328 48.556198
27.968752 48.578201
27.906136 48.600132
27.843479 48.621990
27.780785 48.643776
27.718052 48.665489
27.655281 48.687130
27.592472 48.708698
27.529625 48.730194
27.466740 48.751617
27.403816 48.772968
27.340855 48.794247
27.277855 48.815453
27.214817 48.836586
27.151741 48.857647
27.088627 48.878635
27.025475 48.899551
26.962284 48.920395
26.899055 48.941166
26.835789 48.961864
26.772484 48.982491
26.709141 49.003044
26.645760 49.023525
26.582340 49.043934
26.518883 49.064270
26.455387 49.084534
26.391853 49.104725
26.328281 49.124844
26.264671 49.144890
26.201023 49.164864
26.137337 49.184765
26.073612 49.204594
26.009851 49.224350
25.946054 49.244034
25.882221 49.263645
25.818352 49.283184
25.754446 49.302650
25.690504 49.322044
25.626526 49.341366
25.562511 49.360615
25.498461 49.379791
25.434374 49.398895
25.370251 49.417927
25.306091 49.436886
25.241896 49.455772
25.177664 49.474586
25.113396 49.493328
25.049091 49.511997
24.984751 49.530594
24.920374 49.549118
24.855961 49.567570
24.791512 49.585945
24.727026 49.604244
24.662504 49.622467
24.597946 49.640614
24.533352 49.658684
24.468721 49.676678
24.404055 49.694595
24.339352 49.712437
24.274614 49.730202
24.209843 49.747890
24.145037 49.765503
24.080196 49.783039
24.015322 49.800499
23.950413 49.817883
23.885469 49.835190
23.820492 49.852421
23.755480 49.869576
23.690434 49.886654
23.625353 49.903656
23.560238 49.920582
23.495089 49.937431
23.429905 49.954205
23.364687 49.970901
23.299435 49.987522
23.234148 50.004066
23.168827 50.020535
23.103472 50.036926
23.038082 50.053242
22.972658 50.069481
22.907200 50.085644
22.841707 50.101730
22.776180 50.117741
22.710619 50.133675
22.645025 50.149532
22.579399 50.165314
22.513741 50.181019
22.448050 50.196648
22.382326 50.212200
22.316570 50.227676
22.250782 50.243076
22.184961 50.258400
22.119108 50.273647
22.053223 50.288818
21.987305 50.303913
21.921354 50.318932
21.855371 50.333874
21.789356 50.348740
21.723309 50.363529
21.657228 50.378242
21.591116 50.392879
21.524971 50.407440
21.458794 50.421925
21.392584 50.436329
21.326342 50.450653
21.260067 50.464897
21.193760 50.479061
21.127420 50.493145
21.061050 50.507149
20.994650 50.521072
20.928219 50.534916
20.861757 50.548679
20.795265 50.562363
20.728743 50.575966
20.662189 50.589489
20.595606 50.602932
20.528992 50.616295
20.462347 50.629578
20.395672 50.642780
20.328966 50.655903
20.262230 50.668945
20.195463 50.681908
20.128666 50.694790
20.061838 50.707592
19.994980 50.720314
19.928091 50.732956
19.861172 50.745518
19.794222 50.757999
19.727242 50.770401
19.660231 50.782722
19.593189 50.794964
19.526119 50.807125
19.459021 50.819206
19.391893 50.831207
19.324738 50.843128
19.257553 50.854969
19.190340 50.866730
19.123098 50.878410
19.055828 50.890011
18.988529 50.901531
18.921202 50.912971
18.853846 50.924332
18.786461 50.935612
18.719048 50.946812
18.651606 50.957932
18.584135 50.968971
18.516636 50.979931
18.449108 50.990810
18.381552 51.001610
18.313967 51.012329
18.246353 51.022968
18.178711 51.033527
18.111040 51.044006
18.043343 51.054405
17.975618 51.064724
17.907867 51.074959
17.840090 51.085110
17.772285 51.095177
17.704454 51.105160
17.636597 51.115059
17.568712 51.124874
17.500801 51.134605
17.432863 51.144253
17.364899 51.153816
17.296907 51.163296
17.228889 51.172691
17.160845 51.182003
17.092773 51.191231
17.024675 51.200375
16.956551 51.209435
16.888399 51.218410
16.820221 51.227303
16.752016 51.236111
16.683784 51.244835
16.615528 51.253475
16.547247 51.262032
16.478941 51.270504
16.410610 51.278893
16.342255 51.287197
16.273874 51.295418
16.205469 51.303555
16.137039 51.311607
16.068584 51.319576
16.000105 51.327461
15.931601 51.335262
15.863071 51.342979
15.794518 51.350613
15.725939 51.358162
15.657335 51.365627
15.588707 51.373009
15.520055 51.380306
15.451379 51.387520
15.382679 51.394650
15.313955 51.401695
15.245208 51.408657
15.176436 51.415535
15.107641 51.422329
15.038822 51.429039
14.969979 51.435665
14.901113 51.442207
14.832223 51.448666
14.763310 51.455040
14.694375 51.461330
14.625417 51.467537
14.556436 51.473660
14.487432 51.479698
14.418405 51.485653
14.349355 51.491524
14.280282 51.497311
14.211187 51.503010
14.142071 51.508621
14.072932 51.514145
14.003772 51.519581
13.934589 51.524929
13.865385 51.530190
13.796159 51.535362
13.726911 51.540447
13.657640 51.545444
13.588348 51.550354
13.519035 51.555176
13.449701 51.559910
13.380346 51.564556
13.310970 51.569115
13.241573 51.573586
13.172155 51.577969
13.102716 51.582264
13.033257 51.586472
12.963776 51.590591
12.894275 51.594624
12.824754 51.598568
12.755213 51.602425
12.685652 51.606194
12.616071 51.609875
12.546470 51.613468
12.476849 51.616974
12.407207 51.620392
12.337546 51.623722
12.267865 51.626965
12.198165 51.630119
12.128446 51.633186
12.058707 51.636166
11.988950 51.639057
11.919173 51.641861
11.849378 51.644577
11.779563 51.647205
11.709729 51.649746
11.639876 51.652199
11.570005 51.654564
11.500116 51.656841
11.430209 51.659031
11.360284 51.661133
11.290340 51.663147
11.220379 51.665073
11.150399 51.666912
11.080401 51.668663
11.010386 51.670326
10.940352 51.671902
10.870302 51.673389
10.800235 51.674789
10.730150 51.676102
10.660048 51.677326
10.589930 51.678463
10.519794 51.679512
10.449640 51.680473
10.379470 51.681347
10.309283 51.682133
10.239080 51.682827
10.168861 51.683430
10.098626 51.683941
10.028375 51.684361
9.958107 51.684689
9.887823 51.684925
9.817523 51.685070
9.747208 51.685123
9.676877 51.685085
9.606531 51.684956
9.536170 51.684734
9.465794 51.684422
9.395402 51.684017
9.324995 51.683521
9.254573 51.682934
9.184135 51.682255
9.113684 51.681484
9.043218 51.680622
8.972737 51.679668
8.902243 51.678623
8.831734 51.677486
8.761210 51.676258
8.690673 51.674938
8.620121 51.673527
8.549556 51.672024
8.478977 51.670429
8.408385 51.668743
8.337780 51.666965
8.267161 51.665096
8.196529 51.663136
8.125884 51.661083
8.055225 51.658939
7.984554 51.656704
7.913869 51.654377
7.843172 51.651958
7.772462 51.649448
7.701740 51.646847
7.631006 51.644154
7.560259 51.641369
7.489500 51.638493
7.418729 51.635525
7.347947 51.632465
7.277152 51.629314
7.206346 51.626072
7.135529 51.622738
7.064700 51.619312
6.993859 51.615795
6.923008 51.612186
6.852146 51.608486
6.781272 51.604694
6.710388 51.600811
6.639493 51.596836
6.568588 51.592770
6.497673 51.588612
6.426746 51.584362
6.355810 51.580021
6.284864 51.575588
6.213908 51.571064
6.142941 51.566448
6.071966 51.561741
6.000980 51.556942
5.929986 51.552048
5.858981 51.547058
5.787968 51.541973
5.716945 51.536793
5.645914 51.531517
5.574873 51.526146
5.503824 51.520679
5.432766 51.515118
5.361700 51.509460
5.290625 51.503708
5.219542 51.497860
5.148450 51.491917
5.077351 51.485878
5.006244 51.479744
4.935129 51.473515
4.864006 51.467190
4.792876 51.460770
4.721738 51.454254
4.650594 51.447643
4.579442 51.440937
4.508283 51.434135
4.437118 51.427238
4.365945 51.420246
4.294766 51.413158
4.223581 51.405975
4.152389 51.398697
4.081191 51.391323
4.009987 51.383854
3.938777 51.376289
3.867561 51.368629
3.796339 51.360874
3.725111 51.353024
3.653878 51.345078
3.582640 51.337036
3.511396 51.328899
3.440147 51.320667
3.368893 51.312340
3.297635 51.303917
3.226372 51.295399
3.155104 51.286785
3.083831 51.278076
3.012555 51.269272
2.941274 51.260372
2.869989 51.251377
2.798700 51.242287
2.727407 51.233101
2.656110 51.223820
2.584810 51.214443
2.513507 51.204971
2.442200 51.195404
2.370890 51.185741
2.299577 51.175983
2.228262 51.166130
2.156943 51.156181
2.085622 51.146137
2.014298 51.135998
1.942972 51.125763
1.871643 51.115433
1.800313 51.105007
1.728980 51.094486
1.657645 51.083870
1.586309 51.073158
1.514971 51.062351
1.443632 51.051449
1.372291 51.040451
1.300950 51.029358
1.229607 51.018169
1.158263 51.006886
1.086918 50.995506
1.015573 50.984032
0.944227 50.972462
0.872881 50.960793
0.801535 50.949024
0.730188 50.937157
0.658842 50.925190
0.587496 50.913124
0.516150 50.900959
0.444804 50.888695
0.373459 50.876331
0.302115 50.863869
0.230772 50.851307
0.159429 50.838646
0.088088 50.825886
0.016748 50.813026
-0.054591 50.800068
-0.125928 50.787010
-0.197263 50.773853
-0.268597 50.760597
-0.339929 50.747242
-0.411258 50.733788
-0.482586 50.720234
-0.553911 50.706581
-0.625233 50.692829
-0.696553 50.678978
-0.767870 50.665028
-0.839184 50.650978
-0.910495 50.636829
-0.981803 50.622581
-1.053108 50.608234
-1.124409 50.593788
-1.195706 50.579243
-1.267000 50.564598
-1.338290 50.549854
-1.409576 50.535011
-1.480857 50.520069
-1.552135 50.505028
-1.623407 50.489887
-1.694675 50.474648
-1.765939 50.459309
-1.837197 50.443871
-1.908450 50.428333
-1.979699 50.412697
-2.050941 50.396961
-2.122179 50.381126
-2.193410 50.365192
-2.264636 50.349159
-2.335856 50.333027
-2.407070 50.316795
-2.478278 50.300465
-2.549479 50.284035
-2.620674 50.267506
-2.691862 50.250877
-2.763044 50.234150
-2.834219 50.217323
-2.905386 50.200397
-2.976546 50.183372
-3.047699 50.166248
-3.118845 50.149025
-3.189983 50.131702
-3.261113 50.114281
-3.332235 50.096760
-3.403349 50.079140
-3.474455 50.061420
-3.545552 50.043602
-3.616641 50.025684
-3.687721 50.007668
-3.758792 49.989552
-3.829855 49.971336
-3.900908 49.953022
-3.971952 49.934608
-4.042986 49.916096
-4.114011 49.897484
-4.185027 49.878773
-4.256032 49.859962
-4.327027 49.841053
-4.398013 49.822044
-4.468987 49.802937
-4.539952 49.783730
-4.610906 49.764423
-4.681849 49.745018
-4.752780 49.725513
-4.823701 49.705910
-4.894611 49.686207
-4.965509 49.666405
-5.036396 49.646503
-5.107270 49.626503
-5.178133 49.606403
-5.248984 49.586205
-5.319823 49.565907
-5.390649 49.545509
-5.461463 49.525013
-5.532265 49.504417
-5.603054 49.483723
-5.673830 49.462925
-5.744593 49.442024
-5.815343 49.421021
-5.886079 49.399914
-5.956802 49.378704
-6.027512 49.357391
-6.098207 49.335976
-6.168889 49.314457
-6.239556 49.292835
-6.310209 49.271111
-6.380847 49.249283
-6.451471 49.227352
-6.522080 49.205318
-6.592675 49.183182
-6.663254 49.160942
-6.733818 49.138599
-6.804366 49.116154
-6.874899 49.093605
-6.945416 49.070953
-7.015917 49.048199
-7.086402 49.025341
-7.156871 49.002380
-7.227324 48.979317
-7.297760 48.956150
-7.368179 48.932880
-7.438582 48.909508
-7.508967 48.886032
-7.579336 48.862453
-7.649687 48.838772
-7.720020 48.814987
-7.790336 48.791100
-7.860634 48.767109
-7.930914 48.743015
-8.001177 48.718819
-8.071421 48.694519
-8.141646 48.670116
-8.211854 48.645611
-8.282043 48.621002
-8.352212 48.596291
-8.422362 48.571476
-8.492494 48.546558
-8.562606 48.521538
-8.632699 48.496414
-8.702772 48.471188
-8.772825 48.445858
-8.842858 48.420425
-8.912871 48.394890
-8.982864 48.369251
-9.052836 48.343510
-9.122787 48.317665
-9.192718 48.291718
-9.262627 48.265667
-9.332515 48.239513
-9.402382 48.213257
-9.472227 48.186897
-9.542050 48.160435
-9.611852 48.133869
-9.681631 48.107201
-9.751389 48.080429
-9.821124 48.053555
-9.890837 48.026577
-9.960526 47.999496
-10.030193 47.972313
-10.099837 47.945026
-10.169458 47.917637
-10.239057 47.890144
-10.308631 47.862549
-10.378181 47.834850
-10.447708 47.807049
-10.517211 47.779144
-10.586690 47.751137
-10.656145 47.723026
-10.725575 47.694813
-10.794981 47.666496
-10.864362 47.638077
-10.933718 47.609554
-11.003049 47.580929
-11.072354 47.552200
-11.141634 47.523369
-11.210888 47.494434
-11.280116 47.465397
-11.349319 47.436256
-11.418495 47.407013
-11.487645 47.377666
-11.556768 47.348217
-11.625865 47.318665
-11.694935 47.289009
-11.763978 47.259251
-11.832994 47.229389
-11.901983 47.199425
-11.970944 47.169357
-12.039878 47.139187
-12.108784 47.108913
-12.177662 47.078537
-12.246511 47.048058
-12.315332 47.017475
-12.384125 46.986790
-12.452888 46.956001
-12.521624 46.925110
-12.590330 46.894115
-12.659007 46.863018
-12.727654 46.831818
-12.796272 46.800514
-12.864861 46.769108
-12.933419 46.737598
-13.001947 46.705986
-13.070445 46.674271
-13.138912 46.642452
-13.207349 46.610531
-13.275755 46.578506
-13.344131 46.546379
-13.412475 46.514149
-13.480787 46.481815
-13.549068 46.449379
-13.617318 46.416840
-13.685536 46.384197
-13.753722 46.351452
-13.821876 46.318604
-13.889997 46.285652
-13.958085 46.252598
-14.026141 46.219440
-14.094165 46.186180
-14.162155 46.152817
-14.230112 46.119350
-14.298036 46.085781
-14.365926 46.052109
-14.433783 46.018333
-14.501605 45.984455
-14.569393 45.950474
-14.637147 45.916389
-14.704866 45.882202
-14.772552 45.847912
-14.840202 45.813519
-14.907818 45.779022
-14.975398 45.744423
-15.042943 45.709721
-15.110453 45.674915
-15.177927 45.640007
-15.245365 45.604996
-15.312767 45.569881
-15.380133 45.534664
-15.447462 45.499344
-15.514755 45.463921
-15.582011 45.428394
-15.649230 45.392765
-15.716412 45.357033
-15.783556 45.321198
-15.850663 45.285259
-15.917733 45.249218
-15.984765 45.213074
-16.051760 45.176826
-16.118715 45.140476
-16.185633 45.104023
-16.252512 45.067467
-16.319353 45.030807
-16.386156 44.994045
-16.452921 44.957180
-16.519646 44.920212
-16.586330 44.883141
-16.652975 44.845966
-16.719580 44.808689
-16.786144 44.771309
-16.852669 44.733826
-16.919153 44.696239
-16.985598 44.658550
-17.052002 44.620758
-17.118366 44.582863
-17.184689 44.544865
-17.250969 44.506763
-17.317207 44.468559
-17.383404 44.430252
-17.449558 44.391842
-17.515671 44.353329
-17.581741 44.314713
-17.647770 44.275993
-17.713757 44.237171
-17.779701 44.198246
-17.845604 44.159218
-17.911463 44.120087
-17.977278 44.080853
-18.043049 44.041515
-18.108776 44.002075
-18.174459 43.962532
-18.240099 43.922886
-18.305695 43.883137
-18.371246 43.843285
-18.436754 43.803329
-18.502218 43.763271
-18.567636 43.723110
-18.633009 43.682846
-18.698336 43.642479
-18.763617 43.602009
-18.828852 43.561436
-18.894041 43.520760
-18.959185 43.479980
-19.024282 43.439098
-19.089334 43.398113
-19.154341 43.357025
-19.219299 43.315834
-19.284210 43.274540
-19.349073 43.233143
-19.413889 43.191643
-19.478657 43.150040
-19.543377 43.108334
-19.608049 43.066525
-19.672674 43.024612
-19.737251 42.982597
-19.801781 42.940479
-19.866261 42.898258
-19.930691 42.855934
-19.995071 42.813507
-20.059402 42.770977
-20.123684 42.728344
-20.187916 42.685608
-20.252098 42.642769
-20.316231 42.599827
-20.380314 42.556782
-20.444347 42.513634
-20.508331 42.470383
-20.572264 42.427029
-20.636145 42.383572
-20.699974 42.340012
-20.763752 42.296349
-20.827478 42.252583
-20.891153 42.208714
-20.954777 42.164742
-21.018349 42.120667
-21.081869 42.076488
-21.145338 42.032207
-21.208754 41.987823
-21.272116 41.943336
-21.335424 41.898750
-21.398680 41.854065
-21.461882 41.809280
-21.525030 41.764397
-21.588125 41.719414
-21.651167 41.674332
-21.714155 41.629150
-21.777090 41.583870
-21.839970 41.538490
-21.902794 41.493011
-21.965563 41.447433
-22.028276 41.401756
-22.090935 41.355980
-22.153538 41.310104
-22.216085 41.264130
-22.278578 41.218056
-22.341015 41.171883
-22.403397 41.125610
-22.465721 41.079239
-22.527988 41.032768
-22.590199 40.986198
-22.652351 40.939529
-22.714447 40.892761
-22.776485 40.845894
-22.838467 40.798927
-22.900391 40.751862
-22.962257 40.704697
-23.024067 40.657433
-23.085817 40.610069
-23.147509 40.562607
-23.209141 40.515045
-23.270714 40.467384
-23.332228 40.419624
-23.393682 40.371765
-23.455078 40.323807
-23.516415 40.275749
-23.577692 40.227592
-23.638910 40.179337
-23.700068 40.130981
-23.761164 40.082527
-23.822199 40.033974
-23.883173 39.985321
-23.944086 39.936569
-24.004938 39.887718
-24.065729 39.838768
-24.126459 39.789719
-24.187128 39.740570
-24.247736 39.691322
-24.308281 39.641975
-24.368763 39.592529
-24.429182 39.542984
-24.489538 39.493340
-24.549831 39.443596
-24.610062 39.393753
-24.670229 39.343811
-24.730333 39.293770
-24.790375 39.243629
-24.850353 39.193390
-24.910267 39.143051
-24.970116 39.092613
-25.029900 39.042076
-25.089619 38.991440
-25.149273 38.940704
-25.208862 38.889870
-25.268387 38.838936
-25.327847 38.787903
-25.387241 38.736771
-25.446571 38.685539
-25.505835 38.634209
-25.565031 38.582779
-25.624161 38.531250
-25.683224 38.479626
-25.742220 38.427906
-25.801149 38.376091
-25.860012 38.324181
-25.918808 38.272175
-25.977537 38.220074
-26.036200 38.167877
-26.094793 38.115585
-26.153318 38.063198
-26.211775 38.010715
-26.270163 37.958138
-26.328482 37.905464
-26.386732 37.852695
-26.444914 37.799831
-26.503027 37.746872
-26.561071 37.693817
-26.619047 37.640667
-26.676952 37.587421
-26.734787 37.534081
-26.792551 37.480644
-26.850245 37.427113
-26.907867 37.373486
-26.965420 37.319763
-27.022902 37.265945
-27.080313 37.212032
-27.137653 37.158024
-27.194921 37.103920
-27.252117 37.049721
-27.309240 36.995426
-27.366291 36.941036
-27.423269 36.886551
-27.480175 36.831970
-27.537008 36.777294
-27.593769 36.722523
-27.650457 36.667656
-27.707073 36.612694
-27.763615 36.557636
-27.820082 36.502483
-27.876474 36.447235
-27.932793 36.391891
-27.989037 36.336452
-28.045206 36.280918
-28.101301 36.225288
-28.157322 36.169563
-28.213268 36.113743
-28.269140 36.057827
-28.324936 36.001816
-28.380655 35.945709
-28.436298 35.889511
-28.491865 35.833221
-28.547356 35.776840
-28.602770 35.720367
-28.658108 35.663803
-28.713369 35.607147
-28.768555 35.550400
-28.823664 35.493561
-28.878695 35.436630
-28.933647 35.379608
-28.988522 35.322495
-29.043318 35.265289
-29.098036 35.207993
-29.152676 35.150604
-29.207237 35.093124
-29.261721 35.035553
-29.316126 34.977890
-29.370453 34.920135
-29.424700 34.862289
-29.478867 34.804352
-29.532953 34.746323
-29.586960 34.688202
-29.640886 34.629990
-29.694733 34.571686
-29.748499 34.513290
-29.802185 34.454803
-29.855791 34.396225
-29.909317 34.337555
-29.962761 34.278793
-30.016123 34.219940
-30.069403 34.160995
-30.122601 34.101959
-30.175716 34.042831
-30.228750 33.983612
-30.281702 33.924301
-30.334572 33.864899
-30.387360 33.805405
-30.440065 33.745819
-30.492689 33.686146
-30.545229 33.626385
-30.597685 33.566536
-30.650057 33.506599
-30.702345 33.446575
-30.754549 33.386463
-30.806669 33.326263
-30.858706 33.265976
-30.910658 33.205601
-30.962526 33.145138
-31.014311 33.084587
-31.066010 33.023949
-31.117622 32.963223
-31.169149 32.902409
-31.220591 32.841507
-31.271946 32.780518
-31.323215 32.719440
-31.374399 32.658276
-31.425497 32.597023
-31.476509 32.535683
-31.527435 32.474255
-31.578274 32.412739
-31.629025 32.351135
-31.679688 32.289444
-31.730263 32.227665
-31.780750 32.165798
-31.831150 32.103844
-31.881462 32.041801
-31.931686 31.979673
-31.981823 31.917459
-32.031872 31.855160
-32.081833 31.792774
-32.131706 31.730303
-32.181492 31.667746
-32.231190 31.605103
-32.280800 31.542374
-32.330318 31.479559
-32.379745 31.416658
-32.429081 31.353672
-32.478325 31.290600
-32.527477 31.227444
-32.576538 31.164204
-32.625507 31.100880
-32.674385 31.037472
-32.723171 30.973980
-32.771866 30.910404
-32.820469 30.846745
-32.868980 30.783001
-32.917400 30.719173
-32.965729 30.655262
-33.013966 30.591267
-33.062111 30.527187
-33.110165 30.463024
-33.158127 30.398777
-33.205997 30.334446
-33.253777 30.270033
-33.301464 30.205538
-33.349056 30.140961
-33.396553 30.076302
-33.443954 30.011560
-33.491261 29.946737
-33.538471 29.881832
-33.585587 29.816845
-33.632607 29.751776
-33.679531 29.686625
-33.726360 29.621391
-33.773094 29.556076
-33.819733 29.490679
-33.866276 29.425200
-33.912724 29.359640
-33.959076 29.294001
-34.005333 29.228281
-34.051495 29.162481
-34.097561 29.096601
-34.143532 29.030642
-34.189407 28.964602
-34.235188 28.898481
-34.280872 28.832281
-34.326462 28.766001
-34.371952 28.699640
-34.417343 28.633200
-34.462635 28.566679
-34.507828 28.500080
-34.552921 28.433403
-34.597916 28.366648
-34.642811 28.299814
-34.687607 28.232903
-34.732304 28.165913
-34.776901 28.098845
-34.821400 28.031698
-34.865799 27.964474
-34.910099 27.897171
-34.954300 27.829790
-34.998402 27.762331
-35.042404 27.694794
-35.086308 27.627180
-35.130112 27.559490
-35.173817 27.491724
-35.217422 27.423882
-35.260929 27.355963
-35.304337 27.287968
-35.347641 27.219896
-35.390842 27.151749
-35.433941 27.083525
-35.476936 27.015224
-35.519829 26.946848
-35.562618 26.878395
-35.605305 26.809868
-35.647888 26.741266
-35.690369 26.672590
-35.732746 26.603840
-35.775021 26.535015
-35.817192 26.466116
-35.859261 26.397142
-35.901226 26.328094
-35.943089 26.258972
-35.984848 26.189775
-36.026505 26.120504
-36.068058 26.051161
-36.109509 25.981745
-36.150856 25.912256
-36.192101 25.842695
-36.233242 25.773062
-36.274281 25.703356
-36.315212 25.633577
-36.356037 25.563726
-36.396755 25.493803
-36.437366 25.423807
-36.477871 25.353739
-36.518269 25.283598
-36.558559 25.213387
-36.598743 25.143105
-36.638821 25.072752
-36.678791 25.002329
-36.718655 24.931835
-36.758411 24.861271
-36.798061 24.790636
-36.837605 24.719931
-36.877041 24.649155
-36.916370 24.578308
-36.955593 24.507391
-36.994709 24.436405
-37.033718 24.365351
-37.072620 24.294228
-37.111416 24.223036
-37.150105 24.151775
-37.188686 24.080446
-37.227161 24.009048
-37.265526 23.937582
-37.303780 23.866047
-37.341923 23.794443
-37.379955 23.722771
-37.417877 23.651031
-37.455688 23.579226
-37.493389 23.507353
-37.530979 23.435413
-37.568459 23.363407
-37.605827 23.291334
-37.643085 23.219194
-37.680233 23.146988
-37.717270 23.074715
-37.754196 23.002375
-37.791012 22.929970
-37.827717 22.857500
-37.864311 22.784966
-37.900795 22.712366
-37.937168 22.639702
-37.973431 22.566973
-38.009583 22.494179
-38.045624 22.421320
-38.081554 22.348396
-38.117374 22.275408
-38.153084 22.202356
-38.188679 22.129242
-38.224159 22.056065
-38.259525 21.982824
-38.294777 21.909521
-38.329914 21.836155
-38.364937 21.762726
-38.399845 21.689234
-38.434639 21.615679
-38.469318 21.542061
-38.503883 21.468382
-38.538334 21.394642
-38.572670 21.320841
-38.606892 21.246979
-38.640999 21.173056
-38.674992 21.099072
-38.708870 21.025026
-38.742634 20.950920
-38.776283 20.876753
-38.809818 20.802525
-38.843239 20.728237
-38.876545 20.653891
-38.909737 20.579485
-38.942814 20.505020
-38.975777 20.430496
-39.008625 20.355913
-39.041359 20.281271
-39.073978 20.206570
-39.106480 20.131809
-39.138863 20.056990
-39.171127 19.982113
-39.203274 19.907179
-39.235302 19.832188
-39.267212 19.757139
-39.299004 19.682034
-39.330677 19.606871
-39.362232 19.531651
-39.393669 19.456373
-39.424988 19.381039
-39.456188 19.305649
-39.487270 19.230204
-39.518234 19.154703
-39.549080 19.079147
-39.579807 19.003536
-39.610416 18.927870
-39.640907 18.852148
-39.671280 18.776371
-39.701534 18.700539
-39.731670 18.624653
-39.761688 18.548714
-39.791588 18.472721
-39.821369 18.396675
-39.851032 18.320576
-39.880577 18.244423
-39.910004 18.168217
-39.939312 18.091957
-39.968502 18.015644
-39.997570 17.939280
-40.026516 17.862864
-40.055340 17.786396
-40.084042 17.709877
-40.112621 17.633307
-40.141079 17.556684
-40.169415 17.480011
-40.197628 17.403286
-40.225719 17.326509
-40.253689 17.249683
-40.281536 17.172808
-40.309261 17.095882
-40.336864 17.018908
-40.364346 16.941883
-40.391705 16.864809
-40.418941 16.787685
-40.446056 16.710512
-40.473049 16.633289
-40.499920 16.556019
-40.526669 16.478701
-40.553295 16.401335
-40.579800 16.323921
-40.606182 16.246460
-40.632442 16.168951
-40.658581 16.091394
-40.684597 16.013790
-40.710491 15.936139
-40.736263 15.858441
-40.761913 15.780697
-40.787441 15.702907
-40.812847 15.625071
-40.838131 15.547189
-40.863293 15.469261
-40.888329 15.391289
-40.913239 15.313272
-40.938023 15.235209
-40.962681 15.157103
-40.987213 15.078952
-41.011620 15.000757
-41.035900 14.922519
-41.060055 14.844236
-41.084084 14.765910
-41.107986 14.687541
-41.131763 14.609129
-41.155415 14.530674
-41.178940 14.452176
-41.202339 14.373636
-41.225613 14.295054
-41.248760 14.216431
-41.271782 14.137765
-41.294678 14.059058
-41.317448 13.980310
-41.340092 13.901522
-41.362610 13.822692
-41.385002 13.743822
-41.407269 13.664912
-41.429409 13.585962
-41.451424 13.506972
-41.473312 13.427943
-41.495075 13.348875
-41.516712 13.269768
-41.538223 13.190621
-41.559608 13.111437
-41.580868 13.032214
-41.602001 12.952953
-41.623009 12.873654
-41.643890 12.794317
-41.664646 12.714943
-41.685276 12.635531
-41.705780 12.556083
-41.726158 12.476597
-41.746407 12.397075
-41.766525 12.317516
-41.786514 12.237922
-41.806374 12.158291
-41.826103 12.078625
-41.845703 11.998923
-41.865173 11.919187
-41.884514 11.839415
-41.903725 11.759608
-41.922806 11.679768
-41.941757 11.599893
-41.960579 11.519983
-41.979271 11.440041
-41.997833 11.360065
-42.016266 11.280055
-42.034569 11.200012
-42.052742 11.119937
-42.070786 11.039829
-42.088699 10.959689
-42.106483 10.879517
-42.124138 10.799313
-42.141663 10.719077
-42.159058 10.638810
-42.176323 10.558512
-42.193459 10.478183
-42.210464 10.397823
-42.227341 10.317433
-42.244087 10.237013
-42.260704 10.156563
-42.277191 10.076083
-42.293549 9.995574
-42.309776 9.915035
-42.325874 9.834468
-42.341843 9.753872
-42.357681 9.673247
-42.373390 9.592595
-42.388969 9.511915
-42.404419 9.431208
-42.419739 9.350472
-42.434929 9.269711
-42.449989 9.188922
-42.464920 9.108107
-42.479721 9.027265
-42.494392 8.946397
-42.508934 8.865503
-42.523346 8.784584
-42.537628 8.703639
-42.551781 8.622669
-42.565804 8.541675
-42.579697 8.460655
-42.593460 8.379611
-42.607094 8.298543
-42.620594 8.217451
-42.633961 8.136335
-42.647194 8.055196
-42.660294 7.974033
-42.673260 7.892847
-42.686092 7.811638
-42.698792 7.730407
-42.711357 7.649154
-42.723789 7.567878
-42.736088 7.486581
-42.748253 7.405262
-42.760284 7.323922
-42.772182 7.242560
-42.783947 7.161178
-42.795578 7.079775
-42.807076 6.998353
-42.818439 6.916910
-42.829670 6.835447
-42.840767 6.753965
-42.851730 6.672464
-42.862560 6.590944
-42.873257 6.509406
-42.883820 6.427848
-42.894249 6.346273
-42.904545 6.264679
-42.914707 6.183068
-42.924736 6.101439
-42.934631 6.019794
-42.944393 5.938130
-42.954021 5.856451
-42.963516 5.774754
-42.972878 5.693041
-42.982105 5.611312
-42.991199 5.529568
-43.000160 5.447808
-43.008987 5.366033
-43.017681 5.284243
-43.026241 5.202438
-43.034668 5.120619
-43.042961 5.038785
-43.051121 4.956938
-43.059147 4.875077
-43.067039 4.793203
-43.074799 4.711315
-43.082424 4.629415
-43.089916 4.547501
-43.097275 4.465575
-43.104500 4.383637
-43.111591 4.301687
-43.118549 4.219725
-43.125374 4.137751
-43.132065 4.055767
-43.138622 3.973771
-43.145046 3.891765
-43.151337 3.809748
-43.157494 3.727721
-43.163517 3.645684
-43.169407 3.563637
-43.175163 3.481581
-43.180786 3.399516
-43.186275 3.317442
-43.191631 3.235360
-43.196854 3.153269
-43.201942 3.071170
-43.206898 2.989063
-43.211720 2.906949
-43.216408 2.824827
-43.220963 2.742698
-43.225384 2.660562
-43.229671 2.578419
-43.233826 2.496270
-43.237846 2.414115
-43.241734 2.331954
-43.245487 2.249787
-43.249107 2.167615
-43.252594 2.085438
-43.255947 2.003257
-43.259167 1.921071
-43.262253 1.838880
-43.265205 1.756685
-43.268024 1.674487
-43.270710 1.592285
-43.273262 1.510080
-43.275681 1.427871
-43.277966 1.345660
-43.280117 1.263447
-43.282135 1.181231
-43.284019 1.099013
-43.285770 1.016793
-43.287388 0.934572
-43.288872 0.852349
-43.290222 0.770126
-43.291439 0.687902
-43.292522 0.605677
-43.293472 0.523452
-43.294289 0.441227
-43.294971 0.359002
-43.295521 0.276778
-43.295937 0.194555
-43.296219 0.112333
-43.296368 0.030112
-43.296383 -0.052108
-43.296265 -0.134325
-43.296013 -0.216541
-43.295628 -0.298754
-43.295109 -0.380965
-43.294456 -0.463173
-43.293671 -0.545378
-43.292751 -0.627579
-43.291698 -0.709777
-43.290512 -0.791971
-43.289192 -0.874161
-43.287739 -0.956346
-43.286152 -1.038527
-43.284431 -1.120703
-43.282578 -1.202874
-43.280590 -1.285039
-43.278469 -1.367199
-43.276215 -1.449353
-43.273827 -1.531501
-43.271305 -1.613642
-43.268650 -1.695777
-43.265862 -1.777905
-43.262939 -1.860026
-43.259884 -1.942139
-43.256695 -2.024245
-43.253372 -2.106342
-43.249916 -2.188432
-43.246326 -2.270513
-43.242603 -2.352586
-43.238747 -2.434650
-43.234756 -2.516704
-43.230633 -2.598749
-43.226376 -2.680784
-43.221985 -2.762809
-43.217461 -2.844824
-43.212803 -2.926828
-43.208012 -3.008822
-43.203087 -3.090804
-43.198029 -3.172776
-43.192837 -3.254736
-43.187511 -3.336684
-43.182053 -3.418620
-43.176460 -3.500545
-43.170734 -3.582456
-43.164875 -3.664356
-43.158882 -3.746242
-43.152756 -3.828114
-43.146496 -3.909973
-43.140102 -3.991819
-43.133575 -4.073650
-43.126915 -4.155467
-43.120121 -4.237270
-43.113194 -4.319058
-43.106133 -4.400831
-43.098938 -4.482588
-43.091610 -4.564330
-43.084148 -4.646056
-43.076553 -4.727766
-43.068825 -4.809460
-43.060963 -4.891137
-43.052967 -4.972797
-43.044838 -5.054440
-43.036575 -5.136066
-43.028179 -5.217674
-43.019650 -5.299265
-43.010986 -5.380837
-43.002190 -5.462392
-42.993259 -5.543928
-42.984196 -5.625445
-42.974998 -5.706943
-42.965668 -5.788422
-42.956203 -5.869882
-42.946606 -5.951321
-42.936874 -6.032741
-42.927010 -6.114140
-42.917011 -6.195518
-42.906879 -6.276875
-42.896614 -6.358212
-42.886215 -6.439527
-42.875683 -6.520821
-42.865017 -6.602092
-42.854218 -6.683342
-42.843285 -6.764569
-42.832218 -6.845774
-42.821018 -6.926956
-42.809685 -7.008115
-42.798218 -7.089251
-42.786617 -7.170363
-42.774883 -7.251452
-42.763016 -7.332517
-42.751015 -7.413557
-42.738880 -7.494573
-42.726612 -7.575564
-42.714211 -7.656531
-42.701679 -7.737472
-42.689018 -7.818388
-42.676228 -7.899278
-42.663307 -7.980142
-42.650257 -8.060980
-42.637077 -8.141791
-42.623768 -8.222576
-42.610329 -8.303334
-42.596760 -8.384065
-42.583061 -8.464767
-42.569233 -8.545443
-42.555275 -8.626090
-42.541187 -8.706709
-42.526970 -8.787299
-42.512623 -8.867861
-42.498146 -8.948394
-42.483540 -9.028897
-42.468803 -9.109371
-42.453938 -9.189816
-42.438942 -9.270230
-42.423817 -9.350615
-42.408562 -9.430968
-42.393177 -9.511292
-42.377663 -9.591584
-42.362019 -9.671845
-42.346245 -9.752075
-42.330341 -9.832273
-42.314308 -9.912440
-42.298145 -9.992575
-42.281853 -10.072677
-42.265430 -10.152746
-42.248878 -10.232783
-42.232197 -10.312787
-42.215385 -10.392757
-42.198444 -10.472694
-42.181374 -10.552598
-42.164173 -10.632467
-42.146843 -10.712302
-42.129383 -10.792103
-42.111794 -10.871869
-42.094074 -10.951600
-42.076225 -11.031296
-42.058247 -11.110956
-42.040138 -11.190581
-42.021900 -11.270170
-42.003532 -11.349723
-41.985035 -11.429239
-41.966408 -11.508719
-41.947651 -11.588162
-41.928764 -11.667568
-41.909748 -11.746937
-41.890602 -11.826268
-41.871330 -11.905561
-41.851933 -11.984817
-41.832409 -12.064034
-41.812759 -12.143212
-41.792984 -12.222352
-41.773083 -12.301453
-41.753056 -12.380514
-41.732903 -12.459537
-41.712624 -12.538519
-41.692219 -12.617461
-41.671688 -12.696363
-41.651031 -12.775226
-41.630249 -12.854047
-41.609341 -12.932827
-41.588306 -13.011566
-41.567146 -13.090264
-41.545860 -13.168921
-41.524448 -13.247537
-41.502911 -13.326110
-41.481247 -13.404641
-41.459457 -13.483130
-41.437542 -13.561577
-41.415501 -13.639980
-41.393333 -13.718341
-41.371040 -13.796659
-41.348621 -13.874932
-41.326077 -13.953162
-41.303406 -14.031348
-41.280609 -14.109490
-41.257687 -14.187588
-41.234638 -14.265640
-41.211464 -14.343648
-41.188164 -14.421611
-41.164738 -14.499528
-41.141186 -14.577399
-41.117508 -14.655225
-41.093704 -14.733005
-41.069775 -14.810739
-41.045719 -14.888426
-41.021542 -14.966066
-40.997242 -15.043660
-40.972820 -15.121207
-40.948277 -15.198707
-40.923611 -15.276158
-40.898823 -15.353562
-40.873913 -15.430919
-40.848881 -15.508226
-40.823727 -15.585485
-40.798450 -15.662696
-40.773052 -15.739858
-40.747532 -15.816971
-40.721889 -15.894034
-40.696125 -15.971048
-40.670238 -16.048012
-40.644230 -16.124926
-40.618099 -16.201790
-40.591846 -16.278605
-40.565472 -16.355368
-40.538975 -16.432079
-40.512356 -16.508739
-40.485615 -16.585348
-40.458752 -16.661905
-40.431767 -16.738411
-40.404659 -16.814865
-40.377430 -16.891268
-40.350079 -16.967619
-40.322605 -17.043917
-40.295010 -17.120161
-40.267292 -17.196352
-40.239452 -17.272490
-40.211491 -17.348574
-40.183407 -17.424604
-40.155205 -17.500582
-40.126884 -17.576506
-40.098446 -17.652376
-40.069889 -17.728191
-40.041214 -17.803951
-40.012421 -17.879656
-39.983509 -17.955305
-39.954479 -18.030899
-39.925331 -18.106438
-39.896065 -18.181921
-39.866680 -18.257349
-39.837177 -18.332722
-39.807556 -18.408037
-39.777817 -18.483295
-39.747959 -18.558496
-39.717983 -18.633640
-39.687889 -18.708727
-39.657677 -18.783756
-39.627346 -18.858728
-39.596897 -18.933643
-39.566330 -19.008501
-39.535645 -19.083300
-39.504841 -19.158039
-39.473919 -19.232719
-39.442879 -19.307341
-39.411720 -19.381903
-39.380444 -19.456406
-39.349049 -19.530849
-39.317535 -19.605234
-39.285908 -19.679560
-39.254166 -19.753826
-39.222309 -19.828032
-39.190338 -19.902176
-39.158253 -19.976259
-39.126053 -20.050282
-39.093739 -20.124243
-39.061310 -20.198143
-39.028767 -20.271982
-38.996109 -20.345760
-38.963337 -20.419477
-38.930450 -20.493132
-38.897449 -20.566723
-38.864334 -20.640251
-38.831104 -20.713717
-38.797760 -20.787119
-38.764301 -20.860458
-38.730728 -20.933735
-38.697041 -21.006948
-38.663239 -21.080099
-38.629322 -21.153187
-38.595291 -21.226210
-38.561146 -21.299168
-38.526886 -21.372061
-38.492512 -21.444889
-38.458023 -21.517653
-38.423420 -21.590351
-38.388702 -21.662985
-38.353874 -21.735554
-38.318935 -21.808058
-38.283886 -21.880497
-38.248726 -21.952869
-38.213455 -22.025175
-38.178074 -22.097414
-38.142582 -22.169586
-38.106979 -22.241692
-38.071266 -22.313730
-38.035442 -22.385702
-37.999508 -22.457607
-37.963463 -22.529446
-37.927307 -22.601217
-37.891041 -22.672922
-37.854664 -22.744558
-37.818176 -22.816126
-37.781578 -22.887625
-37.744869 -22.959055
-37.708050 -23.030416
-37.671120 -23.101709
-37.634079 -23.172934
-37.596928 -23.244089
-37.559666 -23.315176
-37.522293 -23.386194
-37.484810 -23.457142
-37.447220 -23.528019
-37.409523 -23.598825
-37.371719 -23.669561
-37.333809 -23.740227
-37.295792 -23.810822
-37.257668 -23.881346
-37.219437 -23.951799
-37.181099 -24.022182
-37.142654 -24.092495
-37.104103 -24.162737
-37.065445 -24.232906
-37.026680 -24.303003
-36.987808 -24.373028
-36.948830 -24.442980
-36.909744 -24.512859
-36.870552 -24.582666
-36.831253 -24.652401
-36.791847 -24.722063
-36.752335 -24.791653
-36.712715 -24.861170
-36.672989 -24.930614
-36.633156 -24.999985
-36.593216 -25.069281
-36.553169 -25.138502
-36.513020 -25.207649
-36.472767 -25.276722
-36.432411 -25.345720
-36.391953 -25.414644
-36.351391 -25.483494
-36.310726 -25.552269
-36.269958 -25.620970
-36.229088 -25.689596
-36.188114 -25.758146
-36.147038 -25.826620
-36.105858 -25.895018
-36.064575 -25.963339
-36.023190 -26.031584
-35.981701 -26.099752
-35.940109 -26.167845
-35.898415 -26.235861
-35.856617 -26.303801
-35.814716 -26.371664
-35.772713 -26.439451
-35.730606 -26.507162
-35.688396 -26.574795
-35.646084 -26.642349
-35.603668 -26.709826
-35.561153 -26.777224
-35.518539 -26.844543
-35.475826 -26.911785
-35.433014 -26.978949
-35.390102 -27.046034
-35.347092 -27.113041
-35.303982 -27.179970
-35.260773 -27.246820
-35.217464 -27.313593
-35.174057 -27.380285
-35.130550 -27.446898
-35.086945 -27.513430
-35.043240 -27.579882
-34.999435 -27.646254
-34.955532 -27.712545
-34.911530 -27.778757
-34.867428 -27.844889
-34.823227 -27.910940
-34.778927 -27.976912
-34.734528 -28.042803
-34.690029 -28.108614
-34.645432 -28.174345
-34.600735 -28.239994
-34.555943 -28.305561
-34.511055 -28.371046
-34.466072 -28.436449
-34.420994 -28.501770
-34.375820 -28.567009
-34.330551 -28.632166
-34.285187 -28.697241
-34.239727 -28.762234
-34.194172 -28.827145
-34.148521 -28.891973
-34.102776 -28.956720
-34.056934 -29.021385
-34.010998 -29.085966
-33.964966 -29.150463
-33.918839 -29.214876
-33.872616 -29.279205
-33.826298 -29.343451
-33.779884 -29.407612
-33.733376 -29.471689
-33.686771 -29.535683
-33.640072 -29.599592
-33.593281 -29.663418
-33.546398 -29.727160
-33.499424 -29.790817
-33.452358 -29.854391
-33.405201 -29.917879
-33.357952 -29.981281
-33.310612 -30.044598
-33.263180 -30.107828
-33.215656 -30.170973
-33.168041 -30.234032
-33.120335 -30.297005
-33.072536 -30.359892
-33.024647 -30.422693
-32.976665 -30.485409
-32.928593 -30.548038
-32.880428 -30.610582
-32.832172 -30.673040
-32.783825 -30.735413
-32.735386 -30.797699
-32.686855 -30.859898
-32.638233 -30.922009
-32.589520 -30.984032
-32.540718 -31.045967
-32.491829 -31.107815
-32.442852 -31.169575
-32.393787 -31.231247
-32.344635 -31.292831
-32.295395 -31.354328
-32.246067 -31.415737
-32.196651 -31.477058
-32.147148 -31.538292
-32.097557 -31.599438
-32.047878 -31.660496
-31.998112 -31.721466
-31.948257 -31.782347
-31.898315 -31.843138
-31.848286 -31.903839
-31.798170 -31.964451
-31.747969 -32.024975
-31.697681 -32.085411
-31.647308 -32.145760
-31.596849 -32.206020
-31.546305 -32.266190
-31.495674 -32.326267
-31.444958 -32.386253
-31.394156 -32.446148
-31.343267 -32.505951
-31.292294 -32.565662
-31.241236 -32.625282
-31.190094 -32.684811
-31.138868 -32.744247
-31.087559 -32.803593
-31.036165 -32.862846
-30.984688 -32.922009
-30.933126 -32.981079
-30.881481 -33.040058
-30.829752 -33.098946
-30.777939 -33.157742
-30.726044 -33.216446
-30.674067 -33.275059
-30.622007 -33.333580
-30.569866 -33.392010
-30.517643 -33.450348
-30.465338 -33.508595
-30.412951 -33.566750
-30.360481 -33.624813
-30.307930 -33.682785
-30.255297 -33.740665
-30.202583 -33.798454
-30.149790 -33.856152
-30.096916 -33.913757
-30.043962 -33.971272
-29.990929 -34.028694
-29.937815 -34.086025
-29.884621 -34.143265
-29.831347 -34.200413
-29.777992 -34.257465
-29.724558 -34.314423
-29.671043 -34.371284
-29.617451 -34.428051
-29.563780 -34.484722
-29.510031 -34.541298
-29.456203 -34.597778
-29.402298 -34.654163
-29.348314 -34.710453
-29.294252 -34.766647
-29.240112 -34.822746
-29.185894 -34.878750
-29.131598 -34.934658
-29.077225 -34.990471
-29.022776 -35.046188
-28.968250 -35.101810
-28.913649 -35.157337
-28.858971 -35.212769
-28.804216 -35.268105
-28.749386 -35.323345
-28.694479 -35.378490
-28.639496 -35.433540
-28.584436 -35.488495
-28.529303 -35.543354
-28.474094 -35.598118
-28.418812 -35.652786
-28.363455 -35.707359
-28.308023 -35.761837
-28.252518 -35.816219
-28.196938 -35.870506
-28.141283 -35.924698
-28.085554 -35.978794
-28.029751 -36.032795
-27.973875 -36.086700
-27.917927 -36.140511
-27.861906 -36.194225
-27.805813 -36.247845
-27.749647 -36.301369
-27.693409 -36.354797
-27.637098 -36.408131
-27.580715 -36.461365
-27.524260 -36.514500
-27.467731 -36.567535
-27.411133 -36.620472
-27.354464 -36.673309
-27.297724 -36.726048
-27.240913 -36.778687
-27.184032 -36.831226
-27.127081 -36.883667
-27.070059 -36.936008
-27.012966 -36.988251
-26.955803 -37.040394
-26.898569 -37.092438
-26.841267 -37.144382
-26.783895 -37.196228
-26.726456 -37.247974
-26.668947 -37.299622
-26.611370 -37.351170
-26.553724 -37.402618
-26.496010 -37.453968
-26.438227 -37.505219
-26.380375 -37.556370
-26.322454 -37.607422
-26.264467 -37.658375
-26.206413 -37.709229
-26.148293 -37.759983
-26.090105 -37.810638
-26.031851 -37.861195
-25.973530 -37.911652
-25.915142 -37.962009
-25.856688 -38.012268
-25.798166 -38.062428
-25.739578 -38.112488
-25.680925 -38.162449
-25.622208 -38.212311
-25.563425 -38.262074
-25.504578 -38.311737
-25.445665 -38.361301
-25.386688 -38.410767
-25.327646 -38.460133
-25.268539 -38.509399
-25.209368 -38.558567
-25.150131 -38.607635
-25.090832 -38.656605
-25.031469 -38.705475
-24.972044 -38.754246
-24.912556 -38.802917
-24.853004 -38.851490
-24.793390 -38.899963
-24.733713 -38.948334
-24.673973 -38.996601
-24.614170 -39.044765
-24.554304 -39.092827
-24.494377 -39.140785
-24.434389 -39.188641
-24.374340 -39.236393
-24.314230 -39.284042
-24.254059 -39.331589
-24.193827 -39.379032
-24.133533 -39.426373
-24.073179 -39.473610
-24.012764 -39.520744
-23.952288 -39.567776
-23.891752 -39.614704
-23.831158 -39.661530
-23.770504 -39.708252
-23.709791 -39.754871
-23.649019 -39.801388
-23.588188 -39.847801
-23.527298 -39.894112
-23.466349 -39.940319
-23.405340 -39.986423
-23.344273 -40.032425
-23.283148 -40.078323
-23.221966 -40.124119
-23.160727 -40.169811
-23.099430 -40.215401
-23.038076 -40.260887
-22.976665 -40.306271
-22.915197 -40.351551
-22.853672 -40.396729
-22.792089 -40.441803
-22.730450 -40.486774
-22.668755 -40.531643
-22.607004 -40.576408
-22.545198 -40.621071
-22.483337 -40.665630
-22.421421 -40.710087
-22.359449 -40.754440
-22.297422 -40.798691
-22.235340 -40.842838
-22.173203 -40.886883
-22.111010 -40.930824
-22.048763 -40.974663
-21.986464 -41.018398
-21.924110 -41.062031
-21.861704 -41.105560
-21.799244 -41.148987
-21.736731 -41.192310
-21.674164 -41.235531
-21.611544 -41.278648
-21.548870 -41.321663
-21.486143 -41.364574
-21.423365 -41.407383
-21.360535 -41.450089
-21.297653 -41.492691
-21.234720 -41.535191
-21.171736 -41.577587
-21.108700 -41.619881
-21.045612 -41.662071
-20.982473 -41.704159
-20.919283 -41.746143
-20.856041 -41.788025
-20.792749 -41.829803
-20.729408 -41.871479
-20.666018 -41.913052
-20.602577 -41.954521
-20.539087 -41.995888
-20.475548 -42.037151
-20.411959 -42.078312
-20.348320 -42.119370
-20.284632 -42.160324
-20.220894 -42.201176
-20.157108 -42.241920
-20.093275 -42.282558
-20.029394 -42.323090
-19.965466 -42.363514
-19.901489 -42.403831
-19.837465 -42.444042
-19.773394 -42.484146
-19.709274 -42.524143
-19.645107 -42.564034
-19.580893 -42.603817
-19.516630 -42.643494
-19.452322 -42.683064
-19.387968 -42.722527
-19.323568 -42.761883
-19.259123 -42.801132
-19.194632 -42.840275
-19.130095 -42.879311
-19.065512 -42.918240
-19.000883 -42.957062
-18.936209 -42.995777
-18.871489 -43.034386
-18.806725 -43.072887
-18.741917 -43.111282
-18.677065 -43.149570
-18.612169 -43.187752
-18.547230 -43.225826
-18.482246 -43.263794
-18.417219 -43.301655
-18.352148 -43.339409
-18.287033 -43.377056
-18.221874 -43.414597
-18.156673 -43.452030
-18.091431 -43.489357
-18.026146 -43.526577
-17.960819 -43.563690
-17.895451 -43.600697
-17.830040 -43.637596
-17.764587 -43.674389
-17.699093 -43.711075
-17.633556 -43.747654
-17.567978 -43.784126
-17.502359 -43.820492
-17.436701 -43.856750
-17.371002 -43.892902
-17.305264 -43.928947
-17.239485 -43.964886
-17.173666 -44.000717
-17.107807 -44.036442
-17.041908 -44.072060
-16.975969 -44.107571
-16.909990 -44.142975
-16.843971 -44.178272
-16.777914 -44.213463
-16.711819 -44.248547
-16.645685 -44.283524
-16.579514 -44.318394
-16.513304 -44.353157
-16.447056 -44.387814
-16.380770 -44.422363
-16.314445 -44.456806
-16.248083 -44.491142
-16.181683 -44.525372
-16.115246 -44.559494
-16.048773 -44.593510
-15.982263 -44.627419
-15.915716 -44.661221
-15.849133 -44.694916
-15.782515 -44.728504
-15.715859 -44.761986
-15.649168 -44.795361
-15.582441 -44.828629
-15.515679 -44.861790
-15.448882 -44.894844
-15.382050 -44.927792
-15.315182 -44.960632
-15.248280 -44.993366
-15.181343 -45.025993
-15.114372 -45.058514
-15.047367 -45.090927
-14.980328 -45.123234
-14.913254 -45.155434
-14.846147 -45.187527
-14.779006 -45.219513
-14.711832 -45.251392
-14.644625 -45.283165
-14.577384 -45.314831
-14.510111 -45.346390
-14.442805 -45.377842
-14.375467 -45.409187
-14.308097 -45.440426
-14.240694 -45.471558
-14.173260 -45.502583
-14.105794 -45.533501
-14.038297 -45.564312
-13.970768 -45.595016
-13.903208 -45.625614
-13.835616 -45.656105
-13.767994 -45.686489
-13.700341 -45.716766
-13.632658 -45.746937
-13.564944 -45.777000
-13.497200 -45.806957
-13.429426 -45.836807
-13.361623 -45.866550
-13.293790 -45.896187
-13.225927 -45.925716
-13.158035 -45.955139
-13.090114 -45.984455
-13.022163 -46.013664
-12.954185 -46.042767
-12.886177 -46.071762
-12.818141 -46.100651
-12.750076 -46.129433
-12.681984 -46.158108
-12.613864 -46.186676
-12.545716 -46.215137
-12.477541 -46.243492
-12.409338 -46.271740
-12.341107 -46.299881
-12.272850 -46.327915
-12.204566 -46.355843
-12.136255 -46.383663
-12.067918 -46.411377
-11.999554 -46.438984
-11.931164 -46.466484
-11.862748 -46.493877
-11.794307 -46.521164
-11.725840 -46.548344
-11.657347 -46.575417
-11.588828 -46.602383
-11.520285 -46.629242
-11.451716 -46.655994
-11.383123 -46.682640
-11.314506 -46.709179
-11.245863 -46.735611
-11.177197 -46.761936
-11.108506 -46.788155
-11.039792 -46.814266
-10.971054 -46.840271
-10.902292 -46.866169
-10.833507 -46.891960
-10.764698 -46.917645
-10.695867 -46.943222
-10.627012 -46.968693
-10.558135 -46.994057
-10.489235 -47.019314
-10.420313 -47.044464
-10.351369 -47.069508
-10.282403 -47.094444
-10.213415 -47.119274
-10.144405 -47.143997
-10.075374 -47.168613
-10.006321 -47.193123
-9.937247 -47.217525
-9.868153 -47.241821
-9.799037 -47.266010
-9.729900 -47.290092
-9.660744 -47.314068
-9.591567 -47.337936
-9.522370 -47.361698
-9.453154 -47.385353
-9.383917 -47.408901
-9.314660 -47.432343
-9.245384 -47.455677
-9.176089 -47.478905
-9.106775 -47.502026
-9.037442 -47.525040
-8.968090 -47.547947
-8.898719 -47.570747
-8.829329 -47.593441
-8.759922 -47.616028
-8.690496 -47.638508
-8.621053 -47.660881
-8.551591 -47.683147
-8.482111 -47.705307
-8.412614 -47.727360
-8.343100 -47.749306
-8.273568 -47.771145
-8.204020 -47.792877
-8.134454 -47.814503
-8.064872 -47.836021
-7.995273 -47.857433
-7.925658 -47.878738
-7.856027 -47.899937
-7.786380 -47.921028
-7.716717 -47.942013
-7.647038 -47.962891
-7.577343 -47.983662
-7.507634 -48.004326
-7.437909 -48.024883
-7.368169 -48.045334
-7.298414 -48.065678
-7.228645 -48.085915
-7.158861 -48.106045
-7.089063 -48.126068
-7.019251 -48.145985
-6.949425 -48.165794
-6.879585 -48.185497
-6.809731 -48.205093
-6.739864 -48.224583
-6.669983 -48.243965
-6.600090 -48.263241
-6.530183 -48.282410
-6.460263 -48.301472
-6.390331 -48.320427
-6.320386 -48.339275
-6.250429 -48.358017
-6.180459 -48.376652
-6.110477 -48.395180
-6.040484 -48.413601
-5.970479 -48.431915
-5.900462 -48.450123
-5.830433 -48.468224
-5.760394 -48.486217
-5.690343 -48.504105
-5.620281 -48.521885
-5.550209 -48.539558
-5.480125 -48.557125
-5.410032 -48.574585
-5.339928 -48.591938
-5.269814 -48.609184
-5.199689 -48.626324
-5.129555 -48.643356
-5.059412 -48.660282
-4.989258 -48.677101
-4.919096 -48.693813
-4.848924 -48.710419
-4.778743 -48.726917
-4.708553 -48.743309
-4.638354 -48.759594
-4.568147 -48.775772
-4.497931 -48.791843
-4.427708 -48.807808
-4.357476 -48.823666
-4.287236 -48.839417
-4.216988 -48.855061
-4.146733 -48.870598
-4.076470 -48.886028
-4.006200 -48.901352
-3.935923 -48.916569
-3.865638 -48.931679
-3.795347 -48.946682
-3.725050 -48.961578
-3.654745 -48.976368
-3.584435 -48.991051
-3.514117 -49.005627
-3.443794 -49.020096
-3.373465 -49.034462
-3.303130 -49.048725
-3.232790 -49.062885
-3.162443 -49.076942
-3.092092 -49.090897
-3.021735 -49.104748
-2.951374 -49.118496
-2.881007 -49.132141
-2.810636 -49.145683
-2.740261 -49.159122
-2.669881 -49.172459
-2.599496 -49.185692
-2.529108 -49.198822
-2.458716 -49.211849
-2.388319 -49.224773
-2.317920 -49.237595
-2.247516 -49.250313
-2.177110 -49.262928
-2.106700 -49.275440
-2.036287 -49.287849
-1.965871 -49.300156
-1.895453 -49.312359
-1.825032 -49.324459
-1.754608 -49.336456
-1.684183 -49.348351
-1.613755 -49.360142
-1.543325 -49.371830
-1.472893 -49.383415
-1.402460 -49.394897
-1.332025 -49.406277
-1.261588 -49.417553
-1.191151 -49.428726
-1.120712 -49.439796
-1.050273 -49.450764
-0.979832 -49.461628
-0.909391 -49.472389
-0.838950 -49.483047
-0.768508 -49.493603
-0.698066 -49.504055
-0.627624 -49.514404
-0.557182 -49.524651
-0.486740 -49.534794
-0.416299 -49.544834
-0.345858 -49.554771
-0.275418 -49.564606
-0.204979 -49.574337
-0.134540 -49.583965
-0.064103 -49.593491
0.006333 -49.602913
0.076767 -49.612232
0.147200 -49.621449
0.217631 -49.630562
0.288061 -49.639572
0.358488 -49.648479
0.428913 -49.657284
0.499336 -49.665985
0.569756 -49.674583
0.640174 -49.683079
0.710589 -49.691471
0.781002 -49.699760
0.851411 -49.707947
0.921817 -49.716030
0.992220 -49.724010
1.062619 -49.731888
1.133015 -49.739662
1.203407 -49.747334
1.273795 -49.754902
1.344179 -49.762367
1.414559 -49.769730
1.484934 -49.776989
1.555305 -49.784145
1.625672 -49.791199
1.696034 -49.798149
1.766391 -49.804996
1.836742 -49.811741
1.907089 -49.818382
1.977430 -49.824921
2.047766 -49.831356
2.118097 -49.837688
2.188421 -49.843918
2.258740 -49.850044
2.329053 -49.856068
2.399359 -49.861988
2.469660 -49.867805
2.539954 -49.873520
2.610241 -49.879131
2.680521 -49.884640
2.750795 -49.890045
2.821062 -49.895348
2.891321 -49.900547
2.961574 -49.905643
3.031818 -49.910637
3.102056 -49.915527
3.172285 -49.920315
3.242507 -49.924999
3.312721 -49.929581
3.382926 -49.934063
3.453124 -49.938446
3.523313 -49.942730
3.593493 -49.946915
3.663665 -49.951000
3.733828 -49.954987
3.803982 -49.958874
3.874127 -49.962662
3.944263 -49.966351
4.014390 -49.969940
4.084507 -49.973431
4.154614 -49.976822
4.224712 -49.980114
4.294800 -49.983307
4.364878 -49.986401
4.434946 -49.989395
4.505003 -49.992290
4.575050 -49.995087
4.645086 -49.997784
4.715112 -50.000381
4.785127 -50.002880
4.855131 -50.005280
4.925124 -50.007580
4.995106 -50.009781
5.065076 -50.011883
5.135035 -50.013885
5.204982 -50.015789
5.274917 -50.017593
5.344841 -50.019299
5.414752 -50.020905
5.484651 -50.022411
5.554538 -50.023819
5.624412 -50.025127
5.694274 -50.026337
5.764123 -50.027447
5.833959 -50.028458
5.903782 -50.029369
5.973593 -50.030182
6.043390 -50.030895
6.113173 -50.031509
6.182944 -50.032024
6.252700 -50.032440
6.322443 -50.032757
6.392172 -50.032974
6.461887 -50.033092
6.531588 -50.033112
6.601274 -50.033031
6.670946 -50.032852
6.740603 -50.032574
6.810246 -50.032196
6.879874 -50.031719
6.949487 -50.031143
7.019084 -50.030468
7.088667 -50.029694
7.158234 -50.028820
7.227786 -50.027847
7.297322 -50.026775
7.366843 -50.025604
7.436347 -50.024334
7.505836 -50.022964
7.575309 -50.021496
7.644766 -50.019928
7.714206 -50.018261
7.783630 -50.016495
7.853037 -50.014629
7.922427 -50.012665
7.991801 -50.010601
8.061157 -50.008438
8.130497 -50.006176
8.199820 -50.003815
8.269125 -50.001354
8.338413 -49.998795
8.407684 -49.996136
8.476937 -49.993382
8.546172 -49.990532
8.615389 -49.987587
8.684587 -49.984547
8.753768 -49.981411
8.822930 -49.978180
8.892075 -49.974854
8.961200 -49.971432
9.030306 -49.967915
9.099393 -49.964302
9.168461 -49.960594
9.237510 -49.956791
9.306540 -49.952892
9.375550 -49.948898
9.444542 -49.944809
9.513514 -49.940624
9.582465 -49.936344
9.651397 -49.931969
9.720308 -49.927498
9.789200 -49.922932
9.858071 -49.918270
9.926923 -49.913513
9.995754 -49.908661
10.064565 -49.903713
10.133354 -49.898670
10.202123 -49.893532
10.270870 -49.888298
10.339597 -49.882969
10.408302 -49.877544
10.476987 -49.872025
10.545650 -49.866409
10.614292 -49.860699
10.682912 -49.854893
10.751510 -49.848991
10.820086 -49.842995
10.888639 -49.836903
10.957171 -49.830715
11.025681 -49.824432
11.094169 -49.818054
11.162633 -49.811581
11.231074 -49.805012
11.299493 -49.798347
11.367888 -49.791588
11.436261 -49.784733
11.504611 -49.777782
11.572938 -49.770737
11.641241 -49.763596
11.709520 -49.756359
11.777776 -49.749027
11.846007 -49.741600
11.914215 -49.734077
11.982399 -49.726460
12.050559 -49.718746
12.118695 -49.710938
12.186808 -49.703033
12.254895 -49.695034
12.322958 -49.686939
12.390996 -49.678749
12.459009 -49.670464
12.526998 -49.662083
12.594961 -49.653606
12.662900 -49.645035
12.730814 -49.636372
12.798702 -49.627617
12.866565 -49.618771
12.934402 -49.609833
13.002213 -49.600803
13.069998 -49.591682
13.137757 -49.582470
13.205491 -49.573166
13.273199 -49.563770
13.340880 -49.554283
13.408535 -49.544704
13.476163 -49.535034
13.543764 -49.525272
13.611339 -49.515419
13.678886 -49.505474
13.746408 -49.495438
13.813902 -49.485310
13.881369 -49.475090
13.948808 -49.464779
14.016219 -49.454376
14.083603 -49.443882
14.150959 -49.433296
14.218287 -49.422619
14.285588 -49.411850
14.352861 -49.400990
14.420107 -49.390038
14.487324 -49.378994
14.554512 -49.367859
14.621672 -49.356632
14.688803 -49.345314
14.755905 -49.333904
14.822979 -49.322403
14.890024 -49.310810
14.957041 -49.299126
15.024028 -49.287350
15.090985 -49.275482
15.157913 -49.263523
15.224812 -49.251472
15.291680 -49.239330
15.358520 -49.227097
15.425329 -49.214771
15.492109 -49.202354
15.558860 -49.189846
15.625580 -49.177246
15.692269 -49.164555
15.758928 -49.151772
15.825557 -49.138897
15.892155 -49.125931
15.958722 -49.112873
16.025259 -49.099724
16.091764 -49.086483
16.158239 -49.073151
16.224684 -49.059727
16.291098 -49.046211
16.357481 -49.032604
16.423834 -49.018906
16.490154 -49.005116
16.556442 -48.991234
16.622698 -48.977264
16.688921 -48.963207
16.755112 -48.949062
16.821270 -48.934830
16.887396 -48.920509
16.953489 -48.906101
17.019550 -48.891605
17.085579 -48.877022
17.151575 -48.862350
17.217539 -48.847591
17.283470 -48.832745
17.349369 -48.817810
17.415236 -48.802788
17.481070 -48.787678
17.546871 -48.772480
17.612640 -48.757195
17.678375 -48.741821
17.744076 -48.726360
17.809742 -48.710812
17.875374 -48.695175
17.940971 -48.679451
18.006535 -48.663639
18.072063 -48.647739
18.137558 -48.631752
18.203018 -48.615677
18.268444 -48.599514
18.333836 -48.583263
18.399193 -48.566925
18.464516 -48.550499
18.529804 -48.533985
18.595058 -48.517384
18.660278 -48.500694
18.725464 -48.483917
18.790615 -48.467052
18.855732 -48.450100
18.920813 -48.433060
18.985857 -48.415932
19.050865 -48.398716
19.115837 -48.381413
19.180773 -48.364021
19.245672 -48.346542
19.310535 -48.328976
19.375362 -48.311321
19.440153 -48.293579
19.504908 -48.275749
19.569626 -48.257832
19.634308 -48.239826
19.698954 -48.221733
19.763563 -48.203552
19.828136 -48.185284
19.892673 -48.166927
19.957174 -48.148483
20.021639 -48.129951
20.086067 -48.111332
20.150457 -48.092628
20.214809 -48.073841
20.279123 -48.054970
20.343399 -48.036015
20.407637 -48.016975
20.471836 -47.997852
20.535997 -47.978645
20.600121 -47.959354
20.664206 -47.939980
20.728252 -47.920521
20.792261 -47.900978
20.856232 -47.881351
20.920164 -47.861641
20.984058 -47.841846
21.047915 -47.821968
21.111732 -47.802006
21.175512 -47.781960
21.239254 -47.761829
21.302958 -47.741615
21.366621 -47.721317
21.430244 -47.700935
21.493828 -47.680470
21.557371 -47.659920
21.620874 -47.639286
21.684338 -47.618568
21.747761 -47.597767
21.811144 -47.576881
21.874487 -47.555912
21.937790 -47.534859
22.001053 -47.513721
22.064276 -47.492500
22.127459 -47.471195
22.190601 -47.449806
22.253704 -47.428333
22.316767 -47.406776
22.379789 -47.385136
22.442772 -47.363411
22.505714 -47.341602
22.568617 -47.319710
22.631477 -47.297733
22.694296 -47.275673
22.757072 -47.253529
22.819807 -47.231300
22.882500 -47.208988
22.945150 -47.186592
23.007759 -47.164112
23.070326 -47.141548
23.132851 -47.118900
23.195333 -47.096169
23.257774 -47.073353
23.320173 -47.050453
23.382530 -47.027470
23.444845 -47.004406
23.507118 -46.981262
23.569349 -46.958038
23.631538 -46.934734
23.693686 -46.911350
23.755791 -46.887886
23.817854 -46.864342
23.879875 -46.840717
23.941853 -46.817013
24.003786 -46.793228
24.065676 -46.769363
24.127522 -46.745419
24.189323 -46.721394
24.251081 -46.697289
24.312796 -46.673103
24.374466 -46.648838
24.436092 -46.624493
24.497675 -46.600067
24.559214 -46.575562
24.620708 -46.550976
24.682159 -46.526310
24.743567 -46.501564
24.804930 -46.476738
24.866249 -46.451832
24.927525 -46.426846
24.988756 -46.401779
25.049944 -46.376633
25.111088 -46.351406
25.172188 -46.326099
25.233242 -46.300713
25.294250 -46.275246
25.355213 -46.249699
25.416130 -46.224072
25.477001 -46.198364
25.537827 -46.172577
25.598606 -46.146709
25.659340 -46.120762
25.720028 -46.094734
25.780670 -46.068626
25.841267 -46.042439
25.901817 -46.016171
25.962322 -45.989822
26.022781 -45.963394
26.083195 -45.936886
26.143562 -45.910297
26.203884 -45.883629
26.264160 -45.856880
26.324390 -45.830051
26.384575 -45.803143
26.444714 -45.776154
26.504807 -45.749088
26.564852 -45.721947
26.624849 -45.694729
26.684799 -45.667435
26.744701 -45.640064
26.804556 -45.612617
26.864363 -45.585094
26.924122 -45.557495
26.983833 -45.529819
27.043497 -45.502068
27.103113 -45.474239
27.162682 -45.446335
27.222202 -45.418354
27.281675 -45.390297
27.341101 -45.362164
27.400478 -45.333954
27.459808 -45.305668
27.519091 -45.277306
27.578325 -45.248867
27.637512 -45.220352
27.696651 -45.191761
27.755743 -45.163094
27.814787 -45.134350
27.873783 -45.105530
27.932730 -45.076633
27.991627 -45.047661
28.050474 -45.018612
28.109272 -44.989487
28.168020 -44.960285
28.226719 -44.931007
28.285368 -44.901653
28.343967 -44.872223
28.402517 -44.842716
28.461018 -44.813133
28.519468 -44.783474
28.577869 -44.753738
28.636221 -44.723927
28.694523 -44.694038
28.752775 -44.664074
28.810978 -44.634033
28.869131 -44.603916
28.927235 -44.573723
28.985289 -44.543453
29.043293 -44.513107
29.101248 -44.482685
29.159153 -44.452187
29.217009 -44.421612
29.274813 -44.390961
29.332565 -44.360233
29.390266 -44.329433
29.447916 -44.298561
29.505514 -44.267616
29.563061 -44.236599
29.620556 -44.205509
29.677999 -44.174347
29.735392 -44.143112
29.792732 -44.111805
29.850021 -44.080425
29.907259 -44.048973
29.964445 -44.017448
30.021580 -43.985851
30.078663 -43.954182
30.135695 -43.922440
30.192675 -43.890625
30.249603 -43.858738
30.306480 -43.826778
30.363306 -43.794746
30.420080 -43.762642
30.476803 -43.730465
30.533474 -43.698215
30.590094 -43.665894
30.646662 -43.633499
30.703176 -43.601032
30.759638 -43.568493
30.816046 -43.535881
30.872400 -43.503197
30.928701 -43.470440
30.984949 -43.437611
31.041143 -43.404709
31.097284 -43.371735
31.153372 -43.338688
31.209406 -43.305569
31.265387 -43.272377
31.321314 -43.239113
31.377188 -43.205776
31.433008 -43.172367
31.488775 -43.138885
31.544489 -43.105331
31.600149 -43.071705
31.655756 -43.038006
31.711309 -43.004234
31.766809 -42.970390
31.822256 -42.936474
31.877649 -42.902485
31.932989 -42.868423
31.988276 -42.834290
32.043507 -42.800087
32.098682 -42.765816
32.153805 -42.731476
32.208874 -42.697067
32.263889 -42.662590
32.318851 -42.628044
32.373760 -42.593430
32.428616 -42.558746
32.483418 -42.523994
32.538166 -42.489174
32.592861 -42.454285
32.647503 -42.419327
32.702091 -42.384300
32.756626 -42.349205
32.811104 -42.314041
32.865524 -42.278809
32.919888 -42.243507
32.974194 -42.208138
33.028442 -42.172699
33.082634 -42.137192
33.136768 -42.101616
33.190845 -42.065971
33.244865 -42.030258
33.298828 -41.994476
33.352734 -41.958626
33.406582 -41.922707
33.460373 -41.886719
33.514107 -41.850662
33.567783 -41.814537
33.621403 -41.778343
33.674965 -41.742081
33.728470 -41.705750
33.781918 -41.669350
33.835308 -41.632881
33.888641 -41.596344
33.941917 -41.559738
33.995136 -41.523064
34.048298 -41.486320
34.101402 -41.449509
34.154449 -41.412628
34.207439 -41.375679
34.260372 -41.338661
34.313248 -41.301575
34.366066 -41.264420
34.418827 -41.227196
34.471531 -41.189903
34.524178 -41.152542
34.576767 -41.115116
34.629299 -41.077625
34.681774 -41.040070
34.734192 -41.002449
34.786552 -40.964764
34.838856 -40.927013
34.891102 -40.889198
34.943291 -40.851318
34.995422 -40.813374
35.047497 -40.775364
35.099514 -40.737289
35.151474 -40.699150
35.203377 -40.660946
35.255222 -40.622677
35.307011 -40.584343
35.358742 -40.545944
35.410416 -40.507481
35.462032 -40.468952
35.513592 -40.430359
35.565094 -40.391701
35.616539 -40.352978
35.667927 -40.314190
35.719254 -40.275337
35.770519 -40.236420
35.821724 -40.197437
35.872868 -40.158390
35.923950 -40.119278
35.974972 -40.080101
36.025932 -40.040859
36.076832 -40.001553
36.127670 -39.962181
36.178448 -39.922745
36.229164 -39.883244
36.279819 -39.843678
36.330414 -39.804047
36.380947 -39.764351
36.431419 -39.724590
36.481831 -39.684765
36.532181 -39.644875
36.582470 -39.604919
36.632698 -39.564899
36.682865 -39.524815
36.732971 -39.484665
36.783016 -39.444450
36.833000 -39.404171
36.882923 -39.363827
36.932785 -39.323418
36.982586 -39.282948
37.032326 -39.242416
37.082005 -39.201824
37.131622 -39.161171
37.181179 -39.120457
37.230675 -39.079681
37.280109 -39.038845
37.329483 -38.997948
37.378796 -38.956989
37.428047 -38.915970
37.477238 -38.874889
37.526367 -38.833748
37.575436 -38.792545
37.624443 -38.751282
37.673389 -38.709957
37.722275 -38.668571
37.771099 -38.627125
37.819862 -38.585617
37.868565 -38.544048
37.917206 -38.502419
37.965786 -38.460728
38.014305 -38.418976
38.062763 -38.377163
38.111160 -38.335289
38.159496 -38.293354
38.207771 -38.251358
38.255985 -38.209301
38.304138 -38.167183
38.352230 -38.125004
38.400261 -38.082764
38.448231 -38.040462
38.496140 -37.998100
38.543987 -37.955677
38.591774 -37.913193
38.639500 -37.870647
38.687160 -37.828041
38.734756 -37.785374
38.782288 -37.742645
38.829754 -37.699856
38.877155 -37.657005
38.924492 -37.614094
38.971764 -37.571121
39.018970 -37.528088
39.066113 -37.484993
39.113190 -37.441837
39.160202 -37.398624
39.207150 -37.355354
39.254032 -37.312027
39.300850 -37.268642
39.347603 -37.225201
39.394291 -37.181702
39.440914 -37.138145
39.487473 -37.094532
39.533966 -37.050861
39.580395 -37.007133
39.626759 -36.963348
39.673058 -36.919506
39.719292 -36.875607
39.765461 -36.831650
39.811565 -36.787636
39.857605 -36.743565
39.903580 -36.699436
39.949490 -36.655251
39.995335 -36.611008
40.041115 -36.566708
40.086830 -36.522350
40.132481 -36.477936
40.178066 -36.433464
40.223587 -36.388935
40.269043 -36.344349
40.314434 -36.299706
40.359760 -36.255005
40.405022 -36.210247
40.450218 -36.165432
40.495350 -36.120560
40.540417 -36.075630
40.585419 -36.030643
40.630356 -35.985600
40.675228 -35.940498
40.720036 -35.895340
40.764778 -35.850124
40.809456 -35.804852
40.854069 -35.759521
40.898617 -35.714134
40.943100 -35.668690
40.987518 -35.623188
41.031872 -35.577629
41.076160 -35.532013
41.120384 -35.486340
41.164543 -35.440609
41.208637 -35.394821
41.252666 -35.348980
41.296631 -35.303085
41.340530 -35.257137
41.384365 -35.211136
41.428135 -35.165081
41.471840 -35.118973
41.515480 -35.072811
41.559055 -35.026596
41.602566 -34.980328
41.646008 -34.934006
41.689381 -34.887630
41.732685 -34.841202
41.775921 -34.794720
41.819088 -34.748184
41.862186 -34.701595
41.905216 -34.654953
41.948177 -34.608257
41.991070 -34.561508
42.033894 -34.514706
42.076649 -34.467850
42.119335 -34.420940
42.161953 -34.373978
42.204502 -34.326962
42.246983 -34.279892
42.289394 -34.232769
42.331738 -34.185593
42.374012 -34.138363
42.416218 -34.091080
42.458355 -34.043743
42.500423 -33.996353
42.542423 -33.948910
42.584354 -33.901413
42.626217 -33.853863
42.668011 -33.806259
42.709736 -33.758602
42.751392 -33.710892
42.792980 -33.663128
42.834499 -33.615311
42.875950 -33.567440
42.917332 -33.519516
42.958645 -33.471539
42.999889 -33.423508
43.041065 -33.375423
43.082172 -33.327286
43.123211 -33.279095
43.164181 -33.230854
43.205082 -33.182564
43.245914 -33.134224
43.286678 -33.085835
43.327374 -33.037395
43.368000 -32.988907
43.408558 -32.940369
43.449047 -32.891781
43.489468 -32.843143
43.529819 -32.794456
43.570103 -32.745720
43.610317 -32.696934
43.650463 -32.648098
43.690540 -32.599213
43.730549 -32.550278
43.770489 -32.501293
43.810360 -32.452259
43.850163 -32.403175
43.889896 -32.354042
43.929562 -32.304859
43.969158 -32.255627
44.008686 -32.206345
44.048145 -32.157013
44.087536 -32.107632
44.126858 -32.058201
44.166111 -32.008720
44.205296 -31.959190
44.244411 -31.909611
44.283459 -31.859982
44.322437 -31.810303
44.361347 -31.760574
44.400188 -31.710796
44.438961 -31.660969
44.477665 -31.611094
44.516300 -31.561171
44.554867 -31.511200
44.593365 -31.461182
44.631794 -31.411116
44.670151 -31.361002
44.708435 -31.310841
44.746647 -31.260632
44.784786 -31.210375
44.822853 -31.160070
44.860847 -31.109718
44.898769 -31.059319
44.936619 -31.008871
44.974396 -30.958376
45.012100 -30.907833
45.049732 -30.857243
45.087292 -30.806604
45.124779 -30.755919
45.162193 -30.705185
45.199535 -30.654404
45.236805 -30.603575
45.274002 -30.552698
45.311127 -30.501776
45.348179 -30.450808
45.385159 -30.399794
45.422066 -30.348734
45.458900 -30.297628
45.495663 -30.246477
45.532352 -30.195280
45.568970 -30.144037
45.605515 -30.092749
45.641987 -30.041414
45.678387 -29.990034
45.714714 -29.938608
45.750969 -29.887136
45.787151 -29.835619
45.823261 -29.784056
45.859299 -29.732447
45.895264 -29.680792
45.931156 -29.629091
45.966976 -29.577345
46.002724 -29.525553
46.038399 -29.473715
46.074001 -29.421831
46.109531 -29.369904
46.144989 -29.317932
46.180374 -29.265917
46.215687 -29.213858
46.250927 -29.161755
46.286095 -29.109608
46.321190 -29.057417
46.356213 -29.005182
46.391163 -28.952904
46.426041 -28.900581
46.460846 -28.848215
46.495579 -28.795805
46.530239 -28.743351
46.564827 -28.690853
46.599342 -28.638311
46.633785 -28.585726
46.668156 -28.533096
46.702454 -28.480423
46.736679 -28.427706
46.770832 -28.374945
46.804913 -28.322140
46.838921 -28.269291
46.872856 -28.216400
46.906719 -28.163467
46.940510 -28.110493
46.974228 -28.057476
47.007874 -28.004417
47.041447 -27.951317
47.074947 -27.898174
47.108376 -27.844990
47.141731 -27.791763
47.175014 -27.738495
47.208225 -27.685184
47.241364 -27.631832
47.274429 -27.578438
47.307423 -27.525002
47.340343 -27.471523
47.373192 -27.418003
47.405968 -27.364441
47.438671 -27.310837
47.471302 -27.257191
47.503860 -27.203503
47.536346 -27.149773
47.568760 -27.096001
47.601097 -27.042189
47.633358 -26.988337
47.665543 -26.934444
47.697651 -26.880512
47.729683 -26.826540
47.761639 -26.772528
47.793518 -26.718475
47.825321 -26.664383
47.857048 -26.610250
47.888699 -26.556078
47.920273 -26.501865
47.951771 -26.447613
47.983192 -26.393320
48.014538 -26.338987
48.045807 -26.284615
48.077000 -26.230202
48.108116 -26.175749
48.139156 -26.121256
48.170120 -26.066723
48.201008 -26.012150
48.231819 -25.957537
48.262554 -25.902884
48.293213 -25.848192
48.323795 -25.793463
48.354301 -25.738695
48.384731 -25.683889
48.415085 -25.629045
48.445362 -25.574163
48.475563 -25.519243
48.505688 -25.464285
48.535736 -25.409288
48.565708 -25.354254
48.595604 -25.299181
48.625423 -25.244070
48.655167 -25.188921
48.684834 -25.133734
48.714424 -25.078508
48.743938 -25.023245
48.773376 -24.967943
48.802738 -24.912603
48.832024 -24.857225
48.861233 -24.801809
48.890366 -24.746355
48.919422 -24.690865
48.948402 -24.635338
48.977306 -24.579775
49.006134 -24.524176
49.034885 -24.468540
49.063560 -24.412868
49.092159 -24.357161
49.120682 -24.301416
49.149128 -24.245636
49.177498 -24.189819
49.205791 -24.133966
49.234009 -24.078077
49.262150 -24.022152
49.290215 -23.966190
49.318203 -23.910192
49.346115 -23.854158
49.373951 -23.798088
49.401711 -23.741982
49.429394 -23.685839
49.457001 -23.629660
49.484531 -23.573444
49.511986 -23.517193
49.539364 -23.460907
49.566666 -23.404587
49.593891 -23.348232
49.621040 -23.291843
49.648113 -23.235420
49.675110 -23.178963
49.702030 -23.122471
49.728874 -23.065945
49.755642 -23.009384
49.782333 -22.952789
49.808949 -22.896160
49.835487 -22.839497
49.861950 -22.782799
49.888336 -22.726067
49.914646 -22.669300
49.940880 -22.612499
49.967037 -22.555664
49.993118 -22.498795
50.019123 -22.441891
50.045052 -22.384953
50.070904 -22.327980
50.096680 -22.270975
50.122379 -22.213938
50.148003 -22.156868
50.173550 -22.099766
50.199020 -22.042631
50.224415 -21.985464
50.249733 -21.928265
50.274975 -21.871033
50.300140 -21.813768
50.325230 -21.756472
50.350239 -21.699142
50.375168 -21.641781
50.400017 -21.584387
50.424786 -21.526960
50.449474 -21.469501
50.474083 -21.412010
50.498611 -21.354486
50.523060 -21.296930
50.547428 -21.239342
50.571716 -21.181721
50.595924 -21.124067
50.620052 -21.066383
50.644100 -21.008669
50.668068 -20.950924
50.691956 -20.893148
50.715763 -20.835342
50.739491 -20.777506
50.763138 -20.719639
50.786705 -20.661741
50.810192 -20.603813
50.833599 -20.545855
50.856926 -20.487865
50.880173 -20.429846
50.903339 -20.371796
50.926426 -20.313715
50.949432 -20.255604
50.972359 -20.197462
50.995205 -20.139290
51.017971 -20.081087
51.040657 -20.022854
51.063263 -19.964590
51.085789 -19.906296
51.108234 -19.847971
51.130600 -19.789618
51.152885 -19.731236
51.175091 -19.672825
51.197216 -19.614386
51.219261 -19.555918
51.241226 -19.497421
51.263111 -19.438896
51.284916 -19.380342
51.306641 -19.321760
51.328285 -19.263149
51.349850 -19.204510
51.371334 -19.145842
51.392738 -19.087145
51.414062 -19.028419
51.435307 -18.969666
51.456470 -18.910883
51.477554 -18.852072
51.498558 -18.793232
51.519482 -18.734364
51.540325 -18.675467
51.561089 -18.616541
51.581772 -18.557589
51.602375 -18.498610
51.622898 -18.439604
51.643341 -18.380571
51.663704 -18.321512
51.683987 -18.262426
51.704189 -18.203314
51.724312 -18.144175
51.744354 -18.085009
51.764317 -18.025816
51.784199 -17.966597
51.804001 -17.907351
51.823723 -17.848078
51.843365 -17.788778
51.862926 -17.729452
51.882408 -17.670099
51.901810 -17.610720
51.921131 -17.551313
51.940372 -17.491880
51.959534 -17.432421
51.978615 -17.372934
51.997616 -17.313423
52.016537 -17.253887
52.035378 -17.194326
52.054138 -17.134741
52.072819 -17.075130
52.091419 -17.015495
52.109940 -16.955835
52.128380 -16.896151
52.146740 -16.836441
52.165020 -16.776707
52.183220 -16.716948
52.201340 -16.657164
52.219379 -16.597355
52.237339 -16.537521
52.255219 -16.477663
52.273018 -16.417780
52.290737 -16.357872
52.308376 -16.297939
52.325935 -16.237982
52.343414 -16.177999
52.360813 -16.117994
52.378132 -16.057966
52.395370 -15.997914
52.412529 -15.937839
52.429607 -15.877739
52.446606 -15.817616
52.463524 -15.757469
52.480362 -15.697300
52.497120 -15.637108
52.513798 -15.576893
52.530396 -15.516655
52.546913 -15.456394
52.563351 -15.396111
52.579708 -15.335804
52.595985 -15.275475
52.612183 -15.215122
52.628300 -15.154748
52.644337 -15.094352
52.660294 -15.033934
52.676170 -14.973494
52.691967 -14.913032
52.707684 -14.852548
52.723320 -14.792042
52.738873 -14.731514
52.754341 -14.670964
52.769726 -14.610393
52.785027 -14.549800
52.800243 -14.489186
52.815376 -14.428552
52.830425 -14.367896
52.845390 -14.307220
52.860271 -14.246522
52.875069 -14.185803
52.889782 -14.125064
52.904411 -14.064303
52.918957 -14.003522
52.933418 -13.942719
52.947796 -13.881897
52.962090 -13.821054
52.976299 -13.760192
52.990425 -13.699309
53.004467 -13.638407
53.018425 -13.577484
53.032299 -13.516541
53.046089 -13.455579
53.059795 -13.394596
53.073418 -13.333593
53.086956 -13.272572
53.100410 -13.211531
53.113781 -13.150471
53.127068 -13.089392
53.140270 -13.028294
53.153389 -12.967176
53.166424 -12.906040
53.179375 -12.844885
53.192242 -12.783710
53.205025 -12.722517
53.217724 -12.661305
53.230339 -12.600076
53.242870 -12.538828
53.255318 -12.477562
53.267681 -12.416278
53.279961 -12.354976
53.292156 -12.293655
53.304268 -12.232317
53.316296 -12.170960
53.328239 -12.109586
53.340099 -12.048194
53.351875 -11.986785
53.363567 -11.925359
53.375175 -11.863915
53.386700 -11.802455
53.398140 -11.740977
53.409496 -11.679482
53.420769 -11.617970
53.431957 -11.556441
53.443062 -11.494895
53.454082 -11.433332
53.465019 -11.371754
53.475872 -11.310159
53.486641 -11.248548
53.497326 -11.186920
53.507927 -11.125277
53.518444 -11.063617
53.528877 -11.001941
53.539227 -10.940248
53.549492 -10.878540
53.559673 -10.816816
53.569771 -10.755077
53.579784 -10.693323
53.589714 -10.631554
53.599560 -10.569769
53.609322 -10.507969
53.618999 -10.446154
53.628593 -10.384323
53.638103 -10.322477
53.647530 -10.260616
53.656872 -10.198741
53.666130 -10.136851
53.675304 -10.074947
53.684395 -10.013029
53.693401 -9.951097
53.702324 -9.889150
53.711163 -9.827188
53.719917 -9.765213
53.728588 -9.703223
53.737175 -9.641219
53.745678 -9.579201
53.754097 -9.517169
53.762432 -9.455124
53.770683 -9.393065
53.778851 -9.330994
53.786934 -9.268909
53.794933 -9.206810
53.802849 -9.144698
53.810680 -9.082573
53.818428 -9.020434
53.826092 -8.958282
53.833672 -8.896118
53.841167 -8.833941
53.848579 -8.771752
53.855907 -8.709551
53.863152 -8.647337
53.870312 -8.585111
53.877388 -8.522872
53.884380 -8.460621
53.891289 -8.398357
53.898113 -8.336082
53.904854 -8.273794
53.911510 -8.211495
53.918083 -8.149185
53.924572 -8.086864
53.930977 -8.024530
53.937298 -7.962186
53.943535 -7.899830
53.949688 -7.837463
53.955757 -7.775085
53.961742 -7.712696
53.967644 -7.650296
53.973461 -7.587885
53.979195 -7.525464
53.984844 -7.463032
53.990410 -7.400590
53.995892 -7.338137
54.001289 -7.275674
54.006603 -7.213201
54.011833 -7.150717
54.016979 -7.088224
54.022041 -7.025721
54.027020 -6.963207
54.031914 -6.900684
54.036724 -6.838152
54.041451 -6.775610
54.046093 -6.713058
54.050652 -6.650497
54.055126 -6.587927
54.059517 -6.525348
54.063824 -6.462760
54.068047 -6.400163
54.072186 -6.337556
54.076241 -6.274941
54.080212 -6.212318
54.084099 -6.149686
54.087902 -6.087045
54.091621 -6.024396
54.095257 -5.961739
54.098808 -5.899073
54.102276 -5.836400
54.105659 -5.773718
54.108959 -5.711029
54.112175 -5.648332
54.115307 -5.585627
54.118355 -5.522915
54.121319 -5.460195
54.124199 -5.397468
54.126995 -5.334734
54.129707 -5.271993
54.132336 -5.209244
54.134880 -5.146489
54.137341 -5.083726
54.139717 -5.020957
54.142010 -4.958182
54.144218 -4.895400
54.146343 -4.832611
54.148384 -4.769815
54.150341 -4.707014
54.152214 -4.644207
54.154003 -4.581393
54.155704 -4.518573
54.157318 -4.455747
54.158844 -4.392916
54.160282 -4.330079
54.161633 -4.267236
54.162895 -4.204387
54.164070 -4.141533
54.165157 -4.078674
54.166157 -4.015810
54.167068 -3.952941
54.167892 -3.890066
54.168629 -3.827187
54.169277 -3.764303
54.169838 -3.701414
54.170311 -3.638521
54.170696 -3.575623
54.170994 -3.512720
54.171204 -3.449814
54.171326 -3.386903
54.171360 -3.323987
54.171307 -3.261068
54.171165 -3.198145
54.170937 -3.135219
54.170620 -3.072288
54.170216 -3.009354
54.169724 -2.946416
54.169144 -2.883475
54.168476 -2.820531
54.167721 -2.757583
54.166878 -2.694632
54.165947 -2.631678
54.164928 -2.568721
54.163822 -2.505762
54.162628 -2.442799
54.161346 -2.379834
54.159977 -2.316867
54.158520 -2.253897
54.156975 -2.190925
54.155342 -2.127950
54.153622 -2.064974
54.151814 -2.001995
54.149918 -1.939014
54.147934 -1.876032
54.145863 -1.813048
54.143703 -1.750062
54.141457 -1.687074
54.139122 -1.624085
54.136700 -1.561095
54.134190 -1.498104
54.131592 -1.435111
54.128906 -1.372118
54.126133 -1.309123
54.123272 -1.246127
54.120323 -1.183131
54.117287 -1.120135
54.114162 -1.057137
54.110950 -0.994140
54.107651 -0.931142
54.104263 -0.868143
54.100788 -0.805145
54.097225 -0.742147
54.093575 -0.679148
54.089836 -0.616150
54.086010 -0.553152
54.082096 -0.490155
54.078094 -0.427158
54.074005 -0.364161
54.069828 -0.301166
54.065563 -0.238171
54.061211 -0.175177
54.056770 -0.112183
54.052242 -0.049191
54.047626 0.013800
54.042923 0.076789
54.038132 0.139777
54.033253 0.202764
54.028286 0.265749
54.023232 0.328733
54.018089 0.391714
54.012859 0.454694
54.007542 0.517672
54.002136 0.580647
53.996643 0.643621
53.991062 0.706592
53.985394 0.769561
53.979637 0.832527
53.973793 0.895490
53.967861 0.958451
53.961842 1.021410
53.955734 1.084365
53.949539 1.147317
53.943256 1.210266
53.936886 1.273212
53.930428 1.336155
53.923882 1.399094
53.917248 1.462030
53.910526 1.524962
53.903717 1.587890
53.896820 1.650814
53.889835 1.713735
53.882763 1.776652
53.875603 1.839564
53.868355 1.902472
53.861019 1.965376
53.853596 2.028275
53.846085 2.091170
53.838486 2.154060
53.830799 2.216945
53.823025 2.279826
53.815163 2.342701
53.807213 2.405572
53.799175 2.468437
53.791050 2.531297
53.782837 2.594151
53.774536 2.657001
53.766148 2.719844
53.757671 2.782682
53.749107 2.845514
53.740456 2.908340
53.731716 2.971160
53.722889 3.033974
53.713974 3.096782
53.704971 3.159584
53.695881 3.222379
53.686703 3.285168
53.677437 3.347950
53.668083 3.410725
53.658642 3.473494
53.649113 3.536255
53.639496 3.599010
53.629791 3.661757
53.619999 3.724497
53.610119 3.787230
53.600151 3.849955
53.590096 3.912673
53.579952 3.975383
53.569721 4.038085
53.559402 4.100780
53.548996 4.163466
53.538502 4.226144
53.527920 4.288815
53.517250 4.351477
53.506493 4.414130
53.495647 4.476775
53.484715 4.539412
53.473694 4.602039
53.462585 4.664659
53.451389 4.727269
53.440105 4.789870
53.428734 4.852462
53.417274 4.915045
53.405727 4.977618
53.394093 5.040182
53.382370 5.102736
53.370560 5.165281
53.358662 5.227817
53.346676 5.290342
53.334602 5.352857
53.322441 5.415362
53.310192 5.477858
53.297855 5.540342
53.285431 5.602817
53.272919 5.665280
53.260319 5.727734
53.247631 5.790176
53.234856 5.852608
53.221992 5.915029
53.209042 5.977439
53.196003 6.039838
53.182877 6.102225
53.169662 6.164601
53.156361 6.226966
53.142971 6.289319
53.129494 6.351661
53.115929 6.413990
53.102276 6.476308
53.088535 6.538614
53.074707 6.600908
53.060791 6.663190
53.046787 6.725459
53.032696 6.787716
53.018517 6.849960
53.004250 6.912192
52.989895 6.974411
52.975452 7.036616
52.960922 7.098809
52.946304 7.160989
52.931599 7.223156
52.916805 7.285309
52.901924 7.347449
52.886955 7.409576
52.871899 7.471689
52.856754 7.533788
52.841522 7.595873
52.826202 7.657944
52.810795 7.720002
52.795300 7.782045
52.779716 7.844074
52.764046 7.906088
52.748287 7.968089
52.732441 8.030074
52.716507 8.092045
52.700485 8.154000
52.684376 8.215940
52.668179 8.277865
52.651894 8.339775
52.635521 8.401670
52.619061 8.463549
52.602512 8.525413
52.585876 8.587261
52.569153 8.649095
52.552341 8.710912
52.535442 8.772713
52.518456 8.834497
52.501381 8.896266
52.484219 8.958018
52.466969 9.019754
52.449631 9.081474
52.432205 9.143178
52.414692 9.204865
52.397091 9.266536
52.379402 9.328189
52.361626 9.389825
52.343761 9.451444
52.325809 9.513045
52.307770 9.574630
52.289642 9.636197
52.271427 9.697747
52.253124 9.759280
52.234734 9.820795
52.216255 9.882292
52.197689 9.943770
52.179035 10.005231
52.160294 10.066673
52.141464 10.128098
52.122547 10.189504
52.103542 10.250892
52.084450 10.312261
52.065269 10.373610
52.046001 10.434941
52.026646 10.496253
52.007202 10.557546
51.987671 10.618819
51.968052 10.680074
51.948345 10.741309
51.928551 10.802526
51.908669 10.863722
51.888699 10.924898
51.868641 10.986054
51.848495 11.047191
51.828262 11.108307
51.807941 11.169403
51.787533 11.230479
51.767036 11.291535
51.746452 11.352571
51.725780 11.413585
51.705021 11.474578
51.684174 11.535550
51.663239 11.596501
51.642216 11.657432
51.621105 11.718341
51.599907 11.779229
51.578621 11.840096
51.557247 11.900942
51.535786 11.961765
51.514236 12.022567
51.492599 12.083346
51.470875 12.144104
51.449062 12.204840
51.427162 12.265553
51.405174 12.326245
51.383099 12.386915
51.360935 12.447562
51.338684 12.508186
51.316345 12.568788
51.293919 12.629366
51.271404 12.689921
51.248802 12.750454
51.226112 12.810964
51.203335 12.871450
51.180470 12.931913
51.157516 12.992352
51.134476 13.052768
51.111347 13.113159
51.088131 13.173527
51.064827 13.233871
51.041435 13.294190
51.017956 13.354486
50.994389 13.414758
50.970734 13.475004
50.946991 13.535226
50.923161 13.595423
50.899242 13.655595
50.875237 13.715742
50.851143 13.775865
50.826962 13.835962
50.802692 13.896035
50.778336 13.956082
50.753891 14.016104
50.729359 14.076099
50.704739 14.136069
50.680031 14.196013
50.655235 14.255932
50.630352 14.315825
50.605381 14.375691
50.580322 14.435532
50.555176 14.495345
50.529942 14.555132
50.504620 14.614892
50.479210 14.674625
50.453712 14.734332
50.428127 14.794012
50.402454 14.853665
50.376694 14.913291
50.350845 14.972889
50.324909 15.032459
50.298885 15.092002
50.272774 15.151517
50.246574 15.211004
50.220287 15.270464
50.193913 15.329896
50.167450 15.389300
50.140900 15.448676
50.114262 15.508023
50.087536 15.567342
50.060722 15.626632
50.033821 15.685893
50.006832 15.745126
49.979755 15.804330
49.952591 15.863505
49.925339 15.922651
49.897999 15.981768
49.870571 16.040855
49.843056 16.099915
49.815453 16.158943
49.787762 16.217941
49.759983 16.276909
49.732117 16.335846
49.704163 16.394753
49.676121 16.453629
49.647991 16.512474
49.619774 16.571289
49.591469 16.630074
49.563076 16.688828
49.534595 16.747551
49.506027 16.806244
49.477371 16.864906
49.448627 16.923538
49.419796 16.982140
49.390877 17.040710
49.361870 17.099249
49.332775 17.157755
49.303593 17.216228
49.274323 17.274670
49.244965 17.333078
49.215519 17.391455
49.185986 17.449799
49.156364 17.508110
49.126656 17.566389
49.096859 17.624636
49.066975 17.682850
49.037003 17.741032
49.006943 17.799181
48.976795 17.857298
48.946560 17.915382
48.916237 17.973434
48.885826 18.031452
48.855328 18.089436
48.824741 18.147385
48.794067 18.205299
48.763306 18.263180
48.732456 18.321026
48.701519 18.378838
48.670494 18.436615
48.639381 18.494358
48.608181 18.552067
48.576893 18.609741
48.545517 18.667381
48.514053 18.724987
48.482502 18.782558
48.450863 18.840096
48.419136 18.897598
48.387321 18.955065
48.355419 19.012495
48.323429 19.069889
48.291351 19.127247
48.259186 19.184568
48.226933 19.241854
48.194592 19.299103
48.162163 19.356316
48.129646 19.413492
48.097042 19.470633
48.064350 19.527737
48.031570 19.584805
47.998703 19.641836
47.965748 19.698832
47.932705 19.755791
47.899574 19.812714
47.866356 19.869598
47.833050 19.926445
47.799656 19.983253
47.766174 20.040024
47.732605 20.096756
47.698948 20.153450
47.665203 20.210106
47.631371 20.266724
47.597450 20.323303
47.563442 20.379845
47.529346 20.436348
47.495163 20.492813
47.460892 20.549240
47.426533 20.605629
47.392086 20.661980
47.357552 20.718292
47.322929 20.774565
47.288219 20.830797
47.253422 20.886990
47.218536 20.943142
47.183563 20.999254
47.148502 21.055326
47.113354 21.111359
47.078117 21.167351
47.042793 21.223303
47.007381 21.279215
46.971882 21.335087
46.936295 21.390919
46.900620 21.446711
46.864857 21.502462
46.829006 21.558174
46.793068 21.613844
46.757042 21.669472
46.720928 21.725058
46.684727 21.780602
46.648438 21.836103
46.612061 21.891563
46.575596 21.946981
46.539043 22.002357
46.502407 22.057692
46.465687 22.112984
46.428883 22.168234
46.391994 22.223442
46.355022 22.278608
46.317966 22.333733
46.280827 22.388815
46.243603 22.443855
46.206295 22.498852
46.168903 22.553804
46.131428 22.608713
46.093868 22.663578
46.056225 22.718399
46.018497 22.773176
45.980686 22.827909
45.942791 22.882599
45.904812 22.937244
45.866749 22.991846
45.828602 23.046404
45.790371 23.100918
45.752056 23.155388
45.713657 23.209814
45.675175 23.264196
45.636608 23.318533
45.597958 23.372824
45.559223 23.427069
45.520405 23.481268
45.481503 23.535421
45.442516 23.589529
45.403446 23.643591
45.364292 23.697607
45.325054 23.751577
45.285732 23.805502
45.246326 23.859381
45.206837 23.913214
45.167263 23.967001
45.127605 24.020742
45.087864 24.074438
45.048038 24.128086
45.008129 24.181686
44.968136 24.235239
44.928059 24.288744
44.887897 24.342201
44.847652 24.395611
44.807323 24.448973
44.766911 24.502287
44.726414 24.555553
44.685833 24.608772
44.645168 24.661943
44.604420 24.715067
44.563587 24.768143
44.522671 24.821171
44.481670 24.874151
44.440586 24.927082
44.399418 24.979963
44.358166 25.032795
44.316830 25.085577
44.275410 25.138309
44.233906 25.190992
44.192318 25.243626
44.150646 25.296209
44.108891 25.348743
44.067051 25.401228
44.025127 25.453663
43.983120 25.506048
43.941029 25.558384
43.898853 25.610670
43.856594 25.662907
43.814251 25.715092
43.771824 25.767225
43.729313 25.819307
43.686718 25.871338
43.644039 25.923317
43.601276 25.975245
43.558430 26.027121
43.515499 26.078945
43.472485 26.130718
43.429386 26.182440
43.386204 26.234110
43.342937 26.285728
43.299587 26.337296
43.256153 26.388811
43.212635 26.440273
43.169033 26.491682
43.125347 26.543037
43.081577 26.594339
43.037724 26.645588
42.993786 26.696783
42.949764 26.747925
42.905659 26.799013
42.861469 26.850048
42.817196 26.901030
42.772839 26.951958
42.728397 27.002832
42.683872 27.053654
42.639263 27.104422
42.594570 27.155136
42.549793 27.205795
42.504932 27.256399
42.459988 27.306948
42.414959 27.357441
42.369846 27.407879
42.324650 27.458261
42.279369 27.508589
42.234005 27.558861
42.188557 27.609077
42.143024 27.659239
42.097408 27.709345
42.051708 27.759396
42.005924 27.809391
41.960056 27.859331
41.914104 27.909216
41.868069 27.959044
41.821949 28.008814
41.775745 28.058527
41.729458 28.108183
41.683086 28.157782
41.636631 28.207323
41.590092 28.256807
41.543472 28.306234
41.496773 28.355604
41.449993 28.404917
41.403133 28.454172
41.356194 28.503370
41.309174 28.552511
41.262074 28.601595
41.214893 28.650620
41.167633 28.699585
41.120293 28.748491
41.072872 28.797338
41.025372 28.846127
40.977791 28.894855
40.930130 28.943525
40.882389 28.992136
40.834568 29.040688
40.786667 29.089180
40.738686 29.137613
40.690624 29.185987
40.642483 29.234303
40.594261 29.282558
40.545959 29.330753
40.497578 29.378887
40.449116 29.426960
40.400574 29.474972
40.351952 29.522923
40.303249 29.570812
40.254467 29.618641
40.205605 29.666409
40.156662 29.714115
40.107639 29.761761
40.058537 29.809345
40.009354 29.856869
39.960091 29.904331
39.910748 29.951733
39.861324 29.999071
39.811821 30.046347
39.762238 30.093559
39.712574 30.140709
39.662830 30.187796
39.613007 30.234819
39.563103 30.281780
39.513119 30.328678
39.463055 30.375513
39.412910 30.422285
39.362686 30.468994
39.312382 30.515640
39.261997 30.562223
39.211533 30.608744
39.160988 30.655199
39.110363 30.701590
39.059658 30.747915
39.008873 30.794176
38.958008 30.840372
38.907063 30.886503
38.856037 30.932570
38.804932 30.978571
38.753746 31.024508
38.702480 31.070379
38.651134 31.116186
38.599709 31.161928
38.548203 31.207605
38.496616 31.253218
38.444950 31.298763
38.393204 31.344242
38.341377 31.389654
38.289471 31.434999
38.237484 31.480278
38.185417 31.525490
38.133270 31.570635
38.081043 31.615713
38.028736 31.660725
37.976349 31.705669
37.923882 31.750547
37.871334 31.795359
37.818707 31.840103
37.765999 31.884781
37.713215 31.929390
37.660355 31.973930
37.607418 32.018402
37.554405 32.062805
37.501316 32.107140
37.448151 32.151405
37.394909 32.195602
37.341591 32.239731
37.288197 32.283791
37.234726 32.327782
37.181179 32.371704
37.127556 32.415558
37.073856 32.459343
37.020081 32.503059
36.966228 32.546707
36.912300 32.590286
36.858295 32.633797
36.804214 32.677238
36.750057 32.720612
36.695824 32.763916
36.641514 32.807152
36.587128 32.850315
36.532665 32.893406
36.478127 32.936424
36.423512 32.979370
36.368820 33.022243
36.314053 33.065044
36.259209 33.107773
36.204288 33.150429
36.149292 33.193012
36.094219 33.235523
36.039070 33.277962
35.983845 33.320328
35.928543 33.362621
35.873165 33.404842
35.817711 33.446991
35.762180 33.489067
35.706573 33.531071
35.650890 33.573002
35.595131 33.614861
35.539295 33.656647
35.483383 33.698360
35.427395 33.740002
35.371330 33.781570
35.315189 33.823067
35.258972 33.864491
35.202679 33.905842
35.146309 33.947121
35.089863 33.988323
35.033340 34.029449
34.976742 34.070499
34.920067 34.111473
34.863316 34.152370
34.806488 34.193192
34.749584 34.233936
34.692604 34.274605
34.635548 34.315197
34.578415 34.355713
34.521206 34.396152
34.463924 34.436516
34.406570 34.476803
34.349144 34.517014
34.291645 34.557148
34.234074 34.597206
34.176430 34.637188
34.118713 34.677094
34.060925 34.716923
34.003063 34.756676
33.945129 34.796352
33.887123 34.835953
33.829044 34.875477
33.770893 34.914925
33.712669 34.954296
33.654373 34.993591
33.596004 35.032810
33.537563 35.071949
33.479050 35.111008
33.420464 35.149986
33.361805 35.188885
33.303074 35.227703
33.244270 35.266441
33.185394 35.305099
33.126446 35.343678
33.067425 35.382175
33.008331 35.420593
32.949165 35.458931
32.889927 35.497189
32.830616 35.535366
32.771233 35.573463
32.711777 35.611481
32.652248 35.649418
32.592648 35.687275
32.532974 35.725052
32.473228 35.762749
32.413410 35.800365
32.353519 35.837902
32.293556 35.875359
32.233521 35.912735
32.173412 35.950031
32.113232 35.987247
32.052979 36.024384
31.992655 36.061436
31.932261 36.098404
31.871796 36.135288
31.811260 36.172089
31.750654 36.208805
31.689978 36.245438
31.629230 36.281986
31.568413 36.318451
31.507524 36.354832
31.446566 36.391129
31.385536 36.427341
31.324436 36.463470
31.263266 36.499516
31.202024 36.535477
31.140713 36.571354
31.079330 36.607147
31.017878 36.642857
30.956354 36.678482
30.894762 36.714024
30.833101 36.749481
30.771372 36.784855
30.709574 36.820145
30.647707 36.855350
30.585772 36.890472
30.523767 36.925510
30.461695 36.960464
30.399553 36.995335
30.337343 37.030117
30.275064 37.064812
30.212717 37.099419
30.150301 37.133938
30.087816 37.168369
30.025263 37.202713
29.962641 37.236969
29.899950 37.271137
29.837191 37.305218
29.774363 37.339211
29.711466 37.373116
29.648500 37.406933
29.585468 37.440662
29.522369 37.474304
29.459204 37.507858
29.395971 37.541325
29.332672 37.574703
29.269306 37.607994
29.205873 37.641197
29.142374 37.674313
29.078808 37.707340
29.015175 37.740280
28.951475 37.773132
28.887709 37.805897
28.823875 37.838573
28.759975 37.871162
28.696009 37.903660
28.631975 37.936066
28.567875 37.968380
28.503708 38.000603
28.439474 38.032734
28.375174 38.064774
28.310808 38.096722
28.246378 38.128578
28.181883 38.160343
28.117323 38.192017
28.052698 38.223598
27.988008 38.255089
27.923254 38.286488
27.858435 38.317795
27.793550 38.349010
27.728601 38.380135
27.663588 38.411167
27.598509 38.442108
27.533365 38.472958
27.468157 38.503716
27.402884 38.534382
27.337545 38.564957
27.272142 38.595440
27.206675 38.625832
27.141142 38.656132
27.075546 38.686340
27.009888 38.716454
26.944166 38.746471
26.878382 38.776394
26.812534 38.806221
26.746624 38.835953
26.680651 38.865589
26.614614 38.895130
26.548515 38.924576
26.482353 38.953926
26.416128 38.983181
26.349840 39.012341
26.283489 39.041405
26.217075 39.070374
26.150599 39.099247
26.084059 39.128025
26.017456 39.156708
25.950792 39.185295
25.884068 39.213787
25.817282 39.242184
25.750435 39.270485
25.683527 39.298691
25.616558 39.326801
25.549528 39.354816
25.482437 39.382736
25.415285 39.410561
25.348072 39.438290
25.280798 39.465919
25.213463 39.493450
25.146067 39.520882
25.078609 39.548214
25.011091 39.575447
24.943512 39.602581
24.875872 39.629616
24.808172 39.656551
24.740414 39.683388
24.672596 39.710125
24.604719 39.736763
24.536783 39.763302
24.468788 39.789742
24.400734 39.816082
24.332621 39.842323
24.264448 39.868465
24.196217 39.894508
24.127926 39.920452
24.059576 39.946297
23.991167 39.972042
23.922699 39.997688
23.854172 40.023235
23.785585 40.048683
23.716942 40.074032
23.648241 40.099281
23.579483 40.124432
23.510668 40.149479
23.441795 40.174423
23.372866 40.199265
23.303879 40.224003
23.234835 40.248638
23.165733 40.273170
23.096575 40.297600
23.027359 40.321926
22.958086 40.346149
22.888756 40.370270
22.819368 40.394287
22.749924 40.418201
22.680424 40.442013
22.610868 40.465721
22.541258 40.489326
22.471592 40.512829
22.401871 40.536228
22.332094 40.559525
22.262262 40.582718
22.192375 40.605808
22.122433 40.628796
22.052435 40.651680
21.982382 40.674461
21.912273 40.697140
21.842110 40.719715
21.771891 40.742188
21.701616 40.764557
21.631289 40.786819
21.560907 40.808975
21.490473 40.831024
21.419985 40.852966
21.349443 40.874802
21.278849 40.896530
21.208200 40.918152
21.137499 40.939667
21.066744 40.961075
20.995935 40.982376
20.925074 41.003571
20.854158 41.024658
20.783190 41.045639
20.712168 41.066513
20.641094 41.087280
20.569969 41.107941
20.498793 41.128494
20.427565 41.148941
20.356285 41.169281
20.284954 41.189514
20.213572 41.209641
20.142138 41.229660
20.070652 41.249573
19.999115 41.269379
19.927526 41.289078
19.855886 41.308670
19.784195 41.328152
19.712454 41.347523
19.640663 41.366783
19.568823 41.385933
19.496933 41.404972
19.424994 41.423901
19.353004 41.442719
19.280966 41.461426
19.208878 41.480022
19.136740 41.498508
19.064552 41.516884
18.992315 41.535149
18.920029 41.553303
18.847692 41.571346
18.775309 41.589279
18.702877 41.607101
18.630398 41.624813
18.557871 41.642414
18.485296 41.659904
18.412674 41.677284
18.340004 41.694553
18.267286 41.711712
18.194521 41.728760
18.121708 41.745697
18.048847 41.762524
17.975939 41.779240
17.902983 41.795845
17.829981 41.812336
17.756933 41.828712
17.683840 41.844975
17.610701 41.861122
17.537516 41.877155
17.464285 41.893074
17.391008 41.908878
17.317686 41.924568
17.244318 41.940144
17.170904 41.955605
17.097445 41.970951
17.023939 41.986183
16.950390 42.001301
16.876797 42.016304
16.803160 42.031193
16.729479 42.045967
16.655754 42.060627
16.581985 42.075172
16.508173 42.089603
16.434317 42.103920
16.360416 42.118122
16.286472 42.132210
16.212484 42.146183
16.138453 42.160042
16.064379 42.173786
15.990262 42.187416
15.916102 42.200932
15.841901 42.214329
15.767657 42.227608
15.693372 42.240768
15.619044 42.253811
15.544675 42.266735
15.470264 42.279541
15.395813 42.292229
15.321321 42.304798
15.246787 42.317249
15.172213 42.329582
15.097597 42.341797
15.022942 42.353893
14.948246 42.365871
14.873510 42.377731
14.798735 42.389473
14.723919 42.401096
14.649063 42.412601
14.574168 42.423988
14.499234 42.435257
14.424261 42.446407
14.349249 42.457439
14.274198 42.468353
14.199108 42.479149
14.123981 42.489826
14.048815 42.500385
13.973611 42.510826
13.898369 42.521149
13.823089 42.531353
13.747771 42.541435
13.672417 42.551395
13.597025 42.561234
13.521596 42.570950
13.446130 42.580544
13.370627 42.590015
13.295089 42.599365
13.219514 42.608593
13.143903 42.617699
13.068255 42.626682
12.992573 42.635544
12.916855 42.644283
12.841102 42.652901
12.765313 42.661396
12.689489 42.669769
12.613631 42.678020
12.537739 42.686150
12.461812 42.694157
12.385851 42.702042
12.309855 42.709805
12.233826 42.717445
12.157763 42.724964
12.081666 42.732361
12.005536 42.739635
11.929373 42.746788
11.853176 42.753819
11.776947 42.760727
11.700686 42.767513
11.624392 42.774178
11.548065 42.780716
11.471706 42.787128
11.395316 42.793415
11.318894 42.799576
11.242441 42.805611
11.165956 42.811520
11.089440 42.817303
11.012894 42.822960
10.936316 42.828491
10.859709 42.833897
10.783071 42.839176
10.706403 42.844330
10.629705 42.849358
10.552979 42.854259
10.476222 42.859035
10.399436 42.863686
10.322621 42.868210
10.245778 42.872608
10.168906 42.876881
10.092006 42.881027
10.015077 42.885048
9.938120 42.888943
9.861135 42.892712
9.784123 42.896355
9.707084 42.899872
9.630016 42.903263
9.552922 42.906528
9.475801 42.909668
9.398654 42.912682
9.321480 42.915569
9.244280 42.918327
9.167054 42.920956
9.089803 42.923454
9.012526 42.925823
8.935223 42.928062
8.857895 42.930172
8.780542 42.932152
8.703165 42.934002
8.625763 42.935722
8.548336 42.937313
8.470885 42.938774
8.393411 42.940105
8.315912 42.941307
8.238390 42.942379
8.160845 42.943321
8.083277 42.944134
8.005686 42.944817
7.928072 42.945370
7.850436 42.945793
7.772777 42.946087
7.695096 42.946251
7.617394 42.946285
7.539670 42.946190
7.461925 42.945965
7.384158 42.945610
7.306371 42.945126
7.228563 42.944511
7.150734 42.943768
7.072886 42.942894
6.995017 42.941891
6.917128 42.940758
6.839219 42.939491
6.761291 42.938091
6.683344 42.936558
6.605378 42.934891
6.527393 42.933090
6.449389 42.931156
6.371368 42.929089
6.293328 42.926888
6.215271 42.924553
6.137196 42.922085
6.059103 42.919483
5.980994 42.916748
5.902867 42.913879
5.824723 42.910877
5.746563 42.907742
5.668386 42.904472
5.590194 42.901070
5.511985 42.897533
5.433761 42.893864
5.355522 42.890060
5.277267 42.886124
5.198997 42.882053
5.120713 42.877850
5.042415 42.873512
4.964102 42.869041
4.885775 42.864437
4.807435 42.859699
4.729081 42.854828
4.650713 42.849823
4.572333 42.844685
4.493940 42.839413
4.415535 42.834007
4.337117 42.828468
4.258687 42.822796
4.180246 42.816990
4.101793 42.811047
4.023328 42.804966
3.944853 42.798748
3.866366 42.792393
3.787868 42.785900
3.709361 42.779270
3.630842 42.772503
3.552314 42.765598
3.473776 42.758556
3.395229 42.751377
3.316672 42.744061
3.238106 42.736607
3.159532 42.729015
3.080948 42.721287
3.002357 42.713421
2.923757 42.705418
2.845150 42.697277
2.766534 42.688999
2.687912 42.680584
2.609282 42.672031
2.530645 42.663342
2.452002 42.654514
2.373352 42.645550
2.294696 42.636448
2.216034 42.627209
2.137367 42.617832
2.058694 42.608318
1.980016 42.598667
1.901333 42.588879
1.822645 42.578953
1.743953 42.568890
1.665257 42.558689
1.586558 42.548351
1.507854 42.537876
1.429147 42.527264
1.350438 42.516514
1.271725 42.505627
1.193010 42.494602
1.114292 42.483440
1.035572 42.472137
0.956851 42.460693
0.878127 42.449108
0.799403 42.437382
0.720677 42.425514
0.641951 42.413506
0.563224 42.401356
0.484497 42.389065
0.405770 42.376633
0.327043 42.364059
0.248317 42.351345
0.169591 42.338490
0.090866 42.325493
0.012143 42.312355
-0.066579 42.299076
-0.145299 42.285656
-0.224017 42.272095
-0.302732 42.258392
-0.381446 42.244549
-0.460156 42.230564
-0.538863 42.216438
-0.617567 42.202171
-0.696267 42.187763
-0.774963 42.173214
-0.853655 42.158524
-0.932343 42.143692
-1.011025 42.128719
-1.089703 42.113605
-1.168376 42.098351
-1.247043 42.082954
-1.325704 42.067417
-1.404360 42.051739
-1.483009 42.035919
-1.561651 42.019958
-1.640286 42.003857
-1.718915 41.987614
-1.797536 41.971230
-1.876149 41.954704
-1.954754 41.938038
-2.033351 41.921230
-2.111940 41.904282
-2.190519 41.887192
-2.269090 41.869961
-2.347651 41.852589
-2.426203 41.835075
-2.504745 41.817421
-2.583277 41.799625
-2.661798 41.781689
-2.740309 41.763607
-2.818808 41.745380
-2.897296 41.727009
-2.975773 41.708492
-3.054238 41.689831
-3.132691 41.671024
-3.211132 41.652073
-3.289559 41.632977
-3.367974 41.613735
-3.446376 41.594349
-3.524764 41.574818
-3.603139 41.555141
-3.681499 41.535320
-3.759845 41.515354
-3.838176 41.495243
-3.916493 41.474987
-3.994794 41.454586
-4.073080 41.434040
-4.151349 41.413349
-4.229602 41.392513
-4.307839 41.371532
-4.386060 41.350407
-4.464263 41.329136
-4.542449 41.307720
-4.620617 41.286160
-4.698768 41.264454
-4.776901 41.242603
-4.855015 41.220608
-4.933110 41.198467
-5.011187 41.176182
-5.089244 41.153751
-5.167282 41.131176
-5.245299 41.108456
-5.323297 41.085590
-5.401274 41.062580
-5.479231 41.039425
-5.557167 41.016125
-5.635081 40.992680
-5.712974 40.969090
-5.790844 40.945354
-5.868693 40.921474
-5.946519 40.897449
-6.024322 40.873280
-6.102102 40.848965
-6.179859 40.824505
-6.257592 40.799900
-6.335301 40.775150
-6.412986 40.750256
-6.490646 40.725216
-6.568282 40.700031
-6.645892 40.674702
-6.723476 40.649227
-6.801035 40.623608
-6.878568 40.597843
-6.956075 40.571934
-7.033555 40.545879
-7.111007 40.519680
-7.188433 40.493336
-7.265831 40.466846
-7.343201 40.440212
-7.420543 40.413433
-7.497856 40.386509
-7.575141 40.359440
-7.652397 40.332226
-7.729623 40.304867
-7.806819 40.277363
-7.883986 40.249714
-7.961122 40.221920
-8.038227 40.193981
-8.115301 40.165897
-8.192344 40.137669
-8.269355 40.109295
-8.346334 40.080776
-8.423282 40.052113
-8.500196 40.023304
-8.577079 39.994350
-8.653928 39.965252
-8.730743 39.936008
-8.807526 39.906620
-8.884274 39.877087
-8.960987 39.847408
-9.037666 39.817585
-9.114310 39.787617
-9.190919 39.757504
-9.267492 39.727245
-9.344029 39.696842
-9.420530 39.666294
-9.496995 39.635601
-9.573422 39.604763
-9.649813 39.573780
-9.726166 39.542652
-9.802481 39.511379
-9.878757 39.479961
-9.954996 39.448395
-10.031196 39.416679
-10.107356 39.384815
-10.183477 39.352802
-10.259559 39.320641
-10.335600 39.288330
-10.411601 39.255871
-10.487561 39.223263
-10.563480 39.190506
-10.639359 39.157600
-10.715195 39.124546
-10.790989 39.091343
-10.866741 39.057991
-10.942451 39.024490
-11.018117 38.990841
-11.093740 38.957043
-11.169320 38.923096
-11.244856 38.889000
-11.320348 38.854755
-11.395795 38.820362
-11.471197 38.785820
-11.546555 38.751129
-11.621866 38.716290
-11.697132 38.681301
-11.772352 38.646164
-11.847526 38.610878
-11.922652 38.575447
-11.997732 38.539871
-12.072764 38.504150
-12.147749 38.468285
-12.222686 38.432274
-12.297574 38.396118
-12.372414 38.359818
-12.447205 38.323372
-12.521946 38.286781
-12.596638 38.250046
-12.671280 38.213165
-12.745872 38.176140
-12.820413 38.138969
-12.894902 38.101654
-12.969340 38.064194
-13.043727 38.026588
-13.118061 37.988838
-13.192343 37.950943
-13.266572 37.912903
-13.340748 37.874718
-13.414870 37.836388
-13.488939 37.797913
-13.562954 37.759293
-13.636914 37.720528
-13.710820 37.681618
-13.784671 37.642563
-13.858466 37.603363
-13.932206 37.564018
-14.005890 37.524529
-14.079517 37.484894
-14.153089 37.445114
-14.226603 37.405190
-14.300059 37.365120
-14.373459 37.324905
-14.446800 37.284546
-14.520083 37.244041
-14.593307 37.203392
-14.666472 37.162598
-14.739578 37.121658
-14.812624 37.080574
-14.885610 37.039345
-14.958535 36.997971
-15.031400 36.956451
-15.104203 36.914787
-15.176946 36.872978
-15.249626 36.831024
-15.322245 36.788925
-15.394801 36.746681
-15.467295 36.704292
-15.539725 36.661758
-15.612093 36.619080
-15.684397 36.576256
-15.756637 36.533287
-15.828812 36.490173
-15.900922 36.446915
-15.972967 36.403511
-16.044947 36.359962
-16.116861 36.316269
-16.188709 36.272430
-16.260490 36.228447
-16.332205 36.184319
-16.403852 36.140045
-16.475433 36.095627
-16.546946 36.051064
-16.618389 36.006355
-16.689764 35.961502
-16.761070 35.916504
-16.832308 35.871361
-16.903477 35.826073
-16.974575 35.780640
-17.045603 35.735062
-17.116560 35.689339
-17.187447 35.643471
-17.258263 35.597458
-17.329006 35.551300
-17.399677 35.504997
-17.470276 35.458549
-17.540802 35.411957
-17.611256 35.365219
-17.681637 35.318336
-17.751944 35.271309
-17.822176 35.224136
-17.892334 35.176819
-17.962418 35.129356
-18.032427 35.081753
-18.102360 35.034008
-18.172216 34.986122
-18.241997 34.938095
-18.311701 34.889927
-18.381329 34.841618
-18.450880 34.793167
-18.520353 34.744576
-18.589748 34.695843
-18.659065 34.646969
-18.728304 34.597954
-18.797464 34.548798
-18.866547 34.499500
-18.935549 34.450062
-19.004471 34.400482
-19.073313 34.350761
-19.142075 34.300900
-19.210756 34.250896
-19.279356 34.200752
-19.347874 34.150467
-19.416309 34.100040
-19.484663 34.049473
-19.552935 33.998764
-19.621124 33.947914
-19.689230 33.896923
-19.757252 33.845791
-19.825190 33.794518
-19.893044 33.743103
-19.960814 33.691547
-20.028498 33.639851
-20.096096 33.588013
-20.163609 33.536034
-20.231035 33.483913
-20.298376 33.431652
-20.365631 33.379250
-20.432798 33.326706
-20.499878 33.274021
-20.566870 33.221199
-20.633774 33.168240
-20.700590 33.115143
-20.767317 33.061909
-20.833954 33.008537
-20.900501 32.955029
-20.966959 32.901382
-21.033327 32.847599
-21.099606 32.793678
-21.165792 32.739620
-21.231888 32.685425
-21.297892 32.631092
-21.363804 32.576622
-21.429625 32.522015
-21.495352 32.467270
-21.560986 32.412388
-21.626526 32.357368
-21.691973 32.302212
-21.757326 32.246918
-21.822586 32.191486
-21.887751 32.135918
-21.952820 32.080212
-22.017794 32.024368
-22.082672 31.968390
-22.147455 31.912275
-22.212141 31.856026
-22.276730 31.799641
-22.341221 31.743120
-22.405615 31.686464
-22.469912 31.629673
-22.534111 31.572746
-22.598211 31.515684
-22.662212 31.458487
-22.726114 31.401154
-22.789917 31.343685
-22.853621 31.286083
-22.917225 31.228348
-22.980728 31.170479
-23.044130 31.112476
-23.107431 31.054340
-23.170631 30.996071
-23.233730 30.937668
-23.296726 30.879131
-23.359619 30.820461
-23.422409 30.761658
-23.485096 30.702721
-23.547680 30.643652
-23.610161 30.584452
-23.672537 30.525120
-23.734808 30.465656
-23.796974 30.406061
-23.859035 30.346334
-23.920992 30.286476
-23.982841 30.226486
-24.044584 30.166365
-24.106220 30.106112
-24.167749 30.045727
-24.229172 29.985212
-24.290487 29.924568
-24.351694 29.863794
-24.412792 29.802891
-24.473782 29.741858
-24.534662 29.680695
-24.595434 29.619402
-24.656097 29.557980
-24.716650 29.496428
-24.777092 29.434746
-24.837423 29.372934
-24.897644 29.310995
-24.957754 29.248928
-25.017752 29.186733
-25.077637 29.124411
-25.137409 29.061960
-25.197069 28.999382
-25.256617 28.936676
-25.316051 28.873842
-25.375372 28.810881
-25.434578 28.747793
-25.493670 28.684580
-25.552647 28.621241
-25.611509 28.557775
-25.670258 28.494184
-25.728889 28.430468
-25.787405 28.366625
-25.845804 28.302656
-25.904087 28.238562
-25.962254 28.174341
-26.020304 28.109997
-26.078236 28.045528
-26.136049 27.980936
-26.193745 27.916220
-26.251322 27.851379
-26.308781 27.786415
-26.366119 27.721327
-26.423338 27.656115
-26.480436 27.590780
-26.537415 27.525324
-26.594273 27.459745
-26.651011 27.394045
-26.707626 27.328222
-26.764120 27.262278
-26.820492 27.196211
-26.876741 27.130022
-26.932869 27.063711
-26.988874 26.997280
-27.044756 26.930729
-27.100513 26.864058
-27.156147 26.797266
-27.211657 26.730354
-27.267042 26.663322
-27.322304 26.596170
-27.377439 26.528898
-27.432449 26.461508
-27.487333 26.393999
-27.542091 26.326372
-27.596724 26.258627
-27.651230 26.190763
-27.705608 26.122782
-27.759859 26.054682
-27.813982 25.986464
-27.867977 25.918129
-27.921844 25.849678
-27.975584 25.781111
-28.029194 25.712427
-28.082674 25.643627
-28.136024 25.574711
-28.189245 25.505678
-28.242336 25.436531
-28.295298 25.367270
-28.348127 25.297894
-28.400826 25.228403
-28.453392 25.158798
-28.505827 25.089079
-28.558130 25.019245
-28.610302 24.949297
-28.662340 24.879236
-28.714245 24.809063
-28.766016 24.738777
-28.817654 24.668379
-28.869158 24.597868
-28.920528 24.527245
-28.971766 24.456509
-29.022867 24.385662
-29.073833 24.314705
-29.124664 24.243637
-29.175360 24.172459
-29.225920 24.101170
-29.276344 24.029770
-29.326632 23.958260
-29.376781 23.886641
-29.426794 23.814913
-29.476669 23.743076
-29.526407 23.671131
-29.576008 23.599077
-29.625469 23.526915
-29.674791 23.454643
-29.723974 23.382265
-29.773018 23.309780
-29.821922 23.237188
-29.870687 23.164490
-29.919313 23.091684
-29.967798 23.018772
-30.016142 22.945755
-30.064344 22.872633
-30.112406 22.799406
-30.160326 22.726074
-30.208105 22.652637
-30.255743 22.579096
-30.303238 22.505449
-30.350590 22.431700
-30.397799 22.357847
-30.444864 22.283892
-30.491787 22.209833
-30.538567 22.135672
-30.585201 22.061407
-30.631691 21.987041
-30.678036 21.912575
-30.724236 21.838007
-30.770290 21.763338
-30.816200 21.688568
-30.861965 21.613697
-30.907583 21.538727
-30.953054 21.463657
-30.998379 21.388489
-31.043556 21.313221
-31.088587 21.237854
-31.133471 21.162388
-31.178207 21.086823
-31.222795 21.011160
-31.267235 20.935400
-31.311525 20.859543
-31.355667 20.783588
-31.399660 20.707537
-31.443504 20.631388
-31.487200 20.555143
-31.530745 20.478804
-31.574139 20.402369
-31.617382 20.325838
-31.660475 20.249212
-31.703417 20.172493
-31.746208 20.095680
-31.788849 20.018774
-31.831339 19.941774
-31.873676 19.864681
-31.915861 19.787495
-31.957893 19.710217
-31.999773 19.632847
-32.041500 19.555386
-32.083073 19.477833
-32.124493 19.400188
-32.165760 19.322453
-32.206875 19.244627
-32.247837 19.166712
-32.288647 19.088707
-32.329300 19.010612
-32.369797 18.932428
-32.410137 18.854155
-32.450321 18.775793
-32.490349 18.697344
-32.530220 18.618807
-32.569935 18.540182
-32.609493 18.461470
-32.648895 18.382671
-32.688141 18.303787
-32.727230 18.224817
-32.766163 18.145761
-32.804939 18.066620
-32.843559 17.987392
-32.882023 17.908081
-32.920330 17.828686
-32.958477 17.749207
-32.996464 17.669643
-33.034290 17.589996
-33.071957 17.510267
-33.109463 17.430456
-33.146809 17.350563
-33.183994 17.270588
-33.221020 17.190531
-33.257885 17.110394
-33.294590 17.030176
-33.331135 16.949879
-33.367519 16.869501
-33.403744 16.789043
-33.439808 16.708506
-33.475712 16.627890
-33.511456 16.547195
-33.547039 16.466423
-33.582458 16.385572
-33.617714 16.304644
-33.652805 16.223639
-33.687733 16.142557
-33.722496 16.061399
-33.757095 15.980165
-33.791531 15.898856
-33.825802 15.817472
-33.859909 15.736012
-33.893852 15.654479
-33.927631 15.572871
-33.961246 15.491190
-33.994698 15.409435
-34.027985 15.327608
-34.061108 15.245708
-34.094067 15.163736
-34.126862 15.081693
-34.159492 14.999578
-34.191956 14.917392
-34.224251 14.835135
-34.256378 14.752809
-34.288338 14.670412
-34.320129 14.587946
-34.351753 14.505411
-34.383209 14.422808
-34.414497 14.340136
-34.445618 14.257396
-34.476570 14.174588
-34.507355 14.091714
-34.537971 14.008773
-34.568420 13.925765
-34.598701 13.842691
-34.628815 13.759552
-34.658760 13.676348
-34.688538 13.593079
-34.718147 13.509745
-34.747589 13.426347
-34.776863 13.342885
-34.805965 13.259360
-34.834896 13.175773
-34.863655 13.092123
-34.892242 13.008411
-34.920658 12.924638
-34.948902 12.840803
-34.976974 12.756907
-35.004875 12.672952
-35.032604 12.588936
-35.060162 12.504860
-35.087547 12.420725
-35.114761 12.336531
-35.141804 12.252278
-35.168674 12.167968
-35.195374 12.083600
-35.221901 11.999175
-35.248257 11.914693
-35.274441 11.830154
-35.300453 11.745560
-35.326294 11.660910
-35.351963 11.576204
-35.377460 11.491444
-35.402786 11.406629
-35.427940 11.321759
-35.452919 11.236836
-35.477722 11.151860
-35.502350 11.066832
-35.526802 10.981750
-35.551079 10.896617
-35.575180 10.811432
-35.599106 10.726195
-35.622856 10.640908
-35.646431 10.555571
-35.669830 10.470183
-35.693054 10.384747
-35.716103 10.299261
-35.738976 10.213727
-35.761673 10.128144
-35.784195 10.042514
-35.806541 9.956836
-35.828712 9.871111
-35.850708 9.785339
-35.872528 9.699522
-35.894173 9.613659
-35.915642 9.527750
-35.936935 9.441796
-35.958054 9.355798
-35.978996 9.269755
-35.999763 9.183669
-36.020355 9.097540
-36.040771 9.011368
-36.061012 8.925153
-36.081078 8.838896
-36.100967 8.752597
-36.120678 8.666257
-36.140209 8.579876
-36.159561 8.493455
-36.178734 8.406994
-36.197727 8.320494
-36.216541 8.233954
-36.235176 8.147376
-36.253632 8.060760
-36.271908 7.974105
-36.290005 7.887414
-36.307922 7.800685
-36.325661 7.713920
-36.343220 7.627119
-36.360600 7.540281
-36.377800 7.453409
-36.394821 7.366501
-36.411663 7.279560
-36.428326 7.192584
-36.444809 7.105575
-36.461113 7.018533
-36.477238 6.931458
-36.493183 6.844350
-36.508949 6.757210
-36.524536 6.670039
-36.539944 6.582837
-36.555172 6.495605
-36.570221 6.408342
-36.585091 6.321050
-36.599781 6.233728
-36.614292 6.146378
-36.628624 6.058999
-36.642776 5.971592
-36.656750 5.884157
-36.670544 5.796695
-36.684158 5.709207
-36.697594 5.621692
-36.710850 5.534151
-36.723927 5.446585
-36.736824 5.358994
-36.749542 5.271379
-36.762081 5.183739
-36.774441 5.096076
-36.786621 5.008389
-36.798622 4.920679
-36.810444 4.832946
-36.822086 4.745192
-36.833549 4.657416
-36.844833 4.569620
-36.855934 4.481802
-36.866852 4.393965
-36.877586 4.306108
-36.888138 4.218231
-36.898506 4.130335
-36.908691 4.042421
-36.918694 3.954488
-36.928513 3.866538
-36.938148 3.778571
-36.947601 3.690587
-36.956871 3.602586
-36.965958 3.514570
-36.974861 3.426538
-36.983582 3.338490
-36.992119 3.250429
-37.000473 3.162353
-37.008644 3.074263
-37.016632 2.986160
-37.024437 2.898044
-37.032059 2.809916
-37.039497 2.721776
-37.046753 2.633624
-37.053825 2.545461
-37.060715 2.457287
-37.067421 2.369103
-37.073944 2.280909
-37.080284 2.192705
-37.086441 2.104493
-37.092415 2.016272
-37.098206 1.928043
-37.103813 1.839806
-37.109238 1.751562
-37.114479 1.663311
-37.119537 1.575054
-37.124413 1.486790
-37.129105 1.398522
-37.133614 1.310248
-37.137939 1.221969
-37.142082 1.133686
-37.146042 1.045400
-37.149818 0.957110
-37.153412 0.868817
-37.156822 0.780522
-37.160049 0.692225
-37.163094 0.603926
-37.165955 0.515626
-37.168633 0.427325
-37.171127 0.339024
-37.173439 0.250723
-37.175568 0.162422
-37.177513 0.074122
-37.179276 -0.014176
-37.180855 -0.102472
-37.182251 -0.190766
-37.183464 -0.279057
-37.184494 -0.367346
-37.185341 -0.455630
-37.186005 -0.543911
-37.186485 -0.632187
-37.186783 -0.720458
-37.186897 -0.808725
-37.186829 -0.896985
-37.186577 -0.985239
-37.186142 -1.073487
-37.185524 -1.161727
-37.184723 -1.249961
-37.183739 -1.338186
-37.182571 -1.426403
-37.181221 -1.514611
-37.179688 -1.602810
-37.177971 -1.691000
-37.176071 -1.779180
-37.173988 -1.867349
-37.171726 -1.955507
-37.169285 -2.043654
-37.166664 -2.131789
-37.163864 -2.219912
-37.160885 -2.308023
-37.157726 -2.396120
-37.154388 -2.484204
-37.150871 -2.572274
-37.147175 -2.660330
-37.143299 -2.748371
-37.139244 -2.836397
-37.135010 -2.924408
-37.130596 -3.012402
-37.126003 -3.100380
-37.121231 -3.188342
-37.116280 -3.276286
-37.111149 -3.364212
-37.105839 -3.452120
-37.100349 -3.540010
-37.094681 -3.627881
-37.088833 -3.715732
-37.082806 -3.803564
-37.076599 -3.891376
-37.070213 -3.979166
-37.063648 -4.066936
-37.056904 -4.154684
-37.049980 -4.242410
-37.042877 -4.330114
-37.035595 -4.417795
-37.028133 -4.505452
-37.020493 -4.593086
-37.012672 -4.680696
-37.004673 -4.768282
-36.996494 -4.855844
-36.988136 -4.943379
-36.979599 -5.030890
-36.970882 -5.118373
-36.961987 -5.205831
-36.952911 -5.293261
-36.943657 -5.380664
-36.934223 -5.468040
-36.924610 -5.555387
-36.914818 -5.642706
-36.904846 -5.729996
-36.894695 -5.817256
-36.884365 -5.904487
-36.873856 -5.991687
-36.863167 -6.078856
-36.852299 -6.165995
-36.841251 -6.253102
-36.830029 -6.340178
-36.818630 -6.427220
-36.807056 -6.514230
-36.795307 -6.601207
-36.783382 -6.688151
-36.771282 -6.775061
-36.759007 -6.861936
-36.746555 -6.948777
-36.733929 -7.035582
-36.721127 -7.122352
-36.708149 -7.209085
-36.694996 -7.295783
-36.681667 -7.382444
-36.668163 -7.469068
-36.654484 -7.555654
-36.640629 -7.642201
-36.626598 -7.728711
-36.612392 -7.815182
-36.598011 -7.901614
-36.583454 -7.988007
-36.568722 -8.074359
-36.553814 -8.160671
-36.538731 -8.246943
-36.523472 -8.333173
-36.508038 -8.419361
-36.492428 -8.505507
-36.476643 -8.591612
-36.460682 -8.677673
-36.444546 -8.763692
-36.428234 -8.849667
-36.411751 -8.935597
-36.395096 -9.021483
-36.378269 -9.107325
-36.361271 -9.193121
-36.344101 -9.278872
-36.326759 -9.364576
-36.309246 -9.450234
-36.291561 -9.535846
-36.273705 -9.621410
-36.255676 -9.706927
-36.237476 -9.792397
-36.219105 -9.877817
-36.200562 -9.963189
-36.181847 -10.048512
-36.162960 -10.133786
-36.143902 -10.219010
-36.124672 -10.304184
-36.105270 -10.389307
-36.085697 -10.474380
-36.065952 -10.559401
-36.046036 -10.644370
-36.025948 -10.729287
-36.005688 -10.814152
-35.985256 -10.898964
-35.964653 -10.983723
-35.943882 -11.068428
-35.922943 -11.153079
-35.901836 -11.237676
-35.880562 -11.322218
-35.859119 -11.406705
-35.837509 -11.491137
-35.815731 -11.575512
-35.793785 -11.659831
-35.771671 -11.744094
-35.749390 -11.828300
-35.726940 -11.912448
-35.704323 -11.996538
-35.681538 -12.080570
-35.658585 -12.164544
-35.635464 -12.248459
-35.612175 -12.332314
-35.588718 -12.416110
-35.565094 -12.499846
-35.541302 -12.583521
-35.517342 -12.667135
-35.493214 -12.750689
-35.468922 -12.834181
-35.444466 -12.917611
-35.419846 -13.000979
-35.395061 -13.084285
-35.370113 -13.167527
-35.345001 -13.250707
-35.319725 -13.333822
-35.294285 -13.416874
-35.268681 -13.499862
-35.242912 -13.582785
-35.216980 -13.665643
-35.190884 -13.748435
-35.164623 -13.831161
-35.138199 -13.913822
-35.111610 -13.996416
-35.084858 -14.078943
-35.057941 -14.161404
-35.030861 -14.243796
-35.003616 -14.326121
-34.976208 -14.408378
-34.948639 -14.490565
-34.920910 -14.572684
-34.893021 -14.654734
-34.864971 -14.736713
-34.836761 -14.818624
-34.808392 -14.900463
-34.779861 -14.982232
-34.751171 -15.063931
-34.722321 -15.145557
-34.693310 -15.227113
-34.664139 -15.308596
-34.634808 -15.390006
-34.605316 -15.471344
-34.575665 -15.552608
-34.545853 -15.633800
-34.515881 -15.714917
-34.485748 -15.795960
-34.455460 -15.876929
-34.425014 -15.957824
-34.394413 -16.038643
-34.363655 -16.119387
-34.332741 -16.200054
-34.301670 -16.280645
-34.270443 -16.361160
-34.239059 -16.441599
-34.207520 -16.521961
-34.175823 -16.602245
-34.143970 -16.682451
-34.111961 -16.762579
-34.079796 -16.842628
-34.047474 -16.922600
-34.014996 -17.002493
-33.982361 -17.082306
-33.949570 -17.162039
-33.916626 -17.241692
-33.883530 -17.321264
-33.850281 -17.400757
-33.816879 -17.480169
-33.783325 -17.559500
-33.749619 -17.638748
-33.715759 -17.717915
-33.681747 -17.796999
-33.647583 -17.876001
-33.613266 -17.954922
-33.578796 -18.033758
-33.544174 -18.112511
-33.509399 -18.191179
-33.474472 -18.269764
-33.439392 -18.348265
-33.404160 -18.426682
-33.368778 -18.505013
-33.333248 -18.583258
-33.297569 -18.661417
-33.261742 -18.739491
-33.225765 -18.817478
-33.189640 -18.895380
-33.153366 -18.973194
-33.116943 -19.050920
-33.080372 -19.128559
-33.043652 -19.206110
-33.006783 -19.283573
-32.969765 -19.360949
-32.932598 -19.438236
-32.895283 -19.515434
-32.857819 -19.592543
-32.820210 -19.669561
-32.782455 -19.746490
-32.744556 -19.823330
-32.706512 -19.900080
-32.668324 -19.976738
-32.629990 -20.053305
-32.591511 -20.129780
-32.552887 -20.206163
-32.514118 -20.282455
-32.475204 -20.358656
-32.436146 -20.434765
-32.396942 -20.510780
-32.357594 -20.586702
-32.318100 -20.662531
-32.278461 -20.738266
-32.238682 -20.813908
-32.198761 -20.889456
-32.158699 -20.964909
-32.118496 -21.040266
-32.078152 -21.115528
-32.037666 -21.190695
-31.997040 -21.265766
-31.956272 -21.340742
-31.915363 -21.415623
-31.874313 -21.490406
-31.833122 -21.565092
-31.791792 -21.639681
-31.750322 -21.714172
-31.708714 -21.788567
-31.666965 -21.862864
-31.625078 -21.937063
-31.583052 -22.011164
-31.540886 -22.085165
-31.498583 -22.159067
-31.456142 -22.232870
-31.413565 -22.306574
-31.370850 -22.380178
-31.327997 -22.453684
-31.285007 -22.527090
-31.241880 -22.600395
-31.198618 -22.673599
-31.155220 -22.746702
-31.111687 -22.819704
-31.068018 -22.892605
-31.024214 -22.965405
-30.980274 -23.038103
-30.936199 -23.110699
-30.891991 -23.183191
-30.847649 -23.255581
-30.803173 -23.327868
-30.758564 -23.400051
-30.713821 -23.472132
-30.668945 -23.544109
-30.623936 -23.615984
-30.578794 -23.687754
-30.533522 -23.759418
-30.488117 -23.830978
-30.442581 -23.902433
-30.396914 -23.973783
-30.351114 -24.045029
-30.305185 -24.116169
-30.259127 -24.187204
-30.212938 -24.258133
-30.166620 -24.328955
-30.120173 -24.399670
-30.073595 -24.470278
-30.026888 -24.540779
-29.980053 -24.611174
-29.933090 -24.681461
-29.886000 -24.751642
-29.838781 -24.821714
-29.791435 -24.891678
-29.743961 -24.961533
-29.696360 -25.031279
-29.648632 -25.100916
-29.600779 -25.170444
-29.552799 -25.239864
-29.504694 -25.309175
-29.456463 -25.378376
-29.408106 -25.447466
-29.359625 -25.516445
-29.311020 -25.585314
-29.262291 -25.654072
-29.213438 -25.722719
-29.164461 -25.791256
-29.115360 -25.859682
-29.066135 -25.927998
-29.016788 -25.996201
-28.967319 -26.064291
-28.917728 -26.132269
-28.868015 -26.200134
-28.818180 -26.267887
-28.768223 -26.335527
-28.718145 -26.403055
-28.667948 -26.470470
-28.617630 -26.537773
-28.567192 -26.604961
-28.516634 -26.672035
-28.465956 -26.738995
-28.415157 -26.805840
-28.364241 -26.872570
-28.313206 -26.939186
-28.262053 -27.005688
-28.210781 -27.072075
-28.159391 -27.138348
-28.107883 -27.204504
-28.056259 -27.270544
-28.004519 -27.336468
-27.952662 -27.402275
-27.900688 -27.467966
-27.848598 -27.533541
-27.796392 -27.598999
-27.744072 -27.664341
-27.691637 -27.729567
-27.639088 -27.794676
-27.586424 -27.859667
-27.533646 -27.924540
-27.480753 -27.989294
-27.427746 -28.053930
-27.374626 -28.118448
-27.321394 -28.182848
-27.268049 -28.247129
-27.214592 -28.311293
-27.161022 -28.375338
-27.107340 -28.439264
-27.053547 -28.503071
-26.999643 -28.566757
-26.945629 -28.630323
-26.891504 -28.693769
-26.837269 -28.757095
-26.782923 -28.820301
-26.728468 -28.883387
-26.673904 -28.946352
-26.619232 -29.009197
-26.564451 -29.071922
-26.509562 -29.134527
-26.454563 -29.197010
-26.399458 -29.259371
-26.344246 -29.321609
-26.288927 -29.383726
-26.233501 -29.445721
-26.177969 -29.507593
-26.122330 -29.569344
-26.066584 -29.630972
-26.010733 -29.692478
-25.954777 -29.753862
-25.898716 -29.815125
-25.842550 -29.876263
-25.786280 -29.937277
-25.729904 -29.998167
-25.673426 -30.058933
-25.616844 -30.119576
-25.560160 -30.180094
-25.503372 -30.240488
-25.446482 -30.300758
-25.389488 -30.360905
-25.332394 -30.420927
-25.275198 -30.480825
-25.217901 -30.540600
-25.160503 -30.600250
-25.103004 -30.659775
-25.045404 -30.719173
-24.987705 -30.778446
-24.929907 -30.837593
-24.872009 -30.896614
-24.814013 -30.955509
-24.755917 -31.014278
-24.697721 -31.072922
-24.639427 -31.131439
-24.581036 -31.189831
-24.522547 -31.248096
-24.463961 -31.306236
-24.405277 -31.364250
-24.346497 -31.422136
-24.287619 -31.479895
-24.228645 -31.537525
-24.169577 -31.595028
-24.110413 -31.652403
-24.051153 -31.709650
-23.991798 -31.766769
-23.932348 -31.823761
-23.872805 -31.880625
-23.813168 -31.937361
-23.753437 -31.993969
-23.693613 -32.050449
-23.633696 -32.106800
-23.573685 -32.163021
-23.513582 -32.219112
-23.453388 -32.275074
-23.393103 -32.330906
-23.332726 -32.386608
-23.272257 -32.442181
-23.211697 -32.497623
-23.151047 -32.552937
-23.090307 -32.608120
-23.029478 -32.663174
-22.968559 -32.718098
-22.907551 -32.772892
-22.846453 -32.827557
-22.785267 -32.882092
-22.723993 -32.936497
-22.662632 -32.990772
-22.601183 -33.044918
-22.539646 -33.098934
-22.478022 -33.152821
-22.416309 -33.206577
-22.354511 -33.260204
-22.292627 -33.313702
-22.230658 -33.367069
-22.168602 -33.420307
-22.106461 -33.473415
-22.044233 -33.526390
-21.981922 -33.579231
-21.919527 -33.631939
-21.857048 -33.684513
-21.794485 -33.736954
-21.731838 -33.789261
-21.669107 -33.841434
-21.606295 -33.893475
-21.543400 -33.945381
-21.480423 -33.997154
-21.417364 -34.048794
-21.354223 -34.100300
-21.291000 -34.151672
-21.227697 -34.202911
-21.164314 -34.254017
-21.100851 -34.304989
-21.037308 -34.355827
-20.973684 -34.406532
-20.909981 -34.457104
-20.846199 -34.507542
-20.782339 -34.557846
-20.718401 -34.608017
-20.654385 -34.658054
-20.590290 -34.707958
-20.526117 -34.757729
-20.461866 -34.807365
-20.397539 -34.856869
-20.333136 -34.906239
-20.268656 -34.955475
-20.204100 -35.004578
-20.139467 -35.053547
-20.074759 -35.102383
-20.009975 -35.151085
-19.945118 -35.199654
-19.880186 -35.248089
-19.815180 -35.296391
-19.750099 -35.344559
-19.684944 -35.392593
-19.619717 -35.440495
-19.554417 -35.488262
-19.489044 -35.535896
-19.423599 -35.583397
-19.358082 -35.630760
-19.292492 -35.677986
-19.226831 -35.725075
-19.161100 -35.772026
-19.095299 -35.818840
-19.029427 -35.865517
-18.963484 -35.912056
-18.897470 -35.958458
-18.831387 -36.004723
-18.765234 -36.050850
-18.699013 -36.096840
-18.632723 -36.142693
-18.566364 -36.188408
-18.499937 -36.233986
-18.433441 -36.279427
-18.366879 -36.324730
-18.300249 -36.369896
-18.233553 -36.414925
-18.166790 -36.459816
-18.099960 -36.504570
-18.033064 -36.549187
-17.966103 -36.593666
-17.899076 -36.638008
-17.831985 -36.682213
-17.764830 -36.726280
-17.697609 -36.770210
-17.630323 -36.814003
-17.562973 -36.857658
-17.495560 -36.901176
-17.428083 -36.944557
-17.360544 -36.987801
-17.292942 -37.030907
-17.225277 -37.073875
-17.157549 -37.116707
-17.089760 -37.159401
-17.021910 -37.201958
-16.953999 -37.244377
-16.886026 -37.286659
-16.817993 -37.328804
-16.749899 -37.370811
-16.681746 -37.412682
-16.613533 -37.454414
-16.545261 -37.496010
-16.476931 -37.537468
-16.408541 -37.578789
-16.340092 -37.619972
-16.271584 -37.661018
-16.203018 -37.701927
-16.134396 -37.742699
-16.065716 -37.783333
-15.996979 -37.823830
-15.928185 -37.864189
-15.859334 -37.904411
-15.790427 -37.944496
-15.721464 -37.984444
-15.652446 -38.024254
-15.583372 -38.063927
-15.514243 -38.103462
-15.445060 -38.142860
-15.375822 -38.182121
-15.306530 -38.221245
-15.237185 -38.260231
-15.167786 -38.299080
-15.098333 -38.337791
-15.028828 -38.376366
-14.959270 -38.414803
-14.889659 -38.453102
-14.819996 -38.491264
-14.750281 -38.529289
-14.680515 -38.567177
-14.610698 -38.604927
-14.540830 -38.642540
-14.470911 -38.680016
-14.400942 -38.717354
-14.330923 -38.754555
-14.260855 -38.791618
-14.190737 -38.828545
-14.120569 -38.865334
-14.050353 -38.901985
-13.980088 -38.938499
-13.909775 -38.974873
-13.839414 -39.011105
-13.769005 -39.047195
-13.698548 -39.083145
-13.628045 -39.118954
-13.557495 -39.154621
-13.486898 -39.190147
-13.416255 -39.225533
-13.345566 -39.260777
-13.274831 -39.295879
-13.204050 -39.330841
-13.133224 -39.365662
-13.062354 -39.400341
-12.991439 -39.434879
-12.920480 -39.469276
-12.849477 -39.503532
-12.778430 -39.537647
-12.707339 -39.571621
-12.636206 -39.605453
-12.565029 -39.639145
-12.493810 -39.672695
-12.422548 -39.706104
-12.351245 -39.739372
-12.279900 -39.772499
-12.208513 -39.805485
-12.137086 -39.838329
-12.065618 -39.871033
-11.994108 -39.903595
-11.922559 -39.936016
-11.850969 -39.968296
-11.779340 -40.000435
-11.707671 -40.032433
-11.635963 -40.064289
-11.564217 -40.096004
-11.492431 -40.127579
-11.420607 -40.159012
-11.348744 -40.190304
-11.276844 -40.221455
-11.204906 -40.252464
-11.132932 -40.283333
-11.060920 -40.314060
-10.988872 -40.344646
-10.916787 -40.375092
-10.844666 -40.405396
-10.772510 -40.435558
-10.700317 -40.465580
-10.628090 -40.495461
-10.555827 -40.525200
-10.483530 -40.554798
-10.411199 -40.584255
-10.338833 -40.613571
-10.266433 -40.642746
-10.193999 -40.671780
-10.121532 -40.700672
-10.049032 -40.729424
-9.976500 -40.758034
-9.903934 -40.786503
-9.831337 -40.814831
-9.758707 -40.843018
-9.686046 -40.871063
-9.613353 -40.898968
-9.540628 -40.926731
-9.467874 -40.954353
-9.395088 -40.981834
-9.322272 -41.009174
-9.249426 -41.036373
-9.176550 -41.063431
-9.103644 -41.090347
-9.030709 -41.117123
-8.957746 -41.143757
-8.884753 -41.170250
-8.811732 -41.196602
-8.738683 -41.222813
-8.665606 -41.248882
-8.592501 -41.274811
-8.519368 -41.300598
-8.446209 -41.326244
-8.373023 -41.351749
-8.299810 -41.377113
-8.226571 -41.402336
-8.153306 -41.427418
-8.080015 -41.452362
-8.006699 -41.477169
-7.933357 -41.501839
-7.859990 -41.526371
-7.786598 -41.550766
-7.713181 -41.575024
-7.639741 -41.599144
-7.566277 -41.623127
-7.492788 -41.646973
-7.419277 -41.670681
-7.345742 -41.694252
-7.272184 -41.717686
-7.198603 -41.740982
-7.125000 -41.764141
-7.051375 -41.787163
-6.977728 -41.810047
-6.904059 -41.832794
-6.830369 -41.855404
-6.756659 -41.877876
-6.682927 -41.900211
-6.609174 -41.922409
-6.535401 -41.944469
-6.461608 -41.966393
-6.387795 -41.988178
-6.313963 -42.009827
-6.240111 -42.031338
-6.166241 -42.052711
-6.092351 -42.073948
-6.018444 -42.095047
-5.944518 -42.116009
-5.870574 -42.136833
-5.796612 -42.157520
-5.722632 -42.178070
-5.648636 -42.198483
-5.574622 -42.218758
-5.500592 -42.238895
-5.426545 -42.258896
-5.352481 -42.278759
-5.278402 -42.298485
-5.204308 -42.318073
-5.130198 -42.337524
-5.056072 -42.356838
-4.981932 -42.376015
-4.907777 -42.395054
-4.833608 -42.413956
-4.759425 -42.432720
-4.685227 -42.451347
-4.611016 -42.469837
-4.536792 -42.488190
-4.462554 -42.506405
-4.388303 -42.524483
-4.314040 -42.542423
-4.239764 -42.560226
-4.165475 -42.577892
-4.091175 -42.595421
-4.016863 -42.612812
-3.942540 -42.630066
-3.868206 -42.647182
-3.793860 -42.664162
-3.719504 -42.681004
-3.645138 -42.697708
-3.570761 -42.714275
-3.496374 -42.730705
-3.421978 -42.746998
-3.347571 -42.763153
-3.273156 -42.779171
-3.198731 -42.795052
-3.124298 -42.810795
-3.049856 -42.826401
-2.975406 -42.841869
-2.900948 -42.857201
-2.826483 -42.872395
-2.752010 -42.887451
-2.677530 -42.902370
-2.603043 -42.917152
-2.528549 -42.931797
-2.454049 -42.946304
-2.379543 -42.960674
-2.305031 -42.974907
-2.230513 -42.989002
-2.155989 -43.002960
-2.081460 -43.016781
-2.006927 -43.030464
-1.932388 -43.044010
-1.857845 -43.057419
-1.783297 -43.070690
-1.708745 -43.083824
-1.634190 -43.096821
-1.559630 -43.109680
-1.485067 -43.122402
-1.410501 -43.134987
-1.335932 -43.147434
-1.261360 -43.159744
-1.186786 -43.171917
-1.112209 -43.183956
-1.037631 -43.195862
-0.963050 -43.207634
-0.888468 -43.219273
-0.813885 -43.230778
-0.739301 -43.242149
-0.664716 -43.253387
-0.590131 -43.264492
-0.515545 -43.275463
-0.440958 -43.286301
-0.366372 -43.297005
-0.291787 -43.307575
-0.217202 -43.318012
-0.142618 -43.328316
-0.068034 -43.338486
0.006547 -43.348522
0.081128 -43.358425
0.155706 -43.368195
0.230283 -43.377831
0.304858 -43.387333
0.379430 -43.396702
0.453999 -43.405937
0.528565 -43.415039
0.603129 -43.424007
0.677689 -43.432842
0.752245 -43.441544
0.826798 -43.450111
0.901346 -43.458546
0.975890 -43.466846
1.050430 -43.475014
1.124965 -43.483047
1.199496 -43.490948
1.274021 -43.498714
1.348541 -43.506348
1.423055 -43.513847
1.497563 -43.521214
1.572065 -43.528446
1.646561 -43.535545
1.721051 -43.542511
1.795533 -43.549343
1.870009 -43.556042
1.944477 -43.562607
2.018938 -43.569038
2.093392 -43.575336
2.167838 -43.581501
2.242275 -43.587532
2.316705 -43.593430
2.391125 -43.599194
2.465537 -43.604824
2.539940 -43.610321
2.614334 -43.615685
2.688718 -43.620914
2.763093 -43.626011
2.837458 -43.630974
2.911813 -43.635803
2.986158 -43.640499
3.060493 -43.645061
3.134816 -43.649494
3.209129 -43.653797
3.283430 -43.657970
3.357720 -43.662014
3.431999 -43.665928
3.506265 -43.669712
3.580520 -43.673367
3.654763 -43.676891
3.728993 -43.680286
3.803210 -43.683552
3.877415 -43.686687
3.951607 -43.689693
4.025785 -43.692570
4.099950 -43.695316
4.174101 -43.697933
4.248238 -43.700420
4.322361 -43.702778
4.396470 -43.705006
4.470563 -43.707104
4.544642 -43.709072
4.618707 -43.710911
4.692756 -43.712620
4.766789 -43.714199
4.840807 -43.715649
4.914810 -43.716969
4.988796 -43.718159
5.062766 -43.719219
5.136719 -43.720150
5.210655 -43.720951
5.284575 -43.721622
5.358478 -43.722164
5.432363 -43.722576
5.506231 -43.722858
5.580081 -43.723011
5.653913 -43.723034
5.727727 -43.722927
5.801523 -43.722691
5.875300 -43.722324
5.949059 -43.721828
6.022798 -43.721203
6.096519 -43.720448
6.170219 -43.719563
6.243901 -43.718548
6.317563 -43.717403
6.391204 -43.716129
6.464826 -43.714725
6.538427 -43.713192
6.612008 -43.711533
6.685568 -43.709747
6.759107 -43.707836
6.832624 -43.705799
6.906121 -43.703636
6.979596 -43.701347
7.053049 -43.698933
7.126480 -43.696392
7.199888 -43.693726
7.273274 -43.690933
7.346638 -43.688015
7.419979 -43.684971
7.493297 -43.681801
7.566592 -43.678505
7.639863 -43.675083
7.713111 -43.671535
7.786335 -43.667862
7.859535 -43.664062
7.932711 -43.660137
8.005862 -43.656086
8.078989 -43.651909
8.152091 -43.647606
8.225168 -43.643177
8.298221 -43.638622
8.371247 -43.633942
8.444248 -43.629135
8.517223 -43.624203
8.590173 -43.619144
8.663096 -43.613960
8.735993 -43.608650
8.808864 -43.603214
8.881707 -43.597652
8.954524 -43.591965
9.027314 -43.586151
9.100077 -43.580212
9.172812 -43.574146
9.245519 -43.567955
9.318198 -43.561638
9.390850 -43.555195
9.463473 -43.548626
9.536068 -43.541931
9.608634 -43.535114
9.681171 -43.528175
9.753680 -43.521114
9.826159 -43.513931
9.898609 -43.506626
9.971029 -43.499199
10.043420 -43.491650
10.115781 -43.483978
10.188111 -43.476185
10.260411 -43.468269
10.332681 -43.460232
10.404920 -43.452072
10.477128 -43.443790
10.549305 -43.435387
10.621450 -43.426861
10.693564 -43.418213
10.765647 -43.409443
10.837698 -43.400551
10.909717 -43.391537
10.981703 -43.382401
11.053657 -43.373142
11.125578 -43.363762
11.197467 -43.354259
11.269322 -43.344635
11.341145 -43.334888
11.412933 -43.325020
11.484689 -43.315029
11.556411 -43.304916
11.628099 -43.294682
11.699754 -43.284325
11.771374 -43.273846
11.842959 -43.263245
11.914511 -43.252522
11.986028 -43.241676
12.057509 -43.230709
12.128956 -43.219620
12.200367 -43.208408
12.271743 -43.197075
12.343083 -43.185619
12.414388 -43.174046
12.485656 -43.162354
12.556888 -43.150543
12.628083 -43.138615
12.699243 -43.126568
12.770366 -43.114403
12.841452 -43.102119
12.912500 -43.089718
12.983512 -43.077198
13.054486 -43.064560
13.125423 -43.051804
13.196322 -43.038929
13.267183 -43.025936
13.338006 -43.012825
13.408791 -42.999596
13.479537 -42.986248
13.550244 -42.972782
13.620913 -42.959198
13.691542 -42.945496
13.762132 -42.931675
13.832683 -42.917736
13.903194 -42.903679
13.973666 -42.889503
14.044098 -42.875210
14.114490 -42.860798
14.184841 -42.846268
14.255153 -42.831619
14.325423 -42.816853
14.395653 -42.801968
14.465841 -42.786964
14.535989 -42.771843
14.606095 -42.756603
14.676161 -42.741245
14.746184 -42.725769
14.816166 -42.710175
14.886106 -42.694462
14.956003 -42.678635
15.025859 -42.662693
15.095673 -42.646637
15.165443 -42.630466
15.235171 -42.614182
15.304856 -42.597782
15.374498 -42.581268
15.444098 -42.564640
15.513653 -42.547897
15.583164 -42.531040
15.652632 -42.514069
15.722055 -42.496983
15.791435 -42.479782
15.860771 -42.462467
15.930062 -42.445038
15.999309 -42.427494
16.068510 -42.409836
16.137667 -42.392063
16.206778 -42.374176
16.275843 -42.356174
16.344862 -42.338058
16.413836 -42.319828
16.482763 -42.301483
16.551645 -42.283024
16.620481 -42.264450
16.689272 -42.245762
16.758017 -42.226959
16.826715 -42.208042
16.895369 -42.189011
16.963974 -42.169865
17.032532 -42.150604
17.101042 -42.131229
17.169504 -42.111740
17.237919 -42.092136
17.306286 -42.072418
17.374605 -42.052589
17.442877 -42.032650
17.511101 -42.012600
17.579277 -41.992439
17.647406 -41.972168
17.715487 -41.951786
17.783518 -41.931293
17.851500 -41.910690
17.919432 -41.889977
17.987314 -41.869152
18.055147 -41.848217
18.122931 -41.827171
18.190664 -41.806015
18.258348 -41.784748
18.325983 -41.763371
18.393568 -41.741882
18.461103 -41.720284
18.528589 -41.698574
18.596024 -41.676754
18.663406 -41.654823
18.730738 -41.632782
18.798018 -41.610630
18.865246 -41.588367
18.932423 -41.565994
18.999548 -41.543510
19.066622 -41.520916
19.133644 -41.498211
19.200615 -41.475395
19.267534 -41.452469
19.334402 -41.429432
19.401218 -41.406284
19.467981 -41.383026
19.534691 -41.359657
19.601347 -41.336182
19.667950 -41.312599
19.734499 -41.288910
19.800995 -41.265114
19.867437 -41.241211
19.933826 -41.217201
20.000162 -41.193085
20.066444 -41.168861
20.132673 -41.144531
20.198849 -41.120094
20.264969 -41.095551
20.331034 -41.070900
20.397043 -41.046143
20.462997 -41.021278
20.528896 -40.996307
20.594740 -40.971230
20.660528 -40.946045
20.726261 -40.920753
20.791939 -40.895355
20.857561 -40.869850
20.923128 -40.844238
20.988640 -40.818520
21.054096 -40.792694
21.119495 -40.766762
21.184837 -40.740723
21.250122 -40.714577
21.315350 -40.688324
21.380520 -40.661964
21.445633 -40.635498
21.510689 -40.608925
21.575687 -40.582245
21.640629 -40.555458
21.705513 -40.528564
21.770340 -40.501568
21.835110 -40.474468
21.899822 -40.447266
21.964478 -40.419960
22.029074 -40.392551
22.093611 -40.365040
22.158089 -40.337425
22.222507 -40.309708
22.286867 -40.281887
22.351168 -40.253963
22.415409 -40.225937
22.479591 -40.197807
22.543715 -40.169575
22.607779 -40.141239
22.671783 -40.112801
22.735729 -40.084259
22.799616 -40.055614
22.863441 -40.026867
22.927206 -39.998016
22.990910 -39.969063
23.054552 -39.940006
23.118134 -39.910847
23.181654 -39.881584
23.245113 -39.852219
23.308512 -39.822750
23.371849 -39.793179
23.435125 -39.763504
23.498341 -39.733727
23.561495 -39.703846
23.624588 -39.673862
23.687620 -39.643776
23.750589 -39.613586
23.813496 -39.583298
23.876339 -39.552910
23.939119 -39.522423
24.001837 -39.491837
24.064491 -39.461151
24.127083 -39.430367
24.189611 -39.399483
24.252077 -39.368500
24.314480 -39.337418
24.376820 -39.306236
24.439096 -39.274956
24.501310 -39.243576
24.563461 -39.212097
24.625547 -39.180519
24.687569 -39.148842
24.749525 -39.117065
24.811417 -39.085190
24.873243 -39.053215
24.935005 -39.021141
24.996702 -38.988968
25.058334 -38.956696
25.119902 -38.924324
25.181404 -38.891853
25.242842 -38.859283
25.304214 -38.826614
25.365522 -38.793846
25.426765 -38.760979
25.487944 -38.728012
25.549055 -38.694946
25.610100 -38.661781
25.671078 -38.628517
25.731989 -38.595158
25.792833 -38.561703
25.853611 -38.528152
25.914322 -38.494507
25.974966 -38.460766
26.035543 -38.426929
26.096054 -38.392998
26.156498 -38.358971
26.216875 -38.324848
26.277185 -38.290630
26.337429 -38.256317
26.397606 -38.221909
26.457714 -38.187405
26.517754 -38.152805
26.577724 -38.118111
26.637627 -38.083321
26.697460 -38.048435
26.757225 -38.013454
26.816921 -37.978378
26.876549 -37.943207
26.936108 -37.907940
26.995598 -37.872578
27.055019 -37.837120
27.114372 -37.801567
27.173656 -37.765919
27.232872 -37.730175
27.292019 -37.694336
27.351095 -37.658401
27.410101 -37.622372
27.469036 -37.586246
27.527901 -37.550030
27.586695 -37.513721
27.645418 -37.477322
27.704071 -37.440830
27.762653 -37.404247
27.821165 -37.367573
27.879606 -37.330807
27.937977 -37.293949
27.996277 -37.257000
28.054506 -37.219959
28.112665 -37.182827
28.170753 -37.145603
28.228771 -37.108288
28.286716 -37.070881
28.344589 -37.033382
28.402390 -36.995792
28.460117 -36.958111
28.517773 -36.920338
28.575356 -36.882473
28.632866 -36.844517
28.690304 -36.806469
28.747669 -36.768330
28.804962 -36.730099
28.862183 -36.691776
28.919331 -36.653362
28.976406 -36.614857
29.033409 -36.576260
29.090340 -36.537571
29.147198 -36.498791
29.203981 -36.459919
29.260691 -36.420959
29.317326 -36.381912
29.373886 -36.342777
29.430372 -36.303555
29.486784 -36.264244
29.543121 -36.224846
29.599384 -36.185360
29.655573 -36.145786
29.711687 -36.106125
29.767727 -36.066376
29.823692 -36.026539
29.879583 -35.986614
29.935400 -35.946602
29.991142 -35.906502
30.046810 -35.866314
30.102404 -35.826038
30.157921 -35.785675
30.213362 -35.745224
30.268726 -35.704685
30.324015 -35.664059
30.379227 -35.623344
30.434362 -35.582542
30.489422 -35.541653
30.544405 -35.500675
30.599312 -35.459610
30.654142 -35.418457
30.708897 -35.377216
30.763575 -35.335888
30.818176 -35.294472
30.872702 -35.252968
30.927151 -35.211380
30.981524 -35.169708
31.035820 -35.127953
31.090038 -35.086113
31.144178 -35.044189
31.198240 -35.002182
31.252224 -34.960091
31.306129 -34.917915
31.359957 -34.875656
31.413706 -34.833313
31.467377 -34.790886
31.520969 -34.748375
31.574484 -34.705780
31.627920 -34.663101
31.681278 -34.620338
31.734558 -34.577492
31.787760 -34.534561
31.840883 -34.491547
31.893929 -34.448448
31.946896 -34.405266
31.999784 -34.362000
32.052593 -34.318649
32.105324 -34.275215
32.157974 -34.231697
32.210545 -34.188095
32.263035 -34.144409
32.315445 -34.100639
32.367775 -34.056786
32.420025 -34.012848
32.472195 -33.968830
32.524284 -33.924732
32.576294 -33.880554
32.628223 -33.836296
32.680073 -33.791958
32.731842 -33.747540
32.783531 -33.703041
32.835140 -33.658463
32.886669 -33.613804
32.938118 -33.569065
32.989487 -33.524246
33.040775 -33.479347
33.091984 -33.434368
33.143112 -33.389309
33.194160 -33.344170
33.245129 -33.298950
33.296017 -33.253651
33.346825 -33.208271
33.397552 -33.162811
33.448200 -33.117271
33.498764 -33.071651
33.549244 -33.025951
33.599640 -32.980171
33.649952 -32.934311
33.700180 -32.888371
33.750324 -32.842350
33.800385 -32.796249
33.850361 -32.750069
33.900253 -32.703808
33.950062 -32.657471
33.999786 -32.611057
34.049427 -32.564568
34.098984 -32.518002
34.148457 -32.471359
34.197845 -32.424641
34.247150 -32.377846
34.296371 -32.330975
34.345509 -32.284027
34.394562 -32.237003
34.443531 -32.189903
34.492416 -32.142727
34.541218 -32.095474
34.589935 -32.048145
34.638569 -32.000740
34.687119 -31.953259
34.735584 -31.905701
34.783966 -31.858067
34.832264 -31.810356
34.880478 -31.762569
34.928608 -31.714706
34.976654 -31.666767
35.024616 -31.618753
35.072495 -31.570665
35.120289 -31.522503
35.167999 -31.474266
35.215626 -31.425955
35.263168 -31.377569
35.310627 -31.329109
35.358002 -31.280575
35.405289 -31.231966
35.452488 -31.183283
35.499599 -31.134525
35.546623 -31.085693
35.593559 -31.036787
35.640408 -30.987806
35.687168 -30.938753
35.733841 -30.889627
35.780426 -30.840429
35.826923 -30.791159
35.873333 -30.741816
35.919655 -30.692400
35.965889 -30.642912
36.012035 -30.593351
36.058094 -30.543718
36.104065 -30.494013
36.149948 -30.444235
36.195744 -30.394384
36.241451 -30.344461
36.287071 -30.294466
36.332603 -30.244400
36.378048 -30.194263
36.423405 -30.144056
36.468674 -30.093779
36.513855 -30.043430
36.558949 -29.993011
36.603954 -29.942522
36.648872 -29.891962
36.693703 -29.841331
36.738445 -29.790630
36.783100 -29.739859
36.827667 -29.689016
36.872147 -29.638103
36.916538 -29.587120
36.960842 -29.536066
37.005058 -29.484943
37.049187 -29.433752
37.093227 -29.382492
37.137180 -29.331163
37.181046 -29.279766
37.224823 -29.228300
37.268509 -29.176765
37.312103 -29.125162
37.355606 -29.073490
37.399017 -29.021749
37.442337 -28.969940
37.485565 -28.918062
37.528702 -28.866116
37.571747 -28.814100
37.614700 -28.762018
37.657562 -28.709869
37.700333 -28.657654
37.743011 -28.605371
37.785599 -28.553022
37.828094 -28.500607
37.870499 -28.448124
37.912811 -28.395575
37.955032 -28.342958
37.997162 -28.290276
38.039200 -28.237526
38.081146 -28.184710
38.123001 -28.131826
38.164764 -28.078876
38.206436 -28.025862
38.248016 -27.972782
38.289505 -27.919638
38.330902 -27.866428
38.372208 -27.813154
38.413422 -27.759815
38.454544 -27.706411
38.495575 -27.652943
38.536514 -27.599409
38.577362 -27.545811
38.618118 -27.492147
38.658783 -27.438419
38.699356 -27.384626
38.739838 -27.330769
38.780228 -27.276848
38.820526 -27.222864
38.860733 -27.168818
38.900848 -27.114708
38.940872 -27.060535
38.980804 -27.006300
39.020645 -26.952002
39.060394 -26.897640
39.100052 -26.843216
39.139614 -26.788729
39.179081 -26.734179
39.218452 -26.679565
39.257729 -26.624889
39.296909 -26.570150
39.335995 -26.515350
39.374985 -26.460489
39.413879 -26.405567
39.452679 -26.350584
39.491383 -26.295540
39.529991 -26.240435
39.568504 -26.185268
39.606922 -26.130041
39.645245 -26.074753
39.683472 -26.019403
39.721603 -25.963993
39.759640 -25.908522
39.797581 -25.852989
39.835426 -25.797398
39.873177 -25.741747
39.910831 -25.686037
39.948391 -25.630268
39.985855 -25.574440
40.023224 -25.518553
40.060497 -25.462606
40.097675 -25.406601
40.134758 -25.350536
40.171745 -25.294413
40.208637 -25.238230
40.245434 -25.181988
40.282135 -25.125687
40.318741 -25.069326
40.355251 -25.012909
40.391666 -24.956434
40.427986 -24.899902
40.464211 -24.843313
40.500340 -24.786667
40.536373 -24.729963
40.572311 -24.673203
40.608154 -24.616385
40.643902 -24.559509
40.679554 -24.502577
40.715111 -24.445587
40.750572 -24.388540
40.785938 -24.331436
40.821209 -24.274275
40.856384 -24.217058
40.891464 -24.159786
40.926449 -24.102459
40.961334 -24.045076
40.996120 -23.987638
41.030807 -23.930145
41.065395 -23.872597
41.099884 -23.814993
41.134274 -23.757334
41.168564 -23.699619
41.202755 -23.641850
41.236847 -23.584024
41.270840 -23.526144
41.304733 -23.468210
41.338528 -23.410223
41.372223 -23.352182
41.405819 -23.294088
41.439316 -23.235941
41.472713 -23.177740
41.506012 -23.119486
41.539211 -23.061178
41.572311 -23.002817
41.605312 -22.944403
41.638214 -22.885935
41.671017 -22.827414
41.703720 -22.768839
41.736324 -22.710211
41.768829 -22.651531
41.801235 -22.592800
41.833542 -22.534018
41.865749 -22.475183
41.897858 -22.416298
41.929867 -22.357361
41.961777 -22.298372
41.993587 -22.239332
42.025299 -22.180241
42.056911 -22.121098
42.088425 -22.061903
42.119839 -22.002657
42.151154 -21.943359
42.182369 -21.884012
42.213486 -21.824615
42.244503 -21.765169
42.275421 -21.705673
42.306240 -21.646128
42.336960 -21.586533
42.367580 -21.526888
42.398102 -21.467194
42.428524 -21.407450
42.458847 -21.347656
42.489071 -21.287813
42.519196 -21.227921
42.549221 -21.167978
42.579147 -21.107986
42.608974 -21.047947
42.638702 -20.987860
42.668331 -20.927725
42.697857 -20.867542
42.727280 -20.807312
42.756599 -20.747034
42.785816 -20.686708
42.814930 -20.626335
42.843941 -20.565914
42.872849 -20.505445
42.901653 -20.444929
42.930355 -20.384365
42.958954 -20.323753
42.987450 -20.263096
43.015842 -20.202393
43.044132 -20.141644
43.072319 -20.080849
43.100403 -20.020008
43.128384 -19.959122
43.156261 -19.898190
43.184036 -19.837212
43.211708 -19.776188
43.239277 -19.715118
43.266743 -19.654003
43.294106 -19.592842
43.321365 -19.531635
43.348522 -19.470385
43.375576 -19.409090
43.402527 -19.347752
43.429375 -19.286369
43.456120 -19.224943
43.482761 -19.163473
43.509300 -19.101959
43.535736 -19.040401
43.562069 -18.978800
43.588299 -18.917154
43.614426 -18.855465
43.640450 -18.793732
43.666370 -18.731955
43.692188 -18.670134
43.717903 -18.608271
43.743515 -18.546366
43.769024 -18.484419
43.794430 -18.422430
43.819733 -18.360399
43.844933 -18.298326
43.870029 -18.236212
43.895023 -18.174055
43.919914 -18.111856
43.944702 -18.049616
43.969387 -17.987333
43.993969 -17.925009
44.018448 -17.862642
44.042824 -17.800236
44.067097 -17.737789
44.091267 -17.675303
44.115334 -17.612776
44.139297 -17.550209
44.163158 -17.487602
44.186916 -17.424955
44.210571 -17.362268
44.234123 -17.299541
44.257572 -17.236774
44.280914 -17.173967
44.304150 -17.111120
44.327278 -17.048233
44.350300 -16.985308
44.373215 -16.922344
44.396023 -16.859343
44.418724 -16.796303
44.441319 -16.733225
44.463806 -16.670109
44.486187 -16.606955
44.508461 -16.543762
44.530628 -16.480532
44.552689 -16.417263
44.574642 -16.353956
44.596489 -16.290611
44.618229 -16.227228
44.639862 -16.163809
44.661388 -16.100353
44.682808 -16.036861
44.704121 -15.973333
44.725327 -15.909769
44.746426 -15.846169
44.767418 -15.782532
44.788303 -15.718859
44.809082 -15.655149
44.829754 -15.591405
44.850319 -15.527625
44.870777 -15.463810
44.891129 -15.399960
44.911373 -15.336074
44.931511 -15.272153
44.951542 -15.208197
44.971466 -15.144206
44.991283 -15.080181
45.010994 -15.016122
45.030598 -14.952028
45.050095 -14.887900
45.069485 -14.823738
45.088768 -14.759542
45.107944 -14.695313
45.127014 -14.631051
45.145977 -14.566755
45.164833 -14.502426
45.183582 -14.438064
45.202225 -14.373668
45.220760 -14.309239
45.239189 -14.244779
45.257511 -14.180285
45.275726 -14.115760
45.293835 -14.051202
45.311836 -13.986611
45.329731 -13.921989
45.347519 -13.857336
45.365200 -13.792651
45.382774 -13.727935
45.400242 -13.663187
45.417603 -13.598408
45.434856 -13.533598
45.452003 -13.468758
45.469044 -13.403887
45.485977 -13.338985
45.502804 -13.274054
45.519524 -13.209091
45.536137 -13.144098
45.552643 -13.079076
45.569042 -13.014024
45.585335 -12.948942
45.601521 -12.883831
45.617599 -12.818690
45.633568 -12.753520
45.649426 -12.688321
45.665173 -12.623094
45.680809 -12.557837
45.696335 -12.492553
45.711750 -12.427239
45.727055 -12.361897
45.742249 -12.296528
45.757332 -12.231131
45.772305 -12.165706
45.787167 -12.100253
45.801918 -12.034773
45.816559 -11.969265
45.831089 -11.903729
45.845509 -11.838167
45.859818 -11.772578
45.874016 -11.706963
45.888103 -11.641320
45.902081 -11.575651
45.915947 -11.509955
45.929703 -11.444234
45.943348 -11.378487
45.956882 -11.312714
45.970306 -11.246915
45.983620 -11.181090
45.996822 -11.115240
46.009914 -11.049365
46.022896 -10.983465
46.035767 -10.917541
46.048527 -10.851591
46.061176 -10.785617
46.073715 -10.719618
46.086143 -10.653595
46.098461 -10.587548
46.110668 -10.521478
46.122765 -10.455383
46.134750 -10.389265
46.146626 -10.323123
46.158390 -10.256958
46.170044 -10.190770
46.181587 -10.124559
46.193020 -10.058326
46.204342 -9.992069
46.215553 -9.925790
46.226654 -9.859488
46.237644 -9.793163
46.248524 -9.726817
46.259293 -9.660449
46.269951 -9.594059
46.280499 -9.527647
46.290936 -9.461213
46.301262 -9.394758
46.311478 -9.328282
46.321583 -9.261786
46.331577 -9.195268
46.341461 -9.128729
46.351234 -9.062169
46.360897 -8.995589
46.370449 -8.928989
46.379890 -8.862370
46.389221 -8.795730
46.398441 -8.729070
46.407551 -8.662390
46.416550 -8.595691
46.425438 -8.528973
46.434216 -8.462235
46.442883 -8.395479
46.451439 -8.328704
46.459885 -8.261909
46.468220 -8.195097
46.476444 -8.128266
46.484558 -8.061418
46.492561 -7.994551
46.500454 -7.927666
46.508236 -7.860763
46.515907 -7.793843
46.523468 -7.726905
46.530918 -7.659950
46.538258 -7.592978
46.545486 -7.525988
46.552605 -7.458982
46.559612 -7.391959
46.566509 -7.324920
46.573292 -7.257864
46.579960 -7.190792
46.586514 -7.123704
46.592953 -7.056600
46.599277 -6.989480
46.605488 -6.922345
46.611584 -6.855195
46.617565 -6.788029
46.623432 -6.720848
46.629185 -6.653652
46.634823 -6.586441
46.640347 -6.519216
46.645756 -6.451976
46.651051 -6.384722
46.656231 -6.317453
46.661297 -6.250171
46.666248 -6.182875
46.671085 -6.115565
46.675808 -6.048242
46.680416 -5.980906
46.684910 -5.913556
46.689289 -5.846193
46.693554 -5.778817
46.697704 -5.711429
46.701740 -5.644028
46.705662 -5.576614
46.709469 -5.509189
46.713161 -5.441751
46.716740 -5.374301
46.720203 -5.306840
46.723553 -5.239367
46.726788 -5.171883
46.729908 -5.104387
46.732914 -5.036880
46.735806 -4.969362
46.738583 -4.901834
46.741245 -4.834294
46.743793 -4.766745
46.746227 -4.699184
46.748547 -4.631614
46.750751 -4.564034
46.752842 -4.496444
46.754818 -4.428844
46.756680 -4.361235
46.758427 -4.293616
46.760059 -4.225989
46.761578 -4.158352
46.762981 -4.090707
46.764271 -4.023054
46.765446 -3.955391
46.766506 -3.887721
46.767452 -3.820042
46.768284 -3.752355
46.769001 -3.684661
46.769604 -3.616958
46.770092 -3.549249
46.770466 -3.481532
46.770725 -3.413807
46.770870 -3.346076
46.770901 -3.278338
46.770817 -3.210593
46.770618 -3.142842
46.770306 -3.075085
46.769878 -3.007321
46.769337 -2.939551
46.768681 -2.871775
46.767910 -2.803994
46.767025 -2.736207
46.766026 -2.668415
46.764912 -2.600617
46.763683 -2.532814
46.762341 -2.465007
46.760883 -2.397195
46.759312 -2.329378
46.757626 -2.261557
46.755825 -2.193732
46.753910 -2.125902
46.751881 -2.058069
46.749737 -1.990232
46.747478 -1.922392
46.745106 -1.854548
46.742619 -1.786701
46.740017 -1.718851
46.737301 -1.650998
46.734470 -1.583142
46.731525 -1.515284
46.728466 -1.447423
46.725292 -1.379560
46.722004 -1.311695
46.718601 -1.243829
46.715084 -1.175960
46.711452 -1.108090
46.707706 -1.040219
46.703846 -0.972346
46.699871 -0.904472
46.695782 -0.836598
46.691578 -0.768722
46.687260 -0.700847
46.682827 -0.632970
46.678280 -0.565094
46.673618 -0.497217
46.668842 -0.429341
46.663952 -0.361465
46.658947 -0.293589
46.653828 -0.225714
46.648594 -0.157840
46.643246 -0.089967
46.637783 -0.022095
46.632206 0.045776
46.626514 0.113646
46.620708 0.181513
46.614788 0.249379
46.608753 0.317243
46.602604 0.385105
46.596340 0.452964
46.589962 0.520821
46.583469 0.588676
46.576862 0.656527
46.570141 0.724376
46.563301 0.792221
46.556343 0.860063
46.549267 0.927901
46.542072 0.995736
46.534760 1.063567
46.527328 1.131394
46.519779 1.199217
46.512112 1.267035
46.504326 1.334849
46.496422 1.402658
46.488400 1.470463
46.480259 1.538262
46.472000 1.606056
46.463623 1.673845
46.455128 1.741628
46.446514 1.809405
46.437782 1.877177
46.428932 1.944942
46.419964 2.012701
46.410877 2.080454
46.401672 2.148200
46.392349 2.215939
46.382908 2.283671
46.373348 2.351397
46.363670 2.419114
46.353874 2.486825
46.343960 2.554528
46.333927 2.622222
46.323776 2.689909
46.313507 2.757588
46.303120 2.825259
46.292614 2.892921
46.281990 2.960574
46.271248 3.028219
46.260387 3.095855
46.249409 3.163481
46.238312 3.231098
46.227097 3.298705
46.215763 3.366303
46.204311 3.433890
46.192741 3.501468
46.181053 3.569035
46.169247 3.636592
46.157322 3.704139
46.145279 3.771674
46.133118 3.839199
46.120838 3.906712
46.108440 3.974215
46.095924 4.041705
46.083290 4.109184
46.070538 4.176651
46.057667 4.244107
46.044678 4.311550
46.031570 4.378980
46.018345 4.446398
46.005001 4.513803
45.991539 4.581196
45.977959 4.648575
45.964260 4.715941
45.950443 4.783294
45.936508 4.850633
45.922455 4.917958
45.908283 4.985270
45.893993 5.052567
45.879585 5.119849
45.865059 5.187118
45.850414 5.254371
45.835651 5.321610
45.820770 5.388834
45.805771 5.456042
45.790653 5.523235
45.775417 5.590412
45.760063 5.657574
45.744591 5.724720
45.729000 5.791849
45.713291 5.858963
45.697464 5.926059
45.681519 5.993139
45.665455 6.060203
45.649273 6.127249
45.632973 6.194278
45.616554 6.261290
45.600018 6.328284
45.583363 6.395260
45.566589 6.462219
45.549698 6.529159
45.532688 6.596081
45.515560 6.662985
45.498314 6.729870
45.480949 6.796736
45.463467 6.863584
45.445866 6.930412
45.428146 6.997221
45.410309 7.064010
45.392353 7.130779
45.374279 7.197529
45.356087 7.264258
45.337776 7.330967
45.319347 7.397656
45.300800 7.464324
45.282135 7.530971
45.263351 7.597597
45.244450 7.664202
45.225430 7.730786
45.206291 7.797348
45.187035 7.863888
45.167660 7.930407
45.148167 7.996903
45.128555 8.063377
45.108826 8.129829
45.088978 8.196259
45.069012 8.262665
45.048927 8.329048
45.028725 8.395409
45.008404 8.461745
44.987965 8.528058
44.967407 8.594347
44.946732 8.660612
44.925938 8.726853
44.905025 8.793070
44.883995 8.859262
44.862846 8.925428
44.841579 8.991570
44.820194 9.057688
44.798691 9.123780
44.777069 9.189847
44.755329 9.255888
44.733471 9.321903
44.711494 9.387893
44.689400 9.453856
44.667187 9.519794
44.644855 9.585704
44.622406 9.651587
44.599838 9.717444
44.577152 9.783275
44.554348 9.849077
44.531425 9.914852
44.508385 9.980599
44.485226 10.046319
44.461948 10.112011
44.438553 10.177674
44.415039 10.243309
44.391407 10.308915
44.367657 10.374493
44.343788 10.440042
44.319801 10.505561
44.295696 10.571051
44.271473 10.636511
44.247131 10.701941
44.222672 10.767343
44.198093 10.832713
44.173397 10.898053
44.148582 10.963363
44.123650 11.028642
44.098598 11.093890
44.073429 11.159107
44.048141 11.224293
44.022736 11.289447
43.997211 11.354569
43.971569 11.419661
43.945808 11.484719
43.919930 11.549746
43.893932 11.614739
43.867817 11.679701
43.841583 11.744630
43.815231 11.809525
43.788761 11.874388
43.762173 11.939217
43.735466 12.004012
43.708641 12.068774
43.681698 12.133502
43.654636 12.198195
43.627457 12.262855
43.600159 12.327479
43.572742 12.392070
43.545208 12.456625
43.517555 12.521145
43.489784 12.585629
43.461895 12.650079
43.433887 12.714493
43.405762 12.778871
43.377518 12.843212
43.349155 12.907517
43.320675 12.971786
43.292076 13.036019
43.263359 13.100215
43.234524 13.164373
43.205570 13.228495
43.176498 13.292579
43.147308 13.356625
43.118000 13.420632
43.088573 13.484602
43.059029 13.548533
43.029366 13.612427
42.999584 13.676281
42.969685 13.740096
42.939667 13.803872
42.909531 13.867609
42.879276 13.931307
42.848904 13.994965
42.818413 14.058582
42.787804 14.122160
42.757076 14.185698
42.726231 14.249195
42.695267 14.312652
42.664185 14.376067
42.632984 14.439442
42.601665 14.502775
42.570229 14.566068
42.538673 14.629318
42.507000 14.692527
42.475208 14.755693
42.443298 14.818818
42.411270 14.881900
42.379124 14.944939
42.346859 15.007935
42.314476 15.070888
42.281975 15.133798
42.249355 15.196664
42.216618 15.259486
42.183762 15.322265
42.150787 15.384999
42.117695 15.447690
42.084484 15.510336
42.051155 15.572937
42.017708 15.635493
41.984142 15.698005
41.950459 15.760471
41.916656 15.822892
41.882736 15.885267
41.848698 15.947597
41.814541 16.009880
41.780266 16.072117
41.745872 16.134308
41.711361 16.196453
41.676731 16.258551
41.641983 16.320601
41.607117 16.382603
41.572132 16.444557
41.537029 16.506464
41.501808 16.568323
41.466469 16.630135
41.431011 16.691898
41.395435 16.753614
41.359741 16.815281
41.323929 16.876898
41.287998 16.938465
41.251949 16.999983
41.215782 17.061451
41.179497 17.122869
41.143093 17.184238
41.106571 17.245558
41.069931 17.306828
41.033173 17.368046
40.996300 17.429213
40.959312 17.490328
40.922211 17.551392
40.884995 17.612404
40.847664 17.673365
40.810219 17.734274
40.772659 17.795132
40.734985 17.855938
40.697197 17.916693
40.659294 17.977394
40.621277 18.038042
40.583145 18.098637
40.544899 18.159178
40.506538 18.219666
40.468063 18.280100
40.429474 18.340481
40.390770 18.400808
40.351952 18.461082
40.313019 18.521301
40.273972 18.581465
40.234810 18.641573
40.195534 18.701626
40.156143 18.761623
40.116638 18.821566
40.077019 18.881453
40.037285 18.941284
39.997437 19.001060
39.957474 19.060780
39.917397 19.120441
39.877205 19.180046
39.836899 19.239594
39.796478 19.299084
39.755943 19.358517
39.715294 19.417892
39.674530 19.477211
39.633652 19.536472
39.592659 19.595675
39.551552 19.654818
39.510330 19.713902
39.468994 19.772926
39.427544 19.831892
39.385979 19.890799
39.344299 19.949646
39.302505 20.008434
39.260597 20.067163
39.218575 20.125832
39.176437 20.184439
39.134186 20.242985
39.091820 20.301470
39.049339 20.359894
39.006744 20.418257
38.964035 20.476559
38.921211 20.534800
38.878273 20.592979
38.835220 20.651096
38.792053 20.709150
38.748772 20.767141
38.705376 20.825069
38.661865 20.882935
38.618240 20.940737
38.574501 20.998476
38.530647 21.056152
38.486679 21.113764
38.442596 21.171310
38.398399 21.228792
38.354088 21.286209
38.309662 21.343561
38.265121 21.400848
38.220467 21.458071
38.175697 21.515228
38.130814 21.572321
38.085815 21.629347
38.040703 21.686306
37.995476 21.743198
37.950134 21.800024
37.904678 21.856783
37.859108 21.913475
37.813423 21.970100
37.767624 22.026659
37.721710 22.083151
37.675682 22.139574
37.629539 22.195929
37.583282 22.252214
37.536911 22.308432
37.490425 22.364580
37.443825 22.420660
37.397110 22.476671
37.350281 22.532614
37.303337 22.588488
37.256283 22.644291
37.209118 22.700024
37.161842 22.755686
37.114456 22.811277
37.066959 22.866798
37.019352 22.922249
36.971634 22.977629
36.923805 23.032938
36.875866 23.088175
36.827816 23.143339
36.779655 23.198431
36.731384 23.253450
36.683002 23.308397
36.634510 23.363272
36.585907 23.418074
36.537193 23.472803
36.488369 23.527460
36.439434 23.582043
36.390388 23.636551
36.341232 23.690985
36.291965 23.745344
36.242588 23.799629
36.193100 23.853840
36.143501 23.907976
36.093792 23.962038
36.043972 24.016024
35.994041 24.069933
35.944000 24.123766
35.893848 24.177523
35.843586 24.231203
35.793213 24.284807
35.742729 24.338335
35.692135 24.391787
35.641430 24.445162
35.590614 24.498459
35.539688 24.551678
35.488651 24.604818
35.437504 24.657881
35.386246 24.710865
35.334877 24.763771
35.283398 24.816599
35.231808 24.869349
35.180107 24.922018
35.128296 24.974607
35.076374 25.027117
35.024342 25.079546
34.972198 25.131895
34.919945 25.184164
34.867580 25.236353
34.815105 25.288462
34.762520 25.340488
34.709824 25.392433
34.657017 25.444296
34.604099 25.496077
34.551071 25.547775
34.497932 25.599392
34.444687 25.650927
34.391335 25.702379
34.337875 25.753750
34.284309 25.805037
34.230637 25.856239
34.176857 25.907358
34.122971 25.958393
34.068977 26.009344
34.014877 26.060211
33.960670 26.110994
33.906357 26.161694
33.851936 26.212307
33.797409 26.262835
33.742775 26.313276
33.688034 26.363632
33.633186 26.413902
33.578232 26.464087
33.523170 26.514185
33.468002 26.564198
33.412727 26.614122
33.357346 26.663960
33.301857 26.713709
33.246262 26.763371
33.190559 26.812944
33.134750 26.862431
33.078835 26.911829
33.022812 26.961140
32.966682 27.010361
32.910446 27.059492
32.854103 27.108534
32.797653 27.157486
32.741096 27.206348
32.684433 27.255121
32.627663 27.303804
32.570786 27.352398
32.513802 27.400902
32.456711 27.449314
32.399513 27.497635
32.342209 27.545864
32.284798 27.594002
32.227280 27.642048
32.169655 27.690002
32.111927 27.737865
32.054096 27.785637
31.996161 27.833315
31.938120 27.880899
31.879974 27.928391
31.821724 27.975788
31.763369 28.023092
31.704908 28.070303
31.646343 28.117420
31.587673 28.164444
31.528900 28.211372
31.470024 28.258205
31.411045 28.304943
31.351963 28.351585
31.292778 28.398132
31.233490 28.444584
31.174099 28.490940
31.114605 28.537201
31.055008 28.583364
30.995308 28.629431
30.935505 28.675400
30.875599 28.721272
30.815590 28.767046
30.755478 28.812723
30.695263 28.858303
30.634945 28.903786
30.574524 28.949169
30.514002 28.994453
30.453379 29.039639
30.392654 29.084724
30.331829 29.129711
30.270903 29.174599
30.209875 29.219387
30.148746 29.264076
30.087517 29.308664
30.026186 29.353151
29.964754 29.397537
29.903221 29.441822
29.841587 29.486006
29.779852 29.530088
29.718016 29.574070
29.656078 29.617950
29.594040 29.661728
29.531900 29.705402
29.469662 29.748974
29.407324 29.792442
29.344887 29.835808
29.282351 29.879070
29.219715 29.922230
29.156981 29.965286
29.094147 30.008238
29.031214 30.051085
28.968182 30.093826
28.905050 30.136463
28.841820 30.178995
28.778490 30.221422
28.715061 30.263744
28.651533 30.305960
28.587906 30.348068
28.524181 30.390070
28.460360 30.431965
28.396441 30.473753
28.332424 30.515434
28.268311 30.557009
28.204100 30.598476
28.139791 30.639835
28.075386 30.681086
28.010883 30.722227
27.946283 30.763260
27.881586 30.804184
27.816792 30.844999
27.751900 30.885706
27.686911 30.926304
27.621826 30.966791
27.556646 31.007168
27.491371 31.047434
27.426001 31.087589
27.360535 31.127634
27.294973 31.167568
27.229317 31.207392
27.163565 31.247105
27.097717 31.286705
27.031775 31.326193
26.965736 31.365568
26.899603 31.404831
26.833374 31.443981
26.767052 31.483019
26.700636 31.521944
26.634127 31.560757
26.567524 31.599455
26.500828 31.638039
26.434038 31.676508
26.367155 31.714863
26.300179 31.753103
26.233109 31.791229
26.165945 31.829241
26.098688 31.867138
26.031338 31.904919
25.963894 31.942583
25.896358 31.980131
25.828732 32.017563
25.761013 32.054878
25.693203 32.092075
25.625301 32.129154
25.557308 32.166115
25.489223 32.202957
25.421047 32.239681
25.352779 32.276287
25.284420 32.312775
25.215969 32.349144
25.147427 32.385395
25.078794 32.421528
25.010073 32.457542
24.941261 32.493439
24.872360 32.529217
24.803370 32.564877
24.734289 32.600414
24.665119 32.635830
24.595860 32.671124
24.526510 32.706295
24.457071 32.741344
24.387543 32.776272
24.317926 32.811077
24.248222 32.845760
24.178431 32.880322
24.108551 32.914761
24.038584 32.949078
23.968529 32.983273
23.898386 33.017345
23.828156 33.051296
23.757837 33.085125
23.687431 33.118832
23.616938 33.152412
23.546358 33.185867
23.475693 33.219196
23.404942 33.252399
23.334105 33.285477
23.263182 33.318428
23.192173 33.351254
23.121078 33.383953
23.049898 33.416527
22.978632 33.448975
22.907280 33.481297
22.835842 33.513493
22.764320 33.545563
22.692715 33.577507
22.621025 33.609325
22.549252 33.641014
22.477394 33.672573
22.405453 33.704002
22.333427 33.735302
22.261318 33.766472
22.189125 33.797512
22.116848 33.828423
22.044489 33.859203
21.972048 33.889854
21.899525 33.920376
21.826920 33.950768
21.754232 33.981030
21.681463 34.011162
21.608612 34.041164
21.535679 34.071037
21.462664 34.100780
21.389566 34.130390
21.316389 34.159866
21.243132 34.189209
21.169794 34.218418
21.096376 34.247494
21.022879 34.276436
20.949301 34.305244
20.875643 34.333920
20.801905 34.362461
20.728086 34.390869
20.654190 34.419144
20.580215 34.447285
20.506163 34.475292
20.432032 34.503166
20.357822 34.530907
20.283535 34.558510
20.209169 34.585976
20.134726 34.613304
20.060204 34.640495
19.985605 34.667549
19.910931 34.694466
19.836180 34.721245
19.761353 34.747887
19.686449 34.774391
19.611469 34.800758
19.536413 34.826988
19.461281 34.853081
19.386072 34.879036
19.310789 34.904854
19.235432 34.930534
19.160000 34.956078
19.084494 34.981480
19.008913 35.006741
18.933258 35.031860
18.857529 35.056839
18.781725 35.081676
18.705847 35.106373
18.629896 35.130928
18.553873 35.155342
18.477777 35.179615
18.401609 35.203747
18.325369 35.227737
18.249056 35.251587
18.172670 35.275295
18.096212 35.298862
18.019684 35.322289
17.943085 35.345570
17.866415 35.368706
17.789675 35.391697
17.712864 35.414543
17.635983 35.437244
17.559031 35.459801
17.482008 35.482212
17.404917 35.504478
17.327757 35.526600
17.250528 35.548576
17.173231 35.570408
17.095865 35.592094
17.018431 35.613636
16.940928 35.635033
16.863356 35.656284
16.785717 35.677391
16.708012 35.698349
16.630239 35.719158
16.552401 35.739819
16.474495 35.760330
16.396523 35.780693
16.318483 35.800907
16.240377 35.820972
16.162207 35.840889
16.083971 35.860657
16.005671 35.880276
15.927305 35.899746
15.848875 35.919067
15.770381 35.938240
15.691823 35.957264
15.613201 35.976139
15.534515 35.994865
15.455767 36.013439
15.376955 36.031860
15.298080 36.050129
15.219143 36.068245
15.140143 36.086208
15.061082 36.104019
14.981958 36.121677
14.902774 36.139183
14.823528 36.156536
14.744222 36.173737
14.664854 36.190784
14.585426 36.207680
14.505939 36.224422
14.426391 36.241013
14.346784 36.257450
14.267118 36.273735
14.187392 36.289867
14.107608 36.305843
14.027765 36.321663
13.947865 36.337326
13.867906 36.352833
13.787889 36.368183
13.707816 36.383377
13.627686 36.398415
13.547498 36.413296
13.467254 36.428020
13.386953 36.442589
13.306597 36.457001
13.226185 36.471256
13.145718 36.485355
13.065195 36.499298
12.984618 36.513084
12.903987 36.526714
12.823301 36.540184
12.742561 36.553493
12.661768 36.566643
12.580921 36.579632
12.500021 36.592461
12.419068 36.605129
12.338063 36.617638
12.257006 36.629986
12.175897 36.642174
12.094736 36.654202
12.013524 36.666069
11.932261 36.677776
11.850948 36.689323
11.769585 36.700710
11.688170 36.711937
11.606707 36.723003
11.525193 36.733910
11.443630 36.744652
11.362019 36.755230
11.280358 36.765644
11.198649 36.775894
11.116893 36.785980
11.035089 36.795902
10.953237 36.805660
10.871338 36.815254
10.789392 36.824684
10.707400 36.833950
10.625362 36.843052
10.543279 36.851990
10.461149 36.860764
10.378975 36.869373
10.296756 36.877819
10.214492 36.886101
10.132184 36.894218
10.049832 36.902172
9.967437 36.909958
9.884998 36.917576
9.802517 36.925026
9.719993 36.932308
9.637426 36.939423
9.554818 36.946369
9.472168 36.953148
9.389477 36.959759
9.306745 36.966202
9.223971 36.972477
9.141158 36.978584
9.058305 36.984524
8.975411 36.990295
8.892479 36.995899
8.809507 37.001335
8.726498 37.006603
8.643450 37.011703
8.560364 37.016636
8.477241 37.021397
8.394080 37.025986
8.310883 37.030403
8.227649 37.034649
8.144379 37.038723
8.061072 37.042625
7.977730 37.046356
7.894353 37.049915
7.810941 37.053303
7.727494 37.056519
7.644013 37.059563
7.560499 37.062435
7.476951 37.065136
7.393370 37.067665
7.309756 37.070023
7.226110 37.072208
7.142431 37.074223
7.058722 37.076065
6.974980 37.077736
6.891208 37.079231
6.807405 37.080551
6.723573 37.081696
6.639710 37.082664
6.555818 37.083458
6.471896 37.084076
6.387946 37.084518
6.303967 37.084785
6.219961 37.084877
6.135926 37.084793
6.051865 37.084534
5.967776 37.084099
5.883660 37.083488
5.799519 37.082703
5.715351 37.081741
5.631158 37.080605
5.546939 37.079292
5.462696 37.077805
5.378428 37.076141
5.294137 37.074303
5.209822 37.072285
5.125483 37.070087
5.041121 37.067711
4.956738 37.065155
4.872332 37.062420
4.787904 37.059505
4.703454 37.056412
4.618984 37.053139
4.534493 37.049686
4.449983 37.046055
4.365452 37.042244
4.280901 37.038254
4.196332 37.034084
4.111744 37.029736
4.027138 37.025208
3.942514 37.020500
3.857872 37.015614
3.773214 37.010548
3.688538 37.005302
3.603847 36.999878
3.519139 36.994274
3.434416 36.988491
3.349677 36.982525
3.264924 36.976376
3.180156 36.970043
3.095375 36.963528
3.010579 36.956829
2.925771 36.949947
2.840950 36.942883
2.756117 36.935635
2.671271 36.928204
2.586415 36.920589
2.501547 36.912792
2.416668 36.904812
2.331779 36.896648
2.246880 36.888302
2.161972 36.879772
2.077054 36.871059
1.992128 36.862164
1.907193 36.853085
1.822251 36.843822
1.737301 36.834377
1.652344 36.824749
1.567381 36.814938
1.482412 36.804943
1.397436 36.794765
1.312456 36.784401
1.227470 36.773849
1.142480 36.763111
1.057486 36.752186
0.972488 36.741074
0.887488 36.729774
0.802484 36.718288
0.717478 36.706615
0.632470 36.694756
0.547460 36.682709
0.462449 36.670475
0.377438 36.658054
0.292427 36.645447
0.207415 36.632652
0.122405 36.619671
0.037395 36.606503
-0.047613 36.593147
-0.132619 36.579605
-0.217623 36.565876
-0.302624 36.551960
-0.387622 36.537857
-0.472615 36.523567
-0.557605 36.509090
-0.642591 36.494427
-0.727571 36.479576
-0.812546 36.464539
-0.897514 36.449314
-0.982477 36.433903
-1.067433 36.418304
-1.152381 36.402515
-1.237322 36.386536
-1.322254 36.370365
-1.407178 36.354004
-1.492093 36.337452
-1.576999 36.320709
-1.661894 36.303776
-1.746779 36.286652
-1.831653 36.269337
-1.916516 36.251831
-2.001368 36.234135
-2.086206 36.216248
-2.171033 36.198170
-2.255846 36.179901
-2.340645 36.161442
-2.425431 36.142792
-2.510202 36.123951
-2.594958 36.104919
-2.679698 36.085697
-2.764422 36.066284
-2.849130 36.046680
-2.933821 36.026886
-3.018495 36.006901
-3.103151 35.986725
-3.187788 35.966358
-3.272407 35.945801
-3.357007 35.925053
-3.441587 35.904114
-3.526147 35.882984
-3.610687 35.861664
-3.695205 35.840153
-3.779703 35.818451
-3.864178 35.796558
-3.948631 35.774475
-4.033061 35.752201
-4.117467 35.729736
-4.201849 35.707081
-4.286208 35.684235
-4.370541 35.661194
-4.454849 35.637959
-4.539132 35.614529
-4.623388 35.590904
-4.707617 35.567085
-4.791820 35.543072
-4.875994 35.518864
-4.960141 35.494461
-5.044259 35.469864
-5.128347 35.445072
-5.212407 35.420086
-5.296436 35.394905
-5.380435 35.369530
-5.464402 35.343960
-5.548338 35.318195
-5.632243 35.292236
-5.716114 35.266083
-5.799952 35.239735
-5.883756 35.213192
-5.967526 35.186455
-6.051261 35.159523
-6.134961 35.132397
-6.218625 35.105076
-6.302252 35.077560
-6.385843 35.049850
-6.469397 35.021946
-6.552913 34.993847
-6.636391 34.965553
-6.719831 34.937065
-6.803231 34.908382
-6.886591 34.879505
-6.969912 34.850433
-7.053192 34.821167
-7.136431 34.791706
-7.219629 34.762051
-7.302784 34.732201
-7.385897 34.702156
-7.468966 34.671917
-7.551992 34.641483
-7.634973 34.610855
-7.717909 34.580032
-7.800800 34.549015
-7.883646 34.517803
-7.966444 34.486397
-8.049196 34.454796
-8.131901 34.423000
-8.214558 34.391010
-8.297166 34.358826
-8.379725 34.326447
-8.462235 34.293873
-8.544696 34.261105
-8.627106 34.228142
-8.709465 34.194984
-8.791773 34.161633
-8.874029 34.128086
-8.956233 34.094345
-9.038383 34.060410
-9.120481 34.026279
-9.202523 33.991955
-9.284512 33.957436
-9.366445 33.922722
-9.448322 33.887814
-9.530144 33.852711
-9.611909 33.817413
-9.693617 33.781921
-9.775267 33.746235
-9.856858 33.710354
-9.938391 33.674278
-10.019864 33.638008
-10.101277 33.601543
-10.182631 33.564884
-10.263923 33.528030
-10.345154 33.490982
-10.426323 33.453739
-10.507429 33.416302
-10.588472 33.378670
-10.669452 33.340843
-10.750367 33.302822
-10.831218 33.264606
-10.912004 33.226196
-10.992723 33.187592
-11.073378 33.148792
-11.153965 33.109798
-11.234485 33.070610
-11.314937 33.031227
-11.395320 32.991650
-11.475635 32.951878
-11.555880 32.911911
-11.636055 32.871750
-11.716160 32.831394
-11.796193 32.790844
-11.876155 32.750099
-11.956044 32.709160
-12.035861 32.668026
-12.115604 32.626698
-12.195274 32.585175
-12.274870 32.543457
-12.354391 32.501545
-12.433837 32.459438
-12.513206 32.417137
-12.592500 32.374641
-12.671716 32.331951
-12.750854 32.289066
-12.829915 32.245987
-12.908897 32.202713
-12.987801 32.159245
-13.066624 32.115582
-13.145367 32.071728
-13.224029 32.027683
-13.302609 31.983446
-13.381108 31.939016
-13.459524 31.894394
-13.537857 31.849579
-13.616106 31.804571
-13.694271 31.759371
-13.772351 31.713978
-13.850347 31.668392
-13.928256 31.622616
-14.006079 31.576649
-14.083815 31.530491
-14.161463 31.484142
-14.239023 31.437603
-14.316495 31.390873
-14.393878 31.343952
-14.471171 31.296841
-14.548374 31.249538
-14.625486 31.202045
-14.702507 31.154362
-14.779436 31.106487
-14.856273 31.058422
-14.933017 31.010166
-15.009667 30.961720
-15.086224 30.913082
-15.162685 30.864256
-15.239052 30.815241
-15.315323 30.766037
-15.391498 30.716644
-15.467575 30.667063
-15.543555 30.617292
-15.619437 30.567333
-15.695221 30.517185
-15.770905 30.466848
-15.846491 30.416323
-15.921976 30.365608
-15.997360 30.314705
-16.072643 30.263613
-16.147825 30.212334
-16.222904 30.160868
-16.297880 30.109215
-16.372753 30.057375
-16.447521 30.005348
-16.522184 29.953135
-16.596743 29.900734
-16.671196 29.848146
-16.745543 29.795372
-16.819782 29.742411
-16.893915 29.689262
-16.967939 29.635929
-17.041855 29.582411
-17.115662 29.528708
-17.189360 29.474819
-17.262947 29.420746
-17.336424 29.366488
-17.409790 29.312044
-17.483044 29.257416
-17.556185 29.202602
-17.629213 29.147604
-17.702129 29.092422
-17.774931 29.037058
-17.847618 28.981510
-17.920191 28.925779
-17.992647 28.869865
-18.064987 28.813768
-18.137211 28.757488
-18.209316 28.701025
-18.281303 28.644379
-18.353172 28.587551
-18.424923 28.530542
-18.496553 28.473352
-18.568064 28.415981
-18.639454 28.358429
-18.710722 28.300695
-18.781868 28.242781
-18.852892 28.184685
-18.923794 28.126408
-18.994572 28.067951
-19.065226 28.009315
-19.135756 27.950500
-19.206160 27.891506
-19.276438 27.832333
-19.346590 27.772980
-19.416616 27.713448
-19.486515 27.653736
-19.556286 27.593847
-19.625929 27.533781
-19.695442 27.473537
-19.764826 27.413116
-19.834080 27.352518
-19.903204 27.291742
-19.972197 27.230789
-20.041058 27.169661
-20.109787 27.108356
-20.178383 27.046877
-20.246845 26.985222
-20.315174 26.923391
-20.383369 26.861385
-20.451429 26.799204
-20.519354 26.736849
-20.587143 26.674320
-20.654795 26.611618
-20.722309 26.548742
-20.789686 26.485693
-20.856926 26.422470
-20.924026 26.359074
-20.990988 26.295506
-21.057810 26.231766
-21.124491 26.167854
-21.191031 26.103771
-21.257429 26.039516
-21.323687 25.975090
-21.389801 25.910494
-21.455772 25.845728
-21.521601 25.780792
-21.587286 25.715687
-21.652826 25.650412
-21.718222 25.584967
-21.783472 25.519354
-21.848576 25.453573
-21.913532 25.387625
-21.978342 25.321508
-22.043005 25.255224
-22.107519 25.188772
-22.171885 25.122154
-22.236101 25.055370
-22.300167 24.988420
-22.364082 24.921305
-22.427847 24.854023
-22.491461 24.786577
-22.554922 24.718967
-22.618231 24.651194
-22.681387 24.583256
-22.744390 24.515154
-22.807240 24.446888
-22.869934 24.378460
-22.932474 24.309870
-22.994858 24.241117
-23.057085 24.172203
-23.119156 24.103127
-23.181070 24.033890
-23.242826 23.964493
-23.304424 23.894936
-23.365864 23.825218
-23.427145 23.755341
-23.488266 23.685305
-23.549227 23.615110
-23.610027 23.544758
-23.670668 23.474247
-23.731146 23.403578
-23.791462 23.332752
-23.851616 23.261770
-23.911606 23.190632
-23.971432 23.119337
-24.031094 23.047886
-24.090591 22.976280
-24.149923 22.904520
-24.209089 22.832605
-24.268089 22.760536
-24.326923 22.688313
-24.385590 22.615936
-24.444088 22.543407
-24.502419 22.470726
-24.560581 22.397892
-24.618574 22.324907
-24.676397 22.251772
-24.734051 22.178486
-24.791534 22.105049
-24.848846 22.031462
-24.905987 21.957726
-24.962955 21.883841
-25.019753 21.809807
-25.076376 21.735624
-25.132826 21.661295
-25.189102 21.586819
-25.245205 21.512196
-25.301132 21.437426
-25.356884 21.362509
-25.412460 21.287447
-25.467861 21.212240
-25.523085 21.136889
-25.578131 21.061392
-25.632999 20.985752
-25.687691 20.909969
-25.742203 20.834044
-25.796535 20.757975
-25.850689 20.681765
-25.904663 20.605413
-25.958456 20.528921
-26.012068 20.452288
-26.065498 20.375515
-26.118748 20.298603
-26.171814 20.221552
-26.224697 20.144361
-26.277397 20.067034
-26.329914 19.989569
-26.382248 19.911966
-26.434397 19.834227
-26.486361 19.756351
-26.538139 19.678341
-26.589733 19.600195
-26.641140 19.521914
-26.692360 19.443499
-26.743393 19.364950
-26.794239 19.286268
-26.844896 19.207453
-26.895365 19.128506
-26.945644 19.049427
-26.995735 18.970217
-27.045637 18.890875
-27.095348 18.811403
-27.144869 18.731802
-27.194199 18.652071
-27.243338 18.572210
-27.292284 18.492222
-27.341038 18.412106
-27.389599 18.331861
-27.437967 18.251490
-27.486143 18.170992
-27.534124 18.090368
-27.581911 18.009619
-27.629503 17.928745
-27.676901 17.847748
-27.724104 17.766626
-27.771111 17.685381
-27.817921 17.604013
-27.864534 17.522524
-27.910952 17.440912
-27.957172 17.359179
-28.003195 17.277325
-28.049019 17.195351
-28.094645 17.113256
-28.140072 17.031044
-28.185299 16.948713
-28.230326 16.866264
-28.275152 16.783697
-28.319778 16.701014
-28.364204 16.618214
-28.408428 16.535297
-28.452450 16.452267
-28.496269 16.369122
-28.539886 16.285862
-28.583302 16.202488
-28.626514 16.119001
-28.669523 16.035402
-28.712328 15.951692
-28.754929 15.867869
-28.797325 15.783937
-28.839518 15.699893
-28.881504 15.615740
-28.923285 15.531478
-28.964859 15.447107
-29.006227 15.362629
-29.047390 15.278043
-29.088345 15.193350
-29.129091 15.108551
-29.169630 15.023646
-29.209961 14.938637
-29.250084 14.853522
-29.289999 14.768304
-29.329704 14.682982
-29.369200 14.597558
-29.408485 14.512032
-29.447561 14.426404
-29.486427 14.340675
-29.525084 14.254847
-29.563528 14.168918
-29.601761 14.082890
-29.639782 13.996763
-29.677591 13.910539
-29.715189 13.824217
-29.752575 13.737798
-29.789747 13.651282
-29.826706 13.564672
-29.863451 13.477965
-29.899982 13.391165
-29.936300 13.304271
-29.972404 13.217283
-30.008293 13.130203
-30.043966 13.043032
-30.079424 12.955769
-30.114666 12.868415
-30.149693 12.780971
-30.184504 12.693437
-30.219099 12.605814
-30.253477 12.518103
-30.287638 12.430304
-30.321581 12.342418
-30.355307 12.254445
-30.388815 12.166387
-30.422106 12.078243
-30.455179 11.990015
-30.488033 11.901703
-30.520668 11.813308
-30.553083 11.724830
-30.585279 11.636270
-30.617256 11.547627
-30.649014 11.458904
-30.680552 11.370101
-30.711868 11.281218
-30.742964 11.192255
-30.773838 11.103214
-30.804491 11.014095
-30.834923 10.924899
-30.865133 10.835627
-30.895123 10.746278
-30.924891 10.656854
-30.954435 10.567355
-30.983757 10.477782
-31.012856 10.388136
-31.041731 10.298417
-31.070383 10.208626
-31.098812 10.118763
-31.127018 10.028830
-31.155001 9.938826
-31.182758 9.848752
-31.210291 9.758610
-31.237598 9.668399
-31.264681 9.578120
-31.291538 9.487775
-31.318171 9.397363
-31.344578 9.306885
-31.370760 9.216342
-31.396717 9.125735
-31.422449 9.035065
-31.447954 8.944331
-31.473232 8.853536
-31.498283 8.762678
-31.523108 8.671760
-31.547705 8.580781
-31.572075 8.489742
-31.596218 8.398644
-31.620134 8.307488
-31.643824 8.216274
-31.667286 8.125003
-31.690521 8.033675
-31.713528 7.942292
-31.736305 7.850853
-31.758854 7.759360
-31.781174 7.667813
-31.803265 7.576212
-31.825127 7.484560
-31.846760 7.392855
-31.868164 7.301099
-31.889339 7.209292
-31.910286 7.117436
-31.931004 7.025530
-31.951492 6.933576
-31.971752 6.841574
-31.991781 6.749524
-32.011581 6.657428
-32.031151 6.565286
-32.050491 6.473098
-32.069603 6.380866
-32.088486 6.288590
-32.107140 6.196270
-32.125561 6.103909
-32.143749 6.011505
-32.161705 5.919059
-32.179428 5.826573
-32.196918 5.734047
-32.214176 5.641482
-32.231201 5.548879
-32.247993 5.456237
-32.264553 5.363558
-32.280880 5.270842
-32.296974 5.178091
-32.312836 5.085304
-32.328465 4.992482
-32.343861 4.899627
-32.359024 4.806738
-32.373955 4.713817
-32.388653 4.620863
-32.403118 4.527879
-32.417351 4.434864
-32.431351 4.341818
-32.445118 4.248744
-32.458652 4.155641
-32.471954 4.062510
-32.485023 3.969352
-32.497860 3.876167
-32.510464 3.782956
-32.522835 3.689720
-32.534973 3.596460
-32.546879 3.503175
-32.558552 3.409868
-32.569992 3.316538
-32.581200 3.223186
-32.592175 3.129813
-32.602917 3.036420
-32.613426 2.943006
-32.623703 2.849574
-32.633747 2.756123
-32.643559 2.662654
-32.653137 2.569168
-32.662483 2.475665
-32.671597 2.382147
-32.680477 2.288614
-32.689125 2.195066
-32.697540 2.101504
-32.705723 2.007930
-32.713673 1.914342
-32.721390 1.820743
-32.728874 1.727133
-32.736126 1.633513
-32.743145 1.539883
-32.749931 1.446243
-32.756485 1.352595
-32.762806 1.258940
-32.768894 1.165277
-32.774750 1.071608
-32.780373 0.977933
-32.785763 0.884253
-32.790920 0.790569
-32.795845 0.696881
-32.800537 0.603190
-32.804996 0.509497
-32.809223 0.415801
-32.813217 0.322105
-32.816978 0.228408
-32.820507 0.134712
-32.823803 0.041016
-32.826866 -0.052678
-32.829697 -0.146370
-32.832294 -0.240058
-32.834660 -0.333744
-32.836792 -0.427425
-32.838692 -0.521101
-32.840359 -0.614771
-32.841793 -0.708435
-32.842995 -0.802093
-32.843964 -0.895743
-32.844700 -0.989384
-32.845203 -1.083017
-32.845474 -1.176640
-32.845512 -1.270253
-32.845318 -1.363856
-32.844891 -1.457446
-32.844231 -1.551025
-32.843338 -1.644591
-32.842213 -1.738143
-32.840855 -1.831681
-32.839264 -1.925204
-32.837440 -2.018712
-32.835384 -2.112204
-32.833096 -2.205678
-32.830574 -2.299136
-32.827820 -2.392575
-32.824833 -2.485996
-32.821613 -2.579397
-32.818165 -2.672779
-32.814487 -2.766140
-32.810581 -2.859479
-32.806446 -2.952796
-32.802082 -3.046091
-32.797489 -3.139363
-32.792667 -3.232610
-32.787617 -3.325834
-32.782337 -3.419031
-32.776829 -3.512203
-32.771091 -3.605349
-32.765125 -3.698467
-32.758930 -3.791558
-32.752506 -3.884621
-32.745853 -3.977654
-32.738972 -4.070658
-32.731861 -4.163631
-32.724522 -4.256573
-32.716953 -4.349484
-32.709156 -4.442362
-32.701130 -4.535208
-32.692875 -4.628020
-32.684391 -4.720798
-32.675678 -4.813540
-32.666737 -4.906248
-32.657566 -4.998919
-32.648167 -5.091554
-32.638542 -5.184152
-32.628693 -5.276711
-32.618618 -5.369233
-32.608318 -5.461715
-32.597794 -5.554157
-32.587044 -5.646559
-32.576069 -5.738920
-32.564869 -5.831240
-32.553444 -5.923517
-32.541794 -6.015751
-32.529919 -6.107942
-32.517818 -6.200088
-32.505493 -6.292190
-32.492943 -6.384246
-32.480167 -6.476256
-32.467167 -6.568220
-32.453941 -6.660137
-32.440491 -6.752006
-32.426815 -6.843826
-32.412914 -6.935597
-32.398792 -7.027318
-32.384449 -7.118990
-32.369884 -7.210610
-32.355099 -7.302179
-32.340092 -7.393696
-32.324863 -7.485161
-32.309414 -7.576572
-32.293743 -7.667929
-32.277851 -7.759232
-32.261738 -7.850480
-32.245403 -7.941672
-32.228848 -8.032808
-32.212070 -8.123887
-32.195072 -8.214909
-32.177853 -8.305872
-32.160412 -8.396777
-32.142750 -8.487623
-32.124870 -8.578409
-32.106773 -8.669135
-32.088459 -8.759800
-32.069927 -8.850403
-32.051178 -8.940944
-32.032211 -9.031422
-32.013027 -9.121837
-31.993626 -9.212188
-31.974007 -9.302474
-31.954170 -9.392695
-31.934116 -9.482851
-31.913847 -9.572941
-31.893362 -9.662964
-31.872662 -9.752919
-31.851746 -9.842807
-31.830614 -9.932626
-31.809267 -10.022376
-31.787704 -10.112057
-31.765928 -10.201667
-31.743938 -10.291206
-31.721735 -10.380674
-31.699318 -10.470071
-31.676687 -10.559395
-31.653843 -10.648645
-31.630785 -10.737823
-31.607515 -10.826925
-31.584034 -10.915954
-31.560341 -11.004907
-31.536436 -11.093784
-31.512320 -11.182586
-31.487991 -11.271310
-31.463451 -11.359957
-31.438702 -11.448525
-31.413742 -11.537016
-31.388573 -11.625427
-31.363194 -11.713759
-31.337605 -11.802011
-31.311806 -11.890182
-31.285799 -11.978272
-31.259584 -12.066280
-31.233162 -12.154206
-31.206532 -12.242049
-31.179693 -12.329809
-31.152647 -12.417485
-31.125395 -12.505077
-31.097937 -12.592585
-31.070272 -12.680006
-31.042402 -12.767342
-31.014326 -12.854590
-30.986044 -12.941752
-30.957558 -13.028827
-30.928867 -13.115813
-30.899973 -13.202711
-30.870874 -13.289520
-30.841572 -13.376240
-30.812065 -13.462870
-30.782356 -13.549409
-30.752445 -13.635857
-30.722332 -13.722213
-30.692017 -13.808476
-30.661499 -13.894648
-30.630781 -13.980725
-30.599863 -14.066710
-30.568745 -14.152599
-30.537426 -14.238395
-30.505907 -14.324095
-30.474188 -14.409699
-30.442270 -14.495208
-30.410154 -14.580620
-30.377840 -14.665935
-30.345327 -14.751152
-30.312616 -14.836271
-30.279709 -14.921292
-30.246605 -15.006214
-30.213305 -15.091037
