100.000000 0.000000
100.000000 0.050000
99.999969 0.099999
99.999908 0.149997
99.999817 0.199994
99.999695 0.249990
99.999542 0.299985
99.999359 0.349978
99.999146 0.399971
99.998901 0.449962
99.998627 0.499953
99.998322 0.549942
99.997986 0.599930
99.997620 0.649917
99.997223 0.699903
99.996796 0.749887
99.996338 0.799871
99.995850 0.849853
99.995331 0.899833
99.994781 0.949813
99.994202 0.999791
99.993591 1.049768
99.992950 1.099744
99.992279 1.149719
99.991577 1.199692
99.990845 1.249663
99.990082 1.299634
99.989288 1.349603
99.988464 1.399571
99.987610 1.449537
99.986725 1.499502
99.985809 1.549466
99.984863 1.599428
99.983887 1.649388
99.982880 1.699347
99.981842 1.749305
99.980774 1.799262
99.979675 1.849216
99.978546 1.899170
99.977386 1.949121
99.976196 1.999071
99.974976 2.049020
99.973724 2.098967
99.972443 2.148912
99.971130 2.198855
99.969788 2.248797
99.968414 2.298737
99.967010 2.348675
99.965576 2.398612
99.964111 2.448547
99.962616 2.498481
99.961090 2.548413
99.959534 2.598343
99.957947 2.648271
99.956329 2.698198
99.954681 2.748123
99.953003 2.798046
99.951294 2.847968
99.949554 2.897888
99.947784 2.947806
99.945984 2.997722
99.944153 3.047636
99.942291 3.097548
99.940399 3.147459
99.938477 3.197367
99.936523 3.247273
99.934540 3.297178
99.932526 3.347081
99.930481 3.396981
99.928406 3.446880
99.926300 3.496777
99.924164 3.546672
99.921997 3.596565
99.919800 3.646457
99.917572 3.696346
99.915314 3.746233
99.913025 3.796119
99.910706 3.846002
99.908356 3.895883
99.905975 3.945762
99.903564 3.995638
99.901123 4.045513
99.898651 4.095386
99.896149 4.145257
99.893616 4.195126
99.891052 4.244992
99.888458 4.294856
99.885834 4.344717
99.883179 4.394576
99.880493 4.444433
99.877777 4.494287
99.875031 4.544139
99.872253 4.593988
99.869446 4.643836
99.866608 4.693680
99.863739 4.743523
99.860840 4.793363
99.857910 4.843200
99.854950 4.893035
99.851959 4.942868
99.848938 4.992699
99.845886 5.042527
99.842804 5.092352
99.839691 5.142176
99.836548 5.191997
99.833374 5.241815
99.830170 5.291631
99.826935 5.341445
99.823669 5.391256
99.820374 5.441065
99.817047 5.490872
99.813690 5.540676
99.810303 5.590478
99.806885 5.640277
99.803436 5.690074
99.799957 5.739869
99.796448 5.789661
99.792908 5.839451
99.789337 5.889239
99.785736 5.939023
99.782104 5.988805
99.778442 6.038584
99.774750 6.088360
99.771027 6.138134
99.767273 6.187904
99.763489 6.237671
99.759674 6.287436
99.755829 6.337198
99.751953 6.386957
99.748047 6.436713
99.744110 6.486466
99.740143 6.536216
99.736145 6.585964
99.732117 6.635708
99.728058 6.685450
99.723969 6.735189
99.719849 6.784925
99.715698 6.834658
99.711517 6.884388
99.707306 6.934116
99.703064 6.983840
99.698792 7.033562
99.694489 7.083281
99.690155 7.132997
99.685791 7.182710
99.681396 7.232420
99.676971 7.282128
99.672516 7.331832
99.668030 7.381534
99.663513 7.431233
99.658966 7.480929
99.654388 7.530622
99.649780 7.580312
99.645142 7.629999
99.640472 7.679683
99.635773 7.729363
99.631042 7.779040
99.626282 7.828713
99.621490 7.878384
99.616669 7.928051
99.611816 7.977714
99.606934 8.027374
99.602020 8.077031
99.597076 8.126685
99.592102 8.176336
99.587097 8.225985
99.582062 8.275630
99.576996 8.325273
99.571899 8.374912
99.566772 8.424549
99.561615 8.474183
99.556427 8.523813
99.551208 8.573440
99.545959 8.623062
99.540680 8.672681
99.535370 8.722296
99.530029 8.771907
99.524658 8.821514
99.519257 8.871118
99.513824 8.920717
99.508362 8.970313
99.502869 9.019905
99.497345 9.069493
99.491791 9.119078
99.486206 9.168658
99.480591 9.218235
99.474945 9.267808
99.469269 9.317377
99.463562 9.366942
99.457825 9.416504
99.452057 9.466062
99.446259 9.515615
99.440430 9.565166
99.434570 9.614712
99.428680 9.664254
99.422760 9.713793
99.416809 9.763328
99.410828 9.812859
99.404816 9.862386
99.398773 9.911909
99.392700 9.961429
99.386597 10.010944
99.380463 10.060456
99.374298 10.109964
99.368103 10.159469
99.361877 10.208969
99.355621 10.258466
99.349335 10.307959
99.343018 10.357448
99.336670 10.406933
99.330292 10.456414
99.323883 10.505892
99.317444 10.555366
99.310974 10.604836
99.304474 10.654302
99.297943 10.703764
99.291382 10.753222
99.284790 10.802677
99.278168 10.852128
99.271515 10.901575
99.264832 10.951018
99.258118 11.000458
99.251373 11.049893
99.244598 11.099325
99.237793 11.148753
99.230957 11.198177
99.224091 11.247598
99.217194 11.297014
99.210266 11.346427
99.203308 11.395836
99.196320 11.445241
99.189301 11.494642
99.182251 11.544040
99.175171 11.593433
99.168060 11.642823
99.160919 11.692209
99.153748 11.741591
99.146545 11.790970
99.139313 11.840344
99.132050 11.889715
99.124756 11.939081
99.117432 11.988442
99.110077 12.037799
99.102692 12.087151
99.095276 12.136497
99.087830 12.185840
99.080353 12.235177
99.072845 12.284510
99.065308 12.333838
99.057739 12.383161
99.050140 12.432479
99.042511 12.481792
99.034851 12.531101
99.027161 12.580405
99.019440 12.629704
99.011688 12.678999
99.003906 12.728289
98.996094 12.777574
98.988251 12.826854
98.980377 12.876129
98.972473 12.925400
98.964539 12.974666
98.956573 13.023927
98.948578 13.073183
98.940552 13.122435
98.932495 13.171681
98.924408 13.220923
98.916290 13.270161
98.908142 13.319393
98.899963 13.368621
98.891754 13.417844
98.883514 13.467062
98.875244 13.516275
98.866943 13.565484
98.858612 13.614688
98.850250 13.663887
98.841858 13.713081
98.833435 13.762271
98.824982 13.811456
98.816498 13.860636
98.807983 13.909811
98.799438 13.958982
98.790863 14.008147
98.782257 14.057308
98.773621 14.106464
98.764954 14.155616
98.756256 14.204762
98.747528 14.253904
98.738770 14.303041
98.729980 14.352174
98.721161 14.401301
98.712311 14.450424
98.703430 14.499542
98.694519 14.548656
98.685577 14.597764
98.676605 14.646868
98.667603 14.695967
98.658569 14.745061
98.649506 14.794150
98.640411 14.843235
98.631287 14.892315
98.622131 14.941390
98.612946 14.990460
98.603729 15.039526
98.594482 15.088587
98.585205 15.137643
98.575897 15.186694
98.566559 15.235741
98.557190 15.284782
98.547791 15.333818
98.538361 15.382849
98.528900 15.431873
98.519409 15.480892
98.509888 15.529905
98.500336 15.578913
98.490753 15.627914
98.481140 15.676910
98.471497 15.725901
98.461823 15.774885
98.452118 15.823864
98.442383 15.872837
98.432617 15.921804
98.422821 15.970766
98.412994 16.019722
98.403137 16.068672
98.393250 16.117617
98.383331 16.166555
98.373383 16.215488
98.363403 16.264416
98.353394 16.313337
98.343353 16.362253
98.333282 16.411163
98.323181 16.460068
98.313049 16.508966
98.302887 16.557859
98.292694 16.606747
98.282471 16.655628
98.272217 16.704504
98.261932 16.753374
98.251617 16.802238
98.241272 16.851097
98.230896 16.899950
98.220490 16.948797
98.210052 16.997639
98.199585 17.046474
98.189087 17.095304
98.178558 17.144129
98.167999 17.192947
98.157410 17.241760
98.146790 17.290567
98.136139 17.339369
98.125458 17.388165
98.114746 17.436954
98.104004 17.485739
98.093231 17.534517
98.082428 17.583290
98.071594 17.632057
98.060730 17.680819
98.049835 17.729574
98.038910 17.778324
98.027954 17.827068
98.016968 17.875807
98.005951 17.924540
97.994904 17.973267
97.983826 18.021988
97.972717 18.070704
97.961578 18.119413
97.950409 18.168118
97.939209 18.216816
97.927979 18.265509
97.916718 18.314196
97.905426 18.362877
97.894104 18.411552
97.882751 18.460222
97.871368 18.508886
97.859955 18.557545
97.848511 18.606197
97.837036 18.654844
97.825531 18.703485
97.813995 18.752121
97.802429 18.800751
97.790833 18.849375
97.779205 18.897993
97.767548 18.946606
97.755859 18.995213
97.744141 19.043814
97.732391 19.092409
97.720612 19.140999
97.708801 19.189583
97.696960 19.238161
97.685089 19.286734
97.673187 19.335300
97.661255 19.383862
97.649292 19.432417
97.637299 19.480967
97.625275 19.529510
97.613220 19.578049
97.601135 19.626581
97.589020 19.675108
97.576874 19.723629
97.564697 19.772144
97.552490 19.820654
97.540253 19.869158
97.527985 19.917656
97.515686 19.966148
97.503357 20.014635
97.490997 20.063116
97.478607 20.111591
97.466187 20.160061
97.453735 20.208525
97.441254 20.256983
97.428741 20.305435
97.416199 20.353882
97.403625 20.402321
97.391022 20.450752
97.378387 20.499176
97.365723 20.547592
97.353027 20.596001
97.340302 20.644402
97.327545 20.692795
97.314758 20.741180
97.301941 20.789558
97.289093 20.837929
97.276215 20.886292
97.263306 20.934647
97.250366 20.982994
97.237396 21.031334
97.224396 21.079666
97.211365 21.127991
97.198303 21.176308
97.185211 21.224617
97.172089 21.272919
97.158936 21.321213
97.145752 21.369499
97.132538 21.417778
97.119293 21.466049
97.106018 21.514313
97.092712 21.562569
97.079376 21.610817
97.066010 21.659058
97.052612 21.707291
97.039185 21.755516
97.025726 21.803734
97.012238 21.851944
96.998718 21.900146
96.985168 21.948341
96.971588 21.996529
96.957977 22.044708
96.944336 22.092880
96.930664 22.141045
96.916962 22.189201
96.903229 22.237350
96.889465 22.285492
96.875671 22.333626
96.861847 22.381752
96.847992 22.429871
96.834106 22.477982
96.820190 22.526085
96.806244 22.574181
96.792267 22.622269
96.778259 22.670349
96.764221 22.718422
96.750153 22.766487
96.736053 22.814545
96.721924 22.862595
96.707764 22.910637
96.693573 22.958672
96.679352 23.006699
96.665100 23.054718
96.650818 23.102730
96.636505 23.150734
96.622162 23.198730
96.607788 23.246719
96.593384 23.294701
96.578949 23.342674
96.564484 23.390640
96.549988 23.438599
96.535461 23.486549
96.520905 23.534492
96.506317 23.582428
96.491699 23.630356
96.477051 23.678276
96.462372 23.726189
96.447662 23.774094
96.432922 23.821991
96.418152 23.869881
96.403351 23.917763
96.388519 23.965637
96.373657 24.013504
96.358765 24.061363
96.343842 24.109215
96.328888 24.157059
96.313904 24.204895
96.298889 24.252724
96.283844 24.300545
96.268768 24.348358
96.253662 24.396164
96.238525 24.443962
96.223358 24.491753
96.208160 24.539536
96.192932 24.587311
96.177673 24.635078
96.162384 24.682838
96.147064 24.730591
96.131714 24.778336
96.116333 24.826073
96.100922 24.873802
96.085480 24.921524
96.070007 24.969238
96.054504 25.016945
96.038971 25.064644
96.023407 25.112335
96.007812 25.160019
95.992188 25.207695
95.976532 25.255363
95.960846 25.303024
95.945129 25.350677
95.929382 25.398323
95.913605 25.445961
95.897797 25.493591
95.881958 25.541214
95.866089 25.588829
95.850189 25.636436
95.834259 25.684036
95.818298 25.731628
95.802307 25.779213
95.786285 25.826790
95.770233 25.874359
95.754150 25.921921
95.738037 25.969475
95.721893 26.017021
95.705719 26.064560
95.689514 26.112091
95.673279 26.159615
95.657013 26.207130
95.640717 26.254639
95.624390 26.302139
95.608032 26.349632
95.591644 26.397118
95.575226 26.444595
95.558777 26.492065
95.542297 26.539528
95.525787 26.586983
95.509247 26.634430
95.492676 26.681870
95.476074 26.729301
95.459442 26.776726
95.442780 26.824142
95.426086 26.871552
95.409363 26.918953
95.392609 26.966345
95.375824 27.013727
95.359009 27.061100
95.342163 27.108463
95.325287 27.155817
95.308380 27.203161
95.291443 27.250496
95.274475 27.297821
95.257477 27.345137
95.240448 27.392443
95.223389 27.439739
95.206299 27.487026
95.189178 27.534304
95.172035 27.581572
95.154869 27.628830
95.137680 27.676079
95.120468 27.723318
95.103233 27.770548
95.085976 27.817768
95.068695 27.864979
95.051392 27.912180
95.034065 27.959372
95.016716 28.006554
94.999344 28.053726
94.981949 28.100889
94.964531 28.148043
94.947090 28.195187
94.929626 28.242321
94.912140 28.289446
94.894630 28.336561
94.877098 28.383667
94.859543 28.430763
94.841965 28.477850
94.824364 28.524927
94.806740 28.571995
94.789093 28.619053
94.771423 28.666101
94.753731 28.713140
94.736015 28.760170
94.718277 28.807190
94.700516 28.854200
94.682732 28.901201
94.664925 28.948193
94.647095 28.995174
94.629242 29.042147
94.611366 29.089109
94.593468 29.136063
94.575546 29.183006
94.557602 29.229940
94.539635 29.276865
94.521645 29.323780
94.503632 29.370686
94.485596 29.417582
94.467537 29.464468
94.449455 29.511345
94.431351 29.558212
94.413223 29.605070
94.395073 29.651918
94.376900 29.698757
94.358704 29.745586
94.340485 29.792406
94.322243 29.839216
94.303978 29.886017
94.285690 29.932808
94.267380 29.979589
94.249046 30.026361
94.230690 30.073124
94.212311 30.119877
94.193909 30.166620
94.175484 30.213354
94.157036 30.260078
94.138565 30.306793
94.120071 30.353498
94.101555 30.400194
94.083015 30.446880
94.064453 30.493557
94.045868 30.540224
94.027260 30.586882
94.008629 30.633530
93.989975 30.680168
93.971298 30.726797
93.952599 30.773417
93.933876 30.820026
93.915131 30.866627
93.896362 30.913218
93.877571 30.959799
93.858757 31.006371
93.839920 31.052933
93.821060 31.099485
93.802177 31.146029
93.783272 31.192562
93.764343 31.239086
93.745392 31.285601
93.726418 31.332106
93.707420 31.378601
93.688400 31.425087
93.669357 31.471563
93.650291 31.518030
93.631203 31.564487
93.612091 31.610935
93.592957 31.657373
93.573799 31.703802
93.554619 31.750221
93.535416 31.796631
93.516190 31.843031
93.496941 31.889421
93.477669 31.935802
93.458374 31.982174
93.439056 32.028534
93.419716 32.074883
93.400352 32.121220
93.380966 32.167545
93.361557 32.213860
93.342125 32.260162
93.322670 32.306454
93.303192 32.352734
93.283691 32.399002
93.264168 32.445259
93.244621 32.491505
93.225052 32.537739
93.205460 32.583961
93.185844 32.630173
93.166206 32.676373
93.146545 32.722561
93.126862 32.768738
93.107155 32.814903
93.087425 32.861057
93.067673 32.907200
93.047897 32.953331
93.028099 32.999451
93.008278 33.045559
92.988434 33.091656
92.968567 33.137741
92.948677 33.183815
92.928764 33.229877
92.908829 33.275928
92.888870 33.321968
92.868889 33.367996
92.848885 33.414013
92.828857 33.460018
92.808807 33.506012
92.788734 33.551994
92.768639 33.597965
92.748520 33.643925
92.728378 33.689873
92.708214 33.735809
92.688026 33.781734
92.667816 33.827648
92.647583 33.873550
92.627327 33.919441
92.607048 33.965321
92.586746 34.011189
92.566422 34.057045
92.546074 34.102890
92.525703 34.148724
92.505310 34.194546
92.484894 34.240356
92.464455 34.286156
92.443993 34.331944
92.423508 34.377720
92.403000 34.423485
92.382469 34.469238
92.361916 34.514980
92.341339 34.560711
92.320740 34.606430
92.300117 34.652138
92.279472 34.697834
92.258804 34.743519
92.238113 34.789192
92.217400 34.834854
92.196663 34.880505
92.175903 34.926144
92.155121 34.971771
92.134315 35.017387
92.113487 35.062992
92.092636 35.108585
92.071762 35.154167
92.050865 35.199738
92.029945 35.245296
92.009003 35.290844
91.988037 35.336380
91.967049 35.381905
91.946037 35.427418
91.925003 35.472919
91.903946 35.518410
91.882866 35.563889
91.861763 35.609356
91.840637 35.654812
91.819489 35.700256
91.798317 35.745689
91.777122 35.791111
91.755905 35.836521
91.734665 35.881920
91.713402 35.927307
91.692116 35.972683
91.670807 36.018047
91.649475 36.063400
91.628120 36.108742
91.606743 36.154072
91.585342 36.199390
91.563919 36.244698
91.542473 36.289993
91.521004 36.335278
91.499512 36.380550
91.477997 36.425812
91.456459 36.471062
91.434898 36.516300
91.413315 36.561527
91.391708 36.606743
91.370079 36.651947
91.348427 36.697140
91.326752 36.742321
91.305054 36.787491
91.283333 36.832649
91.261589 36.877796
91.239822 36.922932
91.218033 36.968056
91.196220 37.013168
91.174385 37.058270
91.152527 37.103359
91.130646 37.148438
91.108742 37.193504
91.086815 37.238560
91.064865 37.283604
91.042892 37.328636
91.020897 37.373657
90.998878 37.418667
90.976837 37.463665
90.954773 37.508652
90.932686 37.553627
90.910576 37.598591
90.888443 37.643543
90.866287 37.688484
90.844109 37.733414
90.821907 37.778332
90.799683 37.823238
90.777435 37.868134
90.755165 37.913017
90.732872 37.957890
90.710556 38.002750
90.688217 38.047600
90.665855 38.092438
90.643471 38.137264
90.621063 38.182079
90.598633 38.226883
90.576180 38.271675
90.553703 38.316456
90.531204 38.361225
90.508682 38.405983
90.486137 38.450729
90.463570 38.495464
90.440979 38.540188
90.418365 38.584900
90.395729 38.629601
90.373070 38.674290
90.350388 38.718967
90.327682 38.763634
90.304955 38.808289
90.282204 38.852932
90.259430 38.897564
90.236633 38.942184
90.213814 38.986794
90.190971 39.031391
90.168106 39.075977
90.145218 39.120552
90.122307 39.165115
90.099373 39.209667
90.076416 39.254208
90.053436 39.298737
90.030434 39.343254
90.007408 39.387760
89.984360 39.432255
89.961288 39.476738
89.938194 39.521210
89.915077 39.565670
89.891937 39.610119
89.868774 39.654556
89.845589 39.698982
89.822380 39.743397
89.799149 39.787800
89.775894 39.832191
89.752617 39.876572
89.729317 39.920940
89.705994 39.965298
89.682648 40.009644
89.659279 40.053978
89.635887 40.098301
89.612473 40.142612
89.589035 40.186913
89.565575 40.231201
89.542091 40.275478
89.518585 40.319744
89.495056 40.363998
89.471504 40.408241
89.447929 40.452473
89.424332 40.496693
89.400711 40.540901
89.377068 40.585098
89.353401 40.629284
89.329712 40.673458
89.306000 40.717621
89.282265 40.761772
89.258507 40.805912
89.234726 40.850040
89.210922 40.894157
89.187096 40.938263
89.163246 40.982357
89.139374 41.026440
89.115479 41.070511
89.091560 41.114571
89.067619 41.158619
89.043655 41.202656
89.019669 41.246681
88.995659 41.290695
88.971626 41.334698
88.947571 41.378689
88.923492 41.422668
88.899391 41.466637
88.875267 41.510593
88.851120 41.554539
88.826950 41.598473
88.802757 41.642395
88.778542 41.686306
88.754303 41.730206
88.730042 41.774094
88.705757 41.817970
88.681450 41.861835
88.657120 41.905689
88.632767 41.949532
88.608391 41.993362
88.583992 42.037182
88.559570 42.080990
88.535126 42.124786
88.510658 42.168571
88.486168 42.212345
88.461655 42.256107
88.437119 42.299858
88.412560 42.343597
88.387978 42.387325
88.363373 42.431042
88.338745 42.474747
88.314095 42.518440
88.289421 42.562122
88.264725 42.605793
88.240005 42.649452
88.215263 42.693096
88.190498 42.736725
88.165710 42.780338
88.140900 42.823936
88.116066 42.867519
88.091209 42.911087
88.066330 42.954639
88.041428 42.998177
88.016502 43.041698
87.991554 43.085205
87.966583 43.128696
87.941589 43.172173
87.916573 43.215633
87.891533 43.259079
87.866470 43.302509
87.841385 43.345924
87.816277 43.389324
87.791145 43.432709
87.765991 43.476078
87.740814 43.519432
87.715614 43.562771
87.690392 43.606094
87.665146 43.649403
87.639877 43.692696
87.614586 43.735973
87.589272 43.779236
87.563934 43.822483
87.538574 43.865715
87.513191 43.908932
87.487785 43.952133
87.462357 43.995319
87.436905 44.038490
87.411430 44.081646
87.385933 44.124786
87.360413 44.167912
87.334869 44.211021
87.309303 44.254116
87.283714 44.297195
87.258102 44.340260
87.232468 44.383308
87.206810 44.426342
87.181129 44.469360
87.155426 44.512363
87.129700 44.555351
87.103951 44.598324
87.078178 44.641281
87.052383 44.684223
87.026566 44.727150
87.000725 44.770061
86.974861 44.812958
86.948975 44.855839
86.923065 44.898705
86.897133 44.941555
86.871178 44.984390
86.845200 45.027210
86.819199 45.070015
86.793175 45.112804
86.767128 45.155579
86.741058 45.198338
86.714966 45.241081
86.688850 45.283810
86.662712 45.326523
86.636551 45.369221
86.610367 45.411903
86.584160 45.454571
86.557930 45.497223
86.531677 45.539860
86.505402 45.582481
86.479103 45.625088
86.452782 45.667679
86.426437 45.710255
86.400070 45.752815
86.373680 45.795361
86.347267 45.837891
86.320831 45.880405
86.294373 45.922905
86.267891 45.965389
86.241386 46.007858
86.214859 46.050312
86.188309 46.092751
86.161736 46.135174
86.135139 46.177582
86.108521 46.219975
86.081879 46.262352
86.055214 46.304714
86.028526 46.347061
86.001816 46.389393
85.975082 46.431709
85.948326 46.474010
85.921547 46.516296
85.894745 46.558567
85.867920 46.600822
85.841072 46.643063
85.814201 46.685287
85.787308 46.727497
85.760391 46.769691
85.733452 46.811871
85.706490 46.854034
85.679504 46.896183
85.652496 46.938316
85.625465 46.980434
85.598412 47.022537
85.571335 47.064625
85.544235 47.106697
85.517113 47.148754
85.489967 47.190796
85.462799 47.232822
85.435608 47.274834
85.408394 47.316830
85.381157 47.358810
85.353897 47.400776
85.326614 47.442726
85.299309 47.484661
85.271980 47.526581
85.244629 47.568485
85.217255 47.610374
85.189857 47.652248
85.162437 47.694107
85.134995 47.735950
85.107529 47.777779
85.080040 47.819592
85.052528 47.861389
85.024994 47.903172
84.997437 47.944939
84.969856 47.986691
84.942253 48.028427
84.914627 48.070148
84.886978 48.111855
84.859306 48.153545
84.831612 48.195221
84.803894 48.236881
84.776154 48.278526
84.748390 48.320156
84.720604 48.361771
84.692795 48.403370
84.664963 48.444954
84.637108 48.486523
84.609230 48.528076
84.581329 48.569614
84.553406 48.611137
84.525459 48.652645
84.497490 48.694138
84.469498 48.735615
84.441483 48.777077
84.413445 48.818523
84.385384 48.859955
84.357300 48.901371
84.329193 48.942772
84.301064 48.984158
84.272911 49.025528
84.244736 49.066883
84.216537 49.108223
84.188316 49.149548
84.160072 49.190857
84.131805 49.232151
84.103516 49.273430
84.075203 49.314693
84.046867 49.355942
84.018509 49.397175
83.990128 49.438393
83.961723 49.479595
83.933296 49.520782
83.904846 49.561954
83.876373 49.603111
83.847878 49.644253
83.819359 49.685379
83.790817 49.726490
83.762253 49.767586
83.733665 49.808666
83.705055 49.849731
83.676422 49.890781
83.647766 49.931816
83.619087 49.972836
83.590385 50.013840
83.561661 50.054829
83.532913 50.095802
83.504143 50.136761
83.475349 50.177704
83.446533 50.218632
83.417694 50.259544
83.388832 50.300442
83.359947 50.341324
83.331039 50.382191
83.302109 50.423042
83.273155 50.463879
83.244179 50.504700
83.215179 50.545506
83.186157 50.586296
83.157112 50.627071
83.128044 50.667831
83.098953 50.708576
83.069839 50.749306
83.040703 50.790020
83.011543 50.830719
82.982361 50.871403
82.953156 50.912071
82.923927 50.952724
82.894676 50.993362
82.865402 51.033985
82.836105 51.074593
82.806786 51.115185
82.777443 51.155762
82.748077 51.196323
82.718689 51.236870
82.689278 51.277401
82.659843 51.317917
82.630386 51.358418
82.600906 51.398903
82.571404 51.439373
82.541878 51.479828
82.512329 51.520267
82.482758 51.560692
82.453163 51.601101
82.423546 51.641495
82.393906 51.681873
82.364243 51.722237
82.334557 51.762585
82.304848 51.802917
82.275116 51.843235
82.245361 51.883537
82.215584 51.923824
82.185783 51.964096
82.155960 52.004353
82.126114 52.044594
82.096245 52.084820
82.066353 52.125031
82.036438 52.165226
82.006500 52.205406
81.976540 52.245571
81.946556 52.285721
81.916550 52.325855
81.886520 52.365974
81.856468 52.406078
81.826393 52.446167
81.796295 52.486240
81.766174 52.526299
81.736031 52.566341
81.705864 52.606369
81.675674 52.646381
81.645462 52.686378
81.615227 52.726360
81.584969 52.766327
81.554688 52.806278
81.524384 52.846214
81.494057 52.886135
81.463707 52.926041
81.433334 52.965931
81.402939 53.005806
81.372520 53.045666
81.342079 53.085510
81.311615 53.125340
81.281128 53.165154
81.250618 53.204952
81.220085 53.244736
81.189529 53.284504
81.158951 53.324257
81.128349 53.363995
81.097725 53.403717
81.067078 53.443424
81.036407 53.483116
81.005714 53.522793
80.974998 53.562454
80.944260 53.602100
80.913498 53.641731
80.882713 53.681347
80.851906 53.720947
80.821075 53.760532
80.790222 53.800102
80.759346 53.839657
80.728447 53.879196
80.697525 53.918720
80.666580 53.958229
80.635612 53.997723
80.604622 54.037201
80.573608 54.076664
80.542572 54.116112
80.511513 54.155544
80.480431 54.194962
80.449326 54.234364
80.418198 54.273750
80.387047 54.313122
80.355873 54.352478
80.324677 54.391819
80.293457 54.431145
80.262215 54.470451
80.230949 54.509739
80.199661 54.549007
80.168350 54.588257
80.137016 54.627487
80.105659 54.666698
80.074280 54.705891
80.042877 54.745064
80.011452 54.784218
79.980003 54.823353
79.948532 54.862469
79.917038 54.901566
79.885521 54.940643
79.853981 54.979702
79.822418 55.018742
79.790833 55.057762
79.759224 55.096764
79.727592 55.135746
79.695938 55.174709
79.664261 55.213654
79.632561 55.252579
79.600838 55.291485
79.569092 55.330372
79.537323 55.369240
79.505531 55.408089
79.473717 55.446918
79.441879 55.485729
79.410019 55.524521
79.378136 55.563293
79.346230 55.602047
79.314301 55.640781
79.282349 55.679497
79.250374 55.718193
79.218376 55.756870
79.186356 55.795528
79.154312 55.834167
79.122246 55.872787
79.090157 55.911388
79.058044 55.949970
79.025909 55.988533
78.993752 56.027077
78.961571 56.065601
78.929367 56.104107
78.897141 56.142593
78.864891 56.181061
78.832619 56.219509
78.800323 56.257938
78.768005 56.296349
78.735664 56.334740
78.703300 56.373112
78.670914 56.411465
78.638504 56.449799
78.606071 56.488113
78.573616 56.526409
78.541138 56.564686
78.508636 56.602943
78.476112 56.641182
78.443565 56.679401
78.410995 56.717602
78.378403 56.755783
78.345787 56.793945
78.313148 56.832088
78.280487 56.870213
78.247803 56.908318
78.215096 56.946404
78.182365 56.984470
78.149612 57.022518
78.116837 57.060547
78.084038 57.098557
78.051216 57.136547
78.018372 57.174519
77.985504 57.212471
77.952614 57.250404
77.919701 57.288319
77.886765 57.326214
77.853806 57.364090
77.820824 57.401947
77.787819 57.439785
77.754791 57.477604
77.721741 57.515404
77.688667 57.553185
77.655571 57.590946
77.622452 57.628689
77.589310 57.666412
77.556145 57.704117
77.522957 57.741802
77.489746 57.779469
77.456512 57.817116
77.423256 57.854744
77.389977 57.892353
77.356674 57.929943
77.323349 57.967514
77.290001 58.005066
77.256630 58.042599
77.223236 58.080112
77.189819 58.117607
77.156380 58.155083
77.122917 58.192539
77.089432 58.229977
77.055923 58.267395
77.022392 58.304794
76.988838 58.342175
76.955261 58.379536
76.921661 58.416878
76.888039 58.454201
76.854393 58.491505
76.820724 58.528790
76.787033 58.566055
76.753319 58.603302
76.719582 58.640530
76.685822 58.677738
76.652039 58.714928
76.618233 58.752098
76.584404 58.789249
76.550552 58.826382
76.516678 58.863495
76.482780 58.900589
76.448860 58.937664
76.414917 58.974720
76.380951 59.011757
76.346962 59.048775
76.312950 59.085773
76.278915 59.122753
76.244858 59.159714
76.210777 59.196655
76.176674 59.233578
76.142548 59.270481
76.108398 59.307365
76.074226 59.344231
76.040031 59.381077
76.005814 59.417904
75.971573 59.454712
75.937309 59.491501
75.903023 59.528271
75.868713 59.565022
75.834381 59.601753
75.800026 59.638466
75.765648 59.675159
75.731247 59.711834
75.696823 59.748489
75.662376 59.785126
75.627907 59.821743
75.593414 59.858341
75.558899 59.894920
75.524361 59.931480
75.489799 59.968021
75.455215 60.004543
75.420609 60.041046
75.385979 60.077530
75.351326 60.113995
75.316650 60.150440
75.281952 60.186867
75.247231 60.223274
75.212486 60.259663
75.177719 60.296032
75.142929 60.332382
75.108116 60.368713
75.073280 60.405025
75.038422 60.441319
75.003540 60.477592
74.968636 60.513847
74.933708 60.550083
74.898758 60.586300
74.863785 60.622498
74.828789 60.658676
74.793770 60.694836
74.758728 60.730976
74.723663 60.767097
74.688576 60.803200
74.653465 60.839283
74.618332 60.875347
74.583176 60.911392
74.547997 60.947418
74.512794 60.983425
74.477570 61.019413
74.442322 61.055382
74.407051 61.091331
74.371758 61.127262
74.336441 61.163174
74.301102 61.199066
74.265739 61.234940
74.230354 61.270794
74.194946 61.306629
74.159515 61.342445
74.124062 61.378242
74.088585 61.414021
74.053085 61.449780
74.017563 61.485519
73.982018 61.521240
73.946449 61.556942
73.910858 61.592625
73.875244 61.628288
73.839607 61.663933
73.803947 61.699558
73.768265 61.735165
73.732559 61.770752
73.696831 61.806320
73.661079 61.841869
73.625305 61.877399
73.589508 61.912910
73.553688 61.948402
73.517845 61.983875
73.481979 62.019329
73.446091 62.054764
73.410179 62.090179
73.374245 62.125576
73.338287 62.160954
73.302307 62.196312
73.266304 62.231651
73.230278 62.266972
73.194229 62.302273
73.158157 62.337555
73.122063 62.372818
73.085945 62.408062
73.049805 62.443287
73.013641 62.478493
72.977455 62.513680
72.941246 62.548847
72.905014 62.583996
72.868759 62.619125
72.832481 62.654236
72.796181 62.689327
72.759857 62.724400
72.723511 62.759453
72.687141 62.794487
72.650749 62.829502
72.614334 62.864498
72.577896 62.899475
72.541435 62.934433
72.504951 62.969372
72.468445 63.004292
72.431915 63.039192
72.395363 63.074074
72.358788 63.108936
72.322189 63.143780
72.285568 63.178604
72.248924 63.213409
72.212257 63.248196
72.175568 63.282963
72.138855 63.317711
72.102119 63.352440
72.065361 63.387150
72.028580 63.421841
71.991776 63.456512
71.954948 63.491165
71.918098 63.525799
71.881226 63.560413
71.844330 63.595009
71.807411 63.629585
71.770470 63.664143
71.733505 63.698681
71.696518 63.733200
71.659508 63.767700
71.622475 63.802181
71.585419 63.836643
71.548340 63.871086
71.511238 63.905510
71.474113 63.939915
71.436966 63.974300
71.399796 64.008667
71.362602 64.043015
71.325386 64.077339
71.288147 64.111641
71.250885 64.145920
71.213600 64.180176
71.176292 64.214409
71.138962 64.248619
71.101608 64.282806
71.064232 64.316971
71.026833 64.351112
70.989410 64.385231
70.951965 64.419327
70.914497 64.453400
70.877007 64.487450
70.839493 64.521477
70.801956 64.555481
70.764397 64.589462
70.726814 64.623421
70.689209 64.657356
70.651581 64.691269
70.613930 64.725159
70.576256 64.759026
70.538559 64.792870
70.500839 64.826691
70.463097 64.860489
70.425331 64.894264
70.387543 64.928017
70.349731 64.961746
70.311897 64.995453
70.274040 65.029137
70.236160 65.062798
70.198257 65.096436
70.160332 65.130051
70.122383 65.163643
70.084412 65.197212
70.046417 65.230759
70.008400 65.264282
69.970360 65.297783
69.932297 65.331261
69.894211 65.364716
69.856102 65.398148
69.817970 65.431557
69.779816 65.464943
69.741638 65.498306
69.703438 65.531647
69.665215 65.564964
69.626968 65.598259
69.588699 65.631531
69.550407 65.664780
69.512093 65.698006
69.473755 65.731209
69.435394 65.764389
69.397011 65.797546
69.358604 65.830681
69.320175 65.863792
69.281723 65.896881
69.243248 65.929947
69.204750 65.962990
69.166229 65.996010
69.127686 66.029007
69.089119 66.061981
69.050529 66.094933
69.011917 66.127861
68.973282 66.160767
68.934624 66.193649
68.895943 66.226509
68.857239 66.259346
68.818512 66.292160
68.779762 66.324951
68.740990 66.357719
68.702194 66.390465
68.663376 66.423187
68.624535 66.455887
68.585670 66.488564
68.546783 66.521217
68.507874 66.553848
68.468941 66.586456
68.429985 66.619041
68.391006 66.651604
68.352005 66.684143
68.312981 66.716660
68.273933 66.749153
68.234863 66.781624
68.195770 66.814072
68.156654 66.846497
68.117516 66.878899
68.078354 66.911278
68.039169 66.943634
67.999962 66.975967
67.960732 67.008278
67.921478 67.040565
67.882202 67.072830
67.842903 67.105072
67.803581 67.137291
67.764236 67.169487
67.724869 67.201660
67.685478 67.233810
67.646065 67.265938
67.606628 67.298042
67.567169 67.330124
67.527687 67.362183
67.488182 67.394218
67.448654 67.426231
67.409103 67.458221
67.369530 67.490189
67.329933 67.522133
67.290314 67.554054
67.250671 67.585953
67.211006 67.617828
67.171318 67.649681
67.131607 67.681511
67.091873 67.713318
67.052116 67.745102
67.012337 67.776863
66.972534 67.808601
66.932709 67.840317
66.892860 67.872009
66.852989 67.903679
66.813095 67.935326
66.773178 67.966949
66.733238 67.998550
66.693275 68.030128
66.653290 68.061684
66.613281 68.093216
66.573250 68.124725
66.533195 68.156212
66.493118 68.187675
66.453018 68.219116
66.412895 68.250534
66.372749 68.281929
66.332581 68.313301
66.292389 68.344650
66.252174 68.375977
66.211937 68.407280
66.171677 68.438560
66.131393 68.469818
66.091087 68.501053
66.050758 68.532265
66.010406 68.563454
65.970032 68.594620
65.929634 68.625763
65.889214 68.656883
65.848770 68.687981
65.808304 68.719055
65.767815 68.750107
65.727303 68.781136
65.686768 68.812141
65.646210 68.843124
65.605629 68.874084
65.565025 68.905022
65.524399 68.935936
65.483749 68.966827
65.443077 68.997696
65.402382 69.028542
65.361664 69.059364
65.320923 69.090164
65.280159 69.120941
65.239372 69.151695
65.198563 69.182426
65.157730 69.213135
65.116875 69.243820
65.075996 69.274483
65.035095 69.305122
64.994171 69.335739
64.953224 69.366333
64.912254 69.396904
64.871262 69.427452
64.830246 69.457977
64.789207 69.488480
64.748146 69.518959
64.707062 69.549416
64.665955 69.579849
64.624825 69.610260
64.583672 69.640648
64.542496 69.671013
64.501297 69.701355
64.460075 69.731674
64.418831 69.761971
64.377563 69.792244
64.336273 69.822495
64.294960 69.852722
64.253624 69.882927
64.212265 69.913109
64.170883 69.943268
64.129478 69.973404
64.088051 70.003517
64.046600 70.033607
64.005127 70.063675
63.963634 70.093719
63.922123 70.123741
63.880592 70.153740
63.839043 70.183716
63.797474 70.213669
63.755886 70.243599
63.714279 70.273506
63.672653 70.303391
63.631008 70.333252
63.589344 70.363091
63.547661 70.392906
63.505959 70.422699
63.464237 70.452469
63.422497 70.482216
63.380737 70.511940
63.338959 70.541641
63.297161 70.571320
63.255344 70.600975
63.213509 70.630608
63.171654 70.660217
63.129780 70.689804
63.087887 70.719368
63.045975 70.748909
63.004044 70.778427
62.962093 70.807922
62.920124 70.837395
62.878136 70.866844
62.836128 70.896271
62.794102 70.925674
62.752056 70.955055
62.709991 70.984413
62.667908 71.013748
62.625805 71.043060
62.583683 71.072350
62.541542 71.101616
62.499382 71.130859
62.457203 71.160080
62.415005 71.189278
62.372787 71.218452
62.330551 71.247604
62.288296 71.276733
62.246021 71.305840
62.203728 71.334923
62.161415 71.363983
62.119083 71.393021
62.076733 71.422035
62.034363 71.451027
61.991974 71.479996
61.949566 71.508942
61.907139 71.537865
61.864693 71.566765
61.822227 71.595642
61.779743 71.624496
61.737240 71.653328
61.694717 71.682137
61.652176 71.710922
61.609615 71.739685
61.567036 71.768425
61.524437 71.797142
61.481819 71.825836
61.439182 71.854507
61.396526 71.883156
61.353851 71.911781
61.311157 71.940384
61.268444 71.968964
61.225712 71.997520
61.182961 72.026054
61.140190 72.054565
61.097401 72.083054
61.054592 72.111519
61.011765 72.139961
60.968918 72.168381
60.926052 72.196777
60.883167 72.225151
60.840263 72.253502
60.797340 72.281830
60.754398 72.310135
60.711437 72.338417
60.668457 72.366676
60.625458 72.394913
60.582439 72.423126
60.539402 72.451317
60.496346 72.479485
60.453270 72.507629
60.410175 72.535751
60.367062 72.563850
60.323929 72.591927
60.280777 72.619980
60.237606 72.648010
60.194416 72.676018
60.151207 72.704002
60.107979 72.731964
60.064732 72.759903
60.021465 72.787819
59.978180 72.815712
59.934875 72.843582
59.891552 72.871429
59.848209 72.899254
59.804848 72.927055
59.761467 72.954834
59.718067 72.982590
59.674648 73.010323
59.631210 73.038033
59.587753 73.065720
59.544277 73.093384
59.500782 73.121025
59.457268 73.148643
59.413734 73.176239
59.370182 73.203812
59.326611 73.231361
59.283020 73.258888
59.239410 73.286392
59.195782 73.313873
59.152134 73.341331
59.108467 73.368767
59.064781 73.396179
59.021076 73.423569
58.977352 73.450935
58.933609 73.478279
58.889847 73.505600
58.846066 73.532898
58.802265 73.560173
58.758446 73.587425
58.714607 73.614655
58.670750 73.641861
58.626873 73.669044
58.582977 73.696205
58.539062 73.723343
58.495129 73.750458
58.451176 73.777550
58.407204 73.804619
58.363213 73.831665
58.319202 73.858688
58.275173 73.885689
58.231125 73.912666
58.187057 73.939621
58.142971 73.966553
58.098866 73.993462
58.054741 74.020348
58.010597 74.047211
57.966434 74.074051
57.922253 74.100868
57.878052 74.127663
57.833832 74.154434
57.789593 74.181183
57.745335 74.207909
57.701057 74.234612
57.656761 74.261292
57.612446 74.287949
57.568111 74.314583
57.523758 74.341194
57.479385 74.367783
57.434994 74.394348
57.390583 74.420891
57.346153 74.447411
57.301704 74.473907
57.257236 74.500381
57.212749 74.526833
57.168243 74.553261
57.123718 74.579666
57.079174 74.606049
57.034611 74.632408
56.990028 74.658745
56.945427 74.685059
56.900806 74.711349
56.856167 74.737617
56.811508 74.763863
56.766830 74.790085
56.722134 74.816284
56.677418 74.842461
56.632683 74.868614
56.587929 74.894745
56.543156 74.920853
56.498363 74.946938
56.453552 74.973000
56.408722 74.999039
56.363873 75.025055
56.319004 75.051048
56.274117 75.077019
56.229210 75.102966
56.184284 75.128891
56.139339 75.154793
56.094376 75.180672
56.049393 75.206528
56.004391 75.232361
55.959370 75.258171
55.914330 75.283958
55.869270 75.309723
55.824192 75.335464
55.779095 75.361183
55.733978 75.386879
55.688843 75.412552
55.643688 75.438202
55.598515 75.463829
55.553322 75.489433
55.508110 75.515015
55.462879 75.540573
55.417629 75.566109
55.372360 75.591621
55.327072 75.617111
55.281765 75.642578
55.236439 75.668022
55.191093 75.693443
55.145729 75.718842
55.100346 75.744217
55.054943 75.769569
55.009521 75.794899
54.964081 75.820206
54.918621 75.845490
54.873142 75.870750
54.827644 75.895988
54.782127 75.921204
54.736591 75.946396
54.691036 75.971565
54.645462 75.996712
54.599869 76.021835
54.554256 76.046936
54.508625 76.072014
54.462975 76.097069
54.417305 76.122101
54.371616 76.147110
54.325912 76.172096
54.280193 76.197060
54.234459 76.222000
54.188709 76.246918
54.142944 76.271812
54.097164 76.296684
54.051369 76.321533
54.005558 76.346359
53.959732 76.371162
53.913891 76.395943
53.868034 76.420700
53.822163 76.445435
53.776276 76.470146
53.730373 76.494835
53.684456 76.519501
53.638523 76.544144
53.592575 76.568764
53.546612 76.593361
53.500633 76.617935
53.454639 76.642487
53.408630 76.667015
53.362606 76.691521
53.316566 76.716003
53.270512 76.740463
53.224442 76.764900
53.178356 76.789314
53.132256 76.813705
53.086140 76.838074
53.040009 76.862419
52.993862 76.886742
52.947701 76.911041
52.901524 76.935318
52.855331 76.959572
52.809124 76.983803
52.762901 77.008011
52.716663 77.032196
52.670410 77.056358
52.624142 77.080498
52.577858 77.104614
52.531559 77.128708
52.485245 77.152779
52.438915 77.176826
52.392570 77.200851
52.346210 77.224854
52.299835 77.248833
52.253445 77.272789
52.207039 77.296722
52.160618 77.320633
52.114182 77.344521
52.067730 77.368385
52.021263 77.392227
51.974781 77.416046
51.928284 77.439842
51.881771 77.463615
51.835243 77.487366
51.788700 77.511093
51.742142 77.534798
51.695568 77.558479
51.648979 77.582138
51.602375 77.605774
51.555756 77.629387
51.509121 77.652977
51.462471 77.676544
51.415806 77.700089
51.369125 77.723610
51.322430 77.747108
51.275719 77.770584
51.228992 77.794037
51.182251 77.817467
51.135494 77.840874
51.088722 77.864258
51.041935 77.887619
50.995132 77.910957
50.948315 77.934265
50.901482 77.957542
50.854633 77.980789
50.807770 78.004005
50.760891 78.027191
50.713997 78.050346
50.667088 78.073471
50.620163 78.096565
50.573223 78.119629
50.526268 78.142662
50.479298 78.165665
50.432312 78.188637
50.385311 78.211578
50.338295 78.234489
50.291264 78.257370
50.244217 78.280220
50.197155 78.303040
50.150078 78.325829
50.102985 78.348587
50.055878 78.371315
50.008755 78.394012
49.961617 78.416679
49.914463 78.439316
49.867294 78.461922
49.820110 78.484497
49.772911 78.507042
49.725697 78.529556
49.678467 78.552040
49.631222 78.574493
49.583961 78.596916
49.536686 78.619308
49.489395 78.641670
49.442089 78.664001
49.394768 78.686302
49.347431 78.708572
49.300079 78.730812
49.252712 78.753021
49.205330 78.775200
49.157932 78.797348
49.110519 78.819466
49.063091 78.841553
49.015648 78.863609
48.968189 78.885635
48.920715 78.907631
48.873226 78.929596
48.825722 78.951530
48.778202 78.973434
48.730667 78.995308
48.683117 79.017151
48.635551 79.038963
48.587971 79.060745
48.540375 79.082497
48.492764 79.104218
48.445137 79.125908
48.397495 79.147568
48.349838 79.169197
48.302166 79.190796
48.254478 79.212364
48.206776 79.233902
48.159058 79.255409
48.111324 79.276886
48.063576 79.298332
48.015812 79.319748
47.968033 79.341133
47.920238 79.362488
47.872429 79.383812
47.824604 79.405106
47.776764 79.426369
47.728909 79.447601
47.681038 79.468803
47.633152 79.489975
47.585251 79.511116
47.537334 79.532227
47.489403 79.553307
47.441456 79.574356
47.393494 79.595375
47.345516 79.616364
47.297523 79.637321
47.249516 79.658249
47.201492 79.679146
47.153454 79.700012
47.105400 79.720848
47.057331 79.741653
47.009247 79.762428
46.961147 79.783173
46.913033 79.803886
46.864902 79.824570
46.816757 79.845222
46.768597 79.865845
46.720421 79.886436
46.672230 79.906998
46.624023 79.927528
46.575802 79.948029
46.527565 79.968498
46.479313 79.988937
46.431046 80.009346
46.382763 80.029724
46.334465 80.050072
46.286152 80.070389
46.237823 80.090675
46.189480 80.110931
46.141121 80.131157
46.092747 80.151352
46.044357 80.171516
45.995953 80.191650
45.947533 80.211754
45.899097 80.231827
45.850647 80.251869
45.802181 80.271881
45.753700 80.291862
45.705204 80.311813
45.656693 80.331734
45.608166 80.351624
45.559624 80.371483
45.511066 80.391312
45.462494 80.411110
45.413906 80.430878
45.365303 80.450615
45.316685 80.470322
45.268051 80.489998
45.219402 80.509644
45.170738 80.529259
45.122059 80.548843
45.073364 80.568398
45.024654 80.587921
44.975929 80.607414
44.927189 80.626877
44.878433 80.646309
44.829662 80.665710
44.780876 80.685081
44.732075 80.704422
44.683258 80.723732
44.634426 80.743011
44.585579 80.762260
44.536716 80.781479
44.487839 80.800667
44.438946 80.819824
44.390038 80.838951
44.341114 80.858047
44.292175 80.877113
44.243221 80.896149
44.194252 80.915154
44.145267 80.934128
44.096268 80.953072
44.047253 80.971985
43.998222 80.990868
43.949177 81.009720
43.900116 81.028542
43.851040 81.047333
43.801949 81.066093
43.752842 81.084824
43.703720 81.103523
43.654583 81.122192
43.605431 81.140831
43.556263 81.159439
43.507080 81.178017
43.457882 81.196564
43.408669 81.215080
43.359440 81.233566
43.310196 81.252022
43.260937 81.270447
43.211662 81.288841
43.162373 81.307205
43.113068 81.325539
43.063747 81.343842
43.014412 81.362114
42.965061 81.380356
42.915695 81.398567
42.866314 81.416748
42.816917 81.434898
42.767506 81.453018
42.718079 81.471107
42.668636 81.489166
42.619179 81.507195
42.569706 81.525192
42.520218 81.543159
42.470715 81.561096
42.421196 81.579002
42.371662 81.596878
42.322113 81.614723
42.272549 81.632538
42.222969 81.650322
42.173374 81.668076
42.123764 81.685799
42.074139 81.703491
42.024498 81.721153
41.974842 81.738785
41.925171 81.756386
41.875484 81.773956
41.825783 81.791496
41.776066 81.809006
41.726334 81.826485
41.676586 81.843933
41.626823 81.861351
41.577045 81.878738
41.527252 81.896095
41.477444 81.913422
41.427620 81.930717
41.377781 81.947983
41.327927 81.965218
41.278057 81.982422
41.228172 81.999596
41.178272 82.016739
41.128357 82.033852
41.078426 82.050934
41.028481 82.067986
40.978519 82.085007
40.928543 82.101997
40.878551 82.118958
40.828548 82.135887
40.778534 82.152786
40.728508 82.169655
40.678471 82.186493
40.628422 82.203300
40.578362 82.220078
40.528290 82.236824
40.478207 82.253540
40.428112 82.270226
40.378006 82.286880
40.327888 82.303505
40.277760 82.320099
40.227619 82.336662
40.177467 82.353195
40.127304 82.369698
40.077129 82.386169
40.026943 82.402611
39.976746 82.419022
39.926537 82.435402
39.876316 82.451752
39.826084 82.468071
39.775841 82.484360
39.725586 82.500618
39.675320 82.516846
39.625042 82.533043
39.574753 82.549210
39.524452 82.565346
39.474140 82.581451
39.423817 82.597527
39.373482 82.613571
39.323135 82.629585
39.272778 82.645569
39.222408 82.661522
39.172028 82.677444
39.121635 82.693336
39.071232 82.709198
39.020817 82.725029
38.970390 82.740829
38.919952 82.756599
38.869503 82.772339
38.819042 82.788048
38.768570 82.803726
38.718086 82.819374
38.667591 82.834991
38.617085 82.850578
38.566566 82.866135
38.516037 82.881660
38.465496 82.897156
38.414944 82.912621
38.364380 82.928055
38.313805 82.943459
38.263218 82.958832
38.212620 82.974174
38.162010 82.989487
38.111389 83.004768
38.060757 83.020020
38.010113 83.035240
37.959457 83.050430
37.908791 83.065590
37.858112 83.080719
37.807423 83.095818
37.756721 83.110886
37.706009 83.125923
37.655285 83.140930
37.604549 83.155907
37.553802 83.170853
37.503044 83.185768
37.452274 83.200653
37.401493 83.215508
37.350700 83.230331
37.299896 83.245125
37.249081 83.259888
37.198254 83.274620
37.147415 83.289322
37.096565 83.303993
37.045704 83.318634
36.994831 83.333244
36.943947 83.347824
36.893051 83.362373
36.842144 83.376892
36.791225 83.391380
36.740295 83.405838
36.689354 83.420265
36.638401 83.434662
36.587437 83.449028
36.536461 83.463364
36.485474 83.477669
36.434475 83.491943
36.383465 83.506187
36.332443 83.520401
36.281410 83.534584
36.230366 83.548737
36.179310 83.562859
36.128242 83.576950
36.077164 83.591011
36.026073 83.605042
35.974972 83.619041
35.923859 83.633011
35.872734 83.646950
35.821598 83.660858
35.770451 83.674736
35.719292 83.688583
35.668121 83.702400
35.616940 83.716187
35.565746 83.729942
35.514542 83.743668
35.463326 83.757362
35.412098 83.771027
35.360859 83.784660
35.309608 83.798264
35.258347 83.811836
35.207073 83.825378
35.155788 83.838890
35.104492 83.852371
35.053185 83.865822
35.001865 83.879242
34.950535 83.892632
34.899193 83.905991
34.847839 83.919319
34.796474 83.932617
34.745098 83.945885
34.693710 83.959122
34.642311 83.972328
34.590900 83.985504
34.539478 83.998650
34.488045 84.011765
34.436600 84.024849
34.385143 84.037903
34.333675 84.050926
34.282196 84.063919
34.230705 84.076881
34.179203 84.089813
34.127689 84.102715
34.076164 84.115585
34.024628 84.128426
33.973080 84.141235
33.921520 84.154015
33.869949 84.166763
33.818367 84.179482
33.766773 84.192169
33.715168 84.204826
33.663551 84.217453
33.611923 84.230049
33.560284 84.242615
33.508633 84.255150
33.456970 84.267654
33.405296 84.280128
33.353611 84.292572
33.301914 84.304985
33.250206 84.317368
33.198486 84.329720
33.146755 84.342041
33.095013 84.354332
33.043259 84.366592
32.991493 84.378822
32.939716 84.391022
32.887928 84.403191
32.836128 84.415329
32.784317 84.427437
32.732494 84.439514
32.680660 84.451561
32.628815 84.463577
32.576958 84.475563
32.525089 84.487518
32.473209 84.499443
32.421318 84.511337
32.369415 84.523201
32.317501 84.535034
32.265575 84.546837
32.213638 84.558609
32.161690 84.570351
32.109730 84.582062
32.057758 84.593742
32.005775 84.605392
31.953781 84.617012
31.901775 84.628601
31.849758 84.640160
31.797729 84.651688
31.745689 84.663185
31.693638 84.674652
31.641575 84.686089
31.589500 84.697495
31.537415 84.708870
31.485319 84.720215
31.433214 84.731529
31.381100 84.742813
31.328976 84.754066
31.276842 84.765289
31.224699 84.776482
31.172546 84.787643
31.120384 84.798775
31.068213 84.809875
31.016031 84.820946
30.963840 84.831985
30.911640 84.842995
30.859430 84.853973
30.807211 84.864922
30.754982 84.875839
30.702744 84.886726
30.650496 84.897583
30.598238 84.908409
30.545971 84.919205
30.493694 84.929970
30.441408 84.940704
30.389112 84.951408
30.336807 84.962082
30.284492 84.972725
30.232168 84.983337
30.179834 84.993919
30.127491 85.004471
30.075138 85.014992
30.022776 85.025482
29.970404 85.035942
29.918022 85.046371
29.865631 85.056770
29.813231 85.067139
29.760820 85.077477
29.708401 85.087784
29.655972 85.098061
29.603533 85.108307
29.551085 85.118523
29.498627 85.128708
29.446159 85.138863
29.393682 85.148987
29.341196 85.159081
29.288700 85.169144
29.236195 85.179176
29.183680 85.189178
29.131155 85.199150
29.078621 85.209091
29.026077 85.219002
28.973524 85.228882
28.920961 85.238731
28.868389 85.248550
28.815807 85.258339
28.763216 85.268097
28.710615 85.277824
28.658005 85.287521
28.605385 85.297188
28.552755 85.306824
28.500116 85.316429
28.447468 85.326004
28.394810 85.335548
28.342142 85.345062
28.289465 85.354546
28.236778 85.363998
28.184082 85.373421
28.131376 85.382812
28.078661 85.392174
28.025936 85.401505
27.973202 85.410805
27.920458 85.420074
27.867704 85.429314
27.814941 85.438522
27.762169 85.447701
27.709387 85.456848
27.656595 85.465965
27.603794 85.475052
27.550983 85.484108
27.498163 85.493134
27.445333 85.502129
27.392494 85.511093
27.339645 85.520027
27.286787 85.528931
27.233919 85.537804
27.181042 85.546646
27.128155 85.555458
27.075258 85.564240
27.022352 85.572990
26.969437 85.581711
26.916512 85.590401
26.863577 85.599060
26.810633 85.607689
26.757679 85.616287
26.704716 85.624855
26.651743 85.633392
26.598761 85.641899
26.545769 85.650375
26.492767 85.658821
26.439756 85.667236
26.386736 85.675621
26.333706 85.683975
26.280666 85.692299
26.227617 85.700592
26.174559 85.708855
26.121490 85.717087
26.068413 85.725288
26.015326 85.733459
25.962229 85.741600
25.909122 85.749710
25.856007 85.757790
25.802881 85.765839
25.749746 85.773857
25.696602 85.781845
25.643450 85.789803
25.590290 85.797729
25.537123 85.805626
25.483948 85.813492
25.430765 85.821327
25.377575 85.829132
25.324377 85.836906
25.271172 85.844650
25.217958 85.852364
25.164738 85.860046
25.111509 85.867699
25.058273 85.875320
25.005030 85.882912
24.951778 85.890472
24.898520 85.898003
24.845253 85.905502
24.791979 85.912971
24.738697 85.920410
24.685408 85.927818
24.632111 85.935196
24.578806 85.942543
24.525494 85.949860
24.472174 85.957146
24.418846 85.964401
24.365511 85.971626
24.312168 85.978821
24.258818 85.985985
24.205460 85.993118
24.152094 86.000221
24.098721 86.007294
24.045340 86.014336
23.991951 86.021347
23.938555 86.028328
23.885151 86.035278
23.831739 86.042198
23.778320 86.049088
23.724894 86.055946
23.671459 86.062775
23.618017 86.069572
23.564568 86.076340
23.511110 86.083076
23.457645 86.089783
23.404173 86.096458
23.350693 86.103104
23.297205 86.109718
23.243710 86.116302
23.190207 86.122856
23.136696 86.129379
23.083178 86.135872
23.029652 86.142334
22.976118 86.148766
22.922577 86.155167
22.869028 86.161537
22.815472 86.167877
22.761908 86.174187
22.708336 86.180466
22.654757 86.186714
22.601170 86.192932
22.547575 86.199120
22.493973 86.205276
22.440363 86.211403
22.386745 86.217499
22.333120 86.223564
22.279488 86.229599
22.225847 86.235603
22.172199 86.241577
22.118544 86.247520
22.064880 86.253433
22.011209 86.259315
21.957531 86.265167
21.903845 86.270988
21.850151 86.276779
21.796450 86.282539
21.742741 86.288269
21.689024 86.293968
21.635300 86.299637
21.581568 86.305275
21.527828 86.310883
21.474081 86.316460
21.420326 86.322006
21.366564 86.327522
21.312794 86.333008
21.259016 86.338463
21.205231 86.343887
21.151438 86.349281
21.097637 86.354645
21.043829 86.359978
20.990013 86.365280
20.936190 86.370552
20.882359 86.375793
20.828520 86.381004
20.774673 86.386185
20.720819 86.391335
20.666958 86.396454
20.613089 86.401543
20.559212 86.406601
20.505327 86.411629
20.451435 86.416626
20.397535 86.421593
20.343628 86.426529
20.289713 86.431435
20.235790 86.436310
20.181860 86.441154
20.127922 86.445969
20.073978 86.450752
20.020029 86.455505
19.966074 86.460228
19.912113 86.464920
19.858147 86.469582
19.804174 86.474213
19.750196 86.478813
19.696213 86.483383
19.642223 86.487923
19.588228 86.492432
19.534227 86.496910
19.480221 86.501358
19.426208 86.505775
19.372190 86.510162
19.318167 86.514519
19.264137 86.518845
19.210102 86.523140
19.156061 86.527405
19.102015 86.531639
19.047962 86.535843
18.993904 86.540016
18.939840 86.544159
18.885771 86.548271
18.831696 86.552353
18.777615 86.556404
18.723528 86.560425
18.669436 86.564415
18.615337 86.568375
18.561234 86.572304
18.507124 86.576202
18.453009 86.580070
18.398888 86.583908
18.344761 86.587715
18.290628 86.591492
18.236490 86.595238
18.182346 86.598953
18.128197 86.602638
18.074041 86.606293
18.019880 86.609917
17.965714 86.613510
17.911541 86.617073
17.857363 86.620605
17.803179 86.624107
17.748989 86.627579
17.694794 86.631020
17.640593 86.634430
17.586386 86.637810
17.532173 86.641159
17.477955 86.644478
17.423731 86.647766
17.369501 86.651024
17.315266 86.654251
17.261024 86.657448
17.206778 86.660614
17.152525 86.663750
17.098267 86.666855
17.044003 86.669930
16.989733 86.672974
16.935457 86.675987
16.881176 86.678970
16.826889 86.681923
16.772596 86.684845
16.718298 86.687737
16.663994 86.690598
16.609684 86.693428
16.555368 86.696228
16.501047 86.698997
16.446720 86.701736
16.392387 86.704445
16.338049 86.707123
16.283705 86.709770
16.229355 86.712387
16.174999 86.714973
16.120638 86.717529
16.066271 86.720055
16.011898 86.722549
15.957520 86.725014
15.903138 86.727448
15.848751 86.729851
15.794359 86.732224
15.739963 86.734566
15.685561 86.736877
15.631155 86.739159
15.576744 86.741409
15.522328 86.743629
15.467908 86.745819
15.413483 86.747978
15.359053 86.750107
15.304618 86.752205
15.250178 86.754272
15.195734 86.756310
15.141285 86.758316
15.086831 86.760292
15.032372 86.762238
14.977909 86.764153
14.923441 86.766037
14.868968 86.767891
14.814490 86.769714
14.760008 86.771507
14.705521 86.773270
14.651029 86.775002
14.596532 86.776703
14.542030 86.778374
14.487524 86.780014
14.433013 86.781624
14.378497 86.783203
14.323977 86.784752
14.269451 86.786270
14.214921 86.787758
14.160386 86.789215
14.105846 86.790642
14.051302 86.792038
13.996753 86.793404
13.942199 86.794739
13.887640 86.796043
13.833076 86.797310
13.778508 86.798538
13.723935 86.799728
13.669357 86.800880
13.614775 86.801994
13.560187 86.803070
13.505596 86.804108
13.451001 86.805107
13.396402 86.806068
13.341800 86.806992
13.287193 86.807877
13.232583 86.808723
13.177969 86.809532
13.123351 86.810303
13.068729 86.811035
13.014104 86.811729
12.959475 86.812386
12.904841 86.813004
12.850204 86.813583
12.795564 86.814125
12.740919 86.814629
12.686271 86.815094
12.631618 86.815521
12.576962 86.815910
12.522303 86.816261
12.467639 86.816574
12.412971 86.816849
12.358300 86.817085
12.303625 86.817284
12.248946 86.817444
12.194263 86.817566
12.139577 86.817650
12.084887 86.817696
12.030192 86.817703
11.975494 86.817673
11.920793 86.817604
11.866087 86.817497
11.811378 86.817352
11.756664 86.817169
11.701947 86.816948
11.647226 86.816689
11.592502 86.816391
11.537773 86.816055
11.483041 86.815681
11.428305 86.815269
11.373565 86.814819
11.318821 86.814331
11.264073 86.813805
11.209322 86.813240
11.154567 86.812637
11.099808 86.811996
11.045045 86.811317
10.990279 86.810600
10.935511 86.809845
10.880739 86.809052
10.825965 86.808220
10.771188 86.807350
10.716408 86.806442
10.661625 86.805496
10.606839 86.804512
10.552051 86.803490
10.497259 86.802429
10.442465 86.801331
10.387668 86.800194
10.332868 86.799019
10.278065 86.797806
10.223259 86.796555
10.168450 86.795265
10.113639 86.793938
10.058825 86.792572
10.004007 86.791168
9.949187 86.789726
9.894364 86.788246
9.839539 86.786728
9.784710 86.785172
9.729878 86.783577
9.675044 86.781944
9.620207 86.780273
9.565367 86.778564
9.510524 86.776817
9.455678 86.775032
9.400829 86.773209
9.345978 86.771347
9.291123 86.769447
9.236266 86.767509
9.181406 86.765533
9.126543 86.763519
9.071677 86.761467
9.016809 86.759377
8.961937 86.757248
8.907063 86.755081
8.852185 86.752876
8.797305 86.750633
8.742422 86.748352
8.687536 86.746033
8.632648 86.743675
8.577756 86.741280
8.522862 86.738846
8.467967 86.736374
8.413070 86.733864
8.358171 86.731316
8.303269 86.728729
8.248366 86.726105
8.193461 86.723442
8.138555 86.720741
8.083646 86.718002
8.028735 86.715225
7.973822 86.712410
7.918907 86.709557
7.863990 86.706665
7.809072 86.703735
7.754151 86.700768
7.699228 86.697762
7.644304 86.694717
7.589377 86.691635
7.534449 86.688515
7.479519 86.685356
7.424587 86.682159
7.369653 86.678925
7.314717 86.675652
7.259779 86.672340
7.204839 86.668991
7.149898 86.665604
7.094954 86.662178
7.040009 86.658714
6.985061 86.655212
6.930112 86.651672
6.875161 86.648094
6.820208 86.644478
6.765253 86.640823
6.710296 86.637131
6.655338 86.633400
6.600379 86.629631
6.545418 86.625824
6.490456 86.621979
6.435493 86.618095
6.380527 86.614174
6.325561 86.610214
6.270593 86.606216
6.215624 86.602180
6.160653 86.598106
6.105681 86.593994
6.050707 86.589844
5.995732 86.585655
5.940756 86.581429
5.885778 86.577164
5.830799 86.572861
5.775818 86.568520
5.720836 86.564140
5.665852 86.559723
5.610867 86.555267
5.555881 86.550774
5.500893 86.546242
5.445905 86.541672
5.390915 86.537064
5.335925 86.532417
5.280934 86.527733
5.225942 86.523010
5.170949 86.518250
5.115954 86.513451
5.060959 86.508614
5.005963 86.503738
4.950966 86.498825
4.895968 86.493874
4.840970 86.488884
4.785970 86.483856
4.730969 86.478790
4.675967 86.473686
4.620965 86.468544
4.565961 86.463364
4.510956 86.458145
4.455951 86.452888
4.400944 86.447594
4.345937 86.442261
4.290930 86.436890
4.235922 86.431480
4.180913 86.426033
4.125905 86.420547
4.070895 86.415024
4.015885 86.409462
3.960875 86.403862
3.905864 86.398224
3.850853 86.392548
3.795841 86.386833
3.740829 86.381081
3.685816 86.375290
3.630803 86.369461
3.575789 86.363594
3.520775 86.357689
3.465761 86.351746
3.410746 86.345764
3.355731 86.339745
3.300716 86.333687
3.245701 86.327591
3.190686 86.321457
3.135670 86.315285
3.080654 86.309074
3.025637 86.302826
2.970621 86.296539
2.915604 86.290215
2.860587 86.283852
2.805571 86.277451
2.750554 86.271011
2.695537 86.264534
2.640520 86.258018
2.585504 86.251465
2.530487 86.244873
2.475470 86.238243
2.420453 86.231575
2.365437 86.224869
2.310420 86.218124
2.255403 86.211342
2.200387 86.204521
2.145371 86.197662
2.090355 86.190765
2.035340 86.183830
1.980324 86.176857
1.925309 86.169846
1.870294 86.162796
1.815280 86.155708
1.760266 86.148582
1.705252 86.141418
1.650239 86.134216
1.595225 86.126976
1.540213 86.119698
1.485201 86.112381
1.430189 86.105026
1.375178 86.097633
1.320167 86.090202
1.265157 86.082733
1.210148 86.075226
1.155139 86.067680
1.100131 86.060097
1.045123 86.052475
0.990116 86.044815
0.935109 86.037117
0.880104 86.029381
0.825099 86.021606
0.770095 86.013794
0.715092 86.005943
0.660089 85.998055
0.605087 85.990128
0.550086 85.982162
0.495086 85.974159
0.440087 85.966118
0.385089 85.958038
0.330092 85.949921
0.275095 85.941765
0.220100 85.933571
0.165106 85.925339
0.110112 85.917068
0.055120 85.908760
0.000129 85.900414
-0.054861 85.892029
-0.109850 85.883606
-0.164838 85.875145
-0.219824 85.866646
-0.274810 85.858109
-0.329794 85.849533
-0.384777 85.840919
-0.439759 85.832268
-0.494739 85.823578
-0.549718 85.814850
-0.604696 85.806084
-0.659672 85.797279
-0.714647 85.788437
-0.769621 85.779556
-0.824593 85.770638
-0.879564 85.761681
-0.934533 85.752686
-0.989501 85.743652
-1.044467 85.734581
-1.099432 85.725471
-1.154395 85.716324
-1.209357 85.707138
-1.264317 85.697914
-1.319275 85.688652
-1.374232 85.679352
-1.429187 85.670013
-1.484140 85.660637
-1.539092 85.651222
-1.594042 85.641769
-1.648990 85.632278
-1.703936 85.622749
-1.758880 85.613182
-1.813823 85.603577
-1.868763 85.593933
-1.923702 85.584251
-1.978639 85.574532
-2.033573 85.564774
-2.088506 85.554977
-2.143437 85.545143
-2.198366 85.535271
-2.253293 85.525360
-2.308218 85.515411
-2.363140 85.505424
-2.418061 85.495399
-2.472979 85.485336
-2.527895 85.475235
-2.582809 85.465096
-2.637721 85.454918
-2.692631 85.444702
-2.747538 85.434448
-2.802444 85.424156
-2.857346 85.413826
-2.912247 85.403458
-2.967145 85.393051
-3.022040 85.382607
-3.076934 85.372124
-3.131824 85.361603
-3.186713 85.351044
-3.241599 85.340446
-3.296483 85.329811
-3.351364 85.319138
-3.406242 85.308426
-3.461118 85.297676
-3.515991 85.286888
-3.570862 85.276062
-3.625730 85.265198
-3.680595 85.254295
-3.735458 85.243355
-3.790318 85.232376
-3.845176 85.221359
-3.900030 85.210304
-3.954882 85.199211
-4.009731 85.188080
-4.064578 85.176910
-4.119421 85.165703
-4.174262 85.154457
-4.229099 85.143173
-4.283934 85.131851
-4.338766 85.120491
-4.393595 85.109093
-4.448421 85.097656
-4.503245 85.086182
-4.558065 85.074669
-4.612883 85.063118
-4.667698 85.051529
-4.722509 85.039902
-4.777318 85.028236
-4.832122 85.016533
-4.886924 85.004791
-4.941722 84.993011
-4.996517 84.981194
-5.051308 84.969337
-5.106096 84.957443
-5.160881 84.945511
-5.215662 84.933540
-5.270441 84.921532
-5.325215 84.909485
-5.379987 84.897400
-5.434755 84.885277
-5.489520 84.873116
-5.544281 84.860916
-5.599039 84.848679
-5.653794 84.836403
-5.708545 84.824089
-5.763293 84.811737
-5.818038 84.799347
-5.872778 84.786919
-5.927515 84.774452
-5.982247 84.761948
-6.036976 84.749405
-6.091702 84.736824
-6.146423 84.724205
-6.201140 84.711548
-6.255854 84.698853
-6.310564 84.686119
-6.365270 84.673347
-6.419972 84.660538
-6.474671 84.647690
-6.529366 84.634804
-6.584056 84.621880
-6.638743 84.608917
-6.693427 84.595917
-6.748106 84.582878
-6.802782 84.569801
-6.857453 84.556686
-6.912120 84.543533
-6.966783 84.530342
-7.021441 84.517113
-7.076095 84.503845
-7.130745 84.490540
-7.185390 84.477196
-7.240032 84.463814
-7.294669 84.450394
-7.349301 84.436935
-7.403930 84.423439
-7.458554 84.409904
-7.513174 84.396332
-7.567789 84.382721
-7.622400 84.369072
-7.677007 84.355385
-7.731610 84.341660
-7.786208 84.327896
-7.840802 84.314095
-7.895391 84.300255
-7.949976 84.286377
-8.004556 84.272461
-8.059131 84.258507
-8.113701 84.244514
-8.168266 84.230484
-8.222827 84.216415
-8.277383 84.202309
-8.331934 84.188164
-8.386480 84.173981
-8.441022 84.159760
-8.495559 84.145500
-8.550091 84.131203
-8.604618 84.116867
-8.659141 84.102493
-8.713658 84.088081
-8.768171 84.073631
-8.822680 84.059143
-8.877183 84.044617
-8.931682 84.030052
-8.986176 84.015450
-9.040665 84.000809
-9.095149 83.986130
-9.149629 83.971413
-9.204103 83.956657
-9.258574 83.941864
-9.313039 83.927032
-9.367499 83.912163
-9.421955 83.897255
-9.476405 83.882309
-9.530849 83.867325
-9.585288 83.852303
-9.639721 83.837242
-9.694148 83.822144
-9.748569 83.807007
-9.802985 83.791832
-9.857395 83.776619
-9.911799 83.761368
-9.966198 83.746078
-10.020591 83.730751
-10.074978 83.715385
-10.129359 83.699982
-10.183735 83.684540
-10.238105 83.669060
-10.292469 83.653542
-10.346828 83.637985
-10.401180 83.622391
-10.455527 83.606758
-10.509869 83.591087
-10.564204 83.575378
-10.618534 83.559631
-10.672858 83.543846
-10.727177 83.528023
-10.781489 83.512161
-10.835796 83.496262
-10.890098 83.480324
-10.944393 83.464348
-10.998683 83.448334
-11.052967 83.432281
-11.107245 83.416191
-11.161518 83.400063
-11.215785 83.383896
-11.270046 83.367691
-11.324302 83.351448
-11.378551 83.335167
-11.432796 83.318848
-11.487033 83.302490
-11.541264 83.286095
-11.595488 83.269661
-11.649705 83.253189
-11.703916 83.236679
-11.758120 83.220131
-11.812317 83.203545
-11.866508 83.186920
-11.920691 83.170258
-11.974869 83.153557
-12.029039 83.136818
-12.083203 83.120041
-12.137361 83.103226
-12.191511 83.086372
-12.245655 83.069481
-12.299792 83.052551
-12.353923 83.035583
-12.408047 83.018578
-12.462164 83.001534
-12.516274 82.984451
-12.570378 82.967331
-12.624475 82.950172
-12.678566 82.932976
-12.732650 82.915741
-12.786727 82.898468
-12.840797 82.881157
-12.894861 82.863808
-12.948918 82.846420
-13.002969 82.828995
-13.057013 82.811531
-13.111050 82.794029
-13.165080 82.776489
-13.219104 82.758911
-13.273121 82.741295
-13.327131 82.723640
-13.381135 82.705948
-13.435132 82.688217
-13.489121 82.670448
-13.543103 82.652641
-13.597077 82.634796
-13.651044 82.616913
-13.705003 82.598991
-13.758954 82.581032
-13.812898 82.563034
-13.866834 82.544998
-13.920762 82.526924
-13.974683 82.508812
-14.028596 82.490662
-14.082501 82.472473
-14.136399 82.454247
-14.190289 82.435982
-14.244172 82.417679
-14.298047 82.399338
-14.351914 82.380959
-14.405774 82.362541
-14.459626 82.344086
-14.513471 82.325592
-14.567307 82.307060
-14.621137 82.288490
-14.674958 82.269882
-14.728772 82.251236
-14.782578 82.232552
-14.836377 82.213829
-14.890168 82.195068
-14.943952 82.176270
-14.997727 82.157433
-15.051496 82.138557
-15.105256 82.119644
-15.159009 82.100693
-15.212754 82.081703
-15.266492 82.062675
-15.320222 82.043610
-15.373944 82.024506
-15.427658 82.005363
-15.481363 81.986183
-15.535060 81.966965
-15.588748 81.947708
-15.642427 81.928413
-15.696098 81.909081
-15.749761 81.889709
-15.803414 81.870300
-15.857059 81.850853
-15.910696 81.831367
-15.964324 81.811844
-16.017944 81.792282
-16.071556 81.772682
-16.125160 81.753044
-16.178757 81.733368
-16.232346 81.713654
-16.285927 81.693901
-16.339500 81.674110
-16.393064 81.654282
-16.446619 81.634415
-16.500164 81.614510
-16.553699 81.594566
-16.607225 81.574585
-16.660742 81.554565
-16.714249 81.534508
-16.767746 81.514412
-16.821234 81.494278
-16.874712 81.474106
-16.928181 81.453896
-16.981640 81.433647
-17.035089 81.413361
-17.088530 81.393036
-17.141960 81.372673
-17.195381 81.352272
-17.248793 81.331833
-17.302195 81.311356
-17.355587 81.290840
-17.408970 81.270287
-17.462343 81.249695
-17.515707 81.229065
-17.569061 81.208397
-17.622406 81.187691
-17.675741 81.166946
-17.729067 81.146164
-17.782383 81.125343
-17.835690 81.104485
-17.888987 81.083588
-17.942274 81.062653
-17.995552 81.041679
-18.048820 81.020668
-18.102079 80.999619
-18.155329 80.978531
-18.208569 80.957405
-18.261799 80.936241
-18.315020 80.915039
-18.368231 80.893799
-18.421432 80.872520
-18.474625 80.851204
-18.527807 80.829849
-18.580980 80.808456
-18.634144 80.787025
-18.687298 80.765556
-18.740442 80.744049
-18.793577 80.722504
-18.846703 80.700920
-18.899818 80.679298
-18.952925 80.657639
-19.006021 80.635941
-19.059109 80.614204
-19.112186 80.592430
-19.165255 80.570618
-19.218313 80.548767
-19.271362 80.526878
-19.324402 80.504951
-19.377432 80.482986
-19.430452 80.460983
-19.483463 80.438942
-19.536465 80.416862
-19.589457 80.394745
-19.642439 80.372589
-19.695412 80.350395
-19.748375 80.328163
-19.801329 80.305893
-19.854273 80.283585
-19.907207 80.261238
-19.960133 80.238853
-20.013048 80.216431
-20.065954 80.193970
-20.118851 80.171471
-20.171736 80.148933
-20.224609 80.126358
-20.277472 80.103745
-20.330322 80.081093
-20.383162 80.058403
-20.435989 80.035675
-20.488806 80.012909
-20.541611 79.990105
-20.594404 79.967262
-20.647186 79.944382
-20.699957 79.921463
-20.752716 79.898506
-20.805464 79.875511
-20.858200 79.852478
-20.910925 79.829407
-20.963638 79.806297
-21.016340 79.783150
-21.069031 79.759964
-21.121710 79.736740
-21.174377 79.713478
-21.227034 79.690178
-21.279678 79.666840
-21.332312 79.643463
-21.384933 79.620049
-21.437544 79.596596
-21.490143 79.573105
-21.542730 79.549576
-21.595306 79.526009
-21.647871 79.502403
-21.700424 79.478760
-21.752966 79.455078
-21.805496 79.431358
-21.858015 79.407600
-21.910522 79.383804
-21.963018 79.359970
-22.015503 79.336098
-22.067976 79.312187
-22.120438 79.288239
-22.172888 79.264252
-22.225327 79.240227
-22.277754 79.216164
-22.330170 79.192062
-22.382574 79.167923
-22.434967 79.143745
-22.487349 79.119530
-22.539719 79.095276
-22.592077 79.070984
-22.644424 79.046654
-22.696760 79.022285
-22.749084 78.997879
-22.801397 78.973434
-22.853699 78.948952
-22.905989 78.924431
-22.958267 78.899872
-23.010534 78.875275
-23.062790 78.850639
-23.115034 78.825966
-23.167267 78.801254
-23.219488 78.776505
-23.271698 78.751717
-23.323896 78.726891
-23.376083 78.702026
-23.428259 78.677124
-23.480423 78.652184
-23.532576 78.627205
-23.584717 78.602188
-23.636847 78.577133
-23.688965 78.552040
-23.741070 78.526909
-23.793161 78.501740
-23.845240 78.476532
-23.897305 78.451286
-23.949356 78.426003
-24.001394 78.400681
-24.053419 78.375320
-24.105431 78.349922
-24.157429 78.324486
-24.209414 78.299011
-24.261385 78.273499
-24.313343 78.247948
-24.365288 78.222359
-24.417219 78.196732
-24.469137 78.171066
-24.521042 78.145363
-24.572933 78.119621
-24.624811 78.093842
-24.676676 78.068024
-24.728527 78.042168
-24.780365 78.016273
-24.832190 77.990341
-24.884001 77.964371
-24.935799 77.938362
-24.987583 77.912315
-25.039354 77.886230
-25.091112 77.860107
-25.142857 77.833946
-25.194588 77.807747
-25.246305 77.781509
-25.298010 77.755234
-25.349701 77.728920
-25.401379 77.702568
-25.453043 77.676178
-25.504694 77.649750
-25.556332 77.623283
-25.607956 77.596779
-25.659567 77.570236
-25.711164 77.543655
-25.762749 77.517036
-25.814320 77.490379
-25.865877 77.463684
-25.917421 77.436951
-25.968952 77.410179
-26.020470 77.383369
-26.071974 77.356522
-26.123465 77.329636
-26.174942 77.302711
-26.226406 77.275749
-26.277857 77.248749
-26.329294 77.221710
-26.380718 77.194633
-26.432129 77.167519
-26.483526 77.140366
-26.534910 77.113174
-26.586281 77.085945
-26.637638 77.058678
-26.688982 77.031372
-26.740313 77.004028
-26.791630 76.976646
-26.842934 76.949226
-26.894224 76.921768
-26.945501 76.894272
-26.996765 76.866737
-27.048016 76.839165
-27.099253 76.811554
-27.150476 76.783905
-27.201685 76.756218
-27.252878 76.728493
-27.304056 76.700729
-27.355219 76.672928
-27.406366 76.645088
-27.457499 76.617210
-27.508615 76.589294
-27.559717 76.561340
-27.610804 76.533348
-27.661875 76.505318
-27.712931 76.477249
-27.763971 76.449142
-27.814997 76.420998
-27.866007 76.392815
-27.917002 76.364594
-27.967981 76.336334
-28.018946 76.308037
-28.069895 76.279701
-28.120829 76.251328
-28.171747 76.222916
-28.222651 76.194466
-28.273539 76.165977
-28.324411 76.137451
-28.375269 76.108887
-28.426111 76.080284
-28.476938 76.051643
-28.527750 76.022964
-28.578547 75.994247
-28.629328 75.965492
-28.680094 75.936699
-28.730844 75.907867
-28.781580 75.878998
-28.832300 75.850090
-28.883005 75.821144
-28.933695 75.792160
-28.984369 75.763138
-29.035028 75.734077
-29.085672 75.704979
-29.136301 75.675842
-29.186914 75.646667
-29.237513 75.617455
-29.288095 75.588203
-29.338663 75.558914
-29.389215 75.529587
-29.439753 75.500221
-29.490274 75.470818
-29.540781 75.441376
-29.591272 75.411896
-29.641748 75.382378
-29.692209 75.352821
-29.742655 75.323227
-29.793085 75.293594
-29.843500 75.263924
-29.893900 75.234215
-29.944284 75.204468
-29.994654 75.174683
-30.045008 75.144859
-30.095346 75.114998
-30.145670 75.085098
-30.195978 75.055161
-30.246271 75.025185
-30.296549 74.995171
-30.346811 74.965118
-30.397058 74.935028
-30.447290 74.904900
-30.497505 74.874733
-30.547703 74.844528
-30.597883 74.814285
-30.648046 74.784004
-30.698193 74.753685
-30.748322 74.723328
-30.798433 74.692932
-30.848528 74.662498
-30.898605 74.632027
-30.948666 74.601517
-30.998709 74.570969
-31.048735 74.540382
-31.098743 74.509758
-31.148735 74.479095
-31.198709 74.448395
-31.248667 74.417656
-31.298607 74.386879
-31.348530 74.356064
-31.398436 74.325211
-31.448324 74.294319
-31.498196 74.263390
-31.548050 74.232422
-31.597887 74.201416
-31.647707 74.170372
-31.697510 74.139290
-31.747295 74.108170
-31.797064 74.077011
-31.846815 74.045815
-31.896549 74.014580
-31.946266 73.983307
-31.995966 73.951996
-32.045650 73.920647
-32.095318 73.889259
-32.144966 73.857834
-32.194595 73.826370
-32.244205 73.794868
-32.293797 73.763329
-32.343369 73.731750
-32.392921 73.700134
-32.442455 73.668480
-32.491970 73.636787
-32.541466 73.605057
-32.590942 73.573288
-32.640400 73.541481
-32.689838 73.509636
-32.739258 73.477753
-32.788658 73.445831
-32.838039 73.413872
-32.887402 73.381874
-32.936745 73.349838
-32.986069 73.317764
-33.035374 73.285652
-33.084660 73.253502
-33.133926 73.221313
-33.183174 73.189087
-33.232403 73.156822
-33.281612 73.124519
-33.330803 73.092178
-33.379974 73.059799
-33.429127 73.027382
-33.478260 72.994926
-33.527374 72.962433
-33.576469 72.929901
-33.625546 72.897331
-33.674603 72.864723
-33.723640 72.832077
-33.772659 72.799393
-33.821659 72.766670
-33.870640 72.733910
-33.919601 72.701111
-33.968544 72.668274
-34.017467 72.635399
-34.066372 72.602486
-34.115257 72.569534
-34.164124 72.536545
-34.212971 72.503517
-34.261799 72.470451
-34.310608 72.437347
-34.359398 72.404205
-34.408169 72.371025
-34.456921 72.337807
-34.505653 72.304550
-34.554367 72.271255
-34.603062 72.237923
-34.651737 72.204552
-34.700394 72.171143
-34.749031 72.137695
-34.797649 72.104210
-34.846249 72.070686
-34.894829 72.037125
-34.943390 72.003525
-34.991932 71.969887
-35.040455 71.936211
-35.088959 71.902496
-35.137444 71.868744
-35.185909 71.834953
-35.234356 71.801125
-35.282784 71.767258
-35.331192 71.733353
-35.379581 71.699409
-35.427952 71.665428
-35.476303 71.631409
-35.524635 71.597351
-35.572948 71.563255
-35.621243 71.529121
-35.669518 71.494949
-35.717773 71.460739
-35.766010 71.426491
-35.814228 71.392204
-35.862427 71.357880
-35.910606 71.323517
-35.958767 71.289116
-36.006908 71.254677
-36.055031 71.220200
-36.103134 71.185684
-36.151218 71.151131
-36.199284 71.116539
-36.247330 71.081909
-36.295357 71.047241
-36.343365 71.012535
-36.391354 70.977791
-36.439323 70.943008
-36.487274 70.908188
-36.535206 70.873329
-36.583118 70.838432
-36.631012 70.803497
-36.678886 70.768524
-36.726742 70.733513
-36.774578 70.698463
-36.822395 70.663376
-36.870193 70.628250
-36.917973 70.593086
-36.965733 70.557884
-37.013474 70.522644
-37.061195 70.487366
-37.108898 70.452049
-37.156582 70.416695
-37.204247 70.381302
-37.251892 70.345871
-37.299519 70.310402
-37.347126 70.274895
-37.394714 70.239349
-37.442284 70.203766
-37.489834 70.168144
-37.537365 70.132484
-37.584877 70.096786
-37.632370 70.061050
-37.679844 70.025276
-37.727299 69.989464
-37.774734 69.953613
-37.822151 69.917725
-37.869549 69.881798
-37.916927 69.845833
-37.964287 69.809830
-38.011627 69.773788
-38.058949 69.737709
-38.106251 69.701591
-38.153530 69.665436
-38.200787 69.629242
-38.248020 69.593010
-38.295231 69.556740
-38.342419 69.520432
-38.389584 69.484085
-38.436726 69.447701
-38.483845 69.411278
-38.530941 69.374817
-38.578014 69.338318
-38.625065 69.301781
-38.672092 69.265205
-38.719097 69.228592
-38.766079 69.191940
-38.813038 69.155251
-38.859974 69.118523
-38.906887 69.081757
-38.953777 69.044952
-39.000645 69.008110
-39.047489 68.971230
-39.094311 68.934311
-39.141109 68.897354
-39.187885 68.860359
-39.234638 68.823326
-39.281368 68.786255
-39.328075 68.749146
-39.374760 68.711998
-39.421421 68.674812
-39.468060 68.637589
-39.514675 68.600327
-39.561268 68.563026
-39.607838 68.525688
-39.654385 68.488312
-39.700909 68.450897
-39.747410 68.413445
-39.793888 68.375954
-39.840343 68.338425
-39.886776 68.300858
-39.933186 68.263252
-39.979572 68.225609
-40.025936 68.187927
-40.072277 68.150208
-40.118595 68.112450
-40.164890 68.074654
-40.211163 68.036819
-40.257412 67.998947
-40.303638 67.961037
-40.349842 67.923088
-40.396023 67.885101
-40.442181 67.847076
-40.488316 67.809013
-40.534428 67.770912
-40.580517 67.732773
-40.626583 67.694595
-40.672626 67.656380
-40.718647 67.618126
-40.764645 67.579834
-40.810619 67.541504
-40.856571 67.503136
-40.902500 67.464729
-40.948406 67.426285
-40.994289 67.387802
-41.040150 67.349281
-41.085987 67.310722
-41.131802 67.272125
-41.177593 67.233490
-41.223362 67.194817
-41.269108 67.156105
-41.314831 67.117355
-41.360531 67.078568
-41.406208 67.039742
-41.451862 67.000877
-41.497494 66.961975
-41.543102 66.923035
-41.588688 66.884056
-41.634251 66.845039
-41.679790 66.805984
-41.725307 66.766891
-41.770802 66.727760
-41.816273 66.688591
-41.861721 66.649384
-41.907146 66.610138
-41.952549 66.570854
-41.997929 66.531532
-42.043285 66.492172
-42.088619 66.452774
-42.133930 66.413338
-42.179218 66.373863
-42.224483 66.334351
-42.269726 66.294800
-42.314945 66.255211
-42.360142 66.215584
-42.405315 66.175919
-42.450466 66.136215
-42.495594 66.096474
-42.540699 66.056694
-42.585781 66.016876
-42.630840 65.977020
-42.675877 65.937126
-42.720890 65.897194
-42.765881 65.857224
-42.810848 65.817215
-42.855793 65.777168
-42.900715 65.737083
-42.945614 65.696960
-42.990490 65.656799
-43.035343 65.616600
-43.080173 65.576363
-43.124981 65.536087
-43.169765 65.495773
-43.214527 65.455421
-43.259266 65.415031
-43.303982 65.374603
-43.348675 65.334137
-43.393345 65.293633
-43.437992 65.253090
-43.482616 65.212509
-43.527218 65.171890
-43.571796 65.131233
-43.616352 65.090538
-43.660885 65.049805
-43.705395 65.009033
-43.749878 64.968224
-43.794334 64.927376
-43.838764 64.886490
-43.883167 64.845566
-43.927544 64.804604
-43.971893 64.763603
-44.016216 64.722565
-44.060513 64.681488
-44.104782 64.640373
-44.149025 64.599220
-44.193241 64.558029
-44.237431 64.516800
-44.281593 64.475533
-44.325729 64.434227
-44.369839 64.392883
-44.413921 64.351501
-44.457977 64.310081
-44.502007 64.268623
-44.546009 64.227127
-44.589985 64.185593
-44.633934 64.144020
-44.677856 64.102409
-44.721752 64.060760
-44.765621 64.019073
-44.809464 63.977352
-44.853279 63.935596
-44.897068 63.893806
-44.940830 63.851982
-44.984566 63.810123
-45.028275 63.768230
-45.071957 63.726303
-45.115612 63.684341
-45.159241 63.642345
-45.202843 63.600315
-45.246418 63.558250
-45.289967 63.516151
-45.333488 63.474018
-45.376984 63.431850
-45.420452 63.389648
-45.463894 63.347412
-45.507309 63.305141
-45.550697 63.262836
-45.594059 63.220497
-45.637394 63.178123
-45.680702 63.135715
-45.723984 63.093273
-45.767239 63.050797
-45.810467 63.008286
-45.853668 62.965740
-45.896843 62.923161
-45.939991 62.880547
-45.983112 62.837898
-46.026207 62.795216
-46.069275 62.752499
-46.112316 62.709747
-46.155331 62.666962
-46.198318 62.624142
-46.241280 62.581287
-46.284214 62.538399
-46.327122 62.495476
-46.370003 62.452518
-46.412857 62.409527
-46.455685 62.366501
-46.498486 62.323441
-46.541260 62.280346
-46.584007 62.237217
-46.626728 62.194054
-46.669422 62.150856
-46.712090 62.107624
-46.754730 62.064358
-46.797344 62.021057
-46.839931 61.977722
-46.882492 61.934353
-46.925026 61.890949
-46.967533 61.847511
-47.010014 61.804039
-47.052467 61.760532
-47.094894 61.716991
-47.137295 61.673416
-47.179668 61.629807
-47.222015 61.586163
-47.264336 61.542484
-47.306629 61.498772
-47.348896 61.455025
-47.391136 61.411243
-47.433350 61.367428
-47.475536 61.323578
-47.517696 61.279694
-47.559830 61.235775
-47.601936 61.191822
-47.644016 61.147835
-47.686069 61.103813
-47.728096 61.059757
-47.770096 61.015667
-47.812069 60.971542
-47.854015 60.927383
-47.895935 60.883190
-47.937828 60.838963
-47.979694 60.794701
-48.021534 60.750404
-48.063347 60.706074
-48.105133 60.661709
-48.146893 60.617310
-48.188625 60.572876
-48.230331 60.528408
-48.272011 60.483906
-48.313663 60.439369
-48.355289 60.394798
-48.396889 60.350193
-48.438461 60.305553
-48.480007 60.260880
-48.521526 60.216171
-48.563019 60.171429
-48.604485 60.126652
-48.645924 60.081841
-48.687336 60.036995
-48.728722 59.992115
-48.770081 59.947201
-48.811413 59.902252
-48.852718 59.857269
-48.893993 59.812252
-48.935238 59.767200
-48.976452 59.722115
-49.017635 59.676994
-49.058788 59.631840
-49.099911 59.586651
-49.141003 59.541428
-49.182064 59.496170
-49.223095 59.450878
-49.264095 59.405552
-49.305065 59.360191
-49.346004 59.314796
-49.386913 59.269367
-49.427792 59.223904
-49.468639 59.178406
-49.509457 59.132874
-49.550243 59.087307
-49.591000 59.041706
-49.631725 58.996071
-49.672421 58.950401
-49.713085 58.904697
-49.753719 58.858959
-49.794323 58.813187
-49.834896 58.767380
-49.875439 58.721539
-49.915951 58.675663
-49.956432 58.629753
-49.996883 58.583809
-50.037304 58.537830
-50.077694 58.491817
-50.118053 58.445770
-50.158382 58.399689
-50.198681 58.353573
-50.238949 58.307423
-50.279186 58.261238
-50.319393 58.215019
-50.359570 58.168766
-50.399715 58.122478
-50.439831 58.076157
-50.479916 58.029800
-50.519970 57.983410
-50.559994 57.936985
-50.599987 57.890526
-50.639950 57.844032
-50.679882 57.797504
-50.719784 57.750942
-50.759655 57.704346
-50.799496 57.657719
-50.839306 57.611061
-50.879086 57.564373
-50.918835 57.517654
-50.958553 57.470905
-50.998241 57.424126
-51.037899 57.377316
-51.077526 57.330475
-51.117123 57.283604
-51.156689 57.236702
-51.196224 57.189770
-51.235729 57.142807
-51.275204 57.095814
-51.314648 57.048790
-51.354061 57.001736
-51.393444 56.954651
-51.432796 56.907536
-51.472118 56.860390
-51.511410 56.813213
-51.550671 56.766006
-51.589901 56.718769
-51.629101 56.671501
-51.668270 56.624203
-51.707409 56.576874
-51.746517 56.529514
-51.785595 56.482124
-51.824642 56.434704
-51.863659 56.387253
-51.902645 56.339771
-51.941601 56.292259
-51.980526 56.244717
-52.019421 56.197144
-52.058285 56.149540
-52.097118 56.101906
-52.135921 56.054241
-52.174694 56.006546
-52.213436 55.958820
-52.252148 55.911064
-52.290829 55.863277
-52.329479 55.815460
-52.368099 55.767612
-52.406689 55.719734
-52.445248 55.671825
-52.483776 55.623886
-52.522274 55.575916
-52.560741 55.527916
-52.599178 55.479885
-52.637585 55.431824
-52.675961 55.383732
-52.714306 55.335609
-52.752621 55.287457
-52.790905 55.239273
-52.829159 55.191059
-52.867382 55.142815
-52.905575 55.094540
-52.943737 55.046234
-52.981869 54.997898
-53.019970 54.949532
-53.058041 54.901134
-53.096081 54.852707
-53.134090 54.804249
-53.172070 54.755760
-53.210018 54.707241
-53.247936 54.658691
-53.285824 54.610111
-53.323681 54.561501
-53.361507 54.512859
-53.399303 54.464188
-53.437069 54.415485
-53.474804 54.366753
-53.512508 54.317989
-53.550182 54.269196
-53.587826 54.220371
-53.625435 54.171516
-53.663010 54.122631
-53.700550 54.073715
-53.738056 54.024769
-53.775528 53.975792
-53.812965 53.926785
-53.850368 53.877747
-53.887737 53.828678
-53.925072 53.779579
-53.962372 53.730450
-53.999638 53.681290
-54.036869 53.632099
-54.074066 53.582878
-54.111229 53.533627
-54.148357 53.484344
-54.185452 53.435032
-54.222511 53.385689
-54.259537 53.336315
-54.296528 53.286911
-54.333485 53.237476
-54.370407 53.188011
-54.407295 53.138515
-54.444149 53.088989
-54.480968 53.039433
-54.517754 52.989845
-54.554504 52.940228
-54.591221 52.890579
-54.627903 52.840900
-54.664551 52.791191
-54.701164 52.741451
-54.737743 52.691681
-54.774288 52.641880
-54.810799 52.592049
-54.847275 52.542187
-54.883717 52.492294
-54.920124 52.442371
-54.956497 52.392418
-54.992836 52.342434
-55.029140 52.292419
-55.065411 52.242374
-55.101646 52.192299
-55.137848 52.142193
-55.174015 52.092056
-55.210148 52.041889
-55.246246 51.991692
-55.282310 51.941463
-55.318340 51.891205
-55.354336 51.840916
-55.390297 51.790596
-55.426224 51.740246
-55.462116 51.689865
-55.497974 51.639454
-55.533798 51.589012
-55.569588 51.538540
-55.605343 51.488037
-55.641064 51.437504
-55.676750 51.386940
-55.712402 51.336346
-55.748020 51.285721
-55.783604 51.235065
-55.819153 51.184380
-55.854668 51.133663
-55.890148 51.082916
-55.925594 51.032139
-55.961006 50.981331
-55.996384 50.930492
-56.031727 50.879623
-56.067036 50.828724
-56.102310 50.777794
-56.137550 50.726833
-56.172756 50.675842
-56.207928 50.624821
-56.243065 50.573769
-56.278168 50.522686
-56.313236 50.471573
-56.348270 50.420429
-56.383270 50.369255
-56.418236 50.318050
-56.453167 50.266815
-56.488064 50.215549
-56.522926 50.164253
-56.557755 50.112926
-56.592548 50.061569
-56.627308 50.010181
-56.662033 49.958763
-56.696724 49.907314
-56.731380 49.855835
-56.766003 49.804325
-56.800591 49.752785
-56.835144 49.701214
-56.869663 49.649612
-56.904148 49.597980
-56.938599 49.546318
-56.973015 49.494625
-57.007397 49.442902
-57.041744 49.391148
-57.076057 49.339363
-57.110336 49.287548
-57.144581 49.235703
-57.178791 49.183826
-57.212967 49.131920
-57.247108 49.079983
-57.281216 49.028015
-57.315289 48.976017
-57.349327 48.923988
-57.383331 48.871929
-57.417301 48.819839
-57.451237 48.767719
-57.485138 48.715569
-57.519005 48.663387
-57.552837 48.611176
-57.586636 48.558933
-57.620399 48.506660
-57.654129 48.454357
-57.687824 48.402023
-57.721485 48.349663
-57.755112 48.297276
-57.788704 48.244862
-57.822262 48.192421
-57.855785 48.139954
-57.889275 48.087460
-57.922729 48.034939
-57.956150 47.982391
-57.989532 47.929817
-58.022877 47.877216
-58.056183 47.824589
-58.089451 47.771935
-58.122681 47.719254
-58.155872 47.666546
-58.189026 47.613811
-58.222141 47.561050
-58.255219 47.508263
-58.288258 47.455448
-58.321259 47.402607
-58.354221 47.349739
-58.387146 47.296844
-58.420033 47.243923
-58.452881 47.190975
-58.485691 47.138000
-58.518463 47.084999
-58.551197 47.031971
-58.583893 46.978916
-58.616550 46.925835
-58.649170 46.872726
-58.681751 46.819592
-58.714294 46.766430
-58.746799 46.713242
-58.779266 46.660027
-58.811695 46.606785
-58.844086 46.553516
-58.876438 46.500221
-58.908752 46.446899
-58.941029 46.393551
-58.973267 46.340176
-59.005466 46.286774
-59.037628 46.233345
-59.069752 46.179890
-59.101837 46.126408
-59.133884 46.072899
-59.165894 46.019363
-59.197865 45.965801
-59.229797 45.912212
-59.261692 45.858597
-59.293549 45.804955
-59.325367 45.751286
-59.357147 45.697590
-59.388889 45.643867
-59.420593 45.590118
-59.452259 45.536343
-59.483887 45.482540
-59.515476 45.428711
-59.547028 45.374855
-59.578541 45.320972
-59.610016 45.267063
-59.641453 45.213127
-59.672852 45.159164
-59.704212 45.105175
-59.735535 45.051159
-59.766819 44.997116
-59.798065 44.943047
-59.829273 44.888950
-59.860443 44.834827
-59.891575 44.780678
-59.922668 44.726501
-59.953724 44.672298
-59.984741 44.618069
-60.015720 44.563812
-60.046661 44.509529
-60.077564 44.455219
-60.108429 44.400883
-60.139256 44.346519
-60.170044 44.292130
-60.200794 44.237713
-60.231506 44.183270
-60.262180 44.128799
-60.292816 44.074303
-60.323414 44.019779
-60.353973 43.965229
-60.384495 43.910652
-60.414978 43.856049
-60.445423 43.801418
-60.475830 43.746761
-60.506199 43.692078
-60.536530 43.637367
-60.566822 43.582630
-60.597076 43.527866
-60.627293 43.473076
-60.657471 43.418259
-60.687611 43.363415
-60.717712 43.308544
-60.747776 43.253647
-60.777802 43.198723
-60.807789 43.143772
-60.837738 43.088795
-60.867649 43.033791
-60.897522 42.978760
-60.927357 42.923702
-60.957153 42.868618
-60.986912 42.813507
-61.016632 42.758369
-61.046314 42.703205
-61.075958 42.648014
-61.105564 42.592796
-61.135132 42.537552
-61.164661 42.482281
-61.194153 42.426983
-61.223606 42.371658
-61.253021 42.316307
-61.282398 42.260929
-61.311737 42.205524
-61.341038 42.150093
-61.370300 42.094635
-61.399525 42.039150
-61.428711 41.983639
-61.457859 41.928101
-61.486969 41.872536
-61.516041 41.816944
-61.545074 41.761326
-61.574070 41.705681
-61.603027 41.650009
-61.631947 41.594311
-61.660828 41.538586
-61.689671 41.482834
-61.718475 41.427055
-61.747242 41.371250
-61.775970 41.315418
-61.804661 41.259560
-61.833313 41.203674
-61.861927 41.147762
-61.890503 41.091824
-61.919041 41.035858
-61.947540 40.979866
-61.976002 40.923847
-62.004421 40.867802
-62.032799 40.811729
-62.061134 40.755630
-62.089428 40.699505
-62.117680 40.643353
-62.145889 40.587173
-62.174057 40.530972
-62.202183 40.474747
-62.230267 40.418499
-62.258308 40.362228
-62.286308 40.305935
-62.314266 40.249619
-62.342182 40.193279
-62.370056 40.136917
-62.397888 40.080532
-62.425678 40.024124
-62.453426 39.967693
-62.481133 39.911240
-62.508797 39.854763
-62.536419 39.798264
-62.563999 39.741741
-62.591537 39.685196
-62.619034 39.628628
-62.646488 39.572037
-62.673901 39.515423
-62.701271 39.458786
-62.728600 39.402126
-62.755886 39.345444
-62.783131 39.288738
-62.810333 39.232010
-62.837494 39.175259
-62.864613 39.118484
-62.891689 39.061687
-62.918724 39.004868
-62.945717 38.948025
-62.972668 38.891159
-62.999577 38.834270
-63.026443 38.777359
-63.053268 38.720425
-63.080051 38.663467
-63.106792 38.606487
-63.133492 38.549484
-63.160149 38.492458
-63.186764 38.435410
-63.213337 38.378338
-63.239868 38.321243
-63.266357 38.264126
-63.292805 38.206985
-63.319210 38.149822
-63.345573 38.092636
-63.371895 38.035427
-63.398174 37.978195
-63.424412 37.920940
-63.450607 37.863663
-63.476761 37.806362
-63.502872 37.749039
-63.528942 37.691692
-63.554970 37.634323
-63.580956 37.576931
-63.606899 37.519516
-63.632801 37.462078
-63.658661 37.404617
-63.684479 37.347134
-63.710255 37.289627
-63.735989 37.232098
-63.761681 37.174545
-63.787331 37.116970
-63.812939 37.059372
-63.838505 37.001751
-63.864029 36.944107
-63.889511 36.886440
-63.914951 36.828751
-63.940350 36.771038
-63.965706 36.713303
-63.991020 36.655544
-64.016289 36.597763
-64.041512 36.539959
-64.066689 36.482132
-64.091820 36.424282
-64.116905 36.366409
-64.141945 36.308514
-64.166939 36.250595
-64.191887 36.192654
-64.216789 36.134689
-64.241646 36.076702
-64.266457 36.018692
-64.291222 35.960659
-64.315941 35.902603
-64.340614 35.844524
-64.365242 35.786423
-64.389824 35.728298
-64.414360 35.670151
-64.438850 35.611980
-64.463295 35.553787
-64.487694 35.495571
-64.512047 35.437332
-64.536354 35.379070
-64.560616 35.320786
-64.584831 35.262478
-64.609001 35.204147
-64.633125 35.145794
-64.657204 35.087418
-64.681236 35.029018
-64.705223 34.970596
-64.729164 34.912151
-64.753059 34.853683
-64.776909 34.795193
-64.800713 34.736679
-64.824471 34.678143
-64.848183 34.619583
-64.871849 34.561001
-64.895470 34.502396
-64.919044 34.443768
-64.942574 34.385117
-64.966057 34.326443
-64.989494 34.267746
-65.012886 34.209026
-65.036232 34.150284
-65.059532 34.091518
-65.082787 34.032730
-65.105995 33.973919
-65.129158 33.915085
-65.152275 33.856228
-65.175346 33.797348
-65.198372 33.738445
-65.221352 33.679520
-65.244286 33.620571
-65.267174 33.561600
-65.290016 33.502609
-65.312813 33.443600
-65.335564 33.384571
-65.358269 33.325523
-65.380928 33.266457
-65.403542 33.207371
-65.426109 33.148266
-65.448631 33.089142
-65.471107 33.029999
-65.493538 32.970837
-65.515923 32.911655
-65.538261 32.852455
-65.560555 32.793236
-65.582802 32.733997
-65.605003 32.674740
-65.627159 32.615463
-65.649269 32.556168
-65.671333 32.496853
-65.693352 32.437519
-65.715324 32.378166
-65.737251 32.318794
-65.759132 32.259403
-65.780968 32.199993
-65.802757 32.140564
-65.824501 32.081116
-65.846199 32.021648
-65.867851 31.962160
-65.889458 31.902651
-65.911018 31.843122
-65.932533 31.783575
-65.954002 31.724009
-65.975426 31.664423
-65.996803 31.604818
-66.018135 31.545195
-66.039421 31.485552
-66.060661 31.425890
-66.081856 31.366209
-66.103004 31.306509
-66.124107 31.246790
-66.145164 31.187052
-66.166176 31.127295
-66.187141 31.067518
-66.208061 31.007723
-66.228935 30.947908
-66.249763 30.888075
-66.270546 30.828222
-66.291283 30.768351
-66.311974 30.708460
-66.332619 30.648550
-66.353218 30.588621
-66.373772 30.528673
-66.394279 30.468706
-66.414742 30.408720
-66.435158 30.348715
-66.455528 30.288691
-66.475853 30.228647
-66.496132 30.168585
-66.516365 30.108503
-66.536552 30.048403
-66.556694 29.988283
-66.576790 29.928144
-66.596840 29.867987
-66.616844 29.807810
-66.636803 29.747614
-66.656715 29.687399
-66.676582 29.627165
-66.696404 29.566912
-66.716179 29.506639
-66.735909 29.446348
-66.755592 29.386038
-66.775230 29.325708
-66.794823 29.265360
-66.814369 29.204992
-66.833870 29.144606
-66.853325 29.084200
-66.872734 29.023775
-66.892097 28.963331
-66.911415 28.902868
-66.930687 28.842386
-66.949913 28.781885
-66.969093 28.721365
-66.988228 28.660826
-67.007317 28.600269
-67.026360 28.539696
-67.045357 28.479105
-67.064308 28.418497
-67.083214 28.357872
-67.102074 28.297230
-67.120888 28.236570
-67.139656 28.175894
-67.158379 28.115200
-67.177055 28.054489
-67.195686 27.993761
-67.214272 27.933016
-67.232811 27.872253
-67.251305 27.811474
-67.269753 27.750677
-67.288155 27.689863
-67.306511 27.629032
-67.324821 27.568184
-67.343086 27.507318
-67.361305 27.446436
-67.379478 27.385536
-67.397606 27.324619
-67.415688 27.263685
-67.433723 27.202734
-67.451714 27.141766
-67.469658 27.080780
-67.487556 27.019777
-67.505409 26.958757
-67.523216 26.897720
-67.540977 26.836666
-67.558693 26.775595
-67.576363 26.714506
-67.593987 26.653400
-67.611565 26.592278
-67.629097 26.531137
-67.646584 26.469980
-67.664024 26.408806
-67.681419 26.347614
-67.698769 26.286406
-67.716072 26.225180
-67.733330 26.163937
-67.750542 26.102676
-67.767708 26.041399
-67.784828 25.980104
-67.801903 25.918793
-67.818932 25.857464
-67.835915 25.796118
-67.852852 25.734755
-67.869743 25.673374
-67.886589 25.611977
-67.903389 25.550562
-67.920143 25.489132
-67.936852 25.427687
-67.953514 25.366226
-67.970131 25.304750
-67.986702 25.243259
-68.003227 25.181753
-68.019707 25.120232
-68.036140 25.058695
-68.052528 24.997143
-68.068871 24.935575
-68.085167 24.873993
-68.101418 24.812395
-68.117622 24.750782
-68.133781 24.689154
-68.149895 24.627510
-68.165962 24.565851
-68.181984 24.504177
-68.197960 24.442488
-68.213890 24.380783
-68.229774 24.319063
-68.245613 24.257328
-68.261406 24.195578
-68.277153 24.133812
-68.292854 24.072031
-68.308510 24.010235
-68.324120 23.948423
-68.339684 23.886597
-68.355202 23.824755
-68.370674 23.762897
-68.386101 23.701025
-68.401482 23.639137
-68.416817 23.577234
-68.432106 23.515316
-68.447350 23.453382
-68.462547 23.391434
-68.477699 23.329470
-68.492805 23.267490
-68.507866 23.205496
-68.522881 23.143486
-68.537849 23.081461
-68.552773 23.019421
-68.567650 22.957365
-68.582481 22.895294
-68.597267 22.833208
-68.612007 22.771107
-68.626701 22.708990
-68.641350 22.646858
-68.655952 22.584711
-68.670509 22.522549
-68.685020 22.460373
-68.699486 22.398184
-68.713905 22.335981
-68.728279 22.273766
-68.742607 22.211536
-68.756889 22.149294
-68.771126 22.087038
-68.785316 22.024769
-68.799461 21.962486
-68.813560 21.900190
-68.827614 21.837881
-68.841621 21.775558
-68.855583 21.713223
-68.869499 21.650873
-68.883369 21.588511
-68.897194 21.526134
-68.910973 21.463745
-68.924706 21.401342
-68.938393 21.338926
-68.952034 21.276497
-68.965630 21.214054
-68.979179 21.151598
-68.992683 21.089128
-69.006142 21.026646
-69.019554 20.964149
-69.032921 20.901640
-69.046242 20.839117
-69.059517 20.776581
-69.072746 20.714031
-69.085930 20.651468
-69.099068 20.588892
-69.112160 20.526302
-69.125206 20.463699
-69.138206 20.401083
-69.151161 20.338453
-69.164070 20.275810
-69.176933 20.213154
-69.189751 20.150484
-69.202522 20.087801
-69.215248 20.025105
-69.227928 19.962395
-69.240562 19.899672
-69.253151 19.836935
-69.265694 19.774185
-69.278191 19.711422
-69.290642 19.648645
-69.303047 19.585855
-69.315407 19.523054
-69.327721 19.460241
-69.339989 19.397417
-69.352211 19.334581
-69.364388 19.271734
-69.376518 19.208876
-69.388603 19.146006
-69.400642 19.083124
-69.412636 19.020231
-69.424583 18.957327
-69.436485 18.894411
-69.448341 18.831484
-69.460152 18.768545
-69.471916 18.705595
-69.483635 18.642633
-69.495308 18.579660
-69.506935 18.516676
-69.518517 18.453680
-69.530052 18.390673
-69.541542 18.327654
-69.552986 18.264624
-69.564384 18.201582
-69.575737 18.138529
-69.587044 18.075464
-69.598305 18.012388
-69.609520 17.949301
-69.620689 17.886202
-69.631813 17.823092
-69.642891 17.759970
-69.653923 17.696836
-69.664909 17.633692
-69.675850 17.570536
-69.686745 17.507368
-69.697594 17.444189
-69.708397 17.380999
-69.719154 17.317797
-69.729866 17.254583
-69.740532 17.191359
-69.751152 17.128122
-69.761726 17.064875
-69.772255 17.001616
-69.782738 16.938345
-69.793175 16.875063
-69.803566 16.811769
-69.813911 16.748465
-69.824211 16.685148
-69.834465 16.621822
-69.844673 16.558487
-69.854836 16.495142
-69.864952 16.431787
-69.875023 16.368423
-69.885048 16.305050
-69.895027 16.241667
-69.904961 16.178274
-69.914848 16.114872
-69.924690 16.051460
-69.934486 15.988038
-69.944237 15.924606
-69.953941 15.861165
-69.963600 15.797714
-69.973213 15.734254
-69.982780 15.670784
-69.992302 15.607305
-70.001778 15.543816
-70.011208 15.480317
-70.020592 15.416809
-70.029930 15.353292
-70.039215 15.289764
-70.048447 15.226228
-70.057625 15.162682
-70.066750 15.099126
-70.075821 15.035561
-70.084839 14.971986
-70.093803 14.908401
-70.102715 14.844808
-70.111572 14.781204
-70.120377 14.717591
-70.129128 14.653969
-70.137825 14.590337
-70.146469 14.526696
-70.155060 14.463047
-70.163597 14.399389
-70.172081 14.335723
-70.180511 14.272048
-70.188889 14.208364
-70.197212 14.144672
-70.205482 14.080972
-70.213699 14.017262
-70.221863 13.953545
-70.229973 13.889818
-70.238029 13.826083
-70.246033 13.762340
-70.253983 13.698587
-70.261879 13.634827
-70.269722 13.571057
-70.277512 13.507279
-70.285248 13.443493
-70.292931 13.379698
-70.300560 13.315894
-70.308136 13.252082
-70.315659 13.188261
-70.323128 13.124433
-70.330544 13.060596
-70.337906 12.996753
-70.345215 12.932901
-70.352470 12.869042
-70.359673 12.805176
-70.366821 12.741302
-70.373917 12.677420
-70.380959 12.613530
-70.387947 12.549633
-70.394882 12.485728
-70.401764 12.421816
-70.408592 12.357896
-70.415367 12.293968
-70.422089 12.230033
-70.428757 12.166090
-70.435371 12.102139
-70.441933 12.038181
-70.448441 11.974216
-70.454895 11.910242
-70.461296 11.846261
-70.467644 11.782272
-70.473938 11.718277
-70.480179 11.654275
-70.486366 11.590266
-70.492500 11.526251
-70.498581 11.462229
-70.504608 11.398200
-70.510582 11.334165
-70.516502 11.270123
-70.522369 11.206074
-70.528183 11.142018
-70.533943 11.077956
-70.539650 11.013887
-70.545303 10.949812
-70.550903 10.885730
-70.556450 10.821641
-70.561943 10.757545
-70.567383 10.693443
-70.572769 10.629334
-70.578102 10.565219
-70.583382 10.501097
-70.588608 10.436968
-70.593781 10.372833
-70.598900 10.308693
-70.603966 10.244547
-70.608978 10.180395
-70.613937 10.116238
-70.618843 10.052074
-70.623695 9.987906
-70.628494 9.923731
-70.633240 9.859550
-70.637932 9.795364
-70.642570 9.731173
-70.647156 9.666975
-70.651688 9.602772
-70.656166 9.538563
-70.660591 9.474348
-70.664963 9.410128
-70.669281 9.345901
-70.673546 9.281670
-70.677757 9.217432
-70.681915 9.153189
-70.686020 9.088940
-70.690071 9.024686
-70.694069 8.960427
-70.698013 8.896164
-70.701904 8.831896
-70.705742 8.767623
-70.709526 8.703345
-70.713257 8.639063
-70.716934 8.574776
-70.720558 8.510484
-70.724129 8.446187
-70.727646 8.381886
-70.731110 8.317579
-70.734520 8.253268
-70.737877 8.188952
-70.741180 8.124632
-70.744431 8.060307
-70.747627 7.995977
-70.750771 7.931643
-70.753860 7.867305
-70.756897 7.802962
-70.759880 7.738616
-70.762810 7.674264
-70.765686 7.609909
-70.768509 7.545549
-70.771278 7.481185
-70.773994 7.416817
-70.776657 7.352445
-70.779266 7.288068
-70.781822 7.223688
-70.784325 7.159304
-70.786774 7.094916
-70.789169 7.030525
-70.791512 6.966129
-70.793800 6.901730
-70.796036 6.837327
-70.798218 6.772920
-70.800346 6.708509
-70.802422 6.644095
-70.804443 6.579678
-70.806412 6.515257
-70.808327 6.450833
-70.810188 6.386406
-70.811996 6.321975
-70.813751 6.257541
-70.815453 6.193104
-70.817101 6.128663
-70.818695 6.064219
-70.820236 5.999772
-70.821724 5.935322
-70.823158 5.870870
-70.824539 5.806414
-70.825867 5.741956
-70.827141 5.677495
-70.828362 5.613030
-70.829529 5.548563
-70.830643 5.484094
-70.831703 5.419621
-70.832710 5.355145
-70.833664 5.290668
-70.834564 5.226187
-70.835411 5.161705
-70.836205 5.097219
-70.836945 5.032732
-70.837631 4.968242
-70.838264 4.903750
-70.838844 4.839255
-70.839371 4.774758
-70.839844 4.710259
-70.840263 4.645758
-70.840630 4.581254
-70.840942 4.516749
-70.841202 4.452242
-70.841408 4.387733
-70.841560 4.323223
-70.841660 4.258710
-70.841705 4.194195
-70.841698 4.129679
-70.841637 4.065160
-70.841522 4.000640
-70.841354 3.936119
-70.841133 3.871596
-70.840858 3.807071
-70.840530 3.742545
-70.840149 3.678017
-70.839714 3.613488
-70.839226 3.548958
-70.838684 3.484426
-70.838089 3.419894
-70.837440 3.355360
-70.836739 3.290825
-70.835983 3.226288
-70.835175 3.161751
-70.834312 3.097213
-70.833397 3.032674
-70.832428 2.968133
-70.831406 2.903592
-70.830330 2.839051
-70.829201 2.774508
-70.828018 2.709965
-70.826782 2.645421
-70.825493 2.580876
-70.824150 2.516331
-70.822754 2.451785
-70.821304 2.387239
-70.819801 2.322693
-70.818245 2.258146
-70.816635 2.193598
-70.814972 2.129051
-70.813255 2.064503
-70.811485 1.999955
-70.809662 1.935407
-70.807785 1.870859
-70.805855 1.806310
-70.803871 1.741762
-70.801834 1.677213
-70.799744 1.612665
-70.797600 1.548117
-70.795403 1.483569
-70.793152 1.419021
-70.790848 1.354474
-70.788490 1.289927
-70.786079 1.225380
-70.783615 1.160833
-70.781097 1.096287
-70.778526 1.031742
-70.775902 0.967197
-70.773224 0.902652
-70.770493 0.838109
-70.767708 0.773566
-70.764870 0.709023
-70.761978 0.644482
-70.759033 0.579941
-70.756035 0.515401
-70.752983 0.450862
-70.749878 0.386324
-70.746719 0.321787
-70.743507 0.257251
-70.740242 0.192716
-70.736923 0.128183
-70.733551 0.063650
-70.730125 -0.000881
-70.726646 -0.065411
-70.723114 -0.129939
-70.719528 -0.194467
-70.715889 -0.258992
-70.712196 -0.323517
-70.708450 -0.388039
-70.704651 -0.452561
-70.700798 -0.517080
-70.696892 -0.581598
-70.692932 -0.646114
-70.688919 -0.710628
-70.684853 -0.775141
-70.680733 -0.839652
-70.676559 -0.904160
-70.672333 -0.968667
-70.668053 -1.033172
-70.663719 -1.097675
-70.659332 -1.162176
-70.654892 -1.226674
-70.650398 -1.291171
-70.645851 -1.355665
-70.641251 -1.420157
-70.636597 -1.484646
-70.631889 -1.549133
-70.627129 -1.613618
-70.622314 -1.678100
-70.617447 -1.742580
-70.612526 -1.807057
-70.607552 -1.871531
-70.602524 -1.936003
-70.597443 -2.000472
-70.592308 -2.064939
-70.587120 -2.129402
-70.581879 -2.193862
-70.576584 -2.258320
-70.571236 -2.322775
-70.565834 -2.387227
-70.560379 -2.451675
-70.554871 -2.516121
-70.549309 -2.580563
-70.543694 -2.645002
-70.538025 -2.709438
-70.532303 -2.773871
-70.526527 -2.838300
-70.520699 -2.902726
-70.514816 -2.967149
-70.508881 -3.031568
-70.502892 -3.095983
-70.496849 -3.160395
-70.490753 -3.224803
-70.484604 -3.289208
-70.478401 -3.353609
-70.472145 -3.418006
-70.465836 -3.482399
-70.459473 -3.546789
-70.453056 -3.611175
-70.446587 -3.675556
-70.440063 -3.739934
-70.433487 -3.804307
-70.426857 -3.868677
-70.420174 -3.933042
-70.413437 -3.997403
-70.406647 -4.061760
-70.399803 -4.126112
-70.392906 -4.190461
-70.385956 -4.254805
-70.378952 -4.319144
-70.371895 -4.383480
-70.364784 -4.447810
-70.357620 -4.512136
-70.350403 -4.576457
-70.343132 -4.640773
-70.335808 -4.705085
-70.328430 -4.769392
-70.320999 -4.833694
-70.313515 -4.897991
-70.305977 -4.962283
-70.298386 -5.026571
-70.290741 -5.090853
-70.283043 -5.155130
-70.275291 -5.219402
-70.267487 -5.283669
-70.259628 -5.347930
-70.251717 -5.412187
-70.243752 -5.476438
-70.235733 -5.540683
-70.227661 -5.604924
-70.219536 -5.669159
-70.211357 -5.733388
-70.203125 -5.797612
-70.194839 -5.861830
-70.186501 -5.926043
-70.178108 -5.990249
-70.169662 -6.054450
-70.161163 -6.118645
-70.152611 -6.182835
-70.144005 -6.247018
-70.135345 -6.311196
-70.126633 -6.375368
-70.117867 -6.439534
-70.109047 -6.503693
-70.100174 -6.567846
-70.091248 -6.631993
-70.082268 -6.696134
-70.073235 -6.760269
-70.064148 -6.824397
-70.055008 -6.888519
-70.045815 -6.952635
-70.036568 -7.016745
-70.027267 -7.080847
-70.017914 -7.144943
-70.008507 -7.209033
-69.999046 -7.273115
-69.989532 -7.337191
-69.979965 -7.401260
-69.970345 -7.465323
-69.960670 -7.529379
-69.950943 -7.593428
-69.941162 -7.657470
-69.931328 -7.721505
-69.921440 -7.785533
-69.911499 -7.849554
-69.901505 -7.913567
-69.891457 -7.977573
-69.881355 -8.041573
-69.871201 -8.105564
-69.860992 -8.169548
-69.850731 -8.233524
-69.840416 -8.297493
-69.830048 -8.361454
-69.819626 -8.425407
-69.809151 -8.489353
-69.798622 -8.553291
-69.788040 -8.617222
-69.777405 -8.681145
-69.766716 -8.745060
-69.755974 -8.808968
-69.745178 -8.872868
-69.734329 -8.936760
-69.723427 -9.000645
-69.712471 -9.064522
-69.701462 -9.128391
-69.690399 -9.192253
-69.679283 -9.256106
-69.668114 -9.319951
-69.656891 -9.383787
-69.645615 -9.447615
-69.634285 -9.511434
-69.622902 -9.575244
-69.611465 -9.639046
-69.599976 -9.702839
-69.588432 -9.766623
-69.576836 -9.830400
-69.565186 -9.894167
-69.553482 -9.957926
-69.541725 -10.021676
-69.529915 -10.085418
-69.518051 -10.149151
-69.506134 -10.212875
-69.494164 -10.276591
-69.482140 -10.340299
-69.470062 -10.403997
-69.457932 -10.467687
-69.445747 -10.531366
-69.433510 -10.595037
-69.421219 -10.658697
-69.408875 -10.722348
-69.396477 -10.785990
-69.384026 -10.849622
-69.371521 -10.913244
-69.358963 -10.976857
-69.346352 -11.040461
-69.333687 -11.104054
-69.320969 -11.167639
-69.308197 -11.231214
-69.295372 -11.294779
-69.282494 -11.358335
-69.269562 -11.421881
-69.256577 -11.485417
-69.243538 -11.548944
-69.230446 -11.612462
-69.217300 -11.675970
-69.204102 -11.739468
-69.190849 -11.802955
-69.177544 -11.866431
-69.164185 -11.929897
-69.150772 -11.993353
-69.137306 -12.056798
-69.123787 -12.120233
-69.110214 -12.183657
-69.096588 -12.247070
-69.082909 -12.310473
-69.069176 -12.373866
-69.055389 -12.437248
-69.041550 -12.500620
-69.027657 -12.563981
-69.013710 -12.627332
-68.999710 -12.690672
-68.985657 -12.754002
-68.971550 -12.817321
-68.957390 -12.880630
-68.943176 -12.943928
-68.928909 -13.007215
-68.914589 -13.070490
-68.900215 -13.133754
-68.885788 -13.197006
-68.871307 -13.260247
-68.856773 -13.323477
-68.842186 -13.386695
-68.827545 -13.449902
-68.812851 -13.513097
-68.798103 -13.576281
-68.783302 -13.639453
-68.768448 -13.702614
-68.753540 -13.765763
-68.738579 -13.828901
-68.723564 -13.892028
-68.708496 -13.955143
-68.693375 -14.018247
-68.678200 -14.081339
-68.662971 -14.144420
-68.647690 -14.207489
-68.632355 -14.270546
-68.616966 -14.333591
-68.601524 -14.396623
-68.586029 -14.459642
-68.570480 -14.522650
-68.554878 -14.585645
-68.539223 -14.648627
-68.523514 -14.711597
-68.507751 -14.774555
-68.491936 -14.837501
-68.476067 -14.900434
-68.460144 -14.963354
-68.444168 -15.026262
-68.428139 -15.089158
-68.412056 -15.152041
-68.395920 -15.214912
-68.379730 -15.277771
-68.363487 -15.340617
-68.347191 -15.403451
-68.330841 -15.466272
-68.314438 -15.529080
-68.297981 -15.591875
-68.281471 -15.654656
-68.264908 -15.717424
-68.248291 -15.780179
-68.231621 -15.842920
-68.214897 -15.905648
-68.198120 -15.968363
-68.181290 -16.031065
-68.164406 -16.093754
-68.147469 -16.156429
-68.130478 -16.219091
-68.113434 -16.281740
-68.096336 -16.344376
-68.079185 -16.406998
-68.061981 -16.469606
-68.044724 -16.532202
-68.027412 -16.594784
-68.010048 -16.657352
-67.992630 -16.719908
-67.975159 -16.782450
-67.957634 -16.844978
-67.940056 -16.907494
-67.922424 -16.969995
-67.904739 -17.032484
-67.887001 -17.094959
-67.869209 -17.157421
-67.851364 -17.219870
-67.833466 -17.282305
-67.815514 -17.344725
-67.797508 -17.407129
-67.779449 -17.469519
-67.761337 -17.531893
-67.743172 -17.594252
-67.724953 -17.656595
-67.706680 -17.718924
-67.688354 -17.781237
-67.669975 -17.843534
-67.651543 -17.905817
-67.633057 -17.968084
-67.614517 -18.030336
-67.595924 -18.092573
-67.577278 -18.154795
-67.558578 -18.217001
-67.539825 -18.279192
-67.521019 -18.341368
-67.502159 -18.403528
-67.483246 -18.465673
-67.464279 -18.527803
-67.445259 -18.589918
-67.426186 -18.652018
-67.407059 -18.714102
-67.387878 -18.776171
-67.368645 -18.838224
-67.349358 -18.900263
-67.330017 -18.962286
-67.310623 -19.024294
-67.291176 -19.086287
-67.271675 -19.148264
-67.252121 -19.210226
-67.232513 -19.272173
-67.212852 -19.334105
-67.193138 -19.396021
-67.173370 -19.457922
-67.153549 -19.519808
-67.133675 -19.581678
-67.113747 -19.643534
-67.093765 -19.705374
-67.073730 -19.767199
-67.053642 -19.829006
-67.033501 -19.890797
-67.013306 -19.952570
-66.993057 -20.014326
-66.972755 -20.076065
-66.952400 -20.137787
-66.931992 -20.199492
-66.911530 -20.261179
-66.891014 -20.322849
-66.870445 -20.384502
-66.849823 -20.446138
-66.829147 -20.507757
-66.808418 -20.569359
-66.787636 -20.630943
-66.766800 -20.692511
-66.745911 -20.754061
-66.724968 -20.815594
-66.703972 -20.877110
-66.682922 -20.938608
-66.661819 -21.000090
-66.640663 -21.061554
-66.619453 -21.123001
-66.598190 -21.184431
-66.576874 -21.245844
-66.555504 -21.307240
-66.534081 -21.368618
-66.512604 -21.429979
-66.491074 -21.491323
-66.469490 -21.552650
-66.447853 -21.613960
-66.426163 -21.675253
-66.404419 -21.736528
-66.382622 -21.797787
-66.360771 -21.859028
-66.338867 -21.920252
-66.316910 -21.981459
-66.294899 -22.042648
-66.272835 -22.103821
-66.250717 -22.164976
-66.228546 -22.226114
-66.206322 -22.287233
-66.184044 -22.348333
-66.161713 -22.409414
-66.139328 -22.470476
-66.116890 -22.531519
-66.094398 -22.592543
-66.071854 -22.653547
-66.049255 -22.714533
-66.026604 -22.775499
-66.003899 -22.836447
-65.981140 -22.897375
-65.958328 -22.958284
-65.935463 -23.019175
-65.912544 -23.080046
-65.889572 -23.140898
-65.866547 -23.201731
-65.843468 -23.262545
-65.820335 -23.323339
-65.797150 -23.384115
-65.773911 -23.444872
-65.750618 -23.505610
-65.727272 -23.566328
-65.703880 -23.627028
-65.680443 -23.687708
-65.656960 -23.748369
-65.633430 -23.809011
-65.609856 -23.869635
-65.586235 -23.930239
-65.562569 -23.990824
-65.538857 -24.051390
-65.515099 -24.111937
-65.491295 -24.172464
-65.467445 -24.232973
-65.443550 -24.293463
-65.419609 -24.353933
-65.395622 -24.414385
-65.371590 -24.474817
-65.347511 -24.535231
-65.323387 -24.595625
-65.299217 -24.656000
-65.275002 -24.716356
-65.250740 -24.776691
-65.226433 -24.837006
-65.202080 -24.897299
-65.177681 -24.957571
-65.153236 -25.017822
-65.128746 -25.078053
-65.104210 -25.138262
-65.079628 -25.198450
-65.055000 -25.258617
-65.030327 -25.318764
-65.005608 -25.378889
-64.980843 -25.438993
-64.956032 -25.499077
-64.931175 -25.559139
-64.906273 -25.619181
-64.881325 -25.679201
-64.856331 -25.739201
-64.831291 -25.799179
-64.806206 -25.859137
-64.781075 -25.919073
-64.755898 -25.978989
-64.730675 -26.038883
-64.705406 -26.098757
-64.680092 -26.158609
-64.654732 -26.218441
-64.629326 -26.278252
-64.603874 -26.338041
-64.578377 -26.397810
-64.552834 -26.457558
-64.527245 -26.517284
-64.501610 -26.576990
-64.475929 -26.636675
-64.450203 -26.696339
-64.424431 -26.755981
-64.398613 -26.815603
-64.372749 -26.875204
-64.346840 -26.934784
-64.320885 -26.994343
-64.294884 -27.053881
-64.268837 -27.113398
-64.242744 -27.172894
-64.216606 -27.232367
-64.190422 -27.291817
-64.164192 -27.351244
-64.137917 -27.410648
-64.111595 -27.470030
-64.085228 -27.529388
-64.058815 -27.588724
-64.032356 -27.648037
-64.005852 -27.707327
-63.979298 -27.766594
-63.952694 -27.825838
-63.926041 -27.885059
-63.899338 -27.944258
-63.872585 -28.003433
-63.845783 -28.062586
-63.818932 -28.121716
-63.792030 -28.180822
-63.765079 -28.239906
-63.738079 -28.298967
-63.711029 -28.358006
-63.683929 -28.417021
-63.656780 -28.476013
-63.629581 -28.534983
-63.602333 -28.593929
-63.575035 -28.652853
-63.547688 -28.711754
-63.520290 -28.770632
-63.492844 -28.829487
-63.465347 -28.888319
-63.437801 -28.947128
-63.410206 -29.005915
-63.382561 -29.064678
-63.354866 -29.123419
-63.327122 -29.182137
-63.299328 -29.240831
-63.271484 -29.299503
-63.243591 -29.358152
-63.215649 -29.416779
-63.187656 -29.475382
-63.159615 -29.533962
-63.131523 -29.592520
-63.103382 -29.651054
-63.075191 -29.709564
-63.046955 -29.768049
-63.018673 -29.826509
-62.990345 -29.884945
-62.961971 -29.943356
-62.933552 -30.001741
-62.905087 -30.060102
-62.876575 -30.118439
-62.848019 -30.176750
-62.819416 -30.235037
-62.790768 -30.293299
-62.762074 -30.351536
-62.733334 -30.409748
-62.704548 -30.467936
-62.675716 -30.526098
-62.646839 -30.584236
-62.617916 -30.642349
-62.588947 -30.700438
-62.559933 -30.758501
-62.530872 -30.816540
-62.501766 -30.874554
-62.472614 -30.932543
-62.443417 -30.990507
-62.414173 -31.048447
-62.384884 -31.106361
-62.355549 -31.164251
-62.326168 -31.222116
-62.296741 -31.279957
-62.267269 -31.337772
-62.237751 -31.395563
-62.208187 -31.453329
-62.178577 -31.511070
-62.148922 -31.568787
-62.119221 -31.626478
-62.089474 -31.684145
-62.059681 -31.741787
-62.029842 -31.799404
-61.999958 -31.856997
-61.970028 -31.914564
-61.940052 -31.972107
-61.910030 -32.029625
-61.879963 -32.087116
-61.849850 -32.144581
-61.819691 -32.202019
-61.789486 -32.259430
-61.759235 -32.316814
-61.728939 -32.374172
-61.698597 -32.431503
-61.668209 -32.488808
-61.637775 -32.546085
-61.607296 -32.603336
-61.576771 -32.660561
-61.546200 -32.717758
-61.515583 -32.774929
-61.484921 -32.832073
-61.454212 -32.889191
-61.423458 -32.946281
-61.392658 -33.003345
-61.361813 -33.060383
-61.330921 -33.117393
-61.299984 -33.174377
-61.269001 -33.231335
-61.237972 -33.288265
-61.206898 -33.345169
-61.175777 -33.402046
-61.144611 -33.458897
-61.113400 -33.515720
-61.082142 -33.572517
-61.050838 -33.629288
-61.019489 -33.686031
-60.988094 -33.742748
-60.956654 -33.799438
-60.925167 -33.856102
-60.893635 -33.912739
-60.862057 -33.969349
-60.830433 -34.025932
-60.798763 -34.082489
-60.767048 -34.139019
-60.735287 -34.195522
-60.703480 -34.251999
-60.671627 -34.308449
-60.639729 -34.364872
-60.607784 -34.421268
-60.575794 -34.477638
-60.543758 -34.533981
-60.511677 -34.590298
-60.479549 -34.646587
-60.447376 -34.702850
-60.415157 -34.759087
-60.382893 -34.815296
-60.350582 -34.871479
-60.318226 -34.927635
-60.285824 -34.983765
-60.253376 -35.039867
-60.220882 -35.095943
-60.188343 -35.151993
-60.155758 -35.208015
-60.123127 -35.264011
-60.090450 -35.319981
-60.057728 -35.375923
-60.024960 -35.431839
-59.992146 -35.487728
-59.959286 -35.543591
-59.926380 -35.599426
-59.893429 -35.655235
-59.860432 -35.711018
-59.827389 -35.766773
-59.794300 -35.822502
-59.761166 -35.878204
-59.727985 -35.933880
-59.694759 -35.989525
-59.661488 -36.045139
-59.628170 -36.100723
-59.594807 -36.156277
-59.561398 -36.211800
-59.527943 -36.267292
-59.494442 -36.322754
-59.460896 -36.378185
-59.427303 -36.433586
-59.393665 -36.488956
-59.359982 -36.544296
-59.326252 -36.599606
-59.292477 -36.654884
-59.258656 -36.710133
-59.224789 -36.765350
-59.190876 -36.820538
-59.156918 -36.875694
-59.122913 -36.930820
-59.088863 -36.985916
-59.054768 -37.040981
-59.020626 -37.096016
-58.986439 -37.151020
-58.952206 -37.205994
-58.917927 -37.260937
-58.883602 -37.315849
-58.849232 -37.370731
-58.814816 -37.425583
-58.780354 -37.480404
-58.745846 -37.535194
-58.711292 -37.589954
-58.676693 -37.644684
-58.642048 -37.699383
-58.607357 -37.754051
-58.572620 -37.808689
-58.537838 -37.863297
-58.503010 -37.917873
-58.468136 -37.972420
-58.433216 -38.026936
-58.398251 -38.081421
-58.363239 -38.135876
-58.328182 -38.190300
-58.293079 -38.244694
-58.257931 -38.299057
-58.222740 -38.353390
-58.187508 -38.407692
-58.152233 -38.461964
-58.116917 -38.516205
-58.081558 -38.570415
-58.046158 -38.624596
-58.010715 -38.678745
-57.975231 -38.732864
-57.939705 -38.786953
-57.904137 -38.841011
-57.868526 -38.895039
-57.832874 -38.949036
-57.797180 -39.003002
-57.761444 -39.056938
-57.725666 -39.110844
-57.689846 -39.164719
-57.653984 -39.218563
-57.618080 -39.272377
-57.582134 -39.326160
-57.546146 -39.379913
-57.510117 -39.433636
-57.474045 -39.487328
-57.437931 -39.540989
-57.401775 -39.594620
-57.365578 -39.648220
-57.329338 -39.701790
-57.293056 -39.755329
-57.256733 -39.808838
-57.220367 -39.862316
-57.183960 -39.915764
-57.147511 -39.969181
-57.111019 -40.022568
-57.074486 -40.075924
-57.037910 -40.129250
-57.001293 -40.182545
-56.964634 -40.235809
-56.927933 -40.289043
-56.891190 -40.342247
-56.854404 -40.395420
-56.817577 -40.448563
-56.780708 -40.501675
-56.743797 -40.554756
-56.706844 -40.607807
-56.669849 -40.660828
-56.632812 -40.713818
-56.595734 -40.766777
-56.558613 -40.819706
-56.521450 -40.872604
-56.484245 -40.925472
-56.446999 -40.978310
-56.409710 -41.031116
-56.372379 -41.083893
-56.335007 -41.136635
-56.297592 -41.189342
-56.260136 -41.242016
-56.222637 -41.294655
-56.185097 -41.347260
-56.147514 -41.399830
-56.109890 -41.452366
-56.072224 -41.504868
-56.034515 -41.557335
-55.996765 -41.609768
-55.958973 -41.662167
-55.921139 -41.714531
-55.883263 -41.766861
-55.845345 -41.819157
-55.807384 -41.871418
-55.769382 -41.923645
-55.731339 -41.975838
-55.693253 -42.027996
-55.655125 -42.080120
-55.616955 -42.132210
-55.578743 -42.184265
-55.540489 -42.236286
-55.502193 -42.288273
-55.463856 -42.340225
-55.425476 -42.392143
-55.387054 -42.444027
-55.348591 -42.495876
-55.310085 -42.547691
-55.271538 -42.599472
-55.232948 -42.651218
-55.194317 -42.702930
-55.155643 -42.754608
-55.116928 -42.806252
-55.078171 -42.857861
-55.039371 -42.909435
-55.000530 -42.960976
-54.961647 -43.012482
-54.922722 -43.063953
-54.883755 -43.115391
-54.844746 -43.166794
-54.805695 -43.218163
-54.766602 -43.269497
-54.727467 -43.320797
-54.688290 -43.372063
-54.649071 -43.423294
-54.609810 -43.474491
-54.570507 -43.525654
-54.531162 -43.576782
-54.491776 -43.627876
-54.452347 -43.678936
-54.412876 -43.729961
-54.373363 -43.780952
-54.333809 -43.831909
-54.294212 -43.882832
-54.254574 -43.933720
-54.214893 -43.984573
-54.175171 -44.035393
-54.135406 -44.086178
-54.095600 -44.136929
-54.055752 -44.187645
-54.015862 -44.238327
-53.975929 -44.288975
-53.935955 -44.339588
-53.895939 -44.390167
-53.855881 -44.440712
-53.815781 -44.491222
-53.775639 -44.541698
-53.735455 -44.592140
-53.695229 -44.642548
-53.654961 -44.692921
-53.614655 -44.743259
-53.574310 -44.793564
-53.533928 -44.843834
-53.493507 -44.894070
-53.453049 -44.944271
-53.412552 -44.994438
-53.372017 -45.044571
-53.331444 -45.094669
-53.290833 -45.144733
-53.250183 -45.194763
-53.209496 -45.244759
-53.168770 -45.294720
-53.128006 -45.344646
-53.087204 -45.394539
-53.046364 -45.444397
-53.005486 -45.494221
-52.964569 -45.544010
-52.923615 -45.593765
-52.882622 -45.643486
-52.841591 -45.693172
-52.800522 -45.742825
-52.759415 -45.792442
-52.718269 -45.842026
-52.677086 -45.891575
-52.635864 -45.941090
-52.594604 -45.990570
-52.553307 -46.040016
-52.511971 -46.089428
-52.470596 -46.138805
-52.429184 -46.188148
-52.387733 -46.237457
-52.346245 -46.286732
-52.304718 -46.335972
-52.263153 -46.385178
-52.221550 -46.434349
-52.179909 -46.483482
-52.138229 -46.532578
-52.096512 -46.581635
-52.054756 -46.630653
-52.012962 -46.679634
-51.971130 -46.728577
-51.929260 -46.777481
-51.887352 -46.826347
-51.845406 -46.875175
-51.803421 -46.923965
-51.761398 -46.972717
-51.719337 -47.021431
-51.677238 -47.070107
-51.635101 -47.118744
-51.592926 -47.167343
-51.550713 -47.215904
-51.508461 -47.264427
-51.466171 -47.312912
-51.423843 -47.361359
-51.381477 -47.409767
-51.339073 -47.458138
-51.296631 -47.506470
-51.254150 -47.554764
-51.211632 -47.603020
-51.169075 -47.651237
-51.126480 -47.699417
-51.083847 -47.747559
-51.041176 -47.795662
-50.998466 -47.843727
-50.955719 -47.891754
-50.912933 -47.939743
-50.870110 -47.987694
-50.827248 -48.035606
-50.784348 -48.083481
-50.741409 -48.131317
-50.698433 -48.179115
-50.655418 -48.226875
-50.612366 -48.274597
-50.569275 -48.322281
-50.526146 -48.369926
-50.482979 -48.417534
-50.439774 -48.465103
-50.396530 -48.512634
-50.353249 -48.560127
-50.309929 -48.607582
-50.266571 -48.654999
-50.223175 -48.702377
-50.179741 -48.749718
-50.136269 -48.797020
-50.092758 -48.844284
-50.049210 -48.891510
-50.005623 -48.938698
-49.961998 -48.985847
-49.918335 -49.032959
-49.874634 -49.080032
-49.830894 -49.127068
-49.787117 -49.174065
-49.743301 -49.221024
-49.699448 -49.267944
-49.655556 -49.314827
-49.611626 -49.361671
-49.567657 -49.408478
-49.523651 -49.455246
-49.479607 -49.501976
-49.435524 -49.548668
-49.391403 -49.595322
-49.347244 -49.641937
-49.303047 -49.688515
-49.258812 -49.735054
-49.214539 -49.781555
-49.170227 -49.828018
-49.125877 -49.874443
-49.081490 -49.920830
-49.037067 -49.967178
-48.992611 -50.013489
-48.948120 -50.059761
-48.903595 -50.105995
-48.859035 -50.152191
-48.814442 -50.198349
-48.769814 -50.244469
-48.725151 -50.290550
-48.680454 -50.336594
-48.635723 -50.382599
-48.590958 -50.428566
-48.546158 -50.474495
-48.501324 -50.520386
-48.456455 -50.566238
-48.411552 -50.612053
-48.366615 -50.657829
-48.321644 -50.703568
-48.276638 -50.749268
-48.231598 -50.794930
-48.186523 -50.840553
-48.141415 -50.886139
-48.096272 -50.931686
-48.051094 -50.977196
-48.005882 -51.022667
-47.960636 -51.068100
-47.915356 -51.113495
-47.870041 -51.158852
-47.824692 -51.204170
-47.779308 -51.249451
-47.733891 -51.294693
-47.688438 -51.339897
-47.642952 -51.385063
-47.597431 -51.430191
-47.551876 -51.475281
-47.506287 -51.520332
-47.460663 -51.565346
-47.415005 -51.610321
-47.369312 -51.655258
-47.323586 -51.700157
-47.277824 -51.745018
-47.232029 -51.789841
-47.186199 -51.834625
-47.140335 -51.879372
-47.094437 -51.924080
-47.048504 -51.968750
-47.002537 -52.013382
-46.956535 -52.057976
-46.910500 -52.102528
-46.864429 -52.147038
-46.818325 -52.191505
-46.772186 -52.235931
-46.726013 -52.280315
-46.679806 -52.324657
-46.633564 -52.368958
-46.587288 -52.413216
-46.540977 -52.457432
-46.494633 -52.501606
-46.448254 -52.545738
-46.401840 -52.589828
-46.355392 -52.633877
-46.308910 -52.677883
-46.262394 -52.721848
-46.215843 -52.765770
-46.169258 -52.809650
-46.122639 -52.853489
-46.075985 -52.897285
-46.029297 -52.941040
-45.982574 -52.984753
-45.935818 -53.028423
-45.889027 -53.072052
-45.842201 -53.115639
-45.795341 -53.159184
-45.748447 -53.202686
-45.701519 -53.246147
-45.654556 -53.289566
-45.607559 -53.332943
-45.560528 -53.376278
-45.513462 -53.419571
-45.466362 -53.462822
-45.419228 -53.506031
-45.372059 -53.549198
-45.324856 -53.592323
-45.277618 -53.635406
-45.230347 -53.678448
-45.183041 -53.721447
-45.135700 -53.764404
-45.088326 -53.807320
-45.040916 -53.850193
-44.993473 -53.893024
-44.945995 -53.935814
-44.898483 -53.978561
-44.850937 -54.021267
-44.803356 -54.063931
-44.755741 -54.106552
-44.708092 -54.149132
-44.660408 -54.191669
-44.612690 -54.234165
-44.564938 -54.276619
-44.517155 -54.319031
-44.469341 -54.361401
-44.421497 -54.403728
-44.373623 -54.446014
-44.325718 -54.488258
-44.277782 -54.530460
-44.229816 -54.572620
-44.181820 -54.614738
-44.133793 -54.656815
-44.085735 -54.698849
-44.037647 -54.740841
-43.989529 -54.782791
-43.941380 -54.824699
-43.893200 -54.866566
-43.844990 -54.908390
-43.796749 -54.950172
-43.748478 -54.991913
-43.700176 -55.033611
-43.651844 -55.075268
-43.603481 -55.116882
-43.555088 -55.158455
-43.506664 -55.199986
-43.458210 -55.241474
-43.409725 -55.282921
-43.361210 -55.324326
-43.312664 -55.365688
-43.264088 -55.407009
-43.215481 -55.448288
-43.166843 -55.489525
-43.118176 -55.530720
-43.069477 -55.571873
-43.020748 -55.612984
-42.971989 -55.654053
-42.923199 -55.695080
-42.874378 -55.736065
-42.825527 -55.777008
-42.776646 -55.817909
-42.727734 -55.858768
-42.678791 -55.899586
-42.629818 -55.940361
-42.580814 -55.981094
-42.531780 -56.021786
-42.482716 -56.062435
-42.433620 -56.103043
-42.384495 -56.143608
-42.335339 -56.184132
-42.286152 -56.224613
-42.236935 -56.265053
-42.187687 -56.305450
-42.138409 -56.345806
-42.089100 -56.386120
-42.039761 -56.426392
-41.990391 -56.466621
-41.940990 -56.506809
-41.891560 -56.546955
-41.842098 -56.587059
-41.792606 -56.627121
-41.743084 -56.667141
-41.693531 -56.707119
-41.643948 -56.747055
-41.594334 -56.786949
-41.544689 -56.826801
-41.495014 -56.866611
-41.445309 -56.906380
-41.395573 -56.946106
-41.345806 -56.985790
-41.296009 -57.025433
-41.246181 -57.065033
-41.196323 -57.104591
-41.146435 -57.144108
-41.096516 -57.183582
-41.046566 -57.223015
-40.996586 -57.262405
-40.946575 -57.301754
-40.896534 -57.341061
-40.846462 -57.380325
-40.796360 -57.419548
-40.746227 -57.458729
-40.696064 -57.497868
-40.645870 -57.536964
-40.595646 -57.576019
-40.545391 -57.615032
-40.495106 -57.654003
-40.444790 -57.692932
-40.394444 -57.731819
-40.344067 -57.770664
-40.293659 -57.809467
-40.243221 -57.848228
-40.192753 -57.886948
-40.142254 -57.925625
-40.091724 -57.964260
-40.041164 -58.002853
-39.990574 -58.041405
-39.939953 -58.079914
-39.889305 -58.118382
-39.838631 -58.156807
-39.787930 -58.195190
-39.737202 -58.233528
-39.686447 -58.271820
-39.635666 -58.310066
-39.584858 -58.348267
-39.534023 -58.386421
-39.483162 -58.424530
-39.432274 -58.462593
-39.381359 -58.500610
-39.330418 -58.538582
-39.279449 -58.576508
-39.228455 -58.614388
-39.177433 -58.652222
-39.126385 -58.690010
-39.075310 -58.727753
-39.024208 -58.765450
-38.973080 -58.803101
-38.921925 -58.840706
-38.870743 -58.878265
-38.819534 -58.915779
-38.768299 -58.953247
-38.717037 -58.990669
-38.665749 -59.028046
-38.614433 -59.065376
-38.563091 -59.102661
-38.511723 -59.139900
-38.460327 -59.177094
-38.408905 -59.214241
-38.357456 -59.251343
-38.305981 -59.288399
-38.254478 -59.325409
-38.202950 -59.362373
-38.151394 -59.399292
-38.099812 -59.436165
-38.048203 -59.472992
-37.996567 -59.509773
-37.944904 -59.546509
-37.893215 -59.583199
-37.841499 -59.619843
-37.789757 -59.656441
-37.737988 -59.692993
-37.686192 -59.729500
-37.634369 -59.765961
-37.582520 -59.802376
-37.530643 -59.838745
-37.478741 -59.875069
-37.426811 -59.911346
-37.374855 -59.947578
-37.322872 -59.983765
-37.270863 -60.019905
-37.218826 -60.056000
-37.166763 -60.092049
-37.114674 -60.128052
-37.062557 -60.164009
-37.010414 -60.199921
-36.958244 -60.235786
-36.906048 -60.271606
-36.853825 -60.307381
-36.801575 -60.343109
-36.749298 -60.378792
-36.696995 -60.414429
-36.644665 -60.450020
-36.592308 -60.485565
-36.539925 -60.521065
-36.487514 -60.556519
-36.435078 -60.591927
-36.382614 -60.627289
-36.330124 -60.662605
-36.277607 -60.697876
-36.225063 -60.733101
-36.172493 -60.768280
-36.119896 -60.803413
-36.067272 -60.838501
-36.014622 -60.873543
-35.961945 -60.908539
-35.909241 -60.943489
-35.856510 -60.978394
-35.803753 -61.013252
-35.750969 -61.048065
-35.698158 -61.082832
-35.645321 -61.117554
-35.592457 -61.152229
-35.539566 -61.186859
-35.486649 -61.221443
-35.433704 -61.255981
-35.380733 -61.290474
-35.327736 -61.324921
-35.274712 -61.359322
-35.221664 -61.393677
-35.168594 -61.427986
-35.115501 -61.462250
-35.062386 -61.496468
-35.009247 -61.530640
-34.956085 -61.564766
-34.902901 -61.598846
-34.849693 -61.632881
-34.796463 -61.666870
-34.743210 -61.700813
-34.689934 -61.734711
-34.636635 -61.768562
-34.583313 -61.802368
-34.529968 -61.836128
-34.476601 -61.869843
-34.423210 -61.903511
-34.369797 -61.937134
-34.316360 -61.970711
-34.262901 -62.004242
-34.209419 -62.037727
-34.155914 -62.071167
-34.102386 -62.104561
-34.048836 -62.137909
-33.995262 -62.171211
-33.941666 -62.204468
-33.888046 -62.237679
-33.834404 -62.270844
-33.780739 -62.303963
-33.727051 -62.337036
-33.673340 -62.370064
-33.619606 -62.403046
-33.565849 -62.435982
-33.512070 -62.468872
-33.458267 -62.501717
-33.404442 -62.534515
-33.350594 -62.567268
-33.296722 -62.599976
-33.242828 -62.632637
-33.188911 -62.665253
-33.134972 -62.697823
-33.081009 -62.730347
-33.027023 -62.762825
-32.973015 -62.795258
-32.918983 -62.827644
-32.864929 -62.859985
-32.810852 -62.892281
-32.756752 -62.924530
-32.702629 -62.956734
-32.648483 -62.988892
-32.594315 -63.021004
-32.540123 -63.053070
-32.485909 -63.085091
-32.431671 -63.117065
-32.377411 -63.148994
-32.323128 -63.180878
-32.268822 -63.212715
-32.214493 -63.244507
-32.160141 -63.276253
-32.105766 -63.307953
-32.051369 -63.339607
-31.996948 -63.371216
-31.942505 -63.402779
-31.888039 -63.434296
-31.833549 -63.465767
-31.779037 -63.497192
-31.724503 -63.528572
-31.669947 -63.559906
-31.615370 -63.591194
-31.560772 -63.622437
-31.506153 -63.653633
-31.451513 -63.684784
-31.396852 -63.715889
-31.342171 -63.746948
-31.287468 -63.777962
-31.232744 -63.808929
-31.177999 -63.839851
-31.123234 -63.870728
-31.068447 -63.901558
-31.013639 -63.932343
-30.958811 -63.963081
-30.903961 -63.993774
-30.849091 -64.024422
-30.794199 -64.055023
-30.739286 -64.085579
-30.684353 -64.116089
-30.629398 -64.146553
-30.574423 -64.176971
-30.519426 -64.207344
-30.464409 -64.237671
-30.409370 -64.267952
-30.354311 -64.298187
-30.299231 -64.328377
-30.244129 -64.358521
-30.189007 -64.388618
-30.133863 -64.418671
-30.078699 -64.448677
-30.023514 -64.478638
-29.968307 -64.508553
-29.913080 -64.538422
-29.857832 -64.568245
-29.802563 -64.598022
-29.747272 -64.627754
-29.691961 -64.657440
-29.636629 -64.687080
-29.581276 -64.716675
-29.525902 -64.746223
-29.470507 -64.775726
-29.415091 -64.805183
-29.359653 -64.834595
-29.304195 -64.863960
-29.248718 -64.893280
-29.193222 -64.922554
-29.137707 -64.951782
-29.082172 -64.980965
-29.026619 -65.010101
-28.971046 -65.039192
-28.915455 -65.068237
-28.859844 -65.097237
-28.804214 -65.126190
-28.748566 -65.155098
-28.692898 -65.183960
-28.637211 -65.212776
-28.581505 -65.241547
-28.525780 -65.270271
-28.470036 -65.298950
-28.414272 -65.327583
-28.358490 -65.356171
-28.302689 -65.384712
-28.246868 -65.413208
-28.191029 -65.441658
-28.135170 -65.470062
-28.079292 -65.498421
-28.023396 -65.526733
-27.967480 -65.555000
-27.911545 -65.583221
-27.855591 -65.611397
-27.799618 -65.639526
-27.743626 -65.667610
-27.687614 -65.695648
-27.631584 -65.723640
-27.575535 -65.751587
-27.519466 -65.779488
-27.463379 -65.807343
-27.407272 -65.835152
-27.351147 -65.862915
-27.295002 -65.890633
-27.238838 -65.918304
-27.182655 -65.945930
-27.126453 -65.973511
-27.070232 -66.001045
-27.013992 -66.028534
-26.957733 -66.055977
-26.901455 -66.083374
-26.845160 -66.110725
-26.788847 -66.138031
-26.732517 -66.165291
-26.676170 -66.192505
-26.619806 -66.219673
-26.563425 -66.246796
-26.507027 -66.273872
-26.450611 -66.300903
-26.394178 -66.327888
-26.337729 -66.354828
-26.281261 -66.381721
-26.224777 -66.408569
-26.168276 -66.435371
-26.111757 -66.462128
-26.055222 -66.488838
-25.998669 -66.515503
-25.942099 -66.542122
-25.885511 -66.568695
-25.828907 -66.595222
-25.772285 -66.621704
-25.715647 -66.648140
-25.658991 -66.674530
-25.602318 -66.700874
-25.545628 -66.727173
-25.488920 -66.753426
-25.432196 -66.779633
-25.375454 -66.805794
-25.318695 -66.831909
-25.261919 -66.857979
-25.205126 -66.884003
-25.148315 -66.909981
-25.091488 -66.935913
-25.034643 -66.961800
-24.977781 -66.987640
-24.920902 -67.013435
-24.864006 -67.039185
-24.807093 -67.064888
-24.750162 -67.090546
-24.693214 -67.116158
-24.636250 -67.141724
-24.579268 -67.167244
-24.522268 -67.192719
-24.465252 -67.218147
-24.408218 -67.243530
-24.351170 -67.268867
-24.294106 -67.294159
-24.237026 -67.319405
-24.179932 -67.344604
-24.122822 -67.369759
-24.065697 -67.394867
-24.008556 -67.419930
-23.951401 -67.444946
-23.894230 -67.469917
-23.837044 -67.494843
-23.779842 -67.519722
-23.722626 -67.544556
-23.665394 -67.569344
-23.608147 -67.594086
-23.550884 -67.618782
-23.493607 -67.643433
-23.436314 -67.668037
-23.379005 -67.692596
-23.321682 -67.717110
-23.264343 -67.741577
-23.206989 -67.765999
-23.149620 -67.790375
-23.092236 -67.814705
-23.034836 -67.838989
-22.977421 -67.863228
-22.919991 -67.887421
-22.862545 -67.911568
-22.805084 -67.935669
-22.747608 -67.959724
-22.690117 -67.983734
-22.632610 -68.007698
-22.575089 -68.031616
-22.517551 -68.055489
-22.459999 -68.079315
-22.402431 -68.103096
-22.344849 -68.126831
-22.287251 -68.150520
-22.229637 -68.174164
-22.172009 -68.197762
-22.114365 -68.221313
-22.056705 -68.244820
-21.999031 -68.268280
-21.941341 -68.291695
-21.883638 -68.315063
-21.825922 -68.338387
-21.768192 -68.361664
-21.710449 -68.384895
-21.652693 -68.408081
-21.594923 -68.431221
-21.537140 -68.454315
-21.479343 -68.477364
-21.421534 -68.500366
-21.363710 -68.523323
-21.305874 -68.546234
-21.248024 -68.569099
-21.190161 -68.591919
-21.132284 -68.614693
-21.074394 -68.637421
-21.016491 -68.660103
-20.958574 -68.682739
-20.900644 -68.705330
-20.842701 -68.727875
-20.784744 -68.750374
-20.726774 -68.772827
-20.668791 -68.795235
-20.610794 -68.817596
-20.552784 -68.839912
-20.494761 -68.862183
-20.436724 -68.884407
-20.378674 -68.906586
-20.320610 -68.928719
-20.262533 -68.950806
-20.204443 -68.972847
-20.146339 -68.994843
-20.088223 -69.016792
-20.030092 -69.038696
-19.971949 -69.060555
-19.913792 -69.082367
-19.855621 -69.104134
-19.797438 -69.125854
-19.739241 -69.147530
-19.681030 -69.169159
-19.622807 -69.190742
-19.564569 -69.212280
-19.506319 -69.233772
-19.448055 -69.255219
-19.389778 -69.276619
-19.331490 -69.297974
-19.273190 -69.319283
-19.214878 -69.340546
-19.156555 -69.361763
-19.098221 -69.382935
-19.039875 -69.404060
-18.981518 -69.425140
-18.923149 -69.446175
-18.864769 -69.467163
-18.806377 -69.488106
-18.747974 -69.509003
-18.689560 -69.529854
-18.631134 -69.550659
-18.572697 -69.571419
-18.514248 -69.592133
-18.455788 -69.612801
-18.397316 -69.633423
-18.338833 -69.653999
-18.280338 -69.674530
-18.221832 -69.695015
-18.163315 -69.715454
-18.104786 -69.735847
-18.046246 -69.756195
-17.987694 -69.776497
-17.929131 -69.796753
-17.870556 -69.816963
-17.811970 -69.837128
-17.753372 -69.857246
-17.694763 -69.877319
-17.636143 -69.897346
-17.577511 -69.917328
-17.518867 -69.937263
-17.460213 -69.957153
-17.401546 -69.976997
-17.342869 -69.996796
-17.284180 -70.016548
-17.225479 -70.036255
-17.166767 -70.055916
-17.108044 -70.075531
-17.049309 -70.095100
-16.990562 -70.114624
-16.931805 -70.134102
-16.873035 -70.153534
-16.814255 -70.172920
-16.755465 -70.192261
-16.696665 -70.211555
-16.637856 -70.230804
-16.579037 -70.250008
-16.520208 -70.269165
-16.461370 -70.288277
-16.402523 -70.307343
-16.343666 -70.326363
-16.284800 -70.345337
-16.225924 -70.364265
-16.167038 -70.383148
-16.108143 -70.401985
-16.049238 -70.420776
-15.990324 -70.439522
-15.931400 -70.458221
-15.872467 -70.476875
-15.813524 -70.495483
-15.754572 -70.514046
-15.695610 -70.532562
-15.636639 -70.551033
-15.577658 -70.569458
-15.518667 -70.587837
-15.459667 -70.606171
-15.400658 -70.624458
-15.341639 -70.642700
-15.282610 -70.660896
-15.223572 -70.679047
-15.164524 -70.697151
-15.105467 -70.715210
-15.046400 -70.733223
-14.987324 -70.751190
-14.928238 -70.769112
-14.869143 -70.786987
-14.810039 -70.804817
-14.750926 -70.822601
-14.691805 -70.840340
-14.632675 -70.858032
-14.573537 -70.875679
-14.514390 -70.893280
-14.455235 -70.910835
-14.396070 -70.928345
-14.336898 -70.945808
-14.277717 -70.963226
-14.218527 -70.980598
-14.159328 -70.997925
-14.100121 -71.015205
-14.040906 -71.032440
-13.981682 -71.049629
-13.922449 -71.066772
-13.863208 -71.083870
-13.803958 -71.100922
-13.744699 -71.117928
-13.685432 -71.134888
-13.626157 -71.151802
-13.566873 -71.168671
-13.507581 -71.185493
-13.448281 -71.202271
-13.388974 -71.219002
-13.329659 -71.235687
-13.270337 -71.252327
-13.211007 -71.268921
-13.151670 -71.285469
-13.092324 -71.301971
-13.032971 -71.318428
-12.973611 -71.334839
-12.914243 -71.351204
-12.854867 -71.367523
-12.795484 -71.383797
-12.736093 -71.400024
-12.676694 -71.416206
-12.617288 -71.432343
-12.557874 -71.448433
-12.498452 -71.464478
-12.439023 -71.480476
-12.379586 -71.496429
-12.320142 -71.512337
-12.260690 -71.528198
-12.201230 -71.544014
-12.141764 -71.559784
-12.082291 -71.575508
-12.022811 -71.591187
-11.963325 -71.606819
-11.903831 -71.622406
-11.844332 -71.637947
-11.784825 -71.653442
-11.725312 -71.668892
-11.665792 -71.684296
-11.606266 -71.699654
-11.546733 -71.714966
-11.487193 -71.730232
-11.427647 -71.745453
-11.368093 -71.760628
-11.308534 -71.775757
-11.248967 -71.790840
-11.189394 -71.805878
-11.129814 -71.820869
-11.070228 -71.835815
-11.010634 -71.850716
-10.951035 -71.865570
-10.891428 -71.880379
-10.831816 -71.895142
-10.772198 -71.909859
-10.712574 -71.924530
-10.652945 -71.939156
-10.593309 -71.953735
-10.533669 -71.968269
-10.474022 -71.982758
-10.414370 -71.997200
-10.354712 -72.011597
-10.295048 -72.025948
-10.235378 -72.040253
-10.175703 -72.054512
-10.116022 -72.068726
-10.056335 -72.082893
-9.996643 -72.097015
-9.936945 -72.111092
-9.877241 -72.125122
-9.817532 -72.139107
-9.757816 -72.153046
-9.698095 -72.166939
-9.638369 -72.180786
-9.578636 -72.194588
-9.518898 -72.208344
-9.459155 -72.222054
-9.399407 -72.235718
-9.339655 -72.249336
-9.279898 -72.262909
-9.220136 -72.276436
-9.160369 -72.289917
-9.100597 -72.303352
-9.040821 -72.316742
-8.981040 -72.330086
-8.921254 -72.343384
-8.861464 -72.356636
-8.801668 -72.369843
-8.741868 -72.383003
-8.682063 -72.396118
-8.622253 -72.409187
-8.562439 -72.422211
-8.502620 -72.435188
-8.442796 -72.448120
-8.382967 -72.461006
-8.323133 -72.473846
-8.263295 -72.486641
-8.203452 -72.499390
-8.143604 -72.512093
-8.083753 -72.524750
-8.023897 -72.537361
-7.964037 -72.549927
-7.904173 -72.562447
-7.844305 -72.574921
-7.784432 -72.587349
-7.724556 -72.599731
-7.664676 -72.612068
-7.604792 -72.624359
-7.544904 -72.636604
-7.485012 -72.648804
-7.425117 -72.660957
-7.365217 -72.673065
-7.305314 -72.685127
-7.245407 -72.697144
-7.185496 -72.709114
-7.125582 -72.721039
-7.065664 -72.732918
-7.005743 -72.744751
-6.945818 -72.756538
-6.885890 -72.768280
-6.825959 -72.779976
-6.766024 -72.791626
-6.706086 -72.803230
-6.646145 -72.814789
-6.586200 -72.826302
-6.526252 -72.837769
-6.466301 -72.849190
-6.406346 -72.860565
-6.346389 -72.871895
-6.286428 -72.883179
-6.226465 -72.894417
-6.166499 -72.905609
-6.106530 -72.916756
-6.046558 -72.927856
-5.986584 -72.938911
-5.926606 -72.949921
-5.866626 -72.960884
-5.806643 -72.971802
-5.746656 -72.982674
-5.686668 -72.993500
-5.626677 -73.004280
-5.566684 -73.015015
-5.506688 -73.025703
-5.446690 -73.036346
-5.386690 -73.046944
-5.326687 -73.057495
-5.266682 -73.068001
-5.206674 -73.078461
-5.146664 -73.088875
-5.086652 -73.099243
-5.026637 -73.109566
-4.966620 -73.119843
-4.906602 -73.130074
-4.846581 -73.140259
-4.786559 -73.150398
-4.726535 -73.160492
-4.666509 -73.170540
-4.606481 -73.180542
-4.546451 -73.190498
-4.486419 -73.200409
-4.426385 -73.210274
-4.366349 -73.220093
-4.306312 -73.229866
-4.246273 -73.239594
-4.186232 -73.249275
-4.126190 -73.258911
-4.066147 -73.268501
-4.006102 -73.278046
-3.946056 -73.287544
-3.886008 -73.296997
-3.825959 -73.306404
-3.765909 -73.315765
-3.705857 -73.325081
-3.645804 -73.334351
-3.585750 -73.343575
-3.525695 -73.352753
-3.465638 -73.361885
-3.405581 -73.370972
-3.345522 -73.380013
-3.285463 -73.389008
-3.225402 -73.397957
-3.165341 -73.406860
-3.105278 -73.415718
-3.045215 -73.424530
-2.985151 -73.433296
-2.925086 -73.442017
-2.865021 -73.450691
-2.804954 -73.459320
-2.744887 -73.467903
-2.684820 -73.476440
-2.624752 -73.484932
-2.564683 -73.493378
-2.504614 -73.501778
-2.444544 -73.510132
-2.384474 -73.518440
-2.324404 -73.526703
-2.264333 -73.534920
-2.204262 -73.543091
-2.144191 -73.551216
-2.084119 -73.559296
-2.024048 -73.567329
-1.963976 -73.575317
-1.903904 -73.583260
-1.843832 -73.591156
-1.783760 -73.599007
-1.723688 -73.606812
-1.663616 -73.614571
-1.603544 -73.622284
-1.543473 -73.629951
-1.483402 -73.637573
-1.423330 -73.645149
-1.363260 -73.652679
-1.303189 -73.660164
-1.243119 -73.667603
-1.183049 -73.674995
-1.122980 -73.682343
-1.062911 -73.689644
-1.002843 -73.696899
-0.942775 -73.704109
-0.882707 -73.711273
-0.822641 -73.718391
-0.762575 -73.725464
-0.702510 -73.732491
-0.642445 -73.739471
-0.582382 -73.746407
-0.522319 -73.753296
-0.462257 -73.760139
-0.402196 -73.766937
-0.342136 -73.773689
-0.282077 -73.780396
-0.222018 -73.787056
-0.161961 -73.793671
-0.101905 -73.800240
-0.041851 -73.806763
0.018203 -73.813240
0.078255 -73.819672
0.138307 -73.826057
0.198357 -73.832397
0.258405 -73.838692
0.318452 -73.844940
0.378498 -73.851143
0.438542 -73.857300
0.498585 -73.863411
0.558627 -73.869476
0.618666 -73.875496
0.678704 -73.881470
0.738741 -73.887398
0.798776 -73.893280
0.858809 -73.899117
0.918840 -73.904907
0.978870 -73.910652
1.038898 -73.916351
1.098923 -73.922005
1.158947 -73.927612
1.218970 -73.933174
1.278990 -73.938690
1.339008 -73.944160
1.399024 -73.949585
1.459038 -73.954964
1.519049 -73.960297
1.579059 -73.965584
1.639066 -73.970825
1.699071 -73.976021
1.759074 -73.981171
1.819075 -73.986275
1.879073 -73.991333
1.939068 -73.996346
1.999061 -74.001312
2.059052 -74.006233
2.119040 -74.011108
2.179026 -74.015938
2.239009 -74.020721
2.298990 -74.025459
2.358967 -74.030151
2.418942 -74.034798
2.478915 -74.039398
2.538884 -74.043953
2.598851 -74.048462
2.658814 -74.052925
2.718775 -74.057343
2.778733 -74.061714
2.838688 -74.066040
2.898640 -74.070320
2.958589 -74.074554
3.018534 -74.078743
3.078477 -74.082886
3.138416 -74.086983
3.198352 -74.091034
3.258285 -74.095039
3.318215 -74.098999
3.378141 -74.102913
3.438064 -74.106781
3.497984 -74.110603
3.557900 -74.114380
3.617813 -74.118111
3.677722 -74.121796
3.737627 -74.125435
3.797529 -74.129028
3.857428 -74.132576
3.917322 -74.136078
3.977213 -74.139534
4.037101 -74.142944
4.096984 -74.146309
4.156864 -74.149628
4.216740 -74.152901
4.276612 -74.156128
4.336481 -74.159309
4.396345 -74.162445
4.456206 -74.165535
4.516063 -74.168579
4.575915 -74.171577
4.635764 -74.174530
4.695608 -74.177437
4.755447 -74.180298
4.815283 -74.183113
4.875114 -74.185883
4.934941 -74.188606
4.994763 -74.191284
5.054582 -74.193916
5.114396 -74.196503
5.174205 -74.199043
5.234011 -74.201538
5.293812 -74.203987
5.353608 -74.206390
5.413400 -74.208748
5.473186 -74.211060
5.532969 -74.213326
5.592746 -74.215546
5.652518 -74.217720
5.712286 -74.219849
5.772049 -74.221931
5.831807 -74.223969
5.891561 -74.225960
5.951309 -74.227905
6.011053 -74.229805
6.070792 -74.231659
6.130526 -74.233467
6.190255 -74.235229
6.249978 -74.236946
6.309696 -74.238617
6.369409 -74.240242
6.429117 -74.241821
6.488819 -74.243355
6.548516 -74.244843
6.608208 -74.246284
6.667895 -74.247681
6.727576 -74.249031
6.787252 -74.250336
6.846923 -74.251595
6.906589 -74.252808
6.966248 -74.253975
7.025902 -74.255096
7.085550 -74.256172
7.145192 -74.257202
7.204829 -74.258186
7.264460 -74.259125
7.324085 -74.260017
7.383704 -74.260864
7.443318 -74.261665
7.502926 -74.262421
7.562528 -74.263130
7.622125 -74.263794
7.681715 -74.264412
7.741299 -74.264984
7.800877 -74.265511
7.860449 -74.265991
7.920014 -74.266426
7.979574 -74.266815
8.039127 -74.267159
8.098675 -74.267456
8.158216 -74.267708
8.217750 -74.267914
8.277277 -74.268074
8.336798 -74.268188
8.396312 -74.268257
8.455819 -74.268280
8.515320 -74.268257
8.574814 -74.268188
8.634301 -74.268074
8.693782 -74.267914
8.753256 -74.267708
8.812723 -74.267456
8.872184 -74.267159
8.931638 -74.266815
8.991085 -74.266426
9.050526 -74.265991
9.109960 -74.265511
9.169387 -74.264984
9.228807 -74.264412
9.288221 -74.263794
9.347629 -74.263130
9.407029 -74.262421
9.466423 -74.261665
9.525810 -74.260864
9.585191 -74.260017
9.644564 -74.259125
9.703929 -74.258186
9.763287 -74.257202
9.822637 -74.256172
9.881979 -74.255096
9.941314 -74.253975
10.000641 -74.252808
10.059960 -74.251595
10.119272 -74.250336
10.178576 -74.249031
10.237873 -74.247681
10.297162 -74.246284
10.356443 -74.244843
10.415717 -74.243355
10.474983 -74.241821
10.534242 -74.240242
10.593493 -74.238617
10.652736 -74.236946
10.711971 -74.235229
10.771199 -74.233467
10.830420 -74.231659
10.889632 -74.229805
10.948837 -74.227905
11.008035 -74.225960
11.067225 -74.223969
11.126407 -74.221931
11.185581 -74.219849
11.244748 -74.217720
11.303906 -74.215546
11.363056 -74.213326
11.422197 -74.211060
11.481330 -74.208748
11.540454 -74.206390
11.599569 -74.203987
11.658676 -74.201538
11.717774 -74.199043
11.776864 -74.196503
11.835945 -74.193916
11.895018 -74.191284
11.954082 -74.188606
12.013137 -74.185883
12.072184 -74.183113
12.131222 -74.180298
12.190251 -74.177437
12.249272 -74.174530
12.308285 -74.171577
12.367289 -74.168579
12.426284 -74.165535
12.485271 -74.162445
12.544249 -74.159309
12.603218 -74.156128
12.662179 -74.152901
12.721131 -74.149628
12.780075 -74.146309
12.839010 -74.142944
12.897936 -74.139534
12.956852 -74.136078
13.015759 -74.132576
13.074656 -74.129028
13.133543 -74.125435
13.192421 -74.121796
13.251289 -74.118111
13.310148 -74.114380
13.368998 -74.110603
13.427837 -74.106781
13.486668 -74.102913
13.545488 -74.098999
13.604300 -74.095039
13.663101 -74.091034
13.721893 -74.086983
13.780676 -74.082886
13.839449 -74.078743
13.898212 -74.074554
13.956966 -74.070320
14.015711 -74.066040
14.074446 -74.061714
14.133171 -74.057343
14.191887 -74.052925
14.250593 -74.048462
14.309290 -74.043953
14.367977 -74.039398
14.426655 -74.034798
14.485323 -74.030151
14.543982 -74.025459
14.602630 -74.020721
14.661267 -74.015938
14.719894 -74.011108
14.778511 -74.006233
14.837117 -74.001312
14.895713 -73.996346
14.954298 -73.991333
15.012873 -73.986275
15.071437 -73.981171
15.129991 -73.976021
15.188534 -73.970825
15.247066 -73.965584
15.305589 -73.960297
15.364100 -73.954964
15.422602 -73.949585
15.481092 -73.944160
15.539573 -73.938690
15.598042 -73.933174
15.656502 -73.927612
15.714951 -73.922005
15.773389 -73.916351
15.831817 -73.910652
15.890234 -73.904907
15.948641 -73.899117
16.007036 -73.893280
16.065420 -73.887398
16.123793 -73.881470
16.182154 -73.875496
16.240503 -73.869476
16.298841 -73.863411
16.357168 -73.857300
16.415483 -73.851143
16.473787 -73.844940
16.532080 -73.838692
16.590361 -73.832397
16.648630 -73.826057
16.706888 -73.819672
16.765135 -73.813240
16.823370 -73.806763
16.881594 -73.800240
16.939806 -73.793671
16.998007 -73.787056
17.056196 -73.780396
17.114374 -73.773689
17.172541 -73.766937
17.230696 -73.760139
17.288839 -73.753296
17.346972 -73.746407
17.405092 -73.739471
17.463202 -73.732491
17.521299 -73.725464
17.579386 -73.718391
17.637461 -73.711273
17.695524 -73.704109
17.753576 -73.696899
17.811617 -73.689644
17.869646 -73.682343
17.927664 -73.674995
17.985670 -73.667603
18.043665 -73.660164
18.101648 -73.652679
18.159620 -73.645149
18.217581 -73.637573
18.275530 -73.629951
18.333467 -73.622284
18.391394 -73.614571
18.449308 -73.606812
18.507212 -73.599007
18.565104 -73.591156
18.622984 -73.583260
18.680853 -73.575317
18.738710 -73.567329
18.796556 -73.559296
18.854389 -73.551216
18.912209 -73.543091
18.970015 -73.534920
19.027807 -73.526703
19.085587 -73.518440
19.143353 -73.510132
19.201105 -73.501778
19.258844 -73.493378
19.316570 -73.484932
19.374283 -73.476440
19.431982 -73.467903
19.489668 -73.459320
19.547340 -73.450691
19.605000 -73.442017
19.662645 -73.433296
19.720278 -73.424530
19.777897 -73.415718
19.835503 -73.406860
19.893095 -73.397957
19.950674 -73.389008
20.008240 -73.380013
20.065792 -73.370972
20.123331 -73.361885
20.180857 -73.352753
20.238369 -73.343575
20.295868 -73.334351
20.353354 -73.325081
20.410826 -73.315765
20.468285 -73.306404
20.525730 -73.296997
20.583162 -73.287544
20.640581 -73.278046
20.697987 -73.268501
20.755379 -73.258911
20.812757 -73.249275
20.870123 -73.239594
20.927475 -73.229866
20.984814 -73.220093
21.042139 -73.210274
21.099451 -73.200409
21.156750 -73.190498
21.214035 -73.180542
21.271307 -73.170540
21.328566 -73.160492
21.385811 -73.150398
21.443043 -73.140259
21.500261 -73.130074
21.557467 -73.119843
21.614658 -73.109566
21.671837 -73.099243
21.729002 -73.088875
21.786154 -73.078461
21.843292 -73.068001
21.900417 -73.057495
21.957529 -73.046944
22.014627 -73.036346
22.071712 -73.025703
22.128784 -73.015015
22.185843 -73.004280
22.242887 -72.993500
22.299919 -72.982674
22.356937 -72.971802
22.413940 -72.960884
22.470928 -72.949921
22.527901 -72.938911
22.584858 -72.927856
22.641800 -72.916756
22.698727 -72.905609
22.755638 -72.894417
22.812534 -72.883179
22.869415 -72.871895
22.926281 -72.860565
22.983131 -72.849190
23.039967 -72.837769
23.096786 -72.826302
23.153591 -72.814789
23.210381 -72.803230
23.267155 -72.791626
23.323914 -72.779976
23.380657 -72.768280
23.437386 -72.756538
23.494099 -72.744751
23.550797 -72.732918
23.607479 -72.721039
23.664146 -72.709114
23.720798 -72.697144
23.777435 -72.685127
23.834057 -72.673065
23.890663 -72.660957
23.947254 -72.648804
24.003830 -72.636604
24.060390 -72.624359
24.116936 -72.612068
24.173466 -72.599731
24.229980 -72.587349
24.286480 -72.574921
24.342964 -72.562447
24.399433 -72.549927
24.455887 -72.537361
24.512325 -72.524750
24.568748 -72.512093
24.625156 -72.499390
24.681549 -72.486641
24.737926 -72.473846
24.794289 -72.461006
24.850636 -72.448120
24.906967 -72.435188
24.963284 -72.422211
25.019585 -72.409187
25.075871 -72.396118
25.132141 -72.383011
25.188396 -72.369865
25.244637 -72.356682
25.300861 -72.343460
25.357071 -72.330200
25.413265 -72.316902
25.469444 -72.303566
25.525608 -72.290192
25.581757 -72.276779
25.637890 -72.263329
25.694008 -72.249840
25.750111 -72.236313
25.806198 -72.222748
25.862270 -72.209145
25.918327 -72.195503
25.974369 -72.181824
26.030396 -72.168106
26.086405 -72.154350
26.142397 -72.140556
26.198372 -72.126724
26.254330 -72.112854
26.310270 -72.098946
26.366194 -72.084999
26.422100 -72.071014
26.477989 -72.056992
26.533861 -72.042931
26.589716 -72.028831
26.645554 -72.014694
26.701374 -72.000519
26.757177 -71.986305
26.812963 -71.972054
26.868732 -71.957764
26.924484 -71.943436
26.980219 -71.929070
27.035936 -71.914665
27.091637 -71.900223
27.147320 -71.885742
27.202986 -71.871223
27.258635 -71.856667
27.314266 -71.842072
27.369881 -71.827438
27.425478 -71.812767
27.481058 -71.798058
27.536621 -71.783310
27.592167 -71.768524
27.647696 -71.753700
27.703207 -71.738838
27.758701 -71.723938
27.814178 -71.709000
27.869638 -71.694023
27.925081 -71.679008
27.980507 -71.663956
28.035915 -71.648865
28.091307 -71.633736
28.146681 -71.618568
28.202038 -71.603363
28.257378 -71.588120
28.312700 -71.572838
28.368006 -71.557518
28.423294 -71.542160
28.478565 -71.526764
28.533819 -71.511330
28.589056 -71.495857
28.644276 -71.480347
28.699478 -71.464798
28.754663 -71.449211
28.809832 -71.433586
28.864983 -71.417923
28.920116 -71.402222
28.975233 -71.386482
29.030333 -71.370705
29.085415 -71.354889
29.140480 -71.339035
29.195528 -71.323143
29.250559 -71.307213
29.305573 -71.291245
29.360569 -71.275238
29.415548 -71.259193
29.470510 -71.243111
29.525455 -71.226990
29.580383 -71.210831
29.635294 -71.194633
29.690187 -71.178398
29.745064 -71.162125
29.799923 -71.145813
29.854763 -71.129463
29.909584 -71.113075
29.964386 -71.096649
30.019169 -71.080185
30.073933 -71.063683
30.128677 -71.047142
30.183403 -71.030563
30.238110 -71.013947
30.292797 -70.997292
30.347466 -70.980598
30.402115 -70.963867
30.456745 -70.947098
30.511356 -70.930290
30.565948 -70.913445
30.620522 -70.896561
30.675076 -70.879639
30.729610 -70.862679
30.784126 -70.845680
30.838623 -70.828644
30.893101 -70.811569
30.947559 -70.794456
31.001999 -70.777306
31.056419 -70.760117
31.110821 -70.742889
31.165203 -70.725624
31.219566 -70.708321
31.273911 -70.690979
31.328236 -70.673599
31.382542 -70.656181
31.436829 -70.638725
31.491096 -70.621231
31.545345 -70.603699
31.599575 -70.586128
31.653786 -70.568520
31.707977 -70.550873
31.762150 -70.533188
31.816303 -70.515465
31.870438 -70.497704
31.924553 -70.479904
31.978649 -70.462067
32.032726 -70.444191
32.086784 -70.426277
32.140823 -70.408325
32.194843 -70.390335
32.248844 -70.372307
32.302826 -70.354240
32.356789 -70.336136
32.410732 -70.317993
32.464657 -70.299812
32.518562 -70.281593
32.572449 -70.263336
32.626316 -70.245041
32.680164 -70.226707
32.733994 -70.208336
32.787804 -70.189926
32.841595 -70.171478
32.895367 -70.152992
32.949120 -70.134468
33.002853 -70.115906
33.056568 -70.097305
33.110264 -70.078667
33.163940 -70.059990
33.217598 -70.041275
33.271236 -70.022522
33.324856 -70.003731
33.378456 -69.984901
33.432037 -69.966034
33.485600 -69.947128
33.539143 -69.928185
33.592667 -69.909203
33.646172 -69.890182
33.699657 -69.871124
33.753124 -69.852028
33.806572 -69.832893
33.860001 -69.813721
33.913410 -69.794510
33.966801 -69.775261
34.020172 -69.755974
34.073524 -69.736649
34.126858 -69.717285
34.180172 -69.697884
34.233467 -69.678444
34.286743 -69.658966
34.340000 -69.639450
34.393238 -69.619896
34.446457 -69.600304
34.499657 -69.580673
34.552837 -69.561005
34.605999 -69.541298
34.659142 -69.521553
34.712265 -69.501770
34.765369 -69.481949
34.818455 -69.462090
34.871521 -69.442192
34.924568 -69.422256
34.977596 -69.402283
35.030605 -69.382271
35.083595 -69.362221
35.136566 -69.342133
35.189518 -69.322006
35.242451 -69.301842
35.295364 -69.281639
35.348259 -69.261398
35.401134 -69.241119
35.453991 -69.220802
35.506828 -69.200447
35.559647 -69.180054
35.612446 -69.159622
35.665226 -69.139153
35.717987 -69.118645
35.770725 -69.098099
35.823441 -69.077515
35.876133 -69.056892
35.928802 -69.036232
35.981449 -69.015533
36.034073 -68.994797
36.086674 -68.974022
36.139252 -68.953209
36.191807 -68.932358
36.244339 -68.911469
36.296848 -68.890541
36.349335 -68.869576
36.401798 -68.848572
36.454239 -68.827530
36.506657 -68.806450
36.559052 -68.785332
36.611423 -68.764175
36.663773 -68.742981
36.716099 -68.721748
36.768402 -68.700478
36.820683 -68.679169
36.872940 -68.657822
36.925175 -68.636436
36.977386 -68.615013
37.029575 -68.593552
37.081741 -68.572052
37.133884 -68.550514
37.186005 -68.528938
37.238102 -68.507324
37.290176 -68.485672
37.342228 -68.463982
37.394257 -68.442253
37.446262 -68.420486
37.498245 -68.398682
37.550205 -68.376839
37.602142 -68.354958
37.654057 -68.333038
37.705948 -68.311081
37.757816 -68.289085
37.809662 -68.267052
37.861485 -68.244980
37.913284 -68.222870
37.965061 -68.200722
38.016815 -68.178535
38.068546 -68.156311
38.120255 -68.134048
38.171940 -68.111748
38.223602 -68.089409
38.275242 -68.067032
38.326859 -68.044617
38.378452 -68.022163
38.430023 -67.999672
38.481571 -67.977142
38.533096 -67.954575
38.584599 -67.931969
38.636078 -67.909325
38.687534 -67.886642
38.738968 -67.863922
38.790379 -67.841164
38.841766 -67.818367
38.893131 -67.795532
38.944473 -67.772659
38.995792 -67.749748
39.047089 -67.726799
39.098362 -67.703812
39.149612 -67.680786
39.200840 -67.657722
39.252045 -67.634621
39.303226 -67.611481
39.354385 -67.588303
39.405521 -67.565086
39.456635 -67.541832
39.507725 -67.518539
39.558792 -67.495209
39.609837 -67.471840
39.660858 -67.448433
39.711857 -67.424988
39.762833 -67.401505
39.813786 -67.377983
39.864716 -67.354424
39.915623 -67.330826
39.966507 -67.307190
40.017368 -67.283516
40.068207 -67.259804
40.119022 -67.236053
40.169815 -67.212265
40.220585 -67.188438
40.271332 -67.164574
40.322056 -67.140671
40.372757 -67.116730
40.423435 -67.092751
40.474091 -67.068733
40.524723 -67.044678
40.575333 -67.020584
40.625919 -66.996452
40.676483 -66.972282
40.727024 -66.948074
40.777542 -66.923828
40.828037 -66.899544
40.878510 -66.875221
40.928959 -66.850861
40.979385 -66.826462
41.029789 -66.802025
41.080170 -66.777550
41.130527 -66.753036
41.180862 -66.728485
41.231174 -66.703896
41.281464 -66.679268
41.331730 -66.654602
41.381973 -66.629898
41.432194 -66.605156
41.482391 -66.580376
41.532566 -66.555557
41.582718 -66.530701
41.632847 -66.505806
41.682953 -66.480873
41.733036 -66.455902
41.783096 -66.430893
41.833134 -66.405846
41.883148 -66.380760
41.933140 -66.355637
41.983109 -66.330475
42.033054 -66.305275
42.082977 -66.280037
42.132877 -66.254761
42.182755 -66.229446
42.232609 -66.204094
42.282440 -66.178703
42.332249 -66.153275
42.382034 -66.127808
42.431797 -66.102303
42.481537 -66.076759
42.531254 -66.051178
42.580948 -66.025558
42.630619 -65.999901
42.680267 -65.974205
42.729893 -65.948471
42.779495 -65.922699
42.829075 -65.896889
42.878632 -65.871040
42.928165 -65.845154
42.977676 -65.819229
43.027164 -65.793266
43.076630 -65.767265
43.126072 -65.741226
43.175491 -65.715149
43.224888 -65.689034
43.274261 -65.662880
43.323612 -65.636688
43.372940 -65.610458
43.422245 -65.584190
43.471527 -65.557884
43.520786 -65.531540
43.570023 -65.505157
43.619236 -65.478737
43.668427 -65.452278
43.717594 -65.425781
43.766739 -65.399246
43.815861 -65.372673
43.864960 -65.346062
43.914036 -65.319412
43.963089 -65.292725
44.012119 -65.265999
44.061127 -65.239235
44.110111 -65.212433
44.159073 -65.185593
44.208008 -65.158714
44.256916 -65.131798
44.305798 -65.104843
44.354652 -65.077850
44.403481 -65.050819
44.452282 -65.023750
44.501057 -64.996643
44.549805 -64.969498
44.598526 -64.942314
44.647221 -64.915092
44.695889 -64.887833
44.744530 -64.860535
44.793144 -64.833199
44.841732 -64.805824
44.890293 -64.778419
44.938828 -64.750984
44.987335 -64.723518
45.035816 -64.696022
45.084270 -64.668495
45.132698 -64.640938
45.181099 -64.613350
45.229473 -64.585732
45.277821 -64.558083
45.326141 -64.530403
45.374435 -64.502693
45.422703 -64.474953
45.470943 -64.447182
45.519157 -64.419380
45.567345 -64.391548
45.615505 -64.363686
45.663639 -64.335793
45.711746 -64.307869
45.759827 -64.279915
45.807880 -64.251930
45.855907 -64.223915
45.903908 -64.195869
45.951881 -64.167793
45.999828 -64.139687
46.047749 -64.111549
46.095642 -64.083382
46.143509 -64.055183
46.191349 -64.026955
46.239162 -63.998692
46.286949 -63.970394
46.334709 -63.942062
46.382442 -63.913696
46.430149 -63.885296
46.477829 -63.856861
46.525482 -63.828392
46.573109 -63.799889
46.620708 -63.771351
46.668282 -63.742779
46.715828 -63.714172
46.763348 -63.685532
46.810841 -63.656857
46.858307 -63.628147
46.905746 -63.599403
46.953159 -63.570625
47.000546 -63.541813
47.047905 -63.512966
47.095238 -63.484085
47.142544 -63.455170
47.189823 -63.426220
47.237076 -63.397236
47.284302 -63.368217
47.331501 -63.339165
47.378674 -63.310078
47.425819 -63.280956
47.472939 -63.251801
47.520031 -63.222610
47.567097 -63.193386
47.614136 -63.164127
47.661148 -63.134834
47.708134 -63.105507
47.755093 -63.076145
47.802025 -63.046749
47.848930 -63.017319
47.895809 -62.987854
47.942661 -62.958355
47.989487 -62.928822
48.036285 -62.899254
48.083057 -62.869652
48.129803 -62.840015
48.176521 -62.810345
48.223213 -62.780640
48.269878 -62.750900
48.316517 -62.721127
48.363129 -62.691319
48.409714 -62.661476
48.456272 -62.631599
48.502804 -62.601688
48.549309 -62.571743
48.595787 -62.541763
48.642239 -62.511749
48.688663 -62.481701
48.735062 -62.451618
48.781433 -62.421501
48.827778 -62.391350
48.874096 -62.361164
48.920387 -62.330944
48.966652 -62.300694
49.012890 -62.270412
49.059101 -62.240101
49.105286 -62.209759
49.151443 -62.179386
49.197575 -62.148983
49.243679 -62.118549
49.289757 -62.088085
49.335808 -62.057590
49.381832 -62.027065
49.427830 -61.996510
49.473801 -61.965923
49.519745 -61.935307
49.565662 -61.904659
49.611553 -61.873981
49.657417 -61.843273
49.703255 -61.812534
49.749065 -61.781765
49.794849 -61.750965
49.840607 -61.720135
49.886337 -61.689274
49.932041 -61.658382
49.977718 -61.627460
50.023369 -61.596508
50.068993 -61.565525
50.114590 -61.534512
50.160160 -61.503468
50.205704 -61.472393
50.251221 -61.441288
50.296711 -61.410152
50.342175 -61.378986
50.387611 -61.347790
50.433022 -61.316563
50.478405 -61.285305
50.523762 -61.254017
50.569092 -61.222698
50.614395 -61.191349
50.659672 -61.159969
50.704922 -61.128559
50.750145 -61.097118
50.795341 -61.065647
50.840511 -61.034145
50.885654 -61.002613
50.930771 -60.971050
50.975861 -60.939457
51.020924 -60.907833
51.065960 -60.876179
51.110970 -60.844494
51.155952 -60.812778
51.200909 -60.781033
51.245838 -60.749256
51.290741 -60.717449
51.335617 -60.685612
51.380466 -60.653744
51.425289 -60.621845
51.470085 -60.589916
51.514854 -60.557957
51.559597 -60.525967
51.604313 -60.493946
51.649002 -60.461895
51.693665 -60.429813
51.738300 -60.397701
51.782909 -60.365559
51.827492 -60.333385
51.872047 -60.301182
51.916576 -60.268948
51.961079 -60.236683
52.005554 -60.204388
52.050003 -60.172062
52.094425 -60.139706
52.138821 -60.107319
52.183189 -60.074902
52.227531 -60.042454
52.271847 -60.009975
52.316135 -59.977467
52.360397 -59.944927
52.404633 -59.912357
52.448841 -59.879757
52.493023 -59.847126
52.537178 -59.814465
52.581306 -59.781773
52.625408 -59.749050
52.669483 -59.716297
52.713531 -59.683514
52.757553 -59.650700
52.801548 -59.617855
52.845516 -59.584980
52.889458 -59.552074
52.933372 -59.519138
52.977261 -59.486172
53.021122 -59.453175
53.064957 -59.420147
53.108765 -59.387089
53.152546 -59.354000
53.196301 -59.320881
53.240028 -59.287731
53.283726 -59.254551
53.327393 -59.221340
53.371029 -59.188099
53.414635 -59.154827
53.458210 -59.121525
53.501755 -59.088192
53.545269 -59.054829
53.588753 -59.021435
53.632206 -58.988010
53.675629 -58.954556
53.719021 -58.921070
53.762383 -58.887554
53.805714 -58.854008
53.849014 -58.820431
53.892284 -58.786823
53.935524 -58.753185
53.978733 -58.719517
54.021912 -58.685818
54.065060 -58.652088
54.108177 -58.618328
54.151264 -58.584538
54.194321 -58.550716
54.237347 -58.516865
54.280342 -58.482983
54.323307 -58.449070
54.366241 -58.415127
54.409145 -58.381153
54.452019 -58.347149
54.494862 -58.313114
54.537674 -58.279049
54.580456 -58.244953
54.623207 -58.210827
54.665928 -58.176670
54.708618 -58.142483
54.751278 -58.108265
54.793907 -58.074017
54.836506 -58.039738
54.879074 -58.005428
54.921612 -57.971088
54.964119 -57.936718
55.006596 -57.902317
55.049042 -57.867886
55.091457 -57.833424
55.133842 -57.798931
55.176197 -57.764408
55.218521 -57.729855
55.260815 -57.695271
55.303078 -57.660656
55.345310 -57.626011
55.387512 -57.591335
55.429684 -57.556629
55.471825 -57.521893
55.513935 -57.487125
55.556015 -57.452328
55.598064 -57.417500
55.640083 -57.382641
55.682072 -57.347752
55.724030 -57.312832
55.765957 -57.277882
55.807854 -57.242901
55.849720 -57.207890
55.891556 -57.172848
55.933361 -57.137775
55.975136 -57.102673
56.016880 -57.067539
56.058594 -57.032375
56.100277 -56.997181
56.141930 -56.961956
56.183552 -56.926701
56.225143 -56.891415
56.266705 -56.856098
56.308235 -56.820755
56.349735 -56.785385
56.391205 -56.749989
56.432644 -56.714565
56.474052 -56.679115
56.515430 -56.643639
56.556778 -56.608135
56.598095 -56.572605
56.639381 -56.537048
56.680637 -56.501465
56.721863 -56.465855
56.763058 -56.430218
56.804222 -56.394554
56.845356 -56.358864
56.886459 -56.323147
56.927532 -56.287403
56.968575 -56.251633
57.009586 -56.215836
57.050568 -56.180012
57.091518 -56.144161
57.132439 -56.108284
57.173328 -56.072380
57.214188 -56.036449
57.255016 -56.000492
57.295815 -55.964508
57.336582 -55.928497
57.377319 -55.892460
57.418026 -55.856396
57.458702 -55.820305
57.499348 -55.784187
57.539963 -55.748043
57.580547 -55.711872
57.621101 -55.675674
57.661625 -55.639450
57.702118 -55.603199
57.742580 -55.566921
57.783012 -55.530617
57.823414 -55.494286
57.863785 -55.457928
57.904125 -55.421543
57.944435 -55.385132
57.984715 -55.348694
58.024963 -55.312229
58.065182 -55.275738
58.105370 -55.239220
58.145527 -55.202675
58.185654 -55.166103
58.225750 -55.129505
58.265816 -55.092880
58.305851 -55.056229
58.345856 -55.019550
58.385830 -54.982845
58.425774 -54.946114
58.465687 -54.909355
58.505569 -54.872570
58.545422 -54.835758
58.585243 -54.798920
58.625034 -54.762054
58.664795 -54.725163
58.704525 -54.688244
58.744225 -54.651299
58.783894 -54.614326
58.823532 -54.577328
58.863140 -54.540302
58.902718 -54.503250
58.942265 -54.466171
58.981781 -54.429066
59.021267 -54.391933
59.060722 -54.354774
59.100147 -54.317589
59.139542 -54.280376
59.178905 -54.243137
59.218239 -54.205872
59.257542 -54.168579
59.296814 -54.131260
59.336056 -54.093914
59.375267 -54.056541
59.414448 -54.019142
59.453598 -53.981716
59.492718 -53.944263
59.531807 -53.906784
59.570866 -53.869278
59.609894 -53.831745
59.648891 -53.794186
59.687859 -53.756599
59.726795 -53.718987
59.765701 -53.681347
59.804577 -53.643681
59.843422 -53.605988
59.882236 -53.568268
59.921021 -53.530521
59.959774 -53.492748
59.998497 -53.454948
60.037189 -53.417122
60.075851 -53.379269
60.114483 -53.341389
60.153084 -53.303482
60.191654 -53.265549
60.230194 -53.227589
60.268703 -53.189602
60.307182 -53.151588
60.345631 -53.113548
60.384048 -53.075481
60.422436 -53.037388
60.460793 -52.999268
60.499119 -52.961121
60.537415 -52.922947
60.575680 -52.884747
60.613914 -52.846519
60.652119 -52.808266
60.690292 -52.769985
60.728436 -52.731678
60.766548 -52.693344
60.804630 -52.654984
60.842682 -52.616596
60.880703 -52.578182
60.918694 -52.539742
60.956654 -52.501274
60.994583 -52.462780
61.032482 -52.424259
61.070351 -52.385712
61.108189 -52.347137
61.145996 -52.308537
61.183773 -52.269909
61.221519 -52.231255
61.259235 -52.192574
61.296921 -52.153866
61.334576 -52.115131
61.372200 -52.076370
61.409794 -52.037582
61.447357 -51.998768
61.484890 -51.959927
61.522392 -51.921059
61.559864 -51.882164
61.597305 -51.843243
61.634716 -51.804295
61.672096 -51.765320
61.709446 -51.726318
61.746765 -51.687290
61.784054 -51.648235
61.821312 -51.609154
61.858540 -51.570045
61.895737 -51.530910
61.932903 -51.491749
61.970039 -51.452560
62.007145 -51.413345
62.044220 -51.374104
62.081264 -51.334835
62.118279 -51.295540
62.155262 -51.256218
62.192215 -51.216869
62.229137 -51.177494
62.266029 -51.138092
62.302891 -51.098663
62.339722 -51.059208
62.376522 -51.019726
62.413292 -50.980217
62.450031 -50.940681
62.486740 -50.901119
62.523418 -50.861530
62.560066 -50.821915
62.596684 -50.782272
62.633270 -50.742603
62.669827 -50.702908
62.706352 -50.663189
62.742847 -50.623447
62.779312 -50.583683
62.815746 -50.543896
62.852150 -50.504086
62.888523 -50.464252
62.924862 -50.424397
62.961166 -50.384518
62.997437 -50.344616
63.033672 -50.304691
63.069874 -50.264744
63.106041 -50.224773
63.142174 -50.184780
63.178272 -50.144764
63.214336 -50.104725
63.250366 -50.064663
63.286362 -50.024578
63.322323 -49.984470
63.358250 -49.944340
63.394142 -49.904186
63.430000 -49.864010
63.465824 -49.823811
63.501614 -49.783588
63.537369 -49.743343
63.573090 -49.703075
63.608776 -49.662785
63.644428 -49.622471
63.680046 -49.582134
63.715630 -49.541775
63.751179 -49.501392
63.786694 -49.460987
63.822174 -49.420559
63.857620 -49.380108
63.893032 -49.339634
63.928410 -49.299137
63.963753 -49.258617
63.999062 -49.218075
64.034340 -49.177509
64.069588 -49.136921
64.104805 -49.096310
64.139992 -49.055676
64.175148 -49.015018
64.210274 -48.974339
64.245369 -48.933636
64.280434 -48.892910
64.315468 -48.852161
64.350471 -48.811390
64.385445 -48.770596
64.420387 -48.729778
64.455299 -48.688938
64.490181 -48.648075
64.525032 -48.607189
64.559853 -48.566280
64.594643 -48.525349
64.629402 -48.484394
64.664131 -48.443417
64.698830 -48.402416
64.733498 -48.361393
64.768135 -48.320347
64.802742 -48.279278
64.837318 -48.238186
64.871864 -48.197071
64.906380 -48.155933
64.940865 -48.114773
64.975319 -48.073589
65.009743 -48.032383
65.044136 -47.991154
65.078499 -47.949902
65.112831 -47.908627
65.147133 -47.867329
65.181404 -47.826008
65.215645 -47.784664
65.249855 -47.743298
65.284035 -47.701908
65.318184 -47.660496
65.352303 -47.619061
65.386391 -47.577602
65.420448 -47.536121
65.454475 -47.494617
65.488472 -47.453091
65.522438 -47.411541
65.556374 -47.369968
65.590279 -47.328373
65.624153 -47.286755
65.657997 -47.245113
65.691811 -47.203449
65.725594 -47.161762
65.759346 -47.120052
65.793068 -47.078320
65.826759 -47.036564
65.860420 -46.994785
65.894051 -46.952984
65.927650 -46.911160
65.961220 -46.869312
65.994759 -46.827442
66.028267 -46.785549
66.061745 -46.743633
66.095192 -46.701694
66.128609 -46.659733
66.161995 -46.617748
66.195351 -46.575741
66.228676 -46.533710
66.261971 -46.491657
66.295235 -46.449581
66.328468 -46.407482
66.361671 -46.365360
66.394844 -46.323215
66.427986 -46.281048
66.461098 -46.238857
66.494179 -46.196644
66.527229 -46.154408
66.560249 -46.112148
66.593239 -46.069866
66.626198 -46.027561
66.659126 -45.985233
66.692024 -45.942883
66.724892 -45.900509
66.757729 -45.858112
66.790535 -45.815693
66.823311 -45.773251
66.856056 -45.730785
66.888771 -45.688297
66.921455 -45.645786
66.954109 -45.603252
66.986732 -45.560696
67.019325 -45.518116
67.051888 -45.475513
67.084419 -45.432888
67.116920 -45.390240
67.149391 -45.347569
67.181831 -45.304874
67.214241 -45.262157
67.246620 -45.219418
67.278969 -45.176655
67.311287 -45.133869
67.343575 -45.091061
67.375832 -45.048229
67.408058 -45.005375
67.440254 -44.962498
67.472420 -44.919598
67.504555 -44.876675
67.536659 -44.833729
67.568733 -44.790760
67.600777 -44.747768
67.632790 -44.704754
67.664772 -44.661716
67.696724 -44.618656
67.728645 -44.575573
67.760536 -44.532467
67.792397 -44.489338
67.824226 -44.446186
67.856026 -44.403011
67.887794 -44.359814
67.919533 -44.316593
67.951241 -44.273350
67.982918 -44.230083
68.014557 -44.186794
68.046158 -44.143482
68.077721 -44.100147
68.109245 -44.056789
68.140732 -44.013412
68.172180 -43.970016
68.203590 -43.926601
68.234962 -43.883167
68.266296 -43.839714
68.297592 -43.796242
68.328850 -43.752750
68.360069 -43.709240
68.391251 -43.665710
68.422394 -43.622162
68.453499 -43.578594
68.484566 -43.535007
68.515594 -43.491402
68.546585 -43.447777
68.577538 -43.404133
68.608452 -43.360470
68.639328 -43.316788
68.670166 -43.273087
68.700966 -43.229366
68.731728 -43.185627
68.762451 -43.141869
68.793137 -43.098091
68.823784 -43.054295
68.854393 -43.010479
68.884964 -42.966644
68.915497 -42.922791
68.945992 -42.878918
68.976448 -42.835026
69.006866 -42.791115
69.037247 -42.747185
69.067589 -42.703236
69.097893 -42.659267
69.128159 -42.615280
69.158386 -42.571274
69.188576 -42.527248
69.218727 -42.483204
69.248840 -42.439140
69.278915 -42.395058
69.308952 -42.350956
69.338951 -42.306835
69.368912 -42.262695
69.398834 -42.218536
69.428719 -42.174358
69.458565 -42.130161
69.488373 -42.085945
69.518143 -42.041710
69.547874 -41.997456
69.577568 -41.953182
69.607224 -41.908890
69.636841 -41.864578
69.666420 -41.820248
69.695961 -41.775898
69.725464 -41.731529
69.754929 -41.687141
69.784355 -41.642735
69.813744 -41.598309
69.843094 -41.553864
69.872406 -41.509399
69.901680 -41.464916
69.930916 -41.420414
69.960114 -41.375893
69.989273 -41.331352
70.018394 -41.286793
70.047478 -41.242214
70.076523 -41.197617
70.105530 -41.153000
70.134499 -41.108364
70.163429 -41.063709
70.192322 -41.019035
70.221176 -40.974342
70.249992 -40.929630
70.278770 -40.884899
70.307510 -40.840149
70.336212 -40.795380
70.364876 -40.750591
70.393501 -40.705784
70.422089 -40.660957
70.450638 -40.616112
70.479149 -40.571247
70.507622 -40.526363
70.536057 -40.481461
70.564453 -40.436539
70.592812 -40.391598
70.621132 -40.346638
70.649414 -40.301659
70.677658 -40.256660
70.705864 -40.211643
70.734032 -40.166607
70.762161 -40.121552
70.790253 -40.076477
70.818306 -40.031384
70.846321 -39.986271
70.874298 -39.941139
70.902237 -39.895988
70.930138 -39.850819
70.958000 -39.805630
70.985825 -39.760422
71.013611 -39.715195
71.041359 -39.669949
71.069069 -39.624683
71.096741 -39.579399
71.124374 -39.534096
71.151970 -39.488773
71.179527 -39.443432
71.207047 -39.398071
71.234528 -39.352692
71.261971 -39.307293
71.289375 -39.261875
71.316742 -39.216438
71.344070 -39.170982
71.371361 -39.125507
71.398613 -39.080013
71.425827 -39.034500
71.453003 -38.988968
71.480141 -38.943417
71.507240 -38.897846
71.534302 -38.852257
71.561325 -38.806648
71.588310 -38.761021
71.615257 -38.715374
71.642166 -38.669708
71.669037 -38.624023
71.695869 -38.578320
71.722664 -38.532597
71.749420 -38.486855
71.776138 -38.441093
71.802818 -38.395313
71.829460 -38.349514
71.856064 -38.303696
71.882629 -38.257858
71.909157 -38.212002
71.935646 -38.166126
71.962097 -38.120232
71.988510 -38.074318
72.014885 -38.028385
72.041222 -37.982433
72.067520 -37.936462
72.093781 -37.890472
72.120003 -37.844463
72.146187 -37.798435
72.172333 -37.752388
72.198441 -37.706322
72.224510 -37.660236
72.250542 -37.614132
72.276535 -37.568008
72.302490 -37.521866
72.328407 -37.475704
72.354286 -37.429523
72.380127 -37.383324
72.405930 -37.337105
72.431694 -37.290867
72.457420 -37.244610
72.483109 -37.198334
72.508759 -37.152039
72.534370 -37.105724
72.559944 -37.059391
72.585480 -37.013039
72.610977 -36.966667
72.636436 -36.920280
72.661858 -36.873878
72.687241 -36.827461
72.712585 -36.781029
72.737892 -36.734581
72.763161 -36.688118
72.788391 -36.641640
72.813583 -36.595146
72.838737 -36.548637
72.863853 -36.502113
72.888931 -36.455574
72.913971 -36.409019
72.938972 -36.362450
72.963936 -36.315865
72.988861 -36.269264
73.013748 -36.222649
73.038597 -36.176018
73.063408 -36.129372
73.088181 -36.082710
73.112915 -36.036034
73.137611 -35.989342
73.162270 -35.942635
73.186890 -35.895912
73.211472 -35.849174
73.236015 -35.802422
73.260521 -35.755653
73.284988 -35.708870
73.309418 -35.662071
73.333809 -35.615257
73.358162 -35.568428
73.382477 -35.521584
73.406754 -35.474724
73.430992 -35.427849
73.455193 -35.380959
73.479355 -35.334053
73.503479 -35.287132
73.527565 -35.240196
73.551613 -35.193245
73.575623 -35.146278
73.599594 -35.099297
73.623528 -35.052299
73.647423 -35.005287
73.671280 -34.958260
73.695099 -34.911217
73.718880 -34.864159
73.742622 -34.817085
73.766327 -34.769997
73.789993 -34.722893
73.813622 -34.675774
73.837212 -34.628639
73.860764 -34.581490
73.884277 -34.534325
73.907753 -34.487144
73.931190 -34.439949
73.954590 -34.392738
73.977951 -34.345512
74.001274 -34.298271
74.024559 -34.251015
74.047806 -34.203743
74.071014 -34.156456
74.094185 -34.109154
74.117317 -34.061836
74.140411 -34.014503
74.163467 -33.967155
74.186485 -33.919792
74.209465 -33.872414
74.232407 -33.825020
74.255310 -33.777611
74.278175 -33.730186
74.301003 -33.682747
74.323792 -33.635292
74.346542 -33.587822
74.369255 -33.540337
74.391930 -33.492836
74.414566 -33.445320
74.437164 -33.397789
74.459724 -33.350243
74.482246 -33.302681
74.504730 -33.255104
74.527176 -33.207512
74.549583 -33.159904
74.571953 -33.112282
74.594284 -33.064644
74.616577 -33.016991
74.638832 -32.969322
74.661049 -32.921638
74.683228 -32.873940
74.705368 -32.826225
74.727470 -32.778496
74.749535 -32.730751
74.771561 -32.682991
74.793549 -32.635216
74.815498 -32.587425
74.837410 -32.539619
74.859283 -32.491798
74.881119 -32.443962
74.902916 -32.396111
74.924675 -32.348244
74.946396 -32.300362
74.968079 -32.252464
74.989723 -32.204552
75.011330 -32.156624
75.032898 -32.108681
75.054428 -32.060722
75.075920 -32.012749
75.097374 -31.964760
75.118790 -31.916756
75.140167 -31.868736
75.161507 -31.820702
75.182808 -31.772652
75.204071 -31.724586
75.225296 -31.676506
75.246483 -31.628410
75.267632 -31.580299
75.288742 -31.532173
75.309814 -31.484032
75.330849 -31.435875
75.351845 -31.387703
75.372803 -31.339516
75.393723 -31.291315
75.414604 -31.243101
75.435448 -31.194874
75.456253 -31.146633
75.477020 -31.098379
75.497749 -31.050112
75.518440 -31.001831
75.539093 -30.953537
75.559708 -30.905230
75.580284 -30.856909
75.600822 -30.808575
75.621323 -30.760227
75.641785 -30.711866
75.662209 -30.663492
75.682594 -30.615105
75.702942 -30.566704
75.723251 -30.518290
75.743523 -30.469862
75.763756 -30.421421
75.783951 -30.372967
75.804108 -30.324499
75.824226 -30.276018
75.844307 -30.227524
75.864349 -30.179016
75.884354 -30.130495
75.904320 -30.081961
75.924248 -30.033413
75.944138 -29.984852
75.963989 -29.936277
75.983803 -29.887690
76.003578 -29.839088
76.023315 -29.790474
76.043015 -29.741846
76.062675 -29.693205
76.082298 -29.644550
76.101883 -29.595882
76.121429 -29.547201
76.140938 -29.498507
76.160408 -29.449799
76.179840 -29.401077
76.199234 -29.352343
76.218590 -29.303595
76.237907 -29.254833
76.257187 -29.206059
76.276428 -29.157270
76.295631 -29.108469
76.314796 -29.059654
76.333923 -29.010826
76.353012 -28.961985
76.372063 -28.913130
76.391075 -28.864262
76.410049 -28.815380
76.428986 -28.766485
76.447884 -28.717577
76.466743 -28.668655
76.485565 -28.619720
76.504349 -28.570772
76.523094 -28.521811
76.541801 -28.472836
76.560471 -28.423847
76.579102 -28.374846
76.597694 -28.325830
76.616249 -28.276802
76.634766 -28.227760
76.653244 -28.178705
76.671684 -28.129637
76.690086 -28.080555
76.708450 -28.031460
76.726776 -27.982351
76.745064 -27.933229
76.763313 -27.884094
76.781525 -27.834946
76.799698 -27.785784
76.817833 -27.736609
76.835930 -27.687420
76.853989 -27.638218
76.872009 -27.589003
76.889992 -27.539774
76.907936 -27.490532
76.925842 -27.441278
76.943710 -27.392014
76.961540 -27.342737
76.979332 -27.293449
76.997086 -27.244150
77.014801 -27.194839
77.032478 -27.145517
77.050117 -27.096184
77.067719 -27.046839
77.085281 -26.997482
77.102806 -26.948114
77.120293 -26.898735
77.137741 -26.849344
77.155151 -26.799942
77.172523 -26.750528
77.189857 -26.701103
77.207153 -26.651667
77.224411 -26.602219
77.241631 -26.552759
77.258812 -26.503288
77.275955 -26.453806
77.293060 -26.404312
77.310127 -26.354807
77.327156 -26.305290
77.344147 -26.255762
77.361099 -26.206223
77.378014 -26.156672
77.394890 -26.107109
77.411728 -26.057535
77.428528 -26.007950
77.445290 -25.958353
77.462013 -25.908745
77.478699 -25.859125
77.495346 -25.809494
77.511955 -25.759851
77.528526 -25.710197
77.545059 -25.660532
77.561554 -25.610855
77.578011 -25.561167
77.594429 -25.511467
77.610809 -25.461756
77.627151 -25.412033
77.643456 -25.362299
77.659721 -25.312553
77.675949 -25.262796
77.692139 -25.213028
77.708290 -25.163248
77.724403 -25.113457
77.740479 -25.063654
77.756516 -25.013840
77.772514 -24.964014
77.788475 -24.914177
77.804398 -24.864328
77.820282 -24.814468
77.836128 -24.764597
77.851936 -24.714714
77.867706 -24.664820
77.883438 -24.614914
77.899132 -24.564997
77.914787 -24.515068
77.930405 -24.465128
77.945984 -24.415176
77.961525 -24.365213
77.977028 -24.315239
77.992493 -24.265253
78.007919 -24.215256
78.023308 -24.165247
78.038658 -24.115227
78.053970 -24.065195
78.069244 -24.015152
78.084480 -23.965097
78.099678 -23.915031
78.114838 -23.864954
78.129959 -23.814865
78.145042 -23.764765
78.160088 -23.714653
78.175095 -23.664530
78.190063 -23.614395
78.204994 -23.564251
78.219887 -23.514097
78.234741 -23.463934
78.249557 -23.413761
78.264336 -23.363579
78.279076 -23.313387
78.293777 -23.263186
78.308441 -23.212975
78.323067 -23.162754
78.337654 -23.112524
78.352203 -23.062284
78.366714 -23.012035
78.381187 -22.961777
78.395622 -22.911509
78.410019 -22.861231
78.424377 -22.810944
78.438698 -22.760647
78.452980 -22.710340
78.467224 -22.660025
78.481430 -22.609699
78.495598 -22.559364
78.509727 -22.509020
78.523819 -22.458666
78.537872 -22.408302
78.551888 -22.357929
78.565865 -22.307547
78.579803 -22.257154
78.593704 -22.206753
78.607567 -22.156342
78.621391 -22.105921
78.635178 -22.055490
78.648926 -22.005051
78.662636 -21.954601
78.676308 -21.904142
78.689941 -21.853674
78.703537 -21.803196
78.717094 -21.752708
78.730614 -21.702211
78.744095 -21.651705
78.757538 -21.601189
78.770943 -21.550663
78.784309 -21.500128
78.797638 -21.449583
78.810928 -21.399029
78.824181 -21.348465
78.837395 -21.297892
78.850571 -21.247309
78.863708 -21.196716
78.876808 -21.146114
78.889870 -21.095503
78.902893 -21.044882
78.915878 -20.994251
78.928825 -20.943611
78.941734 -20.892962
78.954605 -20.842302
78.967438 -20.791634
78.980232 -20.740955
78.992989 -20.690268
79.005707 -20.639570
79.018387 -20.588863
79.031029 -20.538147
79.043633 -20.487421
79.056198 -20.436686
79.068726 -20.385941
79.081215 -20.335186
79.093666 -20.284422
79.106079 -20.233648
79.118454 -20.182865
79.130791 -20.132072
79.143089 -20.081270
79.155350 -20.030458
79.167572 -19.979637
79.179756 -19.928806
79.191902 -19.877966
79.204010 -19.827116
79.216080 -19.776257
79.228111 -19.725388
79.240105 -19.674511
79.252060 -19.623627
79.263977 -19.572735
79.275856 -19.521835
79.287697 -19.470928
79.299500 -19.420013
79.311264 -19.369091
79.322990 -19.318161
79.334679 -19.267223
79.346329 -19.216278
79.357941 -19.165325
79.369514 -19.114365
79.381050 -19.063396
79.392548 -19.012421
79.404007 -18.961437
79.415428 -18.910446
79.426811 -18.859447
79.438156 -18.808441
79.449463 -18.757427
79.460732 -18.706406
79.471962 -18.655376
79.483154 -18.604340
79.494308 -18.553295
79.505424 -18.502243
79.516502 -18.451183
79.527542 -18.400116
79.538544 -18.349041
79.549507 -18.297958
79.560432 -18.246868
79.571320 -18.195770
79.582169 -18.144665
79.592979 -18.093552
79.603752 -18.042431
79.614487 -17.991302
79.625183 -17.940166
79.635841 -17.889023
79.646461 -17.837872
79.657043 -17.786713
79.667587 -17.735546
79.678093 -17.684372
79.688560 -17.633190
79.698990 -17.582001
79.709381 -17.530804
79.719734 -17.479599
79.730049 -17.428387
79.740326 -17.377167
79.750565 -17.325939
79.760765 -17.274704
79.770927 -17.223461
79.781052 -17.172211
79.791138 -17.120953
79.801186 -17.069687
79.811195 -17.018414
79.821167 -16.967133
79.831100 -16.915844
79.840996 -16.864548
79.850853 -16.813244
79.860672 -16.761932
79.870453 -16.710613
79.880196 -16.659286
79.889900 -16.607952
79.899567 -16.556610
79.909195 -16.505260
79.918785 -16.453903
79.928337 -16.402538
79.937851 -16.351166
79.947327 -16.299786
79.956764 -16.248398
79.966164 -16.197002
79.975525 -16.145599
79.984848 -16.094189
79.994133 -16.042770
80.003380 -15.991345
80.012589 -15.939914
80.021759 -15.888475
80.030891 -15.837030
80.039986 -15.785579
80.049042 -15.734120
80.058060 -15.682655
80.067039 -15.631184
80.075981 -15.579705
80.084885 -15.528220
80.093750 -15.476728
80.102577 -15.425230
80.111366 -15.373725
80.120117 -15.322213
80.128830 -15.270695
80.137505 -15.219170
80.146141 -15.167638
80.154739 -15.116099
80.163300 -15.064554
80.171822 -15.013002
80.180305 -14.961444
80.188751 -14.909879
80.197159 -14.858307
80.205528 -14.806728
80.213860 -14.755144
80.222153 -14.703554
80.230408 -14.651958
80.238625 -14.600357
80.246803 -14.548750
80.254944 -14.497137
80.263046 -14.445518
80.271111 -14.393894
80.279137 -14.342264
80.287125 -14.290628
80.295074 -14.238987
80.302986 -14.187340
80.310860 -14.135687
80.318695 -14.084028
80.326492 -14.032364
80.334251 -13.980694
80.341972 -13.929018
80.349655 -13.877337
80.357300 -13.825649
80.364906 -13.773956
80.372475 -13.722258
80.380005 -13.670553
80.387497 -13.618843
80.394951 -13.567127
80.402367 -13.515406
80.409744 -13.463678
80.417084 -13.411945
80.424385 -13.360207
80.431648 -13.308462
80.438873 -13.256712
80.446060 -13.204956
80.453209 -13.153194
80.460320 -13.101427
80.467392 -13.049654
80.474426 -12.997875
80.481422 -12.946091
80.488380 -12.894300
80.495300 -12.842505
80.502182 -12.790704
80.509026 -12.738898
80.515831 -12.687088
80.522598 -12.635273
80.529327 -12.583453
80.536018 -12.531629
80.542671 -12.479799
80.549286 -12.427965
80.555862 -12.376126
80.562401 -12.324283
80.568901 -12.272434
80.575363 -12.220581
80.581787 -12.168723
80.588173 -12.116860
80.594521 -12.064993
80.600830 -12.013121
80.607101 -11.961244
80.613335 -11.909362
80.619530 -11.857475
80.625687 -11.805584
80.631805 -11.753688
80.637886 -11.701787
80.643929 -11.649881
80.649933 -11.597971
80.655899 -11.546056
80.661827 -11.494136
80.667717 -11.442211
80.673569 -11.390282
80.679382 -11.338347
80.685158 -11.286408
80.690895 -11.234465
80.696594 -11.182516
80.702255 -11.130563
80.707878 -11.078605
80.713463 -11.026642
80.719009 -10.974674
80.724518 -10.922702
80.729988 -10.870725
80.735420 -10.818744
80.740814 -10.766759
80.746170 -10.714770
80.751488 -10.662778
80.756767 -10.610782
80.762009 -10.558782
80.767212 -10.506778
80.772377 -10.454770
80.777504 -10.402759
80.782593 -10.350743
80.787643 -10.298724
80.792656 -10.246701
80.797630 -10.194674
80.802567 -10.142644
80.807465 -10.090610
80.812325 -10.038571
80.817146 -9.986529
80.821930 -9.934484
80.826675 -9.882434
80.831383 -9.830380
80.836052 -9.778323
80.840683 -9.726262
80.845276 -9.674197
80.849831 -9.622128
80.854347 -9.570056
80.858826 -9.517980
80.863266 -9.465899
80.867668 -9.413815
80.872032 -9.361728
80.876358 -9.309636
80.880646 -9.257541
80.884895 -9.205441
80.889107 -9.153338
80.893280 -9.101232
80.897415 -9.049121
80.901512 -8.997006
80.905571 -8.944888
80.909592 -8.892766
80.913574 -8.840641
80.917519 -8.788513
80.921425 -8.736382
80.925293 -8.684249
80.929123 -8.632113
80.932915 -8.579973
80.936668 -8.527831
80.940384 -8.475686
80.944061 -8.423538
80.947701 -8.371387
80.951302 -8.319234
80.954865 -8.267077
80.958389 -8.214918
80.961876 -8.162756
80.965324 -8.110591
80.968735 -8.058423
80.972107 -8.006252
80.975441 -7.954079
80.978737 -7.901902
80.981995 -7.849723
80.985214 -7.797541
80.988396 -7.745356
80.991539 -7.693168
80.994644 -7.640977
80.997711 -7.588783
81.000740 -7.536587
81.003731 -7.484387
81.006683 -7.432185
81.009598 -7.379981
81.012474 -7.327774
81.015312 -7.275564
81.018112 -7.223352
81.020874 -7.171138
81.023598 -7.118922
81.026283 -7.066703
81.028931 -7.014482
81.031540 -6.962258
81.034111 -6.910032
81.036644 -6.857803
81.039139 -6.805573
81.041595 -6.753339
81.044014 -6.701104
81.046394 -6.648866
81.048737 -6.596625
81.051041 -6.544383
81.053307 -6.492137
81.055534 -6.439890
81.057724 -6.387640
81.059875 -6.335389
81.061989 -6.283136
81.064064 -6.230881
81.066101 -6.178624
81.068100 -6.126365
81.070061 -6.074104
81.071983 -6.021841
81.073868 -5.969576
81.075714 -5.917310
81.077522 -5.865041
81.079292 -5.812771
81.081024 -5.760499
81.082718 -5.708224
81.084373 -5.655948
81.085991 -5.603670
81.087570 -5.551390
81.089111 -5.499108
81.090614 -5.446825
81.092079 -5.394540
81.093506 -5.342254
81.094894 -5.289967
81.096245 -5.237678
81.097557 -5.185387
81.098831 -5.133095
81.100067 -5.080802
81.101265 -5.028507
81.102425 -4.976211
81.103546 -4.923913
81.104630 -4.871614
81.105675 -4.819314
81.106682 -4.767012
81.107651 -4.714709
81.108582 -4.662404
81.109474 -4.610098
81.110329 -4.557790
81.111145 -4.505481
81.111923 -4.453171
81.112663 -4.400860
81.113365 -4.348548
81.114029 -4.296236
81.114655 -4.243922
81.115242 -4.191607
81.115791 -4.139291
81.116302 -4.086975
81.116776 -4.034657
81.117210 -3.982338
81.117607 -3.930019
81.117966 -3.877698
81.118286 -3.825377
81.118568 -3.773055
81.118813 -3.720731
81.119019 -3.668408
81.119186 -3.616083
81.119316 -3.563758
81.119408 -3.511432
81.119461 -3.459105
81.119476 -3.406778
81.119453 -3.354450
81.119392 -3.302121
81.119293 -3.249792
81.119156 -3.197462
81.118980 -3.145132
81.118767 -3.092801
81.118515 -3.040470
81.118225 -2.988138
81.117897 -2.935806
81.117531 -2.883473
81.117126 -2.831140
81.116684 -2.778807
81.116203 -2.726473
81.115685 -2.674139
81.115128 -2.621805
81.114532 -2.569471
81.113899 -2.517136
81.113228 -2.464802
81.112518 -2.412467
81.111771 -2.360131
81.110985 -2.307796
81.110161 -2.255460
81.109299 -2.203125
81.108398 -2.150789
81.107460 -2.098454
81.106483 -2.046118
81.105469 -1.993783
81.104416 -1.941447
81.103325 -1.889112
81.102196 -1.836777
81.101028 -1.784442
81.099823 -1.732107
81.098579 -1.679772
81.097298 -1.627438
81.095978 -1.575104
81.094620 -1.522770
81.093224 -1.470436
81.091789 -1.418103
81.090317 -1.365770
81.088806 -1.313437
81.087257 -1.261105
81.085670 -1.208773
81.084045 -1.156442
81.082382 -1.104111
81.080681 -1.051780
81.078941 -0.999451
81.077164 -0.947121
81.075348 -0.894793
81.073494 -0.842465
81.071602 -0.790137
81.069672 -0.737810
81.067703 -0.685484
81.065697 -0.633159
81.063652 -0.580834
81.061569 -0.528510
81.059448 -0.476187
81.057289 -0.423865
81.055092 -0.371543
81.052856 -0.319222
81.050583 -0.266903
81.048271 -0.214584
81.045921 -0.162266
81.043533 -0.109949
81.041107 -0.057633
81.038643 -0.005318
81.036140 0.046996
81.033600 0.099309
81.031021 0.151620
81.028404 0.203931
81.025749 0.256241
81.023056 0.308549
81.020325 0.360856
81.017555 0.413162
81.014748 0.465466
81.011902 0.517770
81.009018 0.570072
81.006096 0.622372
81.003136 0.674672
81.000137 0.726970
80.997101 0.779266
80.994026 0.831562
80.990913 0.883855
80.987762 0.936147
80.984573 0.988438
80.981346 1.040727
80.978081 1.093015
80.974777 1.145301
80.971436 1.197585
80.968056 1.249868
80.964638 1.302149
80.961182 1.354428
80.957687 1.406706
80.954155 1.458982
80.950584 1.511256
80.946976 1.563528
80.943329 1.615799
80.939644 1.668067
80.935921 1.720334
80.932159 1.772599
80.928360 1.824862
80.924522 1.877123
80.920647 1.929382
80.916733 1.981639
80.912781 2.033894
80.908791 2.086146
80.904762 2.138397
80.900696 2.190645
80.896591 2.242892
80.892448 2.295136
80.888268 2.347378
80.884048 2.399618
80.879791 2.451856
80.875496 2.504091
80.871162 2.556324
80.866791 2.608555
80.862381 2.660783
80.857933 2.713009
80.853447 2.765232
80.848923 2.817453
80.844360 2.869672
80.839760 2.921888
80.835121 2.974102
80.830444 3.026313
80.825729 3.078521
80.820976 3.130727
80.816185 3.182930
80.811356 3.235131
80.806488 3.287329
80.801582 3.339524
80.796638 3.391717
80.791656 3.443907
80.786636 3.496094
80.781578 3.548278
80.776482 3.600460
80.771347 3.652638
80.766174 3.704814
80.760963 3.756987
80.755714 3.809157
80.750427 3.861324
80.745102 3.913489
80.739738 3.965650
80.734337 4.017808
80.728897 4.069963
80.723419 4.122115
80.717903 4.174264
80.712349 4.226409
80.706757 4.278552
80.701126 4.330690
80.695457 4.382826
80.689751 4.434958
80.684006 4.487087
80.678223 4.539212
80.672401 4.591334
80.666542 4.643453
80.660645 4.695569
80.654709 4.747681
80.648735 4.799789
80.642723 4.851895
80.636673 4.903997
80.630585 4.956096
80.624458 5.008191
80.618294 5.060283
80.612091 5.112371
80.605850 5.164456
80.599571 5.216537
80.593254 5.268613
80.586899 5.320686
80.580505 5.372756
80.574074 5.424821
80.567604 5.476882
80.561096 5.528940
80.554550 5.580994
80.547966 5.633044
80.541344 5.685091
80.534683 5.737133
80.527985 5.789172
80.521248 5.841207
80.514473 5.893238
80.507660 5.945265
80.500809 5.997288
80.493919 6.049307
80.486992 6.101322
80.480026 6.153333
80.473022 6.205339
80.465981 6.257341
80.458900 6.309339
80.451782 6.361332
80.444626 6.413321
80.437431 6.465306
80.430199 6.517286
80.422928 6.569263
80.415619 6.621234
80.408272 6.673202
80.400887 6.725165
80.393463 6.777124
80.386002 6.829079
80.378502 6.881030
80.370964 6.932976
80.363388 6.984917
80.355774 7.036854
80.348122 7.088786
80.340431 7.140713
80.332703 7.192635
80.324936 7.244553
80.317131 7.296465
80.309288 7.348373
80.301407 7.400277
80.293488 7.452175
80.285530 7.504069
80.277534 7.555958
80.269501 7.607842
80.261429 7.659721
80.253319 7.711596
80.245171 7.763466
80.236984 7.815331
80.228760 7.867191
80.220497 7.919047
80.212196 7.970897
80.203857 8.022742
80.195480 8.074582
80.187065 8.126417
80.178612 8.178247
80.170120 8.230073
80.161591 8.281894
80.153023 8.333710
80.144417 8.385521
80.135773 8.437326
80.127090 8.489126
80.118370 8.540920
80.109612 8.592709
80.100815 8.644491
80.091980 8.696268
80.083107 8.748039
80.074196 8.799805
80.065247 8.851564
80.056259 8.903318
80.047234 8.955067
80.038170 9.006809
80.029068 9.058546
80.019928 9.110277
80.010750 9.162003
80.001534 9.213722
79.992279 9.265436
79.982986 9.317144
79.973656 9.368847
79.964287 9.420544
79.954880 9.472235
79.945435 9.523920
79.935951 9.575600
79.926430 9.627274
79.916870 9.678942
79.907272 9.730604
79.897636 9.782261
79.887962 9.833912
79.878250 9.885557
79.868500 9.937197
79.858711 9.988831
79.848885 10.040459
79.839020 10.092081
79.829117 10.143698
79.819176 10.195309
79.809196 10.246913
79.799179 10.298511
79.789124 10.350101
79.779030 10.401686
79.768898 10.453263
79.758728 10.504834
79.748520 10.556398
79.738274 10.607956
79.727989 10.659507
79.717667 10.711051
79.707306 10.762589
79.696907 10.814119
79.686470 10.865644
79.675995 10.917161
79.665482 10.968672
79.654930 11.020176
79.644341 11.071673
79.633713 11.123164
79.623047 11.174648
79.612343 11.226126
79.601601 11.277596
79.590820 11.329061
79.580002 11.380518
79.569145 11.431969
79.558250 11.483413
79.547318 11.534850
79.536346 11.586281
79.525337 11.637705
79.514290 11.689122
79.503204 11.740533
79.492081 11.791937
79.480919 11.843334
79.469719 11.894725
79.458481 11.946109
79.447205 11.997486
79.435890 12.048857
79.424538 12.100220
79.413147 12.151575
79.401718 12.202923
79.390251 12.254263
79.378746 12.305595
79.367203 12.356920
79.355621 12.408237
79.344002 12.459547
79.332344 12.510849
79.320648 12.562143
79.308914 12.613430
79.297142 12.664709
79.285332 12.715981
79.273483 12.767244
79.261597 12.818501
79.249672 12.869749
79.237709 12.920990
79.225708 12.972223
79.213669 13.023449
79.201591 13.074667
79.189476 13.125877
79.177322 13.177080
79.165131 13.228275
79.152901 13.279463
79.140633 13.330643
79.128326 13.381815
79.115982 13.432980
79.103600 13.484137
79.091179 13.535286
79.078720 13.586428
79.066223 13.637562
79.053688 13.688688
79.041115 13.739807
79.028503 13.790918
79.015854 13.842022
79.003166 13.893118
78.990440 13.944205
78.977676 13.995284
78.964874 14.046354
78.952034 14.097416
78.939156 14.148469
78.926239 14.199513
78.913284 14.250549
78.900291 14.301577
78.887260 14.352595
78.874191 14.403605
78.861084 14.454607
78.847939 14.505600
78.834755 14.556584
78.821533 14.607560
78.808273 14.658527
78.794975 14.709486
78.781639 14.760436
78.768265 14.811378
78.754852 14.862310
78.741402 14.913235
78.727913 14.964150
78.714386 15.015058
78.700821 15.065956
78.687218 15.116846
78.673576 15.167727
78.659897 15.218600
78.646179 15.269464
78.632423 15.320320
78.618629 15.371167
78.604797 15.422006
78.590927 15.472836
78.577019 15.523657
78.563072 15.574470
78.549088 15.625274
78.535065 15.676069
78.521004 15.726855
78.506905 15.777632
78.492767 15.828399
78.478592 15.879156
78.464378 15.929904
78.450127 15.980642
78.435837 16.031372
78.421509 16.082092
78.407143 16.132803
78.392738 16.183504
78.378296 16.234196
78.363815 16.284878
78.349297 16.335550
78.334740 16.386213
78.320145 16.436867
78.305511 16.487511
78.290840 16.538145
78.276131 16.588770
78.261383 16.639385
78.246597 16.689991
78.231773 16.740587
78.216911 16.791174
78.202011 16.841751
78.187073 16.892319
78.172096 16.942877
78.157082 16.993425
78.142029 17.043964
78.126938 17.094494
78.111809 17.145014
78.096642 17.195524
78.081436 17.246025
78.066193 17.296516
78.050911 17.346998
78.035591 17.397470
78.020233 17.447933
78.004837 17.498386
77.989403 17.548830
77.973930 17.599264
77.958420 17.649689
77.942871 17.700104
77.927284 17.750509
77.911659 17.800905
77.895996 17.851292
77.880295 17.901669
77.864555 17.952036
77.848778 18.002394
77.832962 18.052742
77.817108 18.103081
77.801216 18.153410
77.785286 18.203730
77.769318 18.254040
77.753311 18.304340
77.737267 18.354631
77.721184 18.404911
77.705063 18.455179
77.688904 18.505436
77.672707 18.555681
77.656471 18.605915
77.640198 18.656137
77.623886 18.706348
77.607536 18.756548
77.591148 18.806736
77.574722 18.856913
77.558258 18.907078
77.541756 18.957232
77.525215 19.007374
77.508636 19.057505
77.492020 19.107624
77.475365 19.157732
77.458672 19.207829
77.441940 19.257914
77.425171 19.307987
77.408363 19.358049
77.391518 19.408100
77.374634 19.458139
77.357712 19.508167
77.340752 19.558184
77.323753 19.608189
77.306717 19.658182
77.289642 19.708164
77.272530 19.758135
77.255379 19.808094
77.238190 19.858042
77.220963 19.907978
77.203697 19.957903
77.186394 20.007816
77.169052 20.057718
77.151672 20.107609
77.134254 20.157488
77.116798 20.207355
77.099304 20.257212
77.081772 20.307056
77.064201 20.356890
77.046593 20.406712
77.028946 20.456522
77.011261 20.506321
76.993538 20.556108
76.975777 20.605885
76.957977 20.655649
76.940140 20.705402
76.922264 20.755144
76.904350 20.804874
76.886398 20.854593
76.868408 20.904301
76.850380 20.953997
76.832314 21.003681
76.814209 21.053354
76.796066 21.103016
76.777885 21.152666
76.759666 21.202305
76.741409 21.251932
76.723114 21.301548
76.704781 21.351152
76.686409 21.400745
76.667999 21.450327
76.649551 21.499897
76.631065 21.549456
76.612541 21.599003
76.593979 21.648539
76.575378 21.698063
76.556740 21.747576
76.538063 21.797077
76.519348 21.846567
76.500595 21.896044
76.481804 21.945507
76.462975 21.994957
76.444107 22.044394
76.425201 22.093817
76.406258 22.143227
76.387276 22.192623
76.368256 22.242006
76.349197 22.291376
76.330101 22.340733
76.310966 22.390076
76.291794 22.439405
76.272583 22.488722
76.253334 22.538025
76.234047 22.587315
76.214722 22.636591
76.195358 22.685854
76.175957 22.735104
76.156517 22.784340
76.137039 22.833563
76.117523 22.882772
76.097969 22.931969
76.078377 22.981152
76.058746 23.030321
76.039078 23.079477
76.019371 23.128620
75.999626 23.177750
75.979843 23.226866
75.960022 23.275969
75.940163 23.325058
75.920265 23.374134
75.900330 23.423197
75.880356 23.472246
75.860344 23.521282
75.840294 23.570305
75.820206 23.619314
75.800079 23.668310
75.779915 23.717293
75.759712 23.766262
75.739471 23.815218
75.719193 23.864161
75.698875 23.913090
75.678520 23.962006
75.658127 24.010908
75.637695 24.059797
75.617226 24.108673
75.596718 24.157536
75.576172 24.206385
75.555588 24.255220
75.534966 24.304043
75.514305 24.352852
75.493607 24.401648
75.472870 24.450430
75.452095 24.499199
75.431282 24.547955
75.410431 24.596697
75.389542 24.645426
75.368614 24.694141
75.347649 24.742844
75.326645 24.791533
75.305603 24.840208
75.284523 24.888870
75.263405 24.937519
75.242249 24.986155
75.221054 25.034777
75.199821 25.083385
75.178551 25.131981
75.157242 25.180563
75.135895 25.229132
75.114510 25.277685
75.093086 25.326223
75.071625 25.374746
75.050125 25.423254
75.028587 25.471746
75.007011 25.520224
74.985397 25.568686
74.963745 25.617132
74.942055 25.665564
74.920326 25.713980
74.898560 25.762381
74.876755 25.810766
74.854912 25.859137
74.833031 25.907492
74.811111 25.955832
74.789154 26.004156
74.767159 26.052465
74.745125 26.100760
74.723053 26.149038
74.700943 26.197302
74.678795 26.245550
74.656609 26.293783
74.634384 26.342001
74.612122 26.390203
74.589821 26.438391
74.567482 26.486563
74.545105 26.534719
74.522690 26.582861
74.500237 26.630987
74.477745 26.679098
74.455215 26.727194
74.432648 26.775274
74.410042 26.823339
74.387398 26.871389
74.364716 26.919424
74.341995 26.967443
74.319237 27.015448
74.296440 27.063437
74.273605 27.111410
74.250732 27.159369
74.227821 27.207312
74.204872 27.255239
74.181885 27.303152
74.158859 27.351049
74.135796 27.398932
74.112694 27.446798
74.089554 27.494650
74.066376 27.542486
74.043159 27.590307
74.019905 27.638113
73.996613 27.685904
73.973282 27.733679
73.949913 27.781439
73.926506 27.829184
73.903061 27.876913
73.879578 27.924627
73.856056 27.972326
73.832497 28.020010
73.808899 28.067678
73.785263 28.115332
73.761589 28.162970
73.737877 28.210592
73.714127 28.258200
73.690338 28.305792
73.666512 28.353369
73.642647 28.400930
73.618744 28.448477
73.594803 28.496008
73.570824 28.543522
73.546806 28.591019
73.522751 28.638498
73.498657 28.685961
73.474525 28.733406
73.450356 28.780834
73.426147 28.828245
73.401901 28.875639
73.377617 28.923016
73.353294 28.970375
73.328934 29.017717
73.304535 29.065042
73.280098 29.112350
73.255623 29.159641
73.231110 29.206915
73.206558 29.254171
73.181969 29.301411
73.157341 29.348633
73.132675 29.395838
73.107971 29.443026
73.083229 29.490196
73.058449 29.537350
73.033630 29.584486
73.008774 29.631605
72.983879 29.678707
72.958946 29.725792
72.933975 29.772860
72.908966 29.819910
72.883919 29.866943
72.858833 29.913960
72.833710 29.960958
72.808548 30.007940
72.783348 30.054905
72.758110 30.101852
72.732834 30.148783
72.707520 30.195696
72.682167 30.242592
72.656776 30.289471
72.631348 30.336332
72.605881 30.383177
72.580376 30.430004
72.554832 30.476814
72.529251 30.523607
72.503632 30.570383
72.477974 30.617142
72.452278 30.663883
72.426544 30.710608
72.400772 30.757315
72.374962 30.804005
72.349113 30.850677
72.323227 30.897333
72.297302 30.943972
72.271339 30.990593
72.245338 31.037197
72.219299 31.083784
72.193222 31.130354
72.167107 31.176907
72.140953 31.223442
72.114761 31.269960
72.088531 31.316462
72.062263 31.362946
72.035957 31.409412
72.009613 31.455862
71.983231 31.502295
71.956810 31.548710
71.930351 31.595108
71.903854 31.641489
71.877319 31.687853
71.850746 31.734198
71.824135 31.780523
71.797485 31.826830
71.770798 31.873117
71.744072 31.919386
71.717308 31.965635
71.690506 32.011868
71.663666 32.058083
71.636787 32.104279
71.609871 32.150455
71.582916 32.196613
71.555923 32.242752
71.528893 32.288872
71.501823 32.334972
71.474716 32.381054
71.447571 32.427116
71.420387 32.473160
71.393166 32.519184
71.365906 32.565189
71.338608 32.611176
71.311272 32.657143
71.283897 32.703091
71.256485 32.749020
71.229034 32.794930
71.201546 32.840820
71.174019 32.886692
71.146454 32.932545
71.118851 32.978378
71.091209 33.024193
71.063530 33.069988
71.035812 33.115765
71.008057 33.161522
70.980263 33.207260
70.952431 33.252979
70.924561 33.298679
70.896652 33.344360
70.868706 33.390022
70.840721 33.435665
70.812698 33.481289
70.784637 33.526894
70.756538 33.572479
70.728401 33.618046
70.700226 33.663593
70.672012 33.709122
70.643761 33.754631
70.615471 33.800121
70.587143 33.845592
70.558777 33.891045
70.530373 33.936478
70.501930 33.981892
70.473450 34.027287
70.444931 34.072662
70.416374 34.118019
70.387779 34.163357
70.359146 34.208675
70.330475 34.253975
70.301765 34.299255
70.273018 34.344517
70.244232 34.389759
70.215408 34.434982
70.186546 34.480186
70.157646 34.525372
70.128708 34.570538
70.099731 34.615685
70.070717 34.660812
70.041664 34.705921
70.012573 34.751011
69.983444 34.796082
69.954277 34.841133
69.925072 34.886166
69.895828 34.931179
69.866547 34.976173
69.837227 35.021149
69.807869 35.066105
69.778473 35.111042
69.749039 35.155960
69.719566 35.200859
69.690056 35.245739
69.660507 35.290600
69.630920 35.335442
69.601295 35.380264
69.571632 35.425068
69.541931 35.469852
69.512192 35.514618
69.482414 35.559364
69.452599 35.604092
69.422745 35.648800
69.392853 35.693489
69.362923 35.738159
69.332954 35.782810
69.302948 35.827442
69.272903 35.872055
69.242821 35.916649
69.212700 35.961224
69.182541 36.005779
69.152344 36.050316
69.122108 36.094833
69.091835 36.139332
69.061523 36.183811
69.031174 36.228271
69.000786 36.272709
68.970360 36.317123
68.939896 36.361515
68.909393 36.405884
68.878853 36.450230
68.848274 36.494553
68.817657 36.538853
68.787003 36.583130
68.756310 36.627384
68.725578 36.671616
68.694809 36.715824
68.664001 36.760010
68.633156 36.804173
68.602272 36.848312
68.571350 36.892429
68.540390 36.936523
68.509392 36.980595
68.478355 37.024643
68.447281 37.068668
68.416168 37.112671
68.385017 37.156651
68.353828 37.200607
68.322601 37.244541
68.291336 37.288452
68.260033 37.332340
68.228691 37.376205
68.197311 37.420048
68.165894 37.463867
68.134438 37.507664
68.102943 37.551437
68.071411 37.595188
68.039841 37.638916
68.008232 37.682621
67.976585 37.726303
67.944901 37.769962
67.913177 37.813599
67.881416 37.857212
67.849617 37.900803
67.817780 37.944370
67.785904 37.987915
67.753990 38.031437
67.722038 38.074936
67.690048 38.118412
67.658020 38.161865
67.625954 38.205296
67.593849 38.248703
67.561707 38.292088
67.529526 38.335449
67.497307 38.378788
67.465050 38.422104
67.432755 38.465397
67.400421 38.508667
67.368050 38.551914
67.335640 38.595139
67.303192 38.638340
67.270706 38.681519
67.238182 38.724674
67.205620 38.767807
67.173019 38.810917
67.140381 38.854004
67.107704 38.897068
67.074989 38.940109
67.042236 38.983128
67.009445 39.026123
66.976616 39.069096
66.943748 39.112045
66.910843 39.154972
66.877899 39.197876
66.844917 39.240757
66.811897 39.283615
66.778839 39.326450
66.745743 39.369263
66.712608 39.412052
66.679436 39.454819
66.646225 39.497562
66.612976 39.540283
66.579689 39.582981
66.546364 39.625656
66.513000 39.668308
66.479599 39.710938
66.446159 39.753544
66.412682 39.796127
66.379166 39.838688
66.345612 39.881226
66.312019 39.923740
66.278389 39.966232
66.244720 40.008701
66.211014 40.051147
66.177269 40.093571
66.143486 40.135971
66.109665 40.178349
66.075806 40.220703
66.041908 40.263035
66.007973 40.305344
65.973999 40.347630
65.939987 40.389893
65.905937 40.432133
65.871849 40.474350
65.837723 40.516544
65.803558 40.558716
65.769356 40.600864
65.735115 40.642990
65.700836 40.685093
65.666519 40.727173
65.632164 40.769230
65.597771 40.811264
65.563339 40.853275
65.528870 40.895264
65.494362 40.937229
65.459816 40.979172
65.425232 41.021091
65.390610 41.062988
65.355949 41.104862
65.321251 41.146713
65.286514 41.188541
65.251740 41.230347
65.216927 41.272129
65.182076 41.313889
65.147186 41.355625
65.112259 41.397339
65.077293 41.439030
65.042290 41.480698
65.007248 41.522343
64.972168 41.563965
64.937050 41.605564
64.901894 41.647141
64.866699 41.688694
64.831467 41.730225
64.796196 41.771732
64.760887 41.813217
64.725540 41.854679
64.690155 41.896114
64.654732 41.937523
64.619270 41.978905
64.583771 42.020260
64.548233 42.061588
64.512657 42.102890
64.477043 42.144165
64.441391 42.185413
64.405701 42.226635
64.369972 42.267830
64.334206 42.308998
64.298401 42.350140
64.262558 42.391254
64.226677 42.432343
64.190758 42.473404
64.154800 42.514439
64.118805 42.555447
64.082771 42.596428
64.046700 42.637383
64.010590 42.678310
63.974445 42.719212
63.938267 42.760086
63.902054 42.800934
63.865807 42.841755
63.829525 42.882549
63.793209 42.923317
63.756859 42.964058
63.720474 43.004772
63.684055 43.045460
63.647602 43.086121
63.611115 43.126755
63.574593 43.167362
63.538036 43.207943
63.501446 43.248497
63.464821 43.289024
63.428162 43.329525
63.391468 43.369999
63.354740 43.410446
63.317978 43.450867
63.281181 43.491261
63.244350 43.531628
63.207485 43.571968
63.170586 43.612282
63.133652 43.652569
63.096684 43.692829
63.059681 43.733063
63.022644 43.773270
62.985573 43.813450
62.948467 43.853603
62.911327 43.893730
62.874153 43.933830
62.836945 43.973904
62.799702 44.013950
62.762424 44.053970
62.725113 44.093964
62.687767 44.133930
62.650387 44.173870
62.612972 44.213783
62.575523 44.253670
62.538040 44.293530
62.500523 44.333363
62.462971 44.373169
62.425385 44.412949
62.387764 44.452702
62.350109 44.492428
62.312420 44.532127
62.274696 44.571800
62.236938 44.611446
62.199146 44.651066
62.161320 44.690659
62.123459 44.730225
62.085564 44.769764
62.047634 44.809277
62.009670 44.848763
61.971672 44.888222
61.933640 44.927654
61.895573 44.967060
61.857471 45.006439
61.819336 45.045792
61.781166 45.085117
61.742962 45.124416
61.704723 45.163689
61.666451 45.202934
61.628143 45.242153
61.589802 45.281345
61.551426 45.320511
61.513016 45.359650
61.474571 45.398762
61.436092 45.437847
61.397579 45.476906
61.359032 45.515938
61.320450 45.554943
61.281834 45.593922
61.243183 45.632874
61.204498 45.671799
61.165779 45.710697
61.127026 45.749569
61.088238 45.788414
61.049416 45.827232
61.010559 45.866024
60.971668 45.904789
60.932743 45.943527
60.893784 45.982239
60.854790 46.020924
60.815762 46.059582
60.776699 46.098213
60.737602 46.136818
60.698471 46.175396
60.659306 46.213947
60.620106 46.252472
60.580872 46.290970
60.541603 46.329441
60.502300 46.367886
60.462963 46.406303
60.423592 46.444695
60.384186 46.483059
60.344746 46.521397
60.305271 46.559708
60.265762 46.597992
60.226219 46.636250
60.186642 46.674480
60.147030 46.712685
60.107384 46.750862
60.067703 46.789013
60.027988 46.827137
59.988239 46.865234
59.948456 46.903305
59.908638 46.941345
59.868786 46.979355
59.828899 47.017334
59.788979 47.055283
59.749023 47.093201
59.709034 47.131088
59.669010 47.168945
59.628952 47.206772
59.588860 47.244568
59.548733 47.282333
59.508572 47.320068
59.468376 47.357773
59.428146 47.395447
59.387882 47.433090
59.347584 47.470703
59.307251 47.508286
59.266884 47.545837
59.226482 47.583359
59.186047 47.620850
59.145576 47.658310
59.105072 47.695740
59.064533 47.733139
59.023960 47.770508
58.983353 47.807846
58.942711 47.845154
58.902035 47.882431
58.861324 47.919678
58.820580 47.956894
58.779800 47.994080
58.738987 48.031235
58.698139 48.068359
58.657257 48.105453
58.616341 48.142517
58.575390 48.179550
58.534405 48.216553
58.493385 48.253525
58.452332 48.290466
58.411243 48.327377
58.370121 48.364258
58.328964 48.401108
58.287773 48.437927
58.246548 48.474716
58.205288 48.511475
58.163994 48.548203
58.122665 48.584900
58.081303 48.621567
58.039906 48.658203
57.998474 48.694809
57.957008 48.731384
57.915508 48.767929
57.873974 48.804443
57.832405 48.840927
57.790802 48.877380
57.749165 48.913803
57.707493 48.950195
57.665787 48.986557
57.624046 49.022888
57.582272 49.059189
57.540462 49.095459
57.498619 49.131699
57.456741 49.167908
57.414829 49.204086
57.372883 49.240234
57.330902 49.276352
57.288887 49.312439
57.246838 49.348495
57.204754 49.384521
57.162636 49.420517
57.120483 49.456482
57.078297 49.492416
57.036076 49.528320
56.993820 49.564194
56.951530 49.600037
56.909206 49.635849
56.866848 49.671631
56.824455 49.707382
56.782028 49.743103
56.739567 49.778793
56.697071 49.814453
56.654541 49.850082
56.611977 49.885681
56.569378 49.921249
56.526745 49.956787
56.484077 49.992294
56.441376 50.027771
56.398640 50.063217
56.355869 50.098633
56.313065 50.134018
56.270226 50.169373
56.227352 50.204697
56.184444 50.239990
56.141502 50.275253
56.098526 50.310486
56.055515 50.345688
56.012470 50.380859
55.969391 50.416000
55.926277 50.451111
55.883129 50.486191
55.839947 50.521240
55.796730 50.556259
55.753479 50.591248
55.710194 50.626205
55.666874 50.661133
55.623520 50.696030
55.580132 50.730896
55.536709 50.765732
55.493252 50.800537
55.449760 50.835312
55.406235 50.870056
55.362675 50.904770
55.319080 50.939453
55.275452 50.974106
55.231789 51.008728
55.188091 51.043320
55.144360 51.077881
55.100594 51.112411
55.056793 51.146912
55.012959 51.181381
54.969090 51.215820
54.925186 51.250229
54.881248 51.284607
54.837276 51.318954
54.793270 51.353271
54.749229 51.387558
54.705154 51.421810
54.661045 51.456028
54.616901 51.490211
54.572723 51.524361
54.528511 51.558475
54.484264 51.592556
54.439983 51.626602
54.395668 51.660614
54.351318 51.694592
54.306934 51.728535
54.262516 51.762444
54.218063 51.796318
54.173576 51.830158
54.129055 51.863964
54.084499 51.897736
54.039909 51.931473
53.995285 51.965176
53.950626 51.998844
53.905933 52.032478
53.861206 52.066078
53.816444 52.099644
53.771648 52.133175
53.726818 52.166672
53.681953 52.200134
53.637054 52.233562
53.592121 52.266956
53.547153 52.300316
53.502151 52.333641
53.457115 52.366932
53.412045 52.400188
53.366943 52.433411
53.321812 52.466599
53.276649 52.499752
53.231457 52.532871
53.186234 52.565956
53.140980 52.599007
53.095695 52.632023
53.050381 52.665005
53.005035 52.697952
52.959660 52.730865
52.914253 52.763744
52.868816 52.796589
52.823349 52.829399
52.777851 52.862175
52.732323 52.894917
52.686764 52.927624
52.641174 52.960297
52.595554 52.992935
52.549904 53.025539
52.504223 53.058109
52.458511 53.090645
52.412769 53.123146
52.366997 53.155613
52.321194 53.188046
52.275360 53.220444
52.229496 53.252808
52.183601 53.285137
52.137676 53.317432
52.091721 53.349693
52.045734 53.381920
51.999718 53.414112
51.953671 53.446270
51.907593 53.478394
51.861485 53.510483
51.815346 53.542538
51.769176 53.574558
51.722977 53.606544
51.676746 53.638496
51.630486 53.670414
51.584194 53.702297
51.537872 53.734146
51.491520 53.765961
51.445137 53.797741
51.398724 53.829487
51.352280 53.861198
51.305805 53.892876
51.259300 53.924519
51.212765 53.956127
51.166199 53.987701
51.119602 54.019241
51.072975 54.050747
51.026318 54.082218
50.979630 54.113655
50.932911 54.145058
50.886162 54.176426
50.839382 54.207760
50.792572 54.239059
50.745731 54.270325
50.698860 54.301556
50.651958 54.332752
50.605026 54.363914
50.558064 54.395042
50.511070 54.426136
50.464046 54.457195
50.416992 54.488220
50.369907 54.519211
50.322792 54.550167
50.275646 54.581089
50.228470 54.611977
50.181263 54.642830
50.134026 54.673649
50.086758 54.704433
50.039459 54.735184
49.992130 54.765900
49.944771 54.796581
49.897381 54.827229
49.849960 54.857841
49.802509 54.888420
49.755028 54.918964
49.707516 54.949474
49.659973 54.979950
49.612400 55.010391
49.564796 55.040798
49.517162 55.071171
49.469498 55.101509
49.421803 55.131813
49.374077 55.162083
49.326321 55.192318
49.278534 55.222519
49.230717 55.252686
49.182869 55.282818
49.134991 55.312916
49.087082 55.342976
49.039143 55.372997
48.991173 55.402981
48.943172 55.432926
48.895142 55.462833
48.847080 55.492702
48.798988 55.522533
48.750866 55.552326
48.702713 55.582081
48.654530 55.611797
48.606316 55.641476
48.558071 55.671116
48.509796 55.700718
48.461491 55.730282
48.413155 55.759808
48.364788 55.789295
48.316391 55.818745
48.267963 55.848156
48.219505 55.877529
48.171017 55.906864
48.122498 55.936161
48.073948 55.965420
48.025368 55.994640
47.976757 56.023823
47.928116 56.052967
47.879444 56.082073
47.830742 56.111141
47.782009 56.140171
47.733246 56.169163
47.684452 56.198116
47.635628 56.227032
47.586773 56.255909
47.537888 56.284748
47.488972 56.313549
47.440025 56.342312
47.391048 56.371037
47.342041 56.399723
47.293003 56.428371
47.243935 56.456982
47.194836 56.485554
47.145706 56.514088
47.096546 56.542583
47.047356 56.571041
46.998135 56.599461
46.948883 56.627842
46.899601 56.656185
46.850288 56.684490
46.800945 56.712757
46.751572 56.740986
46.702168 56.769176
46.652733 56.797329
46.603268 56.825443
46.553772 56.853519
46.504246 56.881557
46.454689 56.909557
46.405102 56.937519
46.355484 56.965443
46.305836 56.993328
46.256157 57.021175
46.206448 57.048985
46.156708 57.076756
46.106937 57.104488
46.057137 57.132183
46.007305 57.159840
45.957443 57.187458
45.907551 57.215038
45.857628 57.242580
45.807674 57.270084
45.757690 57.297550
45.707676 57.324978
45.657631 57.352367
45.607555 57.379719
45.557449 57.407032
45.507313 57.434307
45.457146 57.461544
45.406948 57.488743
45.356720 57.515903
45.306461 57.543026
45.256172 57.570110
45.205853 57.597157
45.155502 57.624165
45.105122 57.651134
45.054710 57.678066
45.004269 57.704960
44.953796 57.731815
44.903294 57.758633
44.852760 57.785412
44.802197 57.812153
44.751602 57.838856
44.700977 57.865520
44.650322 57.892147
44.599636 57.918736
44.548920 57.945286
44.498173 57.971798
44.447395 57.998272
44.396587 58.024708
44.345749 58.051105
44.294880 58.077465
44.243984 58.103786
44.193062 58.130070
44.142113 58.156315
44.091137 58.182522
44.040134 58.208691
43.989105 58.234821
43.938049 58.260914
43.886967 58.286968
43.835857 58.312984
43.784721 58.338963
43.733559 58.364902
43.682369 58.390804
43.631153 58.416668
43.579910 58.442493
43.528641 58.468281
43.477345 58.494030
43.426022 58.519741
43.374672 58.545414
43.323296 58.571049
43.271893 58.596645
43.220463 58.622204
43.169006 58.647724
43.117523 58.673203
43.066013 58.698639
43.014477 58.724033
42.962914 58.749386
42.911324 58.774696
42.859707 58.799965
42.808064 58.825191
42.756393 58.850376
42.704697 58.875519
42.652973 58.900620
42.601223 58.925678
42.549446 58.950695
42.497643 58.975670
42.445812 59.000603
42.393955 59.025494
42.342072 59.050343
42.290161 59.075150
42.238224 59.099915
42.186260 59.124638
42.134270 59.149319
42.082253 59.173958
42.030209 59.198555
41.978138 59.223110
41.926041 59.247623
41.873917 59.272095
41.821766 59.296524
41.769588 59.320911
41.717384 59.345257
41.665154 59.369560
41.612896 59.393822
41.560612 59.418041
41.508301 59.442219
41.455963 59.466354
41.403599 59.490448
41.351208 59.514500
41.298790 59.538509
41.246346 59.562477
41.193874 59.586403
41.141376 59.610287
41.088852 59.634129
41.036301 59.657928
40.983723 59.681686
40.931118 59.705402
40.878487 59.729076
40.825829 59.752708
40.773144 59.776299
40.720432 59.799847
40.667694 59.823353
40.614929 59.846817
40.562138 59.870239
40.509319 59.893620
40.456474 59.916958
40.403603 59.940254
40.350704 59.963509
40.297779 59.986721
40.244827 60.009892
40.191849 60.033020
40.138844 60.056107
40.085812 60.079151
40.032753 60.102154
39.979668 60.125114
39.926556 60.148033
39.873417 60.170910
39.820251 60.193745
39.767059 60.216537
39.713840 60.239288
39.660595 60.261997
39.607323 60.284664
39.554024 60.307289
39.500698 60.329872
39.447346 60.352413
39.393967 60.374912
39.340561 60.397369
39.287128 60.419785
39.233669 60.442158
39.180183 60.464489
39.126671 60.486778
39.073132 60.509026
39.019566 60.531231
38.965973 60.553394
38.912354 60.575516
38.858707 60.597595
38.805035 60.619633
38.751335 60.641628
38.697609 60.663582
38.643856 60.685493
38.590076 60.707363
38.536270 60.729191
38.482437 60.750977
38.428577 60.772720
38.374691 60.794422
38.320778 60.816082
38.266838 60.837700
38.212872 60.859276
38.158878 60.880810
38.104858 60.902302
38.050812 60.923752
37.996738 60.945160
37.942638 60.966526
37.888512 60.987850
37.834358 61.009132
37.780178 61.030373
37.725971 61.051571
37.671738 61.072727
37.617477 61.093842
37.563190 61.114914
37.508877 61.135944
37.454536 61.156933
37.400169 61.177879
37.345776 61.198784
37.291355 61.219646
37.236908 61.240467
37.182434 61.261246
37.127934 61.281982
37.073406 61.302677
37.018852 61.323330
36.964272 61.343941
36.909664 61.364510
36.855030 61.385036
36.800369 61.405518
36.745682 61.425953
36.690968 61.446342
36.636227 61.466686
36.581459 61.486984
36.526665 61.507236
36.471844 61.527443
36.416996 61.547604
36.362125 61.567719
36.307232 61.587788
36.252316 61.607811
36.197376 61.627789
36.142414 61.647720
36.087429 61.667606
36.032421 61.687447
35.977390 61.707241
35.922337 61.726990
35.867260 61.746693
35.812160 61.766350
35.757038 61.785961
35.701893 61.805527
35.646725 61.825047
35.591534 61.844521
35.536320 61.863949
35.481083 61.883331
35.425823 61.902668
35.370541 61.921959
35.315235 61.941204
35.259907 61.960403
35.204556 61.979557
35.149181 61.998665
35.093784 62.017727
35.038364 62.036743
34.982922 62.055714
34.927456 62.074638
34.871967 62.093517
34.816456 62.112350
34.760921 62.131138
34.705364 62.149879
34.649784 62.168575
34.594181 62.187225
34.538555 62.205830
34.482906 62.224388
34.427235 62.242901
34.371540 62.261368
34.315823 62.279789
34.260082 62.298164
34.204319 62.316494
34.148533 62.334778
34.092724 62.353016
34.036892 62.371208
33.981037 62.389355
33.925159 62.407455
33.869259 62.425510
33.813335 62.443520
33.757389 62.461483
33.701420 62.479401
33.645428 62.497272
33.589413 62.515099
33.533375 62.532879
33.477314 62.550613
33.421230 62.568302
33.365124 62.585945
33.308994 62.603542
33.252842 62.621094
33.196667 62.638599
33.140469 62.656059
33.084248 62.673473
33.028004 62.690842
32.971737 62.708164
32.915447 62.725441
32.859135 62.742672
32.802799 62.759857
32.746441 62.776997
32.690060 62.794090
32.633656 62.811138
32.577229 62.828140
32.520779 62.845097
32.464306 62.862007
32.407810 62.878872
32.351292 62.895691
32.294750 62.912464
32.238186 62.929192
32.181599 62.945873
32.124989 62.962509
32.068356 62.979099
32.011700 62.995644
31.955021 63.012142
31.898319 63.028595
31.841595 63.045002
31.784847 63.061363
31.728077 63.077679
31.671284 63.093948
31.614468 63.110172
31.557629 63.126350
31.500767 63.142483
31.443882 63.158569
31.386974 63.174610
31.330044 63.190605
31.273090 63.206554
31.216114 63.222458
31.159115 63.238316
31.102093 63.254128
31.045050 63.269894
30.987986 63.285614
30.930901 63.301289
30.873795 63.316917
30.816668 63.332500
30.759520 63.348038
30.702351 63.363529
30.645161 63.378975
30.587950 63.394375
30.530718 63.409729
30.473465 63.425037
30.416191 63.440300
30.358896 63.455517
30.301580 63.470688
30.244244 63.485813
30.186886 63.500893
30.129507 63.515923
30.072107 63.530903
30.014687 63.545834
29.957245 63.560715
29.899782 63.575546
29.842299 63.590328
29.784794 63.605061
29.727268 63.619743
29.669722 63.634377
29.612154 63.648960
29.554565 63.663494
29.496956 63.677979
29.439325 63.692413
29.381674 63.706799
29.324001 63.721134
29.266308 63.735420
29.208593 63.749657
29.150858 63.763844
29.093102 63.777981
29.035324 63.792068
28.977526 63.806107
28.919706 63.820095
28.861866 63.834034
28.804005 63.847923
28.746122 63.861763
28.688219 63.875553
28.630295 63.889294
28.572350 63.902985
28.514383 63.916626
28.456396 63.930218
28.398388 63.943760
28.340359 63.957253
28.282309 63.970695
28.224237 63.984089
28.166145 63.997433
28.108032 64.010727
28.049898 64.023972
27.991743 64.037170
27.933567 64.050323
27.875370 64.063431
27.817154 64.076492
27.758919 64.089508
27.700665 64.102478
27.642391 64.115402
27.584099 64.128281
27.525787 64.141113
27.467457 64.153900
27.409107 64.166641
27.350739 64.179337
27.292351 64.191986
27.233944 64.204590
27.175518 64.217148
27.117073 64.229660
27.058609 64.242126
27.000126 64.254547
26.941624 64.266922
26.883102 64.279251
26.824562 64.291534
26.766003 64.303772
26.707424 64.315964
26.648827 64.328102
26.590210 64.340187
26.531574 64.352219
26.472919 64.364197
26.414246 64.376122
26.355553 64.387993
26.296841 64.399811
26.238110 64.411575
26.179359 64.423286
26.120590 64.434944
26.061802 64.446548
26.002995 64.458099
25.944168 64.469597
25.885323 64.481041
25.826458 64.492432
25.767574 64.503769
25.708672 64.515053
25.649750 64.526283
25.590809 64.537460
25.531849 64.548584
25.472870 64.559654
25.413872 64.570671
25.354855 64.581635
25.295818 64.592545
25.236763 64.603401
25.177689 64.614204
25.118595 64.624954
25.059483 64.635651
25.000351 64.646294
24.941200 64.656883
24.882030 64.667419
24.822842 64.677902
24.763634 64.688332
24.704409 64.698708
24.645166 64.709030
24.585907 64.719299
24.526630 64.729515
24.467337 64.739677
24.408026 64.749786
24.348698 64.759842
24.289352 64.769844
24.229990 64.779793
24.170610 64.789688
24.111214 64.799530
24.051800 64.809319
23.992369 64.819054
23.932920 64.828735
23.873455 64.838364
23.813972 64.847939
23.754473 64.857460
23.694956 64.866928
23.635422 64.876343
23.575871 64.885704
23.516302 64.895012
23.456717 64.904266
23.397114 64.913467
23.337494 64.922615
23.277857 64.931709
23.218203 64.940750
23.158531 64.949738
23.098843 64.958672
23.039137 64.967552
22.979414 64.976379
22.919674 64.985153
22.859917 64.993874
22.800142 65.002541
22.740351 65.011154
22.680542 65.019714
22.620716 65.028221
22.560873 65.036674
22.501013 65.045074
22.441135 65.053421
22.381241 65.061714
22.321329 65.069954
22.261400 65.078140
22.201454 65.086273
22.141491 65.094353
22.081511 65.102379
22.021513 65.110352
21.961498 65.118271
21.901466 65.126137
21.841417 65.133949
21.781351 65.141708
21.721270 65.149414
21.661173 65.157066
21.601061 65.164665
21.540934 65.172211
21.480791 65.179703
21.420633 65.187141
21.360460 65.194527
21.300272 65.201859
21.240068 65.209137
21.179850 65.216362
21.119616 65.223534
21.059366 65.230652
20.999102 65.237717
20.938822 65.244728
20.878527 65.251686
20.818216 65.258591
20.757891 65.265442
20.697550 65.272240
20.637194 65.278984
20.576822 65.285675
20.516436 65.292313
20.456034 65.298897
20.395617 65.305428
20.335184 65.311905
20.274736 65.318329
20.214273 65.324699
20.153795 65.331017
20.093302 65.337280
20.032793 65.343491
19.972269 65.349648
19.911730 65.355751
19.851175 65.361801
19.790606 65.367798
19.730021 65.373741
19.669420 65.379631
19.608805 65.385468
19.548174 65.391251
19.487528 65.396980
19.426867 65.402657
19.366190 65.408279
19.305498 65.413849
19.244791 65.419365
19.184069 65.424828
19.123331 65.430237
19.062578 65.435593
19.001810 65.440895
18.941027 65.446144
18.880230 65.451340
18.819420 65.456482
18.758596 65.461571
18.697760 65.466606
18.636909 65.471588
18.576046 65.476517
18.515169 65.481392
18.454279 65.486214
18.393375 65.490982
18.332458 65.495697
18.271528 65.500359
18.210585 65.504967
18.149628 65.509521
18.088657 65.514023
18.027674 65.518471
17.966677 65.522865
17.905666 65.527206
17.844643 65.531494
17.783606 65.535728
17.722555 65.539909
17.661491 65.544037
17.600414 65.548111
17.539324 65.552132
17.478220 65.556099
17.417103 65.560013
17.355972 65.563873
17.294828 65.567680
17.233671 65.571434
17.172501 65.575134
17.111317 65.578781
17.050119 65.582375
16.988909 65.585915
16.927685 65.589401
16.866447 65.592834
16.805197 65.596214
16.743933 65.599541
16.682655 65.602814
16.621365 65.606033
16.560061 65.609200
16.498743 65.612312
16.437412 65.615372
16.376068 65.618378
16.314711 65.621330
16.253340 65.624229
16.191957 65.627075
16.130564 65.629868
16.069159 65.632607
16.007742 65.635292
15.946313 65.637924
15.884871 65.640503
15.823418 65.643028
15.761951 65.645500
15.700473 65.647919
15.638982 65.650284
15.577479 65.652596
15.515965 65.654854
15.454440 65.657059
15.392903 65.659210
15.331355 65.661308
15.269795 65.663353
15.208224 65.665344
15.146642 65.667282
15.085048 65.669167
15.023442 65.670998
14.961825 65.672775
14.900197 65.674500
14.838557 65.676170
14.776906 65.677788
14.715243 65.679352
14.653569 65.680862
14.591884 65.682320
14.530187 65.683723
14.468478 65.685074
14.406758 65.686371
14.345027 65.687614
14.283285 65.688805
14.221533 65.689941
14.159770 65.691025
14.097997 65.692055
14.036213 65.693031
13.974419 65.693954
13.912614 65.694824
13.850799 65.695641
13.788973 65.696404
13.727137 65.697113
13.665290 65.697769
13.603433 65.698372
13.541565 65.698921
13.479687 65.699417
13.417798 65.699860
13.355899 65.700249
13.293989 65.700584
13.232069 65.700867
13.170138 65.701096
13.108197 65.701271
13.046247 65.701393
12.984286 65.701462
12.922317 65.701477
12.860337 65.701439
12.798348 65.701347
12.736350 65.701202
12.674342 65.701004
12.612325 65.700752
12.550298 65.700447
12.488261 65.700089
12.426215 65.699677
12.364160 65.699211
12.302094 65.698692
12.240020 65.698120
12.177936 65.697495
12.115842 65.696815
12.053739 65.696083
11.991626 65.695297
11.929503 65.694458
11.867372 65.693565
11.805231 65.692619
11.743082 65.691620
11.680924 65.690567
11.618758 65.689461
11.556583 65.688301
11.494400 65.687088
11.432208 65.685822
11.370008 65.684502
11.307798 65.683128
11.245581 65.681702
11.183354 65.680214
11.121119 65.678665
11.058876 65.677055
10.996624 65.675385
10.934363 65.673653
10.872094 65.671860
10.809816 65.670006
10.747530 65.668091
10.685235 65.666115
10.622931 65.664078
10.560620 65.661980
10.498302 65.659821
10.435975 65.657600
10.373641 65.655319
10.311299 65.652977
10.248950 65.650574
10.186593 65.648109
10.124228 65.645584
10.061856 65.642998
9.999476 65.640350
9.937089 65.637642
9.874694 65.634872
9.812291 65.632042
9.749881 65.629150
9.687463 65.626198
9.625037 65.623184
9.562604 65.620110
9.500163 65.616974
9.437715 65.613777
9.375259 65.610519
9.312798 65.607201
9.250329 65.603821
9.187854 65.600380
9.125372 65.596878
9.062883 65.593315
9.000388 65.589691
8.937886 65.586006
8.875378 65.582260
8.812862 65.578453
8.750340 65.574585
8.687812 65.570656
8.625277 65.566666
8.562735 65.562614
8.500186 65.558502
8.437631 65.554329
8.375069 65.550095
8.312500 65.545799
8.249926 65.541443
8.187346 65.537025
8.124760 65.532547
8.062168 65.528008
7.999570 65.523407
7.936967 65.518745
7.874358 65.514023
7.811743 65.509239
7.749122 65.504395
7.686496 65.499489
7.623864 65.494522
7.561226 65.489494
7.498582 65.484406
7.435933 65.479256
7.373279 65.474045
7.310619 65.468773
7.247954 65.463440
7.185284 65.458046
7.122608 65.452591
7.059927 65.447075
6.997241 65.441498
6.934550 65.435860
6.871854 65.430161
6.809153 65.424400
6.746447 65.418579
6.683736 65.412697
6.621020 65.406754
6.558300 65.400749
6.495575 65.394684
6.432845 65.388557
6.370111 65.382370
6.307371 65.376122
6.244627 65.369812
6.181880 65.363441
6.119127 65.357010
6.056371 65.350517
5.993610 65.343964
5.930845 65.337349
5.868075 65.330673
5.805302 65.323936
5.742524 65.317139
5.679743 65.310280
5.616958 65.303360
5.554169 65.296379
5.491376 65.289337
5.428579 65.282234
5.365779 65.275070
5.302975 65.267845
5.240167 65.260559
5.177355 65.253212
5.114541 65.245804
5.051723 65.238335
4.988901 65.230804
4.926076 65.223213
4.863248 65.215561
4.800417 65.207848
4.737582 65.200073
4.674744 65.192238
4.611903 65.184341
4.549059 65.176384
4.486213 65.168365
4.423363 65.160286
4.360511 65.152145
4.297656 65.143944
4.234797 65.135681
4.171937 65.127357
4.109073 65.118973
4.046207 65.110527
3.983339 65.102020
3.920469 65.093452
3.857596 65.084824
3.794721 65.076134
3.731843 65.067383
3.668963 65.058571
3.606081 65.049698
3.543197 65.040764
3.480311 65.031769
3.417423 65.022713
3.354533 65.013596
3.291641 65.004417
3.228747 64.995178
3.165851 64.985878
3.102954 64.976517
3.040055 64.967094
2.977155 64.957611
2.914253 64.948067
2.851349 64.938461
2.788445 64.928795
2.725538 64.919067
2.662631 64.909279
2.599722 64.899429
2.536812 64.889519
2.473901 64.879547
2.410989 64.869514
2.348076 64.859421
2.285162 64.849266
2.222248 64.839050
2.159332 64.828773
2.096415 64.818436
2.033498 64.808037
1.970580 64.797577
1.907662 64.787056
1.844742 64.776474
1.781823 64.765831
1.718903 64.755127
1.655982 64.744362
1.593061 64.733536
1.530140 64.722649
1.467219 64.711700
1.404298 64.700691
1.341376 64.689621
1.278455 64.678490
1.215533 64.667297
1.152612 64.656044
1.089690 64.644730
1.026769 64.633354
0.963849 64.621918
0.900928 64.610420
0.838008 64.598862
0.775089 64.587242
0.712170 64.575562
0.649251 64.563820
0.586334 64.552017
0.523417 64.540154
0.460501 64.528229
0.397585 64.516243
0.334670 64.504196
0.271757 64.492088
0.208844 64.479919
0.145933 64.467690
0.083022 64.455399
0.020113 64.443047
-0.042795 64.430634
-0.105702 64.418159
-0.168607 64.405624
-0.231511 64.393028
-0.294414 64.380371
-0.357315 64.367653
-0.420214 64.354874
-0.483112 64.342033
-0.546007 64.329132
-0.608902 64.316170
-0.671794 64.303146
-0.734684 64.290062
-0.797573 64.276917
-0.860459 64.263710
-0.923344 64.250443
-0.986226 64.237114
-1.049106 64.223724
-1.111983 64.210274
-1.174859 64.196762
-1.237731 64.183189
-1.300602 64.169556
-1.363470 64.155861
-1.426335 64.142105
-1.489198 64.128288
-1.552058 64.114410
-1.614915 64.100471
-1.677769 64.086472
-1.740620 64.072411
-1.803469 64.058289
-1.866314 64.044106
-1.929157 64.029861
-1.991996 64.015556
-2.054832 64.001190
-2.117665 63.986763
-2.180494 63.972275
-2.243320 63.957726
-2.306143 63.943115
-2.368962 63.928444
-2.431777 63.913712
-2.494589 63.898918
-2.557397 63.884064
-2.620202 63.869148
-2.683002 63.854172
-2.745799 63.839134
-2.808591 63.824036
-2.871380 63.808876
-2.934164 63.793655
-2.996944 63.778374
-3.059721 63.763031
-3.122492 63.747627
-3.185260 63.732162
-3.248023 63.716637
-3.310782 63.701050
-3.373536 63.685402
-3.436285 63.669693
-3.499030 63.653923
-3.561770 63.638092
-3.624506 63.622200
-3.687236 63.606247
-3.749962 63.590233
-3.812682 63.574158
-3.875398 63.558022
-3.938108 63.541821
-4.000814 63.525555
-4.063514 63.509224
-4.126209 63.492828
-4.188899 63.476368
-4.251584 63.459843
-4.314262 63.443253
-4.376935 63.426598
-4.439603 63.409878
-4.502264 63.393093
-4.564920 63.376244
-4.627571 63.359329
-4.690215 63.342350
-4.752854 63.325306
-4.815486 63.308197
-4.878113 63.291023
-4.940733 63.273785
-5.003347 63.256481
-5.065955 63.239113
-5.128556 63.221680
-5.191152 63.204182
-5.253740 63.186619
-5.316322 63.168991
-5.378898 63.151299
-5.441466 63.133541
-5.504028 63.115719
-5.566584 63.097832
-5.629132 63.079880
-5.691674 63.061863
-5.754208 63.043781
-5.816735 63.025635
-5.879255 63.007423
-5.941768 62.989147
-6.004274 62.970806
-6.066772 62.952400
-6.129263 62.933929
-6.191747 62.915394
-6.254222 62.896793
-6.316690 62.878128
-6.379151 62.859398
-6.441604 62.840603
-6.504049 62.821743
-6.566486 62.802818
-6.628915 62.783829
-6.691336 62.764774
-6.753748 62.745655
-6.816153 62.726471
-6.878550 62.707222
-6.940938 62.687908
-7.003318 62.668530
-7.065689 62.649086
-7.128052 62.629578
-7.190406 62.610004
-7.252751 62.590366
-7.315088 62.570663
-7.377417 62.550896
-7.439736 62.531063
-7.502046 62.511166
-7.564347 62.491203
-7.626639 62.471176
-7.688922 62.451084
-7.751196 62.430927
-7.813461 62.410706
-7.875717 62.390419
-7.937963 62.370068
-8.000199 62.349651
-8.062427 62.329170
-8.124644 62.308624
-8.186852 62.288013
-8.249051 62.267338
-8.311240 62.246597
-8.373420 62.225792
-8.435590 62.204922
-8.497750 62.183987
-8.559900 62.162987
-8.622040 62.141922
-8.684169 62.120792
-8.746287 62.099598
-8.808395 62.078339
-8.870493 62.057014
-8.932580 62.035625
-8.994657 62.014172
-9.056723 61.992653
-9.118778 61.971069
-9.180823 61.949421
-9.242858 61.927708
-9.304882 61.905930
-9.366895 61.884087
-9.428896 61.862179
-9.490886 61.840206
-9.552864 61.818169
-9.614831 61.796066
-9.676786 61.773899
-9.738730 61.751667
-9.800663 61.729370
-9.862584 61.707008
-9.924494 61.684582
-9.986392 61.662090
-10.048279 61.639534
-10.110154 61.616913
-10.172018 61.594227
-10.233870 61.571476
-10.295709 61.548660
-10.357535 61.525780
-10.419350 61.502834
-10.481152 61.479824
-10.542941 61.456749
-10.604718 61.433609
-10.666483 61.410404
-10.728235 61.387135
-10.789975 61.363800
-10.851703 61.340401
-10.913418 61.316936
-10.975121 61.293407
-11.036810 61.269814
-11.098486 61.246155
-11.160149 61.222431
-11.221798 61.198643
-11.283434 61.174789
-11.345057 61.150871
-11.406666 61.126888
-11.468262 61.102840
-11.529844 61.078728
-11.591413 61.054550
-11.652969 61.030308
-11.714512 61.006001
-11.776041 60.981628
-11.837556 60.957191
-11.899056 60.932690
-11.960543 60.908123
-12.022015 60.883492
-12.083472 60.858795
-12.144916 60.834034
-12.206345 60.809208
-12.267759 60.784317
-12.329160 60.759361
-12.390546 60.734341
-12.451918 60.709255
-12.513275 60.684105
-12.574618 60.658890
-12.635946 60.633610
-12.697259 60.608265
-12.758556 60.582855
-12.819839 60.557381
-12.881105 60.531841
-12.942357 60.506237
-13.003593 60.480568
-13.064815 60.454834
-13.126020 60.429035
-13.187211 60.403172
-13.248386 60.377243
-13.309546 60.351250
-13.370691 60.325191
-13.431820 60.299068
-13.492932 60.272881
-13.554029 60.246628
-13.615108 60.220310
-13.676172 60.193928
-13.737220 60.167480
-13.798251 60.140968
-13.859266 60.114391
-13.920265 60.087749
-13.981248 60.061043
-14.042214 60.034271
-14.103165 60.007435
-14.164099 59.980534
-14.225016 59.953568
-14.285915 59.926537
-14.346798 59.899441
-14.407663 59.872280
-14.468512 59.845055
-14.529343 59.817764
-14.590157 59.790409
-14.650953 59.762989
-14.711733 59.735504
-14.772495 59.707954
-14.833241 59.680340
-14.893969 59.652660
-14.954679 59.624916
-15.015372 59.597107
-15.076047 59.569233
-15.136703 59.541294
-15.197342 59.513290
-15.257962 59.485222
-15.318564 59.457088
-15.379148 59.428890
-15.439714 59.400627
-15.500262 59.372299
-15.560792 59.343906
-15.621304 59.315449
-15.681797 59.286926
-15.742271 59.258339
-15.802727 59.229687
-15.863163 59.200970
-15.923580 59.172188
-15.983978 59.143341
-16.044357 59.114429
-16.104717 59.085453
-16.165058 59.056412
-16.225380 59.027306
-16.285683 58.998135
-16.345966 58.968899
-16.406231 58.939598
-16.466476 58.910233
-16.526703 58.880802
-16.586910 58.851307
-16.647099 58.821747
-16.707268 58.792122
-16.767418 58.762432
-16.827547 58.732677
-16.887655 58.702858
-16.947742 58.672974
-17.007809 58.643024
-17.067854 58.613010
-17.127878 58.582932
-17.187881 58.552788
-17.247864 58.522579
-17.307825 58.492306
-17.367765 58.461967
-17.427685 58.431564
-17.487583 58.401096
-17.547461 58.370564
-17.607317 58.339966
-17.667152 58.309303
-17.726967 58.278576
-17.786760 58.247784
-17.846533 58.216927
-17.906284 58.186005
-17.966015 58.155018
-18.025724 58.123966
-18.085413 58.092850
-18.145081 58.061668
-18.204727 58.030422
-18.264353 57.999111
-18.323956 57.967735
-18.383535 57.936295
-18.443092 57.904789
-18.502626 57.873219
-18.562138 57.841583
-18.621626 57.809883
-18.681091 57.778118
-18.740534 57.746288
-18.799953 57.714394
-18.859350 57.682434
-18.918724 57.650410
-18.978075 57.618320
-19.037403 57.586166
-19.096708 57.553947
-19.155991 57.521664
-19.215250 57.489315
-19.274487 57.456902
-19.333700 57.424423
-19.392891 57.391880
-19.452059 57.359272
-19.511204 57.326599
-19.570326 57.293861
-19.629425 57.261059
-19.688501 57.228191
-19.747553 57.195259
-19.806580 57.162262
-19.865582 57.129200
-19.924559 57.096073
-19.983511 57.062881
-20.042439 57.029625
-20.101341 56.996304
-20.160219 56.962917
-20.219072 56.929466
-20.277901 56.895950
-20.336704 56.862370
-20.395483 56.828724
-20.454237 56.795013
-20.512966 56.761238
-20.571671 56.727398
-20.630350 56.693493
-20.689005 56.659523
-20.747635 56.625488
-20.806240 56.591389
-20.864820 56.557224
-20.923376 56.522995
-20.981907 56.488701
-21.040413 56.454342
-21.098892 56.419918
-21.157345 56.385429
-21.215771 56.350876
-21.274170 56.316257
-21.332542 56.281574
-21.390888 56.246826
-21.449207 56.212013
-21.507500 56.177135
-21.565765 56.142193
-21.624004 56.107185
-21.682217 56.072113
-21.740402 56.036976
-21.798561 56.001774
-21.856693 55.966507
-21.914799 55.931175
-21.972878 55.895779
-22.030930 55.860317
-22.088955 55.824791
-22.146954 55.789200
-22.204926 55.753544
-22.262871 55.717823
-22.320789 55.682037
-22.378681 55.646187
-22.436544 55.610271
-22.494379 55.574291
-22.552185 55.538246
-22.609962 55.502136
-22.667711 55.465961
-22.725431 55.429722
-22.783123 55.393417
-22.840786 55.357048
-22.898420 55.320614
-22.956026 55.284115
-23.013603 55.247551
-23.071152 55.210922
-23.128672 55.174229
-23.186163 55.137470
-23.243626 55.100647
-23.301060 55.063759
-23.358465 55.026806
-23.415842 54.989788
-23.473190 54.952705
-23.530510 54.915558
-23.587801 54.878345
-23.645063 54.841068
-23.702297 54.803726
-23.759501 54.766319
-23.816673 54.728848
-23.873816 54.691311
-23.930927 54.653709
-23.988008 54.616043
-24.045059 54.578312
-24.102079 54.540516
-24.159069 54.502655
-24.216028 54.464729
-24.272957 54.426739
-24.329855 54.388683
-24.386723 54.350563
-24.443560 54.312378
-24.500366 54.274128
-24.557142 54.235813
-24.613888 54.197433
-24.670603 54.158989
-24.727287 54.120480
-24.783941 54.081905
-24.840565 54.043266
-24.897158 54.004562
-24.953720 53.965794
-25.010250 53.926960
-25.066748 53.888062
-25.123213 53.849098
-25.179646 53.810070
-25.236046 53.770977
-25.292414 53.731819
-25.348749 53.692596
-25.405052 53.653309
-25.461323 53.613956
-25.517561 53.574539
-25.573767 53.535057
-25.629940 53.495510
-25.686081 53.455898
-25.742189 53.416222
-25.798265 53.376480
-25.854309 53.336674
-25.910320 53.296803
-25.966299 53.256866
-26.022245 53.216866
-26.078159 53.176800
-26.134041 53.136669
-26.189890 53.096474
-26.245705 53.056213
-26.301485 53.015888
-26.357231 52.975498
-26.412943 52.935043
-26.468620 52.894524
-26.524263 52.853939
-26.579872 52.813290
-26.635447 52.772575
-26.690987 52.731796
-26.746492 52.690952
-26.801964 52.650043
-26.857401 52.609070
-26.912804 52.568031
-26.968172 52.526928
-27.023506 52.485760
-27.078806 52.444527
-27.134071 52.403229
-27.189302 52.361866
-27.244499 52.320438
-27.299662 52.278946
-27.354790 52.237389
-27.409883 52.195766
-27.464941 52.154079
-27.519962 52.112328
-27.574947 52.070511
-27.629896 52.028629
-27.684809 51.986683
-27.739685 51.944672
-27.794525 51.902596
-27.849329 51.860455
-27.904097 51.818249
-27.958828 51.775978
-28.013523 51.733643
-28.068182 51.691242
-28.122805 51.648777
-28.177391 51.606247
-28.231941 51.563652
-28.286455 51.520992
-28.340933 51.478268
-28.395374 51.435478
-28.449780 51.392624
-28.504148 51.349705
-28.558481 51.306721
-28.612778 51.263672
-28.667036 51.220558
-28.721256 51.177380
-28.775438 51.134136
-28.829582 51.090828
-28.883688 51.047455
-28.937756 51.004017
-28.991785 50.960514
-29.045776 50.916946
-29.099730 50.873314
-29.153645 50.829617
-29.207521 50.785854
-29.261360 50.742027
-29.315161 50.698135
-29.368923 50.654179
-29.422647 50.610157
-29.476334 50.566071
-29.529982 50.521919
-29.583591 50.477703
-29.637163 50.433422
-29.690697 50.389076
-29.744192 50.344666
-29.797649 50.300190
-29.851067 50.255650
-29.904444 50.211044
-29.957781 50.166374
-30.011078 50.121639
-30.064335 50.076839
-30.117552 50.031975
-30.170729 49.987045
-30.223866 49.942051
-30.276962 49.896992
-30.330019 49.851868
-30.383036 49.806679
-30.436012 49.761425
-30.488949 49.716106
-30.541845 49.670723
-30.594702 49.625275
-30.647518 49.579762
-30.700294 49.534184
-30.753031 49.488541
-30.805727 49.442833
-30.858383 49.397060
-30.910999 49.351227
-30.963573 49.305332
-31.016106 49.259377
-31.068596 49.213360
-31.121044 49.167282
-31.173450 49.121143
-31.225815 49.074944
-31.278137 49.028683
-31.330418 48.982361
-31.382656 48.935978
-31.434853 48.889534
-31.487007 48.843029
-31.539120 48.796463
-31.591190 48.749836
-31.643219 48.703148
-31.695206 48.656399
-31.747150 48.609589
-31.799053 48.562717
-31.850914 48.515785
-31.902733 48.468792
-31.954510 48.421738
-32.006245 48.374622
-32.057938 48.327446
-32.109589 48.280209
-32.161198 48.232910
-32.212765 48.185551
-32.264290 48.138130
-32.315773 48.090649
-32.367214 48.043106
-32.418613 47.995502
-32.469971 47.947838
-32.521286 47.900112
-32.572559 47.852325
-32.623787 47.804478
-32.674969 47.756569
-32.726105 47.708599
-32.777195 47.660568
-32.828239 47.612476
-32.879238 47.564323
-32.930191 47.516109
-32.981098 47.467834
-33.031960 47.419498
-33.082775 47.371101
-33.133545 47.322643
-33.184269 47.274124
-33.234947 47.225544
-33.285580 47.176903
-33.336166 47.128201
-33.386707 47.079437
-33.437202 47.030613
-33.487652 46.981728
-33.538055 46.932781
-33.588413 46.883774
-33.638725 46.834705
-33.688992 46.785576
-33.739212 46.736385
-33.789387 46.687134
-33.839516 46.637821
-33.889599 46.588448
-33.939636 46.539013
-33.989628 46.489517
-34.039574 46.439960
-34.089474 46.390343
-34.139328 46.340664
-34.189137 46.290924
-34.238899 46.241123
-34.288616 46.191261
-34.338287 46.141338
-34.387913 46.091354
-34.437492 46.041309
-34.487026 45.991203
-34.536514 45.941036
-34.585957 45.890808
-34.635353 45.840519
-34.684704 45.790169
-34.734009 45.739758
-34.783264 45.689285
-34.832470 45.638752
-34.881626 45.588158
-34.930733 45.537502
-34.979790 45.486786
-35.028797 45.436008
-35.077755 45.385170
-35.126663 45.334270
-35.175522 45.283310
-35.224331 45.232288
-35.273090 45.181206
-35.321800 45.130062
-35.370461 45.078857
-35.419071 45.027592
-35.467632 44.976265
-35.516144 44.924877
-35.564606 44.873428
-35.613018 44.821918
-35.661381 44.770348
-35.709694 44.718716
-35.757957 44.667023
-35.806171 44.615269
-35.854336 44.563454
-35.902451 44.511578
-35.950516 44.459641
-35.998531 44.407642
-36.046497 44.355583
-36.094414 44.303463
-36.142281 44.251282
-36.190098 44.199039
-36.237865 44.146736
-36.285583 44.094372
-36.333252 44.041946
-36.380871 43.989460
-36.428440 43.936913
-36.475960 43.884304
-36.523430 43.831635
-36.570850 43.778904
-36.618221 43.726116
-36.665543 43.673271
-36.712814 43.620369
-36.760036 43.567410
-36.807205 43.514393
-36.854321 43.461319
-36.901382 43.408188
-36.948391 43.355000
-36.995346 43.301754
-37.042248 43.248451
-37.089096 43.195091
-37.135891 43.141674
-37.182632 43.088200
-37.229321 43.034668
-37.275955 42.981079
-37.322536 42.927433
-37.369064 42.873730
-37.415539 42.819969
-37.461960 42.766151
-37.508327 42.712276
-37.554642 42.658344
-37.600903 42.604355
-37.647110 42.550308
-37.693264 42.496204
-37.739365 42.442043
-37.785412 42.387825
-37.831406 42.333549
-37.877346 42.279217
-37.923233 42.224827
-37.969067 42.170380
-38.014847 42.115875
-38.060574 42.061314
-38.106247 42.006695
-38.151867 41.952019
-38.197433 41.897285
-38.242947 41.842495
-38.288406 41.787647
-38.333813 41.732742
-38.379166 41.677780
-38.424465 41.622761
-38.469711 41.567684
-38.514904 41.512550
-38.560043 41.457359
-38.605129 41.402111
-38.650162 41.346806
-38.695141 41.291443
-38.740063 41.236023
-38.784927 41.180546
-38.829735 41.125011
-38.874485 41.069420
-38.919178 41.013771
-38.963814 40.958065
-39.008392 40.902302
-39.052914 40.846481
-39.097378 40.790604
-39.141785 40.734669
-39.186134 40.678677
-39.230427 40.622627
-39.274662 40.566521
-39.318840 40.510357
-39.362961 40.454136
-39.407024 40.397858
-39.451031 40.341522
-39.494980 40.285130
-39.538872 40.228680
-39.582706 40.172173
-39.626484 40.115608
-39.670204 40.058987
-39.713867 40.002308
-39.757473 39.945572
-39.801022 39.888779
-39.844513 39.831928
-39.887947 39.775021
-39.931324 39.718056
-39.974644 39.661034
-40.017906 39.603954
-40.061111 39.546818
-40.104259 39.489624
-40.147350 39.432377
-40.190384 39.375076
-40.233360 39.317722
-40.276279 39.260315
-40.319141 39.202854
-40.361946 39.145340
-40.404694 39.087772
-40.447384 39.030151
-40.490017 38.972477
-40.532593 38.914749
-40.575111 38.856968
-40.617569 38.799133
-40.659966 38.741245
-40.702301 38.683304
-40.744576 38.625309
-40.786789 38.567261
-40.828941 38.509159
-40.871033 38.451004
-40.913063 38.392796
-40.955032 38.334534
-40.996941 38.276218
-41.038788 38.217850
-41.080574 38.159428
-41.122299 38.100952
-41.163963 38.042423
-41.205566 37.983841
-41.247108 37.925205
-41.288589 37.866516
-41.330009 37.807774
-41.371368 37.748978
-41.412666 37.690128
-41.453903 37.631226
-41.495079 37.572269
-41.536194 37.513260
-41.577248 37.454197
-41.618240 37.395081
-41.659172 37.335911
-41.700043 37.276688
-41.740852 37.217411
-41.781601 37.158081
-41.822289 37.098698
-41.862915 37.039261
-41.903481 36.979771
-41.943985 36.920227
-41.984428 36.860630
-42.024811 36.800980
-42.065132 36.741276
-42.105392 36.681519
-42.145592 36.621708
-42.185730 36.561844
-42.225807 36.501926
-42.265823 36.441956
-42.305779 36.381931
-42.345673 36.321854
-42.385506 36.261723
-42.425274 36.201538
-42.464977 36.141300
-42.504616 36.081009
-42.544189 36.020664
-42.583698 35.960266
-42.623142 35.899815
-42.662521 35.839310
-42.701836 35.778751
-42.741085 35.718143
-42.780270 35.657486
-42.819389 35.596779
-42.858444 35.536022
-42.897434 35.475216
-42.936359 35.414360
-42.975220 35.353455
-43.014015 35.292500
-43.052746 35.231495
-43.091412 35.170441
-43.130013 35.109337
-43.168549 35.048183
-43.207020 34.986980
-43.245426 34.925728
-43.283768 34.864426
-43.322044 34.803074
-43.360256 34.741673
-43.398403 34.680222
-43.436485 34.618721
-43.474503 34.557171
-43.512455 34.495571
-43.550343 34.433922
-43.588165 34.372223
-43.625923 34.310474
-43.663616 34.248676
-43.701244 34.186829
-43.738808 34.124931
-43.776306 34.062984
-43.813740 34.000988
-43.851109 33.938942
-43.888412 33.876846
-43.925652 33.814701
-43.962826 33.752506
-43.999935 33.690262
-44.036980 33.627968
-44.073959 33.565624
-44.110874 33.503231
-44.147720 33.440788
-44.184498 33.378296
-44.221207 33.315754
-44.257847 33.253162
-44.294418 33.190521
-44.330921 33.127831
-44.367355 33.065090
-44.403721 33.002300
-44.440018 32.939461
-44.476246 32.876572
-44.512405 32.813633
-44.548496 32.750645
-44.584518 32.687607
-44.620472 32.624519
-44.656357 32.561382
-44.692173 32.498196
-44.727921 32.434959
-44.763599 32.371674
-44.799210 32.308342
-44.834751 32.244965
-44.870224 32.181541
-44.905628 32.118073
-44.940964 32.054558
-44.976231 31.990995
-45.011429 31.927385
-45.046558 31.863728
-45.081619 31.800022
-45.116611 31.736269
-45.151535 31.672468
-45.186390 31.608620
-45.221176 31.544725
-45.255894 31.480785
-45.290543 31.416800
-45.325123 31.352768
-45.359634 31.288691
-45.394077 31.224567
-45.428452 31.160398
-45.462757 31.096184
-45.496994 31.031923
-45.531162 30.967617
-45.565262 30.903265
-45.599293 30.838867
-45.633255 30.774424
-45.667149 30.709934
-45.700974 30.645399
-45.734730 30.580818
-45.768414 30.516191
-45.802025 30.451519
-45.835564 30.386801
-45.869030 30.322037
-45.902424 30.257227
-45.935745 30.192371
-45.968994 30.127470
-46.002171 30.062523
-46.035275 29.997532
-46.068306 29.932497
-46.101265 29.867418
-46.134151 29.802296
-46.166965 29.737129
-46.199707 29.671919
-46.232376 29.606665
-46.264973 29.541367
-46.297497 29.476025
-46.329948 29.410639
-46.362328 29.345209
-46.394634 29.279736
-46.426868 29.214218
-46.459030 29.148657
-46.491119 29.083052
-46.523136 29.017403
-46.555080 28.951710
-46.586952 28.885973
-46.618752 28.820192
-46.650478 28.754368
-46.682133 28.688499
-46.713715 28.622587
-46.745224 28.556631
-46.776661 28.490633
-46.808025 28.424593
-46.839317 28.358511
-46.870537 28.292387
-46.901684 28.226221
-46.932758 28.160013
-46.963760 28.093763
-46.994690 28.027472
-47.025547 27.961138
-47.056332 27.894762
-47.087044 27.828344
-47.117683 27.761885
-47.148251 27.695383
-47.178745 27.628839
-47.209167 27.562254
-47.239517 27.495626
-47.269794 27.428957
-47.299999 27.362246
-47.330132 27.295492
-47.360188 27.228697
-47.390167 27.161860
-47.420071 27.094980
-47.449898 27.028061
-47.479649 26.961102
-47.509323 26.894102
-47.538921 26.827063
-47.568443 26.759983
-47.597889 26.692863
-47.627258 26.625704
-47.656551 26.558504
-47.685768 26.491264
-47.714909 26.423985
-47.743973 26.356665
-47.772961 26.289305
-47.801872 26.221905
-47.830708 26.154465
-47.859467 26.086985
-47.888149 26.019464
-47.916756 25.951904
-47.945286 25.884304
-47.973740 25.816664
-48.002117 25.748983
-48.030418 25.681263
-48.058643 25.613504
-48.086792 25.545708
-48.114864 25.477873
-48.142860 25.410000
-48.170780 25.342089
-48.198624 25.274139
-48.226391 25.206152
-48.254082 25.138126
-48.281696 25.070063
-48.309235 25.001961
-48.336697 24.933821
-48.364082 24.865643
-48.391392 24.797426
-48.418625 24.729172
-48.445782 24.660879
-48.472862 24.592548
-48.499866 24.524179
-48.526794 24.455772
-48.553646 24.387327
-48.580421 24.318844
-48.607121 24.250322
-48.633743 24.181765
-48.660290 24.113171
-48.686760 24.044540
-48.713154 23.975874
-48.739471 23.907171
-48.765713 23.838432
-48.791878 23.769657
-48.817966 23.700846
-48.843975 23.631998
-48.869904 23.563114
-48.895752 23.494194
-48.921520 23.425238
-48.947208 23.356245
-48.972816 23.287216
-48.998344 23.218151
-49.023792 23.149050
-49.049160 23.079912
-49.074448 23.010738
-49.099655 22.941528
-49.124783 22.872284
-49.149830 22.803005
-49.174797 22.733692
-49.199684 22.664345
-49.224491 22.594963
-49.249218 22.525547
-49.273865 22.456097
-49.298431 22.386612
-49.322918 22.317093
-49.347324 22.247540
-49.371651 22.177952
-49.395897 22.108330
-49.420063 22.038673
-49.444149 21.968983
-49.468155 21.899258
-49.492081 21.829498
-49.515926 21.759705
-49.539692 21.689877
-49.563377 21.620014
-49.586983 21.550119
-49.610508 21.480192
-49.633953 21.410233
-49.657318 21.340240
-49.680603 21.270216
-49.703808 21.200159
-49.726933 21.130070
-49.749977 21.059948
-49.772942 20.989794
-49.795826 20.919607
-49.818630 20.849388
-49.841354 20.779137
-49.863998 20.708853
-49.886562 20.638536
-49.909046 20.568188
-49.931450 20.497807
-49.953773 20.427393
-49.976017 20.356947
-49.998180 20.286469
-50.020264 20.215960
-50.042267 20.145420
-50.064190 20.074850
-50.086033 20.004250
-50.107796 19.933619
-50.129478 19.862957
-50.151081 19.792265
-50.172604 19.721542
-50.194046 19.650789
-50.215408 19.580006
-50.236691 19.509192
-50.257889 19.438347
-50.279003 19.367472
-50.300034 19.296566
-50.320980 19.225630
-50.341843 19.154663
-50.362621 19.083666
-50.383316 19.012638
-50.403927 18.941582
-50.424454 18.870497
-50.444897 18.799383
-50.465256 18.728241
-50.485531 18.657070
-50.505722 18.585871
-50.525829 18.514643
-50.545853 18.443386
-50.565792 18.372101
-50.585648 18.300787
-50.605419 18.229445
-50.625107 18.158073
-50.644711 18.086674
-50.664230 18.015245
-50.683666 17.943789
-50.703018 17.872303
-50.722286 17.800789
-50.741470 17.729246
-50.760571 17.657677
-50.779587 17.586081
-50.798519 17.514458
-50.817368 17.442808
-50.836132 17.371132
-50.854813 17.299429
-50.873409 17.227699
-50.891922 17.155943
-50.910351 17.084160
-50.928696 17.012350
-50.946957 16.940514
-50.965134 16.868650
-50.983227 16.796761
-51.001236 16.724844
-51.019161 16.652901
-51.037003 16.580931
-51.054760 16.508934
-51.072433 16.436913
-51.090023 16.364866
-51.107529 16.292795
-51.124950 16.220699
-51.142288 16.148579
-51.159542 16.076433
-51.176712 16.004263
-51.193798 15.932068
-51.210800 15.859848
-51.227718 15.787603
-51.244553 15.715334
-51.261303 15.643040
-51.277969 15.570721
-51.294552 15.498378
-51.311050 15.426011
-51.327465 15.353621
-51.343796 15.281206
-51.360043 15.208768
-51.376205 15.136306
-51.392284 15.063820
-51.408279 14.991310
-51.424191 14.918777
-51.440018 14.846222
-51.455761 14.773643
-51.471420 14.701042
-51.486996 14.628418
-51.502487 14.555771
-51.517895 14.483101
-51.533218 14.410408
-51.548458 14.337692
-51.563610 14.264955
-51.578674 14.192195
-51.593651 14.119413
-51.608540 14.046610
-51.623341 13.973784
-51.638054 13.900937
-51.652679 13.828068
-51.667217 13.755177
-51.681667 13.682264
-51.696030 13.609331
-51.710304 13.536377
-51.724491 13.463402
-51.738590 13.390406
-51.752602 13.317389
-51.766525 13.244350
-51.780361 13.171291
-51.794109 13.098212
-51.807770 13.025113
-51.821342 12.951994
-51.834827 12.878855
-51.848225 12.805696
-51.861534 12.732516
-51.874756 12.659317
-51.887890 12.586098
-51.900936 12.512859
-51.913895 12.439602
-51.926765 12.366325
-51.939548 12.293030
-51.952244 12.219715
-51.964851 12.146381
-51.977371 12.073029
-51.989803 11.999657
-52.002148 11.926266
-52.014404 11.852857
-52.026573 11.779429
-52.038654 11.705984
-52.050648 11.632521
-52.062553 11.559039
-52.074371 11.485539
-52.086102 11.412022
-52.097744 11.338486
-52.109299 11.264933
-52.120766 11.191362
-52.132145 11.117775
-52.143436 11.044170
-52.154640 10.970549
-52.165756 10.896910
-52.176785 10.823254
-52.187725 10.749580
-52.198578 10.675891
-52.209343 10.602185
-52.220020 10.528463
-52.230610 10.454725
-52.241112 10.380971
-52.251526 10.307200
-52.261852 10.233414
-52.272091 10.159611
-52.282242 10.085793
-52.292305 10.011959
-52.302280 9.938110
-52.312168 9.864246
-52.321968 9.790367
-52.331680 9.716473
-52.341305 9.642563
-52.350842 9.568639
-52.360291 9.494700
-52.369652 9.420748
-52.378925 9.346781
-52.388111 9.272799
-52.397209 9.198804
-52.406219 9.124794
-52.415142 9.050770
-52.423977 8.976732
-52.432724 8.902681
-52.441383 8.828617
-52.449955 8.754539
-52.458439 8.680449
-52.466835 8.606344
-52.475143 8.532227
-52.483364 8.458096
-52.491497 8.383952
-52.499542 8.309796
-52.507500 8.235628
-52.515369 8.161448
-52.523151 8.087255
-52.530846 8.013049
-52.538452 7.938832
-52.545971 7.864603
-52.553402 7.790361
-52.560745 7.716108
-52.568001 7.641844
-52.575169 7.567568
-52.582249 7.493280
-52.589241 7.418982
-52.596146 7.344672
-52.602962 7.270351
-52.609692 7.196019
-52.616333 7.121677
-52.622887 7.047324
-52.629353 6.972961
-52.635731 6.898587
-52.642021 6.824203
-52.648224 6.749810
-52.654339 6.675406
-52.660366 6.600992
-52.666306 6.526569
-52.672157 6.452136
-52.677917 6.377694
-52.683586 6.303242
-52.689163 6.228781
-52.694649 6.154311
-52.700043 6.079832
-52.705345 6.005343
-52.710556 5.930847
-52.715675 5.856341
-52.720703 5.781827
-52.725639 5.707305
-52.730484 5.632774
-52.735237 5.558236
-52.739899 5.483689
-52.744469 5.409134
-52.748947 5.334572
-52.753334 5.260003
-52.757629 5.185425
-52.761833 5.110841
-52.765945 5.036249
-52.769966 4.961650
-52.773895 4.887044
-52.777733 4.812432
-52.781479 4.737813
-52.785133 4.663187
-52.788696 4.588554
-52.792168 4.513915
-52.795547 4.439270
-52.798836 4.364619
-52.802032 4.289961
-52.805138 4.215298
-52.808151 4.140629
-52.811073 4.065955
-52.813904 3.991275
-52.816643 3.916589
-52.819290 3.841899
-52.821846 3.767203
-52.824310 3.692502
-52.826683 3.617797
-52.828964 3.543087
-52.831154 3.468372
-52.833252 3.393653
-52.835258 3.318930
-52.837173 3.244202
-52.838997 3.169470
-52.840729 3.094734
-52.842369 3.019995
-52.843918 2.945252
-52.845375 2.870505
-52.846741 2.795755
-52.848015 2.721002
-52.849197 2.646246
-52.850288 2.571486
-52.851288 2.496724
-52.852196 2.421959
-52.853012 2.347191
-52.853737 2.272420
-52.854370 2.197648
-52.854912 2.122872
-52.855362 2.048095
-52.855721 1.973316
-52.855988 1.898534
-52.856163 1.823751
-52.856247 1.748966
-52.856239 1.674180
-52.856140 1.599392
-52.855949 1.524603
-52.855667 1.449813
-52.855293 1.375023
-52.854828 1.300231
-52.854271 1.225438
-52.853622 1.150645
-52.852882 1.075852
-52.852051 1.001058
-52.851128 0.926263
-52.850113 0.851469
-52.849007 0.776675
-52.847809 0.701881
-52.846519 0.627087
-52.845139 0.552294
-52.843666 0.477501
-52.842102 0.402709
-52.840446 0.327918
-52.838699 0.253127
-52.836861 0.178338
-52.834930 0.103550
-52.832909 0.028763
-52.830795 -0.046023
-52.828590 -0.120806
-52.826294 -0.195588
-52.823906 -0.270369
-52.821426 -0.345147
-52.818855 -0.419923
-52.816193 -0.494697
-52.813438 -0.569469
-52.810593 -0.644238
-52.807655 -0.719004
-52.804626 -0.793768
-52.801506 -0.868529
-52.798294 -0.943287
-52.794991 -1.018042
-52.791595 -1.092793
-52.788109 -1.167542
-52.784531 -1.242287
-52.780861 -1.317028
-52.777100 -1.391765
-52.773247 -1.466498
-52.769302 -1.541228
-52.765266 -1.615953
-52.761139 -1.690674
-52.756920 -1.765390
-52.752609 -1.840102
-52.748207 -1.914809
-52.743713 -1.989512
-52.739128 -2.064209
-52.734451 -2.138902
-52.729683 -2.213589
-52.724823 -2.288271
-52.719872 -2.362948
-52.714828 -2.437619
-52.709694 -2.512284
-52.704468 -2.586944
-52.699150 -2.661597
-52.693741 -2.736245
-52.688240 -2.810886
-52.682648 -2.885521
-52.676964 -2.960149
-52.671188 -3.034771
-52.665321 -3.109386
-52.659363 -3.183994
-52.653313 -3.258595
-52.647171 -3.333189
-52.640938 -3.407776
-52.634613 -3.482355
-52.628197 -3.556927
-52.621689 -3.631491
-52.615089 -3.706048
-52.608398 -3.780596
-52.601616 -3.855137
-52.594742 -3.929669
-52.587776 -4.004193
-52.580719 -4.078708
-52.573570 -4.153215
-52.566330 -4.227713
-52.558998 -4.302203
-52.551575 -4.376683
-52.544060 -4.451155
-52.536453 -4.525617
-52.528755 -4.600070
-52.520966 -4.674513
-52.513084 -4.748947
-52.505112 -4.823371
-52.497047 -4.897786
-52.488892 -4.972190
-52.480644 -5.046584
-52.472305 -5.120968
-52.463875 -5.195342
-52.455353 -5.269705
-52.446739 -5.344058
-52.438034 -5.418400
-52.429237 -5.492731
-52.420349 -5.567050
-52.411369 -5.641359
-52.402298 -5.715657
-52.393135 -5.789943
-52.383881 -5.864217
-52.374535 -5.938480
-52.365097 -6.012732
-52.355568 -6.086971
-52.345947 -6.161198
-52.336235 -6.235413
-52.326431 -6.309616
-52.316536 -6.383806
-52.306549 -6.457983
-52.296471 -6.532148
-52.286301 -6.606300
-52.276039 -6.680439
-52.265686 -6.754566
-52.255241 -6.828679
-52.244705 -6.902778
-52.234077 -6.976864
-52.223358 -7.050937
-52.212547 -7.124995
-52.201645 -7.199040
-52.190651 -7.273071
-52.179565 -7.347087
-52.168388 -7.421090
-52.157120 -7.495078
-52.145760 -7.569051
-52.134308 -7.643010
-52.122765 -7.716954
-52.111130 -7.790884
-52.099403 -7.864798
-52.087585 -7.938697
-52.075676 -8.012581
-52.063675 -8.086449
-52.051582 -8.160301
-52.039398 -8.234138
-52.027122 -8.307960
-52.014755 -8.381764
-52.002296 -8.455553
-51.989746 -8.529325
-51.977104 -8.603082
-51.964371 -8.676822
-51.951546 -8.750546
-51.938629 -8.824253
-51.925621 -8.897943
-51.912521 -8.971617
-51.899330 -9.045273
-51.886047 -9.118912
-51.872673 -9.192533
-51.859207 -9.266138
-51.845650 -9.339725
-51.832001 -9.413295
-51.818260 -9.486846
-51.804428 -9.560379
-51.790504 -9.633894
-51.776489 -9.707391
-51.762383 -9.780869
-51.748188 -9.854330
-51.733906 -9.927773
-51.719536 -10.001196
-51.705078 -10.074600
-51.690533 -10.147985
-51.675900 -10.221352
-51.661179 -10.294699
-51.646370 -10.368027
-51.631474 -10.441336
-51.616489 -10.514625
-51.601418 -10.587893
-51.586258 -10.661142
-51.571011 -10.734371
-51.555676 -10.807580
-51.540253 -10.880769
-51.524742 -10.953938
-51.509144 -11.027086
-51.493458 -11.100214
-51.477684 -11.173321
-51.461823 -11.246407
-51.445873 -11.319471
-51.429836 -11.392515
-51.413712 -11.465538
-51.397499 -11.538540
-51.381199 -11.611520
-51.364811 -11.684478
-51.348335 -11.757414
-51.331772 -11.830328
-51.315121 -11.903220
-51.298382 -11.976090
-51.281555 -12.048939
-51.264641 -12.121765
-51.247639 -12.194569
-51.230549 -12.267349
-51.213371 -12.340107
-51.196106 -12.412842
-51.178753 -12.485554
-51.161312 -12.558243
-51.143784 -12.630909
-51.126167 -12.703551
-51.108463 -12.776170
-51.090672 -12.848764
-51.072792 -12.921335
-51.054825 -12.993882
-51.036770 -13.066405
-51.018627 -13.138905
-51.000397 -13.211380
-50.982079 -13.283831
-50.963673 -13.356256
-50.945179 -13.428658
-50.926598 -13.501034
-50.907928 -13.573385
-50.889172 -13.645712
-50.870327 -13.718014
-50.851395 -13.790291
-50.832375 -13.862542
-50.813267 -13.934768
-50.794071 -14.006968
-50.774788 -14.079142
-50.755417 -14.151290
-50.735958 -14.223413
-50.716412 -14.295509
-50.696777 -14.367579
-50.677055 -14.439623
-50.657246 -14.511640
-50.637348 -14.583630
-50.617363 -14.655593
-50.597290 -14.727530
-50.577129 -14.799439
-50.556881 -14.871323
-50.536545 -14.943178
-50.516121 -15.015006
-50.495609 -15.086806
-50.475010 -15.158579
-50.454323 -15.230324
-50.433548 -15.302041
-50.412685 -15.373731
-50.391735 -15.445393
-50.370697 -15.517026
-50.349571 -15.588631
-50.328358 -15.660207
-50.307056 -15.731754
-50.285667 -15.803273
-50.264191 -15.874763
-50.242626 -15.946225
-50.220974 -16.017658
-50.199234 -16.089062
-50.177406 -16.160437
-50.155491 -16.231783
-50.133488 -16.303099
-50.111397 -16.374384
-50.089218 -16.445639
-50.066952 -16.516863
-50.044598 -16.588057
-50.022156 -16.659220
-49.999626 -16.730352
-49.977009 -16.801455
-49.954304 -16.872526
-49.931511 -16.943567
-49.908630 -17.014578
-49.885662 -17.085558
-49.862606 -17.156507
-49.839462 -17.227427
-49.816231 -17.298315
-49.792915 -17.369173
-49.769516 -17.439999
-49.746033 -17.510792
-49.722466 -17.581553
-49.698814 -17.652281
-49.675079 -17.722977
-49.651260 -17.793640
-49.627357 -17.864271
-49.603371 -17.934870
-49.579300 -18.005436
-49.555145 -18.075970
-49.530907 -18.146471
-49.506584 -18.216940
-49.482178 -18.287376
-49.457687 -18.357780
-49.433113 -18.428152
-49.408455 -18.498491
-49.383713 -18.568796
-49.358887 -18.639067
-49.333977 -18.709303
-49.308983 -18.779505
-49.283905 -18.849672
-49.258743 -18.919806
-49.233498 -18.989904
-49.208168 -19.059969
-49.182755 -19.129999
-49.157257 -19.199995
-49.131676 -19.269957
-49.106010 -19.339884
-49.080261 -19.409777
-49.054428 -19.479635
-49.028511 -19.549459
-49.002510 -19.619249
-48.976425 -19.689005
-48.950256 -19.758724
-48.924004 -19.828407
-48.897667 -19.898054
-48.871246 -19.967665
-48.844742 -20.037239
-48.818153 -20.106777
-48.791481 -20.176279
-48.764725 -20.245745
-48.737885 -20.315174
-48.710960 -20.384567
-48.683952 -20.453924
-48.656860 -20.523245
-48.629684 -20.592529
-48.602425 -20.661777
-48.575081 -20.730989
-48.547653 -20.800165
-48.520142 -20.869303
-48.492546 -20.938402
-48.464867 -21.007463
-48.437103 -21.076487
-48.409256 -21.145472
-48.381325 -21.214418
-48.353310 -21.283327
-48.325211 -21.352198
-48.297028 -21.421030
-48.268761 -21.489824
-48.240410 -21.558580
-48.211975 -21.627298
-48.183456 -21.695978
-48.154854 -21.764620
-48.126167 -21.833223
-48.097397 -21.901789
-48.068542 -21.970316
-48.039604 -22.038803
-48.010582 -22.107250
-47.981480 -22.175657
-47.952297 -22.244024
-47.923035 -22.312351
-47.893692 -22.380638
-47.864269 -22.448885
-47.834766 -22.517092
-47.805183 -22.585258
-47.775520 -22.653385
-47.745777 -22.721472
-47.715954 -22.789518
-47.686050 -22.857525
-47.656067 -22.925491
-47.626003 -22.993418
-47.595860 -23.061304
-47.565636 -23.129150
-47.535332 -23.196955
-47.504948 -23.264717
-47.474483 -23.332438
-47.443939 -23.400116
-47.413315 -23.467752
-47.382610 -23.535347
-47.351826 -23.602900
-47.320961 -23.670410
-47.290016 -23.737879
-47.258991 -23.805305
-47.227886 -23.872690
-47.196701 -23.940033
-47.165436 -24.007334
-47.134090 -24.074593
-47.102665 -24.141809
-47.071159 -24.208984
-47.039574 -24.276117
-47.007908 -24.343206
-46.976162 -24.410252
-46.944336 -24.477253
-46.912430 -24.544210
-46.880444 -24.611124
-46.848377 -24.677994
-46.816231 -24.744820
-46.784004 -24.811602
-46.751698 -24.878340
-46.719311 -24.945034
-46.686844 -25.011684
-46.654297 -25.078291
-46.621670 -25.144854
-46.588963 -25.211372
-46.556175 -25.277847
-46.523308 -25.344278
-46.490360 -25.410666
-46.457333 -25.477009
-46.424225 -25.543306
-46.391037 -25.609558
-46.357769 -25.675764
-46.324421 -25.741924
-46.290993 -25.808039
-46.257484 -25.874107
-46.223896 -25.940130
-46.190231 -26.006107
-46.156490 -26.072039
-46.122673 -26.137924
-46.088779 -26.203764
-46.054810 -26.269558
-46.020763 -26.335306
-45.986641 -26.401009
-45.952442 -26.466665
-45.918167 -26.532276
-45.883816 -26.597841
-45.849388 -26.663361
-45.814884 -26.728834
-45.780304 -26.794260
-45.745647 -26.859638
-45.710915 -26.924969
-45.676105 -26.990252
-45.641220 -27.055487
-45.606258 -27.120674
-45.571220 -27.185814
-45.536106 -27.250906
-45.500916 -27.315950
-45.465649 -27.380947
-45.430305 -27.445896
-45.394886 -27.510798
-45.359390 -27.575651
-45.323818 -27.640457
-45.288170 -27.705215
-45.252445 -27.769926
-45.216644 -27.834589
-45.180767 -27.899204
-45.144814 -27.963772
-45.108784 -28.028290
-45.072678 -28.092758
-45.036495 -28.157177
-45.000237 -28.221546
-44.963902 -28.285866
-44.927490 -28.350136
-44.891003 -28.414356
-44.854439 -28.478527
-44.817799 -28.542648
-44.781082 -28.606720
-44.744289 -28.670742
-44.707420 -28.734715
-44.670475 -28.798637
-44.633453 -28.862511
-44.596355 -28.926334
-44.559181 -28.990108
-44.521931 -29.053833
-44.484604 -29.117508
-44.447201 -29.181133
-44.409725 -29.244707
-44.372177 -29.308229
-44.334557 -29.371700
-44.296864 -29.435120
-44.259098 -29.498487
-44.221260 -29.561804
-44.183350 -29.625069
-44.145367 -29.688282
-44.107311 -29.751444
-44.069183 -29.814554
-44.030983 -29.877613
-43.992710 -29.940620
-43.954365 -30.003576
-43.915947 -30.066481
-43.877457 -30.129333
-43.838894 -30.192135
-43.800259 -30.254885
-43.761551 -30.317583
-43.722771 -30.380230
-43.683918 -30.442825
-43.644993 -30.505367
-43.605995 -30.567856
-43.566925 -30.630291
-43.527782 -30.692673
-43.488567 -30.755001
-43.449280 -30.817276
-43.409920 -30.879498
-43.370487 -30.941666
-43.330982 -31.003780
-43.291405 -31.065842
-43.251755 -31.127850
-43.212032 -31.189804
-43.172237 -31.251705
-43.132370 -31.313553
-43.092430 -31.375347
-43.052418 -31.437088
-43.012333 -31.498775
-42.972176 -31.560410
-42.931946 -31.621990
-42.891644 -31.683517
-42.851269 -31.744991
-42.810822 -31.806410
-42.770302 -31.867773
-42.729710 -31.929081
-42.689045 -31.990334
-42.648308 -32.051533
-42.607502 -32.112679
-42.566628 -32.173771
-42.525684 -32.234810
-42.484673 -32.295795
-42.443592 -32.356728
-42.402443 -32.417606
-42.361225 -32.478428
-42.319939 -32.539192
-42.278584 -32.599899
-42.237160 -32.660549
-42.195667 -32.721142
-42.154106 -32.781677
-42.112476 -32.842155
-42.070778 -32.902576
-42.029011 -32.962940
-41.987175 -33.023247
-41.945271 -33.083496
-41.903297 -33.143688
-41.861256 -33.203823
-41.819145 -33.263901
-41.776966 -33.323921
-41.734718 -33.383884
-41.692402 -33.443790
-41.650017 -33.503639
-41.607563 -33.563431
-41.565041 -33.623165
-41.522449 -33.682842
-41.479790 -33.742462
-41.437061 -33.802025
-41.394264 -33.861530
-41.351398 -33.920979
-41.308464 -33.980370
-41.265461 -34.039703
-41.222389 -34.098980
-41.179249 -34.158199
-41.136040 -34.217361
-41.092762 -34.276466
-41.049416 -34.335514
-41.006001 -34.394505
-40.962517 -34.453438
-40.918964 -34.512314
-40.875343 -34.571133
-40.831654 -34.629894
-40.787899 -34.688599
-40.744080 -34.747246
-40.700195 -34.805836
-40.656246 -34.864368
-40.612232 -34.922844
-40.568153 -34.981262
-40.524010 -35.039623
-40.479801 -35.097927
-40.435528 -35.156170
-40.391190 -35.214352
-40.346786 -35.272472
-40.302319 -35.330532
-40.257786 -35.388531
-40.213188 -35.446468
-40.168526 -35.504345
-40.123798 -35.562160
-40.079006 -35.619915
-40.034149 -35.677608
-39.989227 -35.735241
-39.944241 -35.792812
-39.899189 -35.850323
-39.854073 -35.907772
-39.808891 -35.965160
-39.763645 -36.022488
-39.718334 -36.079754
-39.672958 -36.136959
-39.627518 -36.194103
-39.582012 -36.251186
-39.536442 -36.308208
-39.490807 -36.365170
-39.445107 -36.422070
-39.399342 -36.478909
-39.353512 -36.535686
-39.307617 -36.592403
-39.261658 -36.649059
-39.215633 -36.705654
-39.169544 -36.762188
-39.123390 -36.818661
-39.077171 -36.875072
-39.030888 -36.931423
-38.984539 -36.987713
-38.938129 -37.043941
-38.891659 -37.100109
-38.845127 -37.156216
-38.798534 -37.212261
-38.751881 -37.268246
-38.705166 -37.324169
-38.658390 -37.380032
-38.611553 -37.435833
-38.564655 -37.491573
-38.517696 -37.547253
-38.470676 -37.602871
-38.423595 -37.658428
-38.376453 -37.713924
-38.329250 -37.769360
-38.281986 -37.824734
-38.234661 -37.880047
-38.187275 -37.935299
-38.139828 -37.990486
-38.092319 -38.045609
-38.044750 -38.100666
-37.997120 -38.155659
-37.949429 -38.210587
-37.901676 -38.265450
-37.853863 -38.320248
-37.805988 -38.374981
-37.758053 -38.429649
-37.710056 -38.484253
-37.661999 -38.538792
-37.613880 -38.593266
-37.565701 -38.647675
-37.517460 -38.702019
-37.469158 -38.756298
-37.420795 -38.810513
-37.372372 -38.864662
-37.323887 -38.918747
-37.275341 -38.972767
-37.226734 -39.026722
-37.178066 -39.080612
-37.129337 -39.134438
-37.080547 -39.188198
-37.031700 -39.241894
-36.982796 -39.295525
-36.933834 -39.349091
-36.884815 -39.402592
-36.835739 -39.456028
-36.786606 -39.509399
-36.737415 -39.562706
-36.688168 -39.615948
-36.638863 -39.669125
-36.589500 -39.722237
-36.540081 -39.775284
-36.490604 -39.828266
-36.441071 -39.881184
-36.391479 -39.934036
-36.341831 -39.986824
-36.292126 -40.039547
-36.242363 -40.092205
-36.192543 -40.144798
-36.142666 -40.197327
-36.092731 -40.249790
-36.042740 -40.302189
-35.992691 -40.354523
-35.942585 -40.406792
-35.892422 -40.458996
-35.842201 -40.511135
-35.791924 -40.563210
-35.741589 -40.615219
-35.691196 -40.667164
-35.640747 -40.719044
-35.590240 -40.770859
-35.539677 -40.822609
-35.489056 -40.874294
-35.438377 -40.925915
-35.387642 -40.977470
-35.336849 -41.028961
-35.285999 -41.080387
-35.235092 -41.131744
-35.184128 -41.183033
-35.133110 -41.234253
-35.082039 -41.285404
-35.030914 -41.336487
-34.979736 -41.387501
-34.928505 -41.438446
-34.877220 -41.489323
-34.825882 -41.540131
-34.774490 -41.590870
-34.723045 -41.641541
-34.671547 -41.692142
-34.619995 -41.742676
-34.568390 -41.793140
-34.516731 -41.843536
-34.465019 -41.893864
-34.413254 -41.944122
-34.361435 -41.994312
-34.309563 -42.044434
-34.257637 -42.094486
-34.205658 -42.144470
-34.153625 -42.194386
-34.101540 -42.244232
-34.049400 -42.294010
-33.997208 -42.343719
-33.944962 -42.393360
-33.892662 -42.442932
-33.840309 -42.492435
-33.787903 -42.541870
-33.735443 -42.591236
-33.682930 -42.640533
-33.630363 -42.689762
-33.577744 -42.738922
-33.525070 -42.788013
-33.472343 -42.837036
-33.419563 -42.885990
-33.366730 -42.934875
-33.313843 -42.983692
-33.260902 -43.032440
-33.207909 -43.081120
-33.154865 -43.129730
-33.101772 -43.178272
-33.048630 -43.226746
-32.995438 -43.275150
-32.942196 -43.323486
-32.888905 -43.371754
-32.835564 -43.419952
-32.782173 -43.468082
-32.728733 -43.516144
-32.675243 -43.564137
-32.621704 -43.612061
-32.568115 -43.659916
-32.514477 -43.707703
-32.460789 -43.755421
-32.407051 -43.803070
-32.353264 -43.850651
-32.299427 -43.898163
-32.245541 -43.945606
-32.191605 -43.992981
-32.137619 -44.040287
-32.083584 -44.087524
-32.029499 -44.134693
-31.975365 -44.181793
-31.921181 -44.228825
-31.866947 -44.275787
-31.812664 -44.322681
-31.758331 -44.369507
-31.703949 -44.416264
-31.649519 -44.462952
-31.595041 -44.509571
-31.540516 -44.556122
-31.485943 -44.602600
-31.431322 -44.649006
-31.376654 -44.695339
-31.321938 -44.741600
-31.267174 -44.787788
-31.212362 -44.833904
-31.157503 -44.879948
-31.102596 -44.925919
-31.047642 -44.971817
-30.992640 -45.017643
-30.937590 -45.063396
-30.882492 -45.109077
-30.827347 -45.154686
-30.772154 -45.200222
-30.716913 -45.245686
-30.661627 -45.291077
-30.606295 -45.336395
-30.550917 -45.381641
-30.495493 -45.426815
-30.440023 -45.471916
-30.384508 -45.516945
-30.328947 -45.561901
-30.273340 -45.606785
-30.217688 -45.651596
-30.161989 -45.696335
-30.106245 -45.741001
-30.050455 -45.785595
-29.994619 -45.830116
-29.938738 -45.874565
-29.882811 -45.918941
-29.826838 -45.963245
-29.770819 -46.007477
-29.714754 -46.051636
-29.658646 -46.095722
-29.602493 -46.139736
-29.546297 -46.183678
-29.490057 -46.227547
-29.433773 -46.271343
-29.377445 -46.315067
-29.321074 -46.358719
-29.264658 -46.402298
-29.208199 -46.445805
-29.151695 -46.489239
-29.095148 -46.532600
-29.038557 -46.575890
-28.981922 -46.619106
-28.925243 -46.662251
-28.868521 -46.705322
-28.811754 -46.748322
-28.754944 -46.791248
-28.698090 -46.834103
-28.641191 -46.876884
-28.584251 -46.919594
-28.527269 -46.962231
-28.470245 -47.004795
-28.413179 -47.047287
-28.356071 -47.089706
-28.298922 -47.132053
-28.241730 -47.174328
-28.184496 -47.216530
-28.127220 -47.258659
-28.069902 -47.300716
-28.012543 -47.342701
-27.955141 -47.384613
-27.897697 -47.426453
-27.840212 -47.468220
-27.782684 -47.509914
-27.725115 -47.551537
-27.667503 -47.593086
-27.609850 -47.634563
-27.552156 -47.675968
-27.494423 -47.717300
-27.436649 -47.758560
-27.378836 -47.799747
-27.320982 -47.840862
-27.263088 -47.881905
-27.205154 -47.922874
-27.147181 -47.963772
-27.089167 -48.004597
-27.031113 -48.045349
-26.973019 -48.086029
-26.914885 -48.126637
-26.856710 -48.167171
-26.798496 -48.207634
-26.740242 -48.248024
-26.681948 -48.288342
-26.623613 -48.328587
-26.565239 -48.368759
-26.506826 -48.408859
-26.448376 -48.448887
-26.389887 -48.488842
-26.331360 -48.528725
-26.272795 -48.568535
-26.214191 -48.608273
-26.155550 -48.647938
-26.096870 -48.687531
-26.038153 -48.727051
-25.979397 -48.766499
-25.920603 -48.805874
-25.861771 -48.845173
-25.802900 -48.884396
-25.743992 -48.923542
-25.685045 -48.962612
-25.626060 -49.001606
-25.567038 -49.040524
-25.507977 -49.079365
-25.448879 -49.118130
-25.389746 -49.156818
-25.330576 -49.195431
-25.271370 -49.233967
-25.212128 -49.272427
-25.152849 -49.310810
-25.093534 -49.349117
-25.034184 -49.387348
-24.974796 -49.425503
-24.915373 -49.463581
-24.855913 -49.501583
-24.796417 -49.539509
-24.736885 -49.577358
-24.677317 -49.615131
-24.617712 -49.652828
-24.558071 -49.690449
-24.498394 -49.727993
-24.438681 -49.765461
-24.378931 -49.802853
-24.319147 -49.840168
-24.259329 -49.877407
-24.199476 -49.914570
-24.139589 -49.951656
-24.079668 -49.988667
-24.019712 -50.025600
-23.959723 -50.062458
-23.899698 -50.099239
-23.839640 -50.135944
-23.779547 -50.172573
-23.719419 -50.209126
-23.659258 -50.245602
-23.599062 -50.282001
-23.538832 -50.318325
-23.478567 -50.354572
-23.418268 -50.390743
-23.357935 -50.426838
-23.297567 -50.462856
-23.237167 -50.498798
-23.176735 -50.534664
-23.116270 -50.570454
-23.055773 -50.606167
-22.995243 -50.641804
-22.934681 -50.677364
-22.874086 -50.712849
-22.813459 -50.748257
-22.752800 -50.783588
-22.692108 -50.818844
-22.631384 -50.854023
-22.570627 -50.889126
-22.509838 -50.924152
-22.449017 -50.959103
-22.388163 -50.993977
-22.327276 -51.028774
-22.266357 -51.063496
-22.205406 -51.098141
-22.144423 -51.132710
-22.083408 -51.167202
-22.022364 -51.201618
-21.961288 -51.235958
-21.900183 -51.270222
-21.839046 -51.304409
-21.777880 -51.338520
-21.716682 -51.372555
-21.655455 -51.406513
-21.594196 -51.440395
-21.532907 -51.474201
-21.471588 -51.507931
-21.410238 -51.541584
-21.348858 -51.575161
-21.287447 -51.608662
-21.226006 -51.642086
-21.164534 -51.675434
-21.103031 -51.708706
-21.041498 -51.741901
-20.979937 -51.775021
-20.918346 -51.808064
-20.856728 -51.841030
-20.795080 -51.873920
-20.733404 -51.906734
-20.671700 -51.939472
-20.609966 -51.972134
-20.548204 -52.004719
-20.486414 -52.037228
-20.424595 -52.069660
-20.362747 -52.102016
-20.300871 -52.134296
-20.238966 -52.166500
-20.177032 -52.198627
-20.115070 -52.230679
-20.053080 -52.262653
-19.991060 -52.294552
-19.929012 -52.326374
-19.866936 -52.358120
-19.804832 -52.389790
-19.742702 -52.421383
-19.680546 -52.452900
-19.618362 -52.484341
-19.556152 -52.515705
-19.493916 -52.546993
-19.431652 -52.578205
-19.369362 -52.609341
-19.307045 -52.640400
-19.244701 -52.671383
-19.182331 -52.702290
-19.119934 -52.733120
-19.057510 -52.763874
-18.995060 -52.794552
-18.932583 -52.825153
-18.870079 -52.855679
-18.807549 -52.886127
-18.744991 -52.916500
-18.682409 -52.946796
-18.619802 -52.977016
-18.557171 -53.007160
-18.494514 -53.037228
-18.431833 -53.067219
-18.369127 -53.097134
-18.306396 -53.126972
-18.243641 -53.156734
-18.180861 -53.186420
-18.118055 -53.216030
-18.055225 -53.245564
-17.992371 -53.275021
-17.929491 -53.304401
-17.866587 -53.333706
-17.803658 -53.362934
-17.740704 -53.392086
-17.677725 -53.421162
-17.614721 -53.450161
-17.551693 -53.479084
-17.488642 -53.507931
-17.425568 -53.536701
-17.362471 -53.565395
-17.299351 -53.594013
-17.236208 -53.622555
-17.173042 -53.651020
-17.109854 -53.679409
-17.046642 -53.707722
-16.983408 -53.735958
-16.920151 -53.764118
-16.856871 -53.792202
-16.793568 -53.820210
-16.730242 -53.848141
-16.666893 -53.875996
-16.603521 -53.903774
-16.540127 -53.931477
-16.476709 -53.959103
-16.413269 -53.986652
-16.349806 -54.014126
-16.286322 -54.041523
-16.222816 -54.068844
-16.159290 -54.096088
-16.095743 -54.123257
-16.032175 -54.150349
-15.968586 -54.177364
-15.904976 -54.204304
-15.841345 -54.231167
-15.777693 -54.257954
-15.714020 -54.284664
-15.650326 -54.311298
-15.586611 -54.337856
-15.522875 -54.364338
-15.459118 -54.390743
-15.395340 -54.417072
-15.331542 -54.443325
-15.267724 -54.469501
-15.203886 -54.495602
-15.140028 -54.521626
-15.076150 -54.547573
-15.012252 -54.573444
-14.948334 -54.599239
-14.884396 -54.624958
-14.820437 -54.650600
-14.756460 -54.676167
-14.692464 -54.701656
-14.628448 -54.727070
-14.564414 -54.752407
-14.500360 -54.777668
-14.436288 -54.802853
-14.372196 -54.827961
-14.308085 -54.852993
-14.243956 -54.877949
-14.179807 -54.902828
-14.115640 -54.927631
-14.051455 -54.952358
-13.987251 -54.977009
-13.923030 -55.001583
-13.858790 -55.026081
-13.794533 -55.050503
-13.730257 -55.074848
-13.665963 -55.099117
-13.601651 -55.123310
-13.537321 -55.147427
-13.472974 -55.171467
-13.408609 -55.195431
-13.344228 -55.219318
-13.279829 -55.243130
-13.215413 -55.266865
-13.150980 -55.290524
-13.086530 -55.314106
-13.022062 -55.337612
-12.957578 -55.361042
-12.893077 -55.384396
-12.828560 -55.407673
-12.764027 -55.430874
-12.699477 -55.453999
-12.634912 -55.477047
-12.570330 -55.500019
-12.505732 -55.522915
-12.441117 -55.545734
-12.376487 -55.568478
-12.311840 -55.591145
-12.247178 -55.613735
-12.182501 -55.636250
-12.117808 -55.658688
-12.053101 -55.681049
-11.988378 -55.703335
-11.923639 -55.725544
-11.858886 -55.747677
-11.794117 -55.769733
-11.729333 -55.791714
-11.664534 -55.813618
-11.599720 -55.835445
-11.534892 -55.857197
-11.470050 -55.878872
-11.405193 -55.900471
-11.340322 -55.921993
-11.275437 -55.943439
-11.210538 -55.964809
-11.145624 -55.986103
-11.080696 -56.007320
-11.015754 -56.028461
-10.950798 -56.049526
-10.885829 -56.070515
-10.820847 -56.091427
-10.755851 -56.112263
-10.690842 -56.133022
-10.625819 -56.153706
-10.560783 -56.174313
-10.495734 -56.194843
-10.430672 -56.215298
-10.365596 -56.235676
-10.300508 -56.255978
-10.235407 -56.276203
-10.170294 -56.296352
-10.105168 -56.316425
-10.040030 -56.336422
-9.974880 -56.356342
-9.909718 -56.376186
-9.844543 -56.395954
-9.779355 -56.415646
-9.714155 -56.435261
-9.648944 -56.454800
-9.583721 -56.474262
-9.518487 -56.493649
-9.453241 -56.512959
-9.387984 -56.532192
-9.322716 -56.551350
-9.257436 -56.570431
-9.192144 -56.589436
-9.126842 -56.608364
-9.061527 -56.627216
-8.996202 -56.645992
-8.930867 -56.664692
-8.865521 -56.683315
-8.800165 -56.701862
-8.734798 -56.720333
-8.669421 -56.738728
-8.604033 -56.757046
-8.538635 -56.775288
-8.473227 -56.793453
-8.407807 -56.811543
-8.342378 -56.829556
-8.276938 -56.847492
-8.211490 -56.865353
-8.146031 -56.883137
-8.080564 -56.900845
-8.015086 -56.918476
-7.949599 -56.936031
-7.884103 -56.953510
-7.818597 -56.970913
-7.753083 -56.988239
-7.687559 -57.005489
-7.622026 -57.022663
-7.556485 -57.039761
-7.490934 -57.056782
-7.425375 -57.073727
-7.359808 -57.090595
-7.294232 -57.107388
-7.228647 -57.124104
-7.163054 -57.140743
-7.097453 -57.157307
-7.031843 -57.173794
-6.966226 -57.190205
-6.900600 -57.206539
-6.834966 -57.222797
-6.769325 -57.238979
-6.703676 -57.255085
-6.638019 -57.271114
-6.572355 -57.287067
-6.506683 -57.302944
-6.441004 -57.318745
-6.375318 -57.334469
-6.309624 -57.350117
-6.243924 -57.365688
-6.178216 -57.381184
-6.112502 -57.396603
-6.046781 -57.411945
-5.981053 -57.427212
-5.915318 -57.442402
-5.849577 -57.457516
-5.783830 -57.472553
-5.718077 -57.487514
-5.652317 -57.502399
-5.586551 -57.517208
-5.520779 -57.531940
-5.455001 -57.546597
-5.389217 -57.561176
-5.323427 -57.575680
-5.257632 -57.590107
-5.191831 -57.604458
-5.126024 -57.618732
-5.060212 -57.632931
-4.994394 -57.647053
-4.928572 -57.661098
-4.862744 -57.675068
-4.796911 -57.688961
-4.731073 -57.702778
-4.665230 -57.716518
-4.599383 -57.730183
-4.533531 -57.743771
-4.467674 -57.757282
-4.401812 -57.770718
-4.335946 -57.784077
-4.270076 -57.797359
-4.204201 -57.810566
-4.138322 -57.823696
-4.072439 -57.836750
-4.006552 -57.849728
-3.940661 -57.862629
-3.874767 -57.875454
-3.808868 -57.888203
-3.742966 -57.900875
-3.677061 -57.913471
-3.611152 -57.925991
-3.545239 -57.938435
-3.479323 -57.950802
-3.413404 -57.963093
-3.347482 -57.975307
-3.281557 -57.987446
-3.215628 -57.999508
-3.149697 -58.011494
-3.083763 -58.023403
-3.017827 -58.035236
-2.951888 -58.046993
-2.885946 -58.058674
-2.820002 -58.070278
-2.754055 -58.081806
-2.688106 -58.093258
-2.622155 -58.104633
-2.556202 -58.115932
-2.490247 -58.127155
-2.424291 -58.138302
-2.358332 -58.149372
-2.292372 -58.160366
-2.226409 -58.171284
-2.160446 -58.182125
-2.094481 -58.192890
-2.028514 -58.203579
-1.962546 -58.214191
-1.896577 -58.224728
-1.830607 -58.235188
-1.764635 -58.245571
-1.698663 -58.255878
-1.632690 -58.266109
-1.566716 -58.276264
-1.500742 -58.286343
-1.434767 -58.296345
-1.368791 -58.306271
-1.302815 -58.316120
-1.236838 -58.325893
-1.170861 -58.335590
-1.104885 -58.345211
-1.038907 -58.354755
-0.972930 -58.364223
-0.906953 -58.373615
-0.840976 -58.382931
-0.775000 -58.392170
-0.709023 -58.401333
-0.643048 -58.410419
-0.577072 -58.419430
-0.511097 -58.428364
-0.445123 -58.437222
-0.379150 -58.446003
-0.313177 -58.454708
-0.247205 -58.463337
-0.181235 -58.471889
-0.115265 -58.480366
-0.049297 -58.488766
0.016670 -58.497089
0.082636 -58.505337
0.148601 -58.513508
0.214563 -58.521603
0.280525 -58.529621
0.346484 -58.537563
0.412442 -58.545429
0.478398 -58.553219
0.544352 -58.560932
0.610304 -58.568569
0.676254 -58.576130
0.742202 -58.583614
0.808148 -58.591022
0.874091 -58.598354
0.940032 -58.605610
1.005970 -58.612789
1.071905 -58.619892
1.137838 -58.626919
1.203769 -58.633869
1.269696 -58.640743
1.335620 -58.647545
1.401542 -58.654274
1.467460 -58.660931
1.533375 -58.667515
1.599287 -58.674026
1.665196 -58.680466
1.731101 -58.686832
1.797002 -58.693127
1.862900 -58.699348
1.928795 -58.705498
1.994686 -58.711575
2.060572 -58.717579
2.126455 -58.723511
2.192334 -58.729370
2.258209 -58.735157
2.324080 -58.740871
2.389946 -58.746513
2.455808 -58.752083
2.521666 -58.757580
2.587520 -58.763004
2.653368 -58.768356
2.719213 -58.773636
2.785052 -58.778843
2.850887 -58.783978
2.916717 -58.789040
2.982542 -58.794029
3.048361 -58.798946
3.114176 -58.803791
3.179985 -58.808563
3.245789 -58.813263
3.311588 -58.817890
3.377381 -58.822445
3.443168 -58.826927
3.508950 -58.831337
3.574726 -58.835674
3.640496 -58.839939
3.706261 -58.844131
3.772019 -58.848251
3.837772 -58.852299
3.903518 -58.856274
3.969258 -58.860176
4.034992 -58.864006
4.100720 -58.867764
4.166441 -58.871449
4.232156 -58.875061
4.297864 -58.878601
4.363566 -58.882069
4.429261 -58.885464
4.494949 -58.888786
4.560630 -58.892036
4.626305 -58.895214
4.691972 -58.898319
4.757632 -58.901352
4.823285 -58.904312
4.888930 -58.907200
4.954569 -58.910015
5.020200 -58.912758
5.085823 -58.915428
5.151439 -58.918026
5.217047 -58.920551
5.282647 -58.923004
5.348240 -58.925385
5.413825 -58.927692
5.479401 -58.929928
5.544970 -58.932091
5.610530 -58.934181
5.676082 -58.936199
5.741626 -58.938145
5.807162 -58.940018
5.872689 -58.941818
5.938207 -58.943546
6.003717 -58.945202
6.069218 -58.946785
6.134711 -58.948296
6.200194 -58.949734
6.265669 -58.951099
6.331134 -58.952393
6.396591 -58.953613
6.462038 -58.954762
6.527476 -58.955837
6.592905 -58.956841
6.658324 -58.957771
6.723734 -58.958630
6.789134 -58.959415
6.854525 -58.960129
6.919906 -58.960770
6.985277 -58.961338
7.050639 -58.961834
7.115990 -58.962257
7.181332 -58.962608
7.246663 -58.962887
7.311985 -58.963093
7.377296 -58.963226
7.442597 -58.963287
7.507887 -58.963276
7.573167 -58.963192
7.638437 -58.963036
7.703696 -58.962807
7.768944 -58.962505
7.834182 -58.962132
7.899408 -58.961685
7.964624 -58.961166
8.029828 -58.960575
8.095021 -58.959911
8.160203 -58.959175
8.225373 -58.958366
8.290532 -58.957485
8.355680 -58.956532
8.420815 -58.955505
8.485940 -58.954407
8.551053 -58.953236
8.616155 -58.951992
8.681245 -58.950676
8.746324 -58.949287
8.811391 -58.947826
8.876446 -58.946293
8.941488 -58.944687
9.006518 -58.943008
9.071536 -58.941257
9.136541 -58.939434
9.201534 -58.937538
9.266515 -58.935570
9.331483 -58.933529
9.396439 -58.931416
9.461382 -58.929230
9.526313 -58.926971
9.591231 -58.924641
9.656137 -58.922237
9.721030 -58.919762
9.785910 -58.917213
9.850776 -58.914593
9.915628 -58.911900
9.980468 -58.909134
10.045294 -58.906296
10.110106 -58.903389
10.174906 -58.900414
10.239692 -58.897369
10.304464 -58.894257
10.369224 -58.891075
10.433969 -58.887825
10.498702 -58.884506
10.563420 -58.881119
10.628124 -58.877663
10.692814 -58.874138
10.757489 -58.870544
10.822150 -58.866882
10.886797 -58.863152
10.951429 -58.859352
11.016047 -58.855484
11.080651 -58.851547
11.145241 -58.847542
11.209816 -58.843468
11.274377 -58.839325
11.338923 -58.835114
11.403456 -58.830833
11.467973 -58.826485
11.532475 -58.822067
11.596961 -58.817581
11.661432 -58.813026
11.725888 -58.808403
11.790329 -58.803711
11.854754 -58.798950
11.919165 -58.794121
11.983560 -58.789223
12.047939 -58.784256
12.112304 -58.779221
12.176653 -58.774117
12.240987 -58.768944
12.305305 -58.763702
12.369606 -58.758392
12.433891 -58.753014
12.498160 -58.747566
12.562413 -58.742050
12.626650 -58.736465
12.690870 -58.730812
12.755075 -58.725090
12.819263 -58.719299
12.883434 -58.713440
12.947590 -58.707512
13.011729 -58.701515
13.075852 -58.695450
13.139959 -58.689316
13.204049 -58.683113
13.268122 -58.676842
13.332177 -58.670502
13.396215 -58.664093
13.460237 -58.657616
13.524240 -58.651070
13.588227 -58.644455
13.652197 -58.637772
13.716149 -58.631020
13.780085 -58.624199
13.844003 -58.617310
13.907904 -58.610352
13.971787 -58.603325
14.035654 -58.596230
14.099503 -58.589066
14.163333 -58.581833
14.227145 -58.574532
14.290939 -58.567162
14.354715 -58.559723
14.418473 -58.552216
14.482213 -58.544640
14.545935 -58.536995
14.609638 -58.529282
14.673324 -58.521500
14.736991 -58.513649
14.800640 -58.505730
14.864271 -58.497742
14.927884 -58.489685
14.991478 -58.481560
15.055053 -58.473366
15.118608 -58.465103
15.182145 -58.456772
15.245663 -58.448372
15.309161 -58.439903
15.372641 -58.431366
15.436101 -58.422760
15.499542 -58.414085
15.562964 -58.405342
15.626368 -58.396530
15.689752 -58.387650
15.753117 -58.378700
15.816463 -58.369682
15.879788 -58.360596
15.943094 -58.351440
16.006380 -58.342216
16.069647 -58.332924
16.132895 -58.323563
16.196123 -58.314133
16.259333 -58.304634
16.322521 -58.295067
16.385689 -58.285431
16.448835 -58.275726
16.511961 -58.265953
16.575066 -58.256111
16.638149 -58.246201
16.701212 -58.236221
16.764254 -58.226173
16.827274 -58.216057
16.890274 -58.205872
16.953253 -58.195621
17.016211 -58.185307
17.079147 -58.174927
17.142063 -58.164482
17.204958 -58.153973
17.267832 -58.143398
17.330685 -58.132759
17.393517 -58.122055
17.456327 -58.111286
17.519117 -58.100452
17.581886 -58.089554
17.644634 -58.078590
17.707361 -58.067562
17.770067 -58.056469
17.832752 -58.045311
17.895416 -58.034088
17.958059 -58.022800
18.020681 -58.011448
18.083282 -58.000031
18.145863 -57.988548
18.208420 -57.977001
18.270954 -57.965389
18.333466 -57.953712
18.395954 -57.941971
18.458420 -57.930164
18.520863 -57.918293
18.583282 -57.906357
18.645679 -57.894356
18.708054 -57.882290
18.770405 -57.870159
18.832733 -57.857964
18.895039 -57.845703
18.957321 -57.833378
19.019581 -57.820988
19.081818 -57.808533
19.144032 -57.796013
19.206223 -57.783428
19.268391 -57.770779
19.330536 -57.758064
19.392658 -57.745285
19.454758 -57.732441
19.516834 -57.719532
19.578888 -57.706558
19.640919 -57.693520
19.702927 -57.680416
19.764912 -57.667248
19.826874 -57.654015
19.888813 -57.640717
19.950729 -57.627354
20.012623 -57.613926
20.074493 -57.600433
20.136339 -57.586876
20.198160 -57.573254
20.259956 -57.559566
20.321728 -57.545815
20.383474 -57.531998
20.445196 -57.518116
20.506893 -57.504169
20.568565 -57.490158
20.630213 -57.476082
20.691835 -57.461941
20.753433 -57.447735
20.815006 -57.433464
20.876554 -57.419128
20.938078 -57.404728
20.999577 -57.390263
21.061050 -57.375732
21.122499 -57.361137
21.183924 -57.346478
21.245323 -57.331753
21.306698 -57.316963
21.368048 -57.302109
21.429373 -57.287189
21.490673 -57.272205
21.551949 -57.257156
21.613199 -57.242043
21.674425 -57.226864
21.735626 -57.211620
21.796803 -57.196312
21.857954 -57.180939
21.919081 -57.165501
21.980183 -57.149998
22.041258 -57.134430
22.102306 -57.118797
22.163328 -57.103100
22.224323 -57.087337
22.285292 -57.071510
22.346233 -57.055618
22.407148 -57.039661
22.468037 -57.023640
22.528898 -57.007553
22.589733 -56.991402
22.650541 -56.975185
22.711323 -56.958904
22.772078 -56.942558
22.832806 -56.926151
22.893507 -56.909683
22.954182 -56.893154
23.014830 -56.876564
23.075451 -56.859913
23.136045 -56.843201
23.196613 -56.826427
23.257154 -56.809593
23.317669 -56.792698
23.378157 -56.775742
23.438618 -56.758724
23.499052 -56.741646
23.559460 -56.724506
23.619841 -56.707306
23.680195 -56.690044
23.740522 -56.672722
23.800823 -56.655338
23.861097 -56.637894
23.921345 -56.620388
23.981565 -56.602821
24.041758 -56.585194
24.101921 -56.567505
24.162056 -56.549755
24.222162 -56.531944
24.282240 -56.514072
24.342289 -56.496140
24.402309 -56.478146
24.462301 -56.460091
24.522264 -56.441975
24.582199 -56.423798
24.642105 -56.405560
24.701982 -56.387260
24.761831 -56.368900
24.821651 -56.350479
24.881443 -56.331997
24.941206 -56.313454
25.000940 -56.294849
25.060646 -56.276184
25.120323 -56.257458
25.179972 -56.238670
25.239592 -56.219822
25.299183 -56.200912
25.358746 -56.181942
25.418280 -56.162910
25.477785 -56.143818
25.537262 -56.124664
25.596710 -56.105450
25.656130 -56.086174
25.715521 -56.066837
25.774883 -56.047440
25.834217 -56.027981
25.893522 -56.008461
25.952799 -55.988880
26.012047 -55.969238
26.071266 -55.949535
26.130455 -55.929771
26.189613 -55.909946
26.248741 -55.890060
26.307838 -55.870113
26.366905 -55.850105
26.425941 -55.830036
26.484947 -55.809906
26.543922 -55.789715
26.602867 -55.769463
26.661781 -55.749149
26.720665 -55.728775
26.779518 -55.708340
26.838341 -55.687843
26.897133 -55.667286
26.955894 -55.646667
27.014626 -55.625988
27.073326 -55.605247
27.131996 -55.584446
27.190636 -55.563583
27.249245 -55.542660
27.307823 -55.521675
27.366371 -55.500629
27.424889 -55.479523
27.483376 -55.458355
27.541832 -55.437126
27.600258 -55.415836
27.658653 -55.394485
27.717018 -55.373074
27.775352 -55.351601
27.833656 -55.330067
27.891930 -55.308472
27.950172 -55.286816
28.008385 -55.265099
28.066566 -55.243320
28.124718 -55.221485
28.182837 -55.199593
28.240923 -55.177643
28.298977 -55.155636
28.356998 -55.133572
28.414988 -55.111450
28.472944 -55.089272
28.530869 -55.067036
28.588760 -55.044743
28.646620 -55.022392
28.704447 -54.999985
28.762241 -54.977520
28.820004 -54.954998
28.877733 -54.932419
28.935431 -54.909782
28.993095 -54.887089
29.050728 -54.864338
29.108328 -54.841530
29.165895 -54.818665
29.223431 -54.795742
29.280933 -54.772762
29.338404 -54.749725
29.395842 -54.726631
29.453247 -54.703480
29.510620 -54.680271
29.567961 -54.657005
29.625269 -54.633682
29.682545 -54.610302
29.739788 -54.586864
29.796999 -54.563370
29.854177 -54.539818
29.911324 -54.516209
29.968437 -54.492542
30.025518 -54.468819
30.082567 -54.445038
30.139584 -54.421200
30.196568 -54.397305
30.253519 -54.373352
30.310438 -54.349342
30.367323 -54.325275
30.424173 -54.301151
30.480989 -54.276970
30.537771 -54.252731
30.594519 -54.228436
30.651232 -54.204082
30.707911 -54.179672
30.764555 -54.155205
30.821165 -54.130680
30.877741 -54.106098
30.934282 -54.081459
30.990789 -54.056763
31.047262 -54.032009
31.103701 -54.007198
31.160105 -53.982330
31.216475 -53.957405
31.272810 -53.932423
31.329111 -53.907383
31.385378 -53.882286
31.441610 -53.857132
31.497808 -53.831921
31.553972 -53.806652
31.610102 -53.781326
31.666197 -53.755943
31.722258 -53.730503
31.778284 -53.705006
31.834276 -53.679451
31.890234 -53.653839
31.946157 -53.628170
32.002045 -53.602444
32.057896 -53.576660
32.113712 -53.550819
32.169495 -53.524921
32.225243 -53.498966
32.280956 -53.472954
32.336636 -53.446884
32.392281 -53.420757
32.447891 -53.394573
32.503468 -53.368332
32.559010 -53.342033
32.614517 -53.315678
32.669991 -53.289265
32.725430 -53.262794
32.780834 -53.236267
32.836205 -53.209682
32.891541 -53.183041
32.946842 -53.156345
33.002110 -53.129597
33.057343 -53.102795
33.112541 -53.075939
33.167706 -53.049030
33.222836 -53.022068
33.277931 -52.995052
33.332993 -52.967983
33.388020 -52.940861
33.443012 -52.913685
33.497971 -52.886456
33.552895 -52.859173
33.607784 -52.831837
33.662640 -52.804447
33.717457 -52.777004
33.772236 -52.749508
33.826977 -52.721958
33.881680 -52.694355
33.936344 -52.666698
33.990971 -52.638988
34.045559 -52.611225
34.100109 -52.583408
34.154621 -52.555538
34.209095 -52.527615
34.263531 -52.499638
34.317928 -52.471607
34.372288 -52.443523
34.426609 -52.415386
34.480892 -52.387196
34.535137 -52.358952
34.589344 -52.330654
34.643513 -52.302303
34.697643 -52.273899
34.751736 -52.245441
34.805790 -52.216930
34.859806 -52.188366
34.913784 -52.159748
34.967724 -52.131077
35.021626 -52.102352
35.075489 -52.073574
35.129314 -52.044743
35.183102 -52.015858
35.236851 -51.986919
35.290562 -51.957928
35.344234 -51.928883
35.397869 -51.899784
35.451466 -51.870632
35.505024 -51.841427
35.558544 -51.812168
35.612026 -51.782856
35.665470 -51.753490
35.718876 -51.724072
35.772243 -51.694599
35.825573 -51.665073
35.878864 -51.635494
35.932117 -51.605862
35.985332 -51.576176
36.038509 -51.546436
36.091648 -51.516644
36.144749 -51.486797
36.197811 -51.456898
36.250835 -51.426945
36.303822 -51.396938
36.356770 -51.366879
36.409679 -51.336765
36.462551 -51.306599
36.515385 -51.276379
36.568180 -51.246105
36.620937 -51.215778
36.673656 -51.185398
36.726337 -51.154964
36.778980 -51.124477
36.831585 -51.093937
36.884151 -51.063343
36.936680 -51.032696
36.989170 -51.001995
37.041622 -50.971241
37.094036 -50.940434
37.146412 -50.909573
37.198750 -50.878658
37.251049 -50.847691
37.303310 -50.816669
37.355534 -50.785599
37.407719 -50.754478
37.459866 -50.723309
37.511974 -50.692089
37.564045 -50.660820
37.616077 -50.629501
37.668072 -50.598133
37.720028 -50.566715
37.771946 -50.535248
37.823826 -50.503731
37.875668 -50.472164
37.927471 -50.440548
37.979237 -50.408882
38.030964 -50.377167
38.082653 -50.345402
38.134304 -50.313587
38.185917 -50.281723
38.237492 -50.249809
38.289028 -50.217846
38.340523 -50.185833
38.391975 -50.153770
38.443386 -50.121658
38.494755 -50.089497
38.546082 -50.057285
38.597366 -50.025024
38.648609 -49.992714
38.699810 -49.960354
38.750969 -49.927944
38.802086 -49.895485
38.853161 -49.862976
38.904194 -49.830418
38.955185 -49.797810
39.006134 -49.765152
39.057041 -49.732445
39.107906 -49.699688
39.158730 -49.666882
39.209511 -49.634026
39.260250 -49.601120
39.310947 -49.568165
39.361603 -49.535160
39.412216 -49.502106
39.462788 -49.469002
39.513317 -49.435848
39.563805 -49.402645
39.614250 -49.369392
39.664654 -49.336090
39.715015 -49.302738
39.765335 -49.269337
39.815613 -49.235886
39.865849 -49.202385
39.916042 -49.168835
39.966194 -49.135235
40.016304 -49.101585
40.066372 -49.067886
40.116398 -49.034138
40.166382 -49.000340
40.216324 -48.966492
40.266224 -48.932594
40.316082 -48.898647
40.365898 -48.864651
40.415672 -48.830605
40.465405 -48.796509
40.515095 -48.762363
40.564743 -48.728168
40.614349 -48.693924
40.663914 -48.659630
40.713436 -48.625286
40.762917 -48.590893
40.812355 -48.556450
40.861752 -48.521957
40.911106 -48.487415
40.960419 -48.452824
41.009689 -48.418182
41.058918 -48.383492
41.108105 -48.348751
41.157249 -48.313961
41.206352 -48.279121
41.255413 -48.244232
41.304432 -48.209293
41.353409 -48.174305
41.402344 -48.139271
41.451237 -48.104191
41.500088 -48.069065
41.548897 -48.033894
41.597664 -47.998676
41.646389 -47.963413
41.695072 -47.928104
41.743713 -47.892750
41.792313 -47.857349
41.840870 -47.821903
41.889385 -47.786411
41.937859 -47.750874
41.986290 -47.715290
42.034679 -47.679661
42.083027 -47.643986
42.131332 -47.608265
42.179596 -47.572498
42.227818 -47.536686
42.275997 -47.500828
42.324135 -47.464924
42.372231 -47.428974
42.420284 -47.392979
42.468296 -47.356937
42.516266 -47.320850
42.564194 -47.284718
42.612080 -47.248539
42.659924 -47.212315
42.707726 -47.176044
42.755486 -47.139729
42.803204 -47.103367
42.850880 -47.066959
42.898514 -47.030506
42.946106 -46.994007
42.993656 -46.957462
43.041164 -46.920872
43.088631 -46.884235
43.136055 -46.847553
43.183434 -46.810825
43.230766 -46.774052
43.278053 -46.737232
43.325294 -46.700367
43.372490 -46.663456
43.419640 -46.626499
43.466743 -46.589497
43.513802 -46.552448
43.560814 -46.515354
43.607780 -46.478214
43.654701 -46.441029
43.701576 -46.403797
43.748405 -46.366520
43.795189 -46.329197
43.841927 -46.291828
43.888618 -46.254414
43.935265 -46.216953
43.981865 -46.179447
44.028419 -46.141895
44.074928 -46.104298
44.121391 -46.066654
44.167809 -46.028965
44.214180 -45.991230
44.260506 -45.953449
44.306786 -45.915623
44.353020 -45.877750
44.399208 -45.839832
44.445351 -45.801868
44.491447 -45.763859
44.537498 -45.725803
44.583504 -45.687702
44.629463 -45.649555
44.675377 -45.611362
44.721245 -45.573124
44.767067 -45.534840
44.812843 -45.496510
44.858574 -45.458134
44.904259 -45.419712
44.949898 -45.381245
44.995491 -45.342731
45.041039 -45.304173
45.086540 -45.265568
45.131996 -45.226921
45.177406 -45.188232
45.222771 -45.149502
45.268089 -45.110729
45.313362 -45.071915
45.358589 -45.033058
45.403770 -44.994160
45.448906 -44.955219
45.493996 -44.916237
45.539040 -44.877213
45.584038 -44.838146
45.628990 -44.799038
45.673897 -44.759888
45.718758 -44.720695
45.763573 -44.681461
45.808342 -44.642185
45.853065 -44.602867
45.897743 -44.563507
45.942375 -44.524105
45.986961 -44.484661
46.031502 -44.445175
46.075996 -44.405647
46.120445 -44.366077
46.164848 -44.326466
46.209206 -44.286812
46.253517 -44.247116
46.297783 -44.207378
46.342003 -44.167599
46.386177 -44.127777
46.430305 -44.087914
46.474388 -44.048008
46.518425 -44.008060
46.562416 -43.968071
46.606361 -43.928040
46.650261 -43.887966
46.694115 -43.847851
46.737923 -43.807693
46.781685 -43.767494
46.825401 -43.727253
46.869072 -43.686970
46.912697 -43.646645
46.956276 -43.606277
46.999809 -43.565868
47.043297 -43.525417
47.086739 -43.484924
47.130135 -43.444389
47.173485 -43.403812
47.216789 -43.363194
47.260048 -43.322533
47.303261 -43.281830
47.346428 -43.241085
47.389549 -43.200298
47.432625 -43.159470
47.475655 -43.118599
47.518639 -43.077686
47.561577 -43.036732
47.604469 -42.995735
47.647316 -42.954697
47.690117 -42.913616
47.732872 -42.872494
47.775581 -42.831329
47.818245 -42.790123
47.860863 -42.748875
47.903435 -42.707584
47.945961 -42.666252
47.988441 -42.624878
48.030876 -42.583462
48.073265 -42.542004
48.115608 -42.500504
48.157906 -42.458961
48.200157 -42.417377
48.242363 -42.375751
48.284519 -42.334084
48.326626 -42.292374
48.368683 -42.250622
48.410690 -42.208828
48.452648 -42.166992
48.494556 -42.125114
48.536415 -42.083199
48.578224 -42.041245
48.619984 -41.999252
48.661694 -41.957222
48.703354 -41.915154
48.744965 -41.873047
48.786526 -41.830902
48.828037 -41.788719
48.869499 -41.746498
48.910912 -41.704239
48.952274 -41.661942
48.993587 -41.619606
49.034851 -41.577232
49.076065 -41.534821
49.117229 -41.492371
49.158344 -41.449883
49.199409 -41.407356
49.240425 -41.364792
49.281391 -41.322189
49.322308 -41.279549
49.363174 -41.236870
49.403992 -41.194153
49.444759 -41.151398
49.485477 -41.108604
49.526146 -41.065773
49.566765 -41.022903
49.607334 -40.979996
49.647854 -40.937050
49.688324 -40.894066
49.728745 -40.851044
49.769115 -40.807983
49.809437 -40.764885
49.849709 -40.721748
49.889931 -40.678574
49.930103 -40.635361
49.970226 -40.592110
50.010300 -40.548820
50.050323 -40.505493
50.090298 -40.462128
50.130222 -40.418724
50.170097 -40.375282
50.209923 -40.331802
50.249699 -40.288284
50.289425 -40.244728
50.329102 -40.201134
50.368729 -40.157501
50.408306 -40.113831
50.447834 -40.070122
50.487312 -40.026375
50.526741 -39.982590
50.566120 -39.938766
50.605450 -39.894905
50.644730 -39.851006
50.683960 -39.807068
50.723141 -39.763092
50.762272 -39.719078
50.801353 -39.675026
50.840385 -39.630936
50.879368 -39.586807
50.918301 -39.542641
50.957184 -39.498436
50.996017 -39.454193
51.034801 -39.409912
51.073536 -39.365593
51.112221 -39.321236
51.150856 -39.276840
51.189442 -39.232407
51.227978 -39.187935
51.266464 -39.143425
51.304901 -39.098877
51.343288 -39.054291
51.381626 -39.009666
51.419914 -38.965004
51.458153 -38.920303
51.496342 -38.875565
51.534481 -38.830788
51.572571 -38.785973
51.610611 -38.741119
51.648602 -38.696232
51.686543 -38.651310
51.724434 -38.606354
51.762276 -38.561363
51.800068 -38.516338
51.837811 -38.471279
51.875504 -38.426186
51.913147 -38.381058
51.950741 -38.335896
51.988285 -38.290699
52.025780 -38.245468
52.063225 -38.200203
52.100620 -38.154903
52.137966 -38.109570
52.175262 -38.064201
52.212509 -38.018799
52.249706 -37.973362
52.286854 -37.927891
52.323952 -37.882385
52.361000 -37.836845
52.397999 -37.791271
52.434948 -37.745663
52.471848 -37.700020
52.508698 -37.654343
52.545498 -37.608631
52.582249 -37.562885
52.618950 -37.517105
52.655602 -37.471291
52.692204 -37.425442
52.728756 -37.379559
52.765259 -37.333641
52.801712 -37.287689
52.838116 -37.241703
52.874470 -37.195683
52.910774 -37.149628
52.947029 -37.103539
52.983234 -37.057415
53.019390 -37.011257
53.055496 -36.965065
53.091553 -36.918839
53.127560 -36.872578
53.163517 -36.826283
53.199425 -36.779953
53.235283 -36.733589
53.271091 -36.687191
53.306850 -36.640759
53.342560 -36.594292
53.378220 -36.547791
53.413830 -36.501255
53.449390 -36.454685
53.484898 -36.408081
53.520351 -36.361443
53.555752 -36.314770
53.591099 -36.268063
53.626392 -36.221321
53.661633 -36.174545
53.696819 -36.127735
53.731953 -36.080891
53.767033 -36.034012
53.802059 -35.987099
53.837032 -35.940151
53.871952 -35.893169
53.906818 -35.846153
53.941631 -35.799103
53.976391 -35.752018
54.011097 -35.704899
54.045750 -35.657745
54.080349 -35.610558
54.114895 -35.563335
54.149387 -35.516079
54.183826 -35.468788
54.218212 -35.421463
54.252544 -35.374104
54.286823 -35.326710
54.321049 -35.279282
54.355221 -35.231819
54.389339 -35.184326
54.423405 -35.136803
54.457417 -35.089249
54.491375 -35.041664
54.525280 -34.994049
54.559132 -34.946404
54.592930 -34.898727
54.626675 -34.851021
54.660366 -34.803284
54.694004 -34.755516
54.727589 -34.707718
54.761120 -34.659889
54.794598 -34.612030
54.828022 -34.564140
54.861393 -34.516220
54.894711 -34.468269
54.927975 -34.420288
54.961185 -34.372276
54.994343 -34.324234
55.027447 -34.276161
55.060497 -34.228058
55.093494 -34.179924
55.126438 -34.131760
55.159328 -34.083565
55.192165 -34.035339
55.224949 -33.987083
55.257679 -33.938797
55.290356 -33.890480
55.322979 -33.842133
55.355549 -33.793755
55.388065 -33.745346
55.420528 -33.696907
55.452938 -33.648438
55.485294 -33.599937
55.517597 -33.551407
55.549847 -33.502846
55.582043 -33.454254
55.614185 -33.405632
55.646275 -33.356979
55.678310 -33.308296
55.710293 -33.259583
55.742222 -33.210838
55.774097 -33.162064
55.805920 -33.113258
55.837688 -33.064423
55.869404 -33.015556
55.901066 -32.966660
55.932674 -32.917732
55.964230 -32.868774
55.995731 -32.819786
56.027180 -32.770767
56.058575 -32.721718
56.089916 -32.672638
56.121204 -32.623528
56.152439 -32.574387
56.183620 -32.525215
56.214748 -32.476013
56.245823 -32.426781
56.276844 -32.377518
56.307812 -32.328224
56.338726 -32.278900
56.369587 -32.229546
56.400394 -32.180161
56.431149 -32.130745
56.461849 -32.081299
56.492496 -32.031822
56.523090 -31.982317
56.553631 -31.932783
56.584118 -31.883221
56.614552 -31.833630
56.644932 -31.784010
56.675259 -31.734362
56.705532 -31.684685
56.735752 -31.634979
56.765919 -31.585245
56.796032 -31.535482
56.826092 -31.485691
56.856098 -31.435871
56.886051 -31.386023
56.915951 -31.336145
56.945797 -31.286240
56.975590 -31.236305
57.005329 -31.186342
57.035015 -31.136351
57.064648 -31.086330
57.094227 -31.036282
57.123753 -30.986204
57.153225 -30.936098
57.182644 -30.885963
57.212009 -30.835800
57.241322 -30.785608
57.270580 -30.735388
57.299786 -30.685139
57.328938 -30.634861
57.358036 -30.584555
57.387081 -30.534220
57.416073 -30.483858
57.445011 -30.433470
57.473896 -30.383055
57.502728 -30.332613
57.531506 -30.282145
57.560230 -30.231649
57.588902 -30.181128
57.617519 -30.130579
57.646084 -30.080004
57.674595 -30.029402
57.703053 -29.978773
57.731457 -29.928118
57.759808 -29.877436
57.788105 -29.826727
57.816349 -29.775991
57.844540 -29.725229
57.872677 -29.674440
57.900761 -29.623625
57.928791 -29.572783
57.956768 -29.521914
57.984692 -29.471018
58.012562 -29.420095
58.040379 -29.369146
58.068142 -29.318171
58.095852 -29.267168
58.123508 -29.216139
58.151112 -29.165083
58.178661 -29.114000
58.206158 -29.062891
58.233601 -29.011755
58.260990 -28.960592
58.288326 -28.909403
58.315609 -28.858187
58.342838 -28.806944
58.370014 -28.755674
58.397137 -28.704378
58.424206 -28.653055
58.451221 -28.601707
58.478184 -28.550335
58.505093 -28.498938
58.531948 -28.447515
58.558750 -28.396069
58.585499 -28.344597
58.612194 -28.293100
58.638836 -28.241579
58.665424 -28.190033
58.691956 -28.138462
58.718430 -28.086866
58.744846 -28.035246
58.771206 -27.983601
58.797508 -27.931931
58.823753 -27.880236
58.849941 -27.828516
58.876072 -27.776772
58.902145 -27.725002
58.928162 -27.673208
58.954121 -27.621389
58.980022 -27.569546
59.005867 -27.517677
59.031654 -27.465784
59.057384 -27.413866
59.083057 -27.361923
59.108673 -27.309956
59.134232 -27.257963
59.159733 -27.205946
59.185177 -27.153904
59.210564 -27.101837
59.235893 -27.049746
59.261166 -26.997629
59.286381 -26.945488
59.311539 -26.893322
59.336639 -26.841131
59.361683 -26.788916
59.386669 -26.736675
59.411598 -26.684410
59.436470 -26.632122
59.461285 -26.579811
59.486042 -26.527477
59.510742 -26.475121
59.535385 -26.422741
59.559971 -26.370338
59.584499 -26.317913
59.608971 -26.265465
59.633385 -26.212994
59.657742 -26.160500
59.682041 -26.107983
59.706284 -26.055443
59.730469 -26.002880
59.754597 -25.950294
59.778667 -25.897686
59.802681 -25.845055
59.826637 -25.792400
59.850536 -25.739723
59.874378 -25.687023
59.898163 -25.634300
59.921890 -25.581554
59.945560 -25.528786
59.969173 -25.475994
59.992729 -25.423180
60.016228 -25.370342
60.039669 -25.317482
60.063053 -25.264599
60.086380 -25.211693
60.109650 -25.158764
60.132862 -25.105812
60.156017 -25.052837
60.179115 -24.999840
60.202156 -24.946819
60.225140 -24.893776
60.248066 -24.840710
60.270935 -24.787621
60.293747 -24.734509
60.316502 -24.681374
60.339199 -24.628218
60.361839 -24.575041
60.384422 -24.521843
60.406948 -24.468624
60.429417 -24.415384
60.451828 -24.362123
60.474182 -24.308842
60.496479 -24.255539
60.518719 -24.202215
60.540901 -24.148870
60.563026 -24.095505
60.585094 -24.042118
60.607105 -23.988710
60.629059 -23.935282
60.650955 -23.881832
60.672794 -23.828362
60.694576 -23.774870
60.716301 -23.721357
60.737968 -23.667824
60.759579 -23.614269
60.781132 -23.560694
60.802628 -23.507097
60.824066 -23.453480
60.845448 -23.399841
60.866772 -23.346182
60.888039 -23.292501
60.909248 -23.238800
60.930401 -23.185078
60.951496 -23.131334
60.972534 -23.077570
60.993515 -23.023785
61.014439 -22.969978
61.035305 -22.916151
61.056114 -22.862303
61.076866 -22.808434
61.097561 -22.754543
61.118198 -22.700632
61.138779 -22.646702
61.159302 -22.592752
61.179768 -22.538784
61.200176 -22.484797
61.220528 -22.430790
61.240822 -22.376764
61.261059 -22.322720
61.281239 -22.268656
61.301361 -22.214573
61.321426 -22.160471
61.341434 -22.106350
61.361385 -22.052210
61.381279 -21.998051
61.401115 -21.943872
61.420895 -21.889675
61.440617 -21.835459
61.460281 -21.781223
61.479889 -21.726969
61.499439 -21.672695
61.518932 -21.618402
61.538368 -21.564091
61.557747 -21.509760
61.577068 -21.455410
61.596333 -21.401041
61.615540 -21.346653
61.634689 -21.292246
61.653782 -21.237820
61.672817 -21.183374
61.691795 -21.128910
61.710716 -21.074427
61.729580 -21.019924
61.748386 -20.965403
61.767136 -20.910862
61.785828 -20.856302
61.804462 -20.801723
61.823040 -20.747126
61.841560 -20.692509
61.860023 -20.637873
61.878429 -20.583220
61.896778 -20.528549
61.915070 -20.473862
61.933304 -20.419157
61.951481 -20.364435
61.969601 -20.309696
61.987663 -20.254940
62.005669 -20.200167
62.023617 -20.145376
62.041508 -20.090569
62.059341 -20.035744
62.077118 -19.980902
62.094837 -19.926043
62.112499 -19.871166
62.130104 -19.816273
62.147652 -19.761362
62.165142 -19.706434
62.182575 -19.651489
62.199951 -19.596527
62.217270 -19.541548
62.234531 -19.486551
62.251736 -19.431538
62.268883 -19.376507
62.285973 -19.321459
62.303005 -19.266394
62.319981 -19.211311
62.336899 -19.156212
62.353760 -19.101095
62.370564 -19.045961
62.387310 -18.990810
62.403999 -18.935642
62.420631 -18.880457
62.437206 -18.825254
62.453724 -18.770035
62.470184 -18.714798
62.486588 -18.659544
62.502934 -18.604273
62.519222 -18.548986
62.535454 -18.493685
62.551628 -18.438368
62.567745 -18.383036
62.583805 -18.327688
62.599808 -18.272326
62.615753 -18.216948
62.631641 -18.161554
62.647472 -18.106146
62.663246 -18.050722
62.678963 -17.995283
62.694622 -17.939829
62.710224 -17.884359
62.725769 -17.828875
62.741257 -17.773375
62.756687 -17.717859
62.772060 -17.662329
62.787376 -17.606783
62.802635 -17.551222
62.817837 -17.495646
62.832981 -17.440054
62.848068 -17.384447
62.863098 -17.328825
62.878071 -17.273188
62.892986 -17.217535
62.907845 -17.161867
62.922646 -17.106184
62.937389 -17.050486
62.952076 -16.994772
62.966705 -16.939043
62.981277 -16.883299
62.995792 -16.827539
63.010250 -16.771765
63.024651 -16.715975
63.038994 -16.660170
63.053280 -16.604349
63.067509 -16.548513
63.081680 -16.492664
63.095795 -16.436802
63.109852 -16.380926
63.123852 -16.325037
63.137794 -16.269135
63.151680 -16.213219
63.165508 -16.157290
63.179279 -16.101347
63.192993 -16.045391
63.206650 -15.989422
63.220249 -15.933439
63.233791 -15.877443
63.247276 -15.821434
63.260704 -15.765411
63.274075 -15.709375
63.287388 -15.653326
63.300644 -15.597263
63.313843 -15.541187
63.326984 -15.485098
63.340069 -15.428995
63.353092 -15.372879
63.366055 -15.316750
63.378956 -15.260607
63.391796 -15.204451
63.404575 -15.148281
63.417294 -15.092098
63.429951 -15.035902
63.442547 -14.979693
63.455082 -14.923472
63.467556 -14.867239
63.479969 -14.810993
63.492321 -14.754735
63.504612 -14.698464
63.516842 -14.642181
63.529011 -14.585886
63.541119 -14.529578
63.553165 -14.473258
63.565151 -14.416925
63.577076 -14.360580
63.588940 -14.304223
63.600742 -14.247853
63.612484 -14.191471
63.624165 -14.135077
63.635784 -14.078670
63.647343 -14.022250
63.658840 -13.965819
63.670277 -13.909377
63.681652 -13.852923
63.692966 -13.796458
63.704220 -13.739982
63.715412 -13.683494
63.726543 -13.626994
63.737614 -13.570483
63.748623 -13.513961
63.759571 -13.457427
63.770458 -13.400882
63.781284 -13.344325
63.792049 -13.287757
63.802753 -13.231177
63.813396 -13.174586
63.823978 -13.117984
63.834499 -13.061370
63.844959 -13.004745
63.855358 -12.948108
63.865696 -12.891460
63.875973 -12.834803
63.886189 -12.778134
63.896343 -12.721456
63.906437 -12.664766
63.916470 -12.608067
63.926441 -12.551356
63.936352 -12.494636
63.946201 -12.437904
63.955990 -12.381163
63.965717 -12.324410
63.975384 -12.267648
63.984989 -12.210875
63.994534 -12.154091
64.004021 -12.097297
64.013451 -12.040492
64.022820 -11.983677
64.032127 -11.926851
64.041374 -11.870016
64.050560 -11.813171
64.059685 -11.756317
64.068748 -11.699453
64.077751 -11.642580
64.086693 -11.585697
64.095573 -11.528805
64.104393 -11.471903
64.113152 -11.414991
64.121849 -11.358070
64.130486 -11.301140
64.139061 -11.244200
64.147575 -11.187250
64.156029 -11.130291
64.164421 -11.073322
64.172752 -11.016344
64.181023 -10.959356
64.189232 -10.902359
64.197380 -10.845353
64.205467 -10.788339
64.213493 -10.731316
64.221458 -10.674284
64.229362 -10.617244
64.237206 -10.560195
64.244987 -10.503138
64.252708 -10.446072
64.260368 -10.388997
64.267967 -10.331914
64.275505 -10.274822
64.282982 -10.217722
64.290398 -10.160613
64.297752 -10.103496
64.305046 -10.046370
64.312279 -9.989235
64.319450 -9.932092
64.326561 -9.874940
64.333611 -9.817780
64.340599 -9.760613
64.347527 -9.703439
64.354393 -9.646256
64.361198 -9.589067
64.367943 -9.531869
64.374626 -9.474664
64.381248 -9.417451
64.387810 -9.360230
64.394310 -9.303002
64.400749 -9.245767
64.407127 -9.188523
64.413445 -9.131272
64.419701 -9.074014
64.425896 -9.016747
64.432030 -8.959474
64.438103 -8.902192
64.444115 -8.844903
64.450066 -8.787607
64.455956 -8.730305
64.461784 -8.672996
64.467552 -8.615680
64.473259 -8.558357
64.478905 -8.501028
64.484489 -8.443692
64.490013 -8.386350
64.495476 -8.329000
64.500877 -8.271645
64.506218 -8.214282
64.511497 -8.156913
64.516716 -8.099537
64.521873 -8.042154
64.526970 -7.984766
64.532005 -7.927371
64.536980 -7.869969
64.541893 -7.812562
64.546745 -7.755148
64.551537 -7.697729
64.556267 -7.640303
64.560936 -7.582870
64.565544 -7.525433
64.570091 -7.467989
64.574577 -7.410540
64.579002 -7.353085
64.583366 -7.295624
64.587669 -7.238157
64.591911 -7.180685
64.596092 -7.123207
64.600212 -7.065723
64.604271 -7.008235
64.608269 -6.950740
64.612206 -6.893241
64.616081 -6.835736
64.619896 -6.778226
64.623650 -6.720711
64.627342 -6.663191
64.630974 -6.605665
64.634544 -6.548134
64.638054 -6.490599
64.641502 -6.433058
64.644890 -6.375513
64.648216 -6.317963
64.651482 -6.260408
64.654686 -6.202849
64.657829 -6.145285
64.660912 -6.087716
64.663933 -6.030142
64.666893 -5.972564
64.669792 -5.914981
64.672630 -5.857395
64.675407 -5.799804
64.678123 -5.742208
64.680779 -5.684609
64.683372 -5.627005
64.685905 -5.569397
64.688377 -5.511785
64.690788 -5.454168
64.693138 -5.396548
64.695427 -5.338924
64.697655 -5.281297
64.699821 -5.223665
64.701927 -5.166030
64.703972 -5.108391
64.705956 -5.050748
64.707878 -4.993101
64.709740 -4.935451
64.711540 -4.877798
64.713280 -4.820141
64.714958 -4.762481
64.716576 -4.704817
64.718132 -4.647151
64.719627 -4.589480
64.721062 -4.531807
64.722435 -4.474130
64.723747 -4.416451
64.724998 -4.358768
64.726189 -4.301083
64.727318 -4.243394
64.728386 -4.185703
64.729393 -4.128009
64.730339 -4.070312
64.731224 -4.012613
64.732048 -3.954911
64.732811 -3.897206
64.733513 -3.839498
64.734154 -3.781788
64.734734 -3.724076
64.735252 -3.666361
64.735710 -3.608644
64.736107 -3.550925
64.736443 -3.493203
64.736717 -3.435480
64.736931 -3.377754
64.737083 -3.320026
64.737175 -3.262297
64.737206 -3.204565
64.737175 -3.146832
64.737083 -3.089096
64.736931 -3.031359
64.736717 -2.973620
64.736443 -2.915880
64.736107 -2.858138
64.735710 -2.800394
64.735252 -2.742649
64.734734 -2.684903
64.734154 -2.627155
64.733513 -2.569406
64.732811 -2.511655
64.732048 -2.453903
64.731224 -2.396151
64.730339 -2.338397
64.729393 -2.280642
64.728386 -2.222886
64.727318 -2.165129
64.726189 -2.107371
64.724998 -2.049612
64.723747 -1.991852
64.722435 -1.934092
64.721062 -1.876331
64.719627 -1.818569
64.718132 -1.760807
64.716576 -1.703044
64.714958 -1.645281
64.713280 -1.587517
64.711540 -1.529754
64.709740 -1.471989
64.707878 -1.414225
64.705956 -1.356460
64.703972 -1.298696
64.701927 -1.240931
64.699821 -1.183166
64.697655 -1.125401
64.695427 -1.067636
64.693138 -1.009871
64.690788 -0.952107
64.688377 -0.894343
64.685905 -0.836579
64.683372 -0.778815
64.680779 -0.721052
64.678123 -0.663289
64.675407 -0.605527
64.672630 -0.547766
64.669792 -0.490005
64.666893 -0.432245
64.663933 -0.374485
64.660912 -0.316726
64.657829 -0.258969
64.654686 -0.201212
64.651482 -0.143456
64.648216 -0.085701
64.644890 -0.027947
64.641502 0.029806
64.638054 0.087557
64.634544 0.145308
64.630974 0.203057
64.627342 0.260804
64.623650 0.318551
64.619896 0.376295
64.616081 0.434039
64.612206 0.491780
64.608269 0.549520
64.604271 0.607259
64.600212 0.664996
64.596092 0.722730
64.591911 0.780464
64.587669 0.838195
64.583366 0.895924
64.579002 0.953651
64.574577 1.011376
64.570091 1.069099
64.565544 1.126820
64.560936 1.184539
64.556267 1.242255
64.551537 1.299969
64.546745 1.357681
64.541893 1.415390
64.536980 1.473096
64.532005 1.530800
64.526970 1.588502
64.521873 1.646200
64.516716 1.703896
64.511497 1.761590
64.506218 1.819280
64.500877 1.876968
64.495476 1.934652
64.490013 1.992334
64.484489 2.050012
64.478905 2.107687
64.473259 2.165360
64.467552 2.223029
64.461784 2.280694
64.455956 2.338356
64.450066 2.396015
64.444115 2.453671
64.438103 2.511323
64.432030 2.568971
64.425896 2.626616
64.419701 2.684258
64.413445 2.741895
64.407127 2.799529
64.400749 2.857158
64.394310 2.914784
64.387810 2.972406
64.381248 3.030024
64.374626 3.087638
64.367943 3.145248
64.361198 3.202853
64.354393 3.260455
64.347527 3.318052
64.340599 3.375644
64.333611 3.433233
64.326561 3.490816
64.319450 3.548396
64.312279 3.605970
64.305046 3.663541
64.297752 3.721106
64.290398 3.778667
64.282982 3.836223
64.275505 3.893774
64.267967 3.951320
64.260368 4.008861
64.252708 4.066397
64.244987 4.123928
64.237206 4.181454
64.229362 4.238974
64.221458 4.296489
64.213493 4.353999
64.205467 4.411504
64.197380 4.469003
64.189232 4.526497
64.181023 4.583986
64.172752 4.641469
64.164421 4.698946
64.156029 4.756417
64.147575 4.813882
64.139061 4.871342
64.130486 4.928796
64.121849 4.986245
64.113152 5.043687
64.104393 5.101123
64.095573 5.158553
64.086693 5.215976
64.077751 5.273394
64.068748 5.330805
64.059685 5.388210
64.050560 5.445609
64.041374 5.503001
64.032127 5.560387
64.022820 5.617766
64.013451 5.675139
64.004021 5.732505
63.994530 5.789864
63.984978 5.847217
63.975365 5.904562
63.965691 5.961902
63.955956 6.019234
63.946159 6.076559
63.936302 6.133876
63.926384 6.191187
63.916405 6.248490
63.906364 6.305787
63.896263 6.363076
63.886101 6.420358
63.875877 6.477633
63.865593 6.534900
63.855247 6.592159
63.844841 6.649411
63.834373 6.706656
63.823845 6.763892
63.813255 6.821121
63.802605 6.878343
63.791893 6.935556
63.781120 6.992762
63.770287 7.049960
63.759392 7.107149
63.748436 7.164330
63.737419 7.221504
63.726341 7.278669
63.715202 7.335826
63.704002 7.392975
63.692741 7.450115
63.681419 7.507247
63.670036 7.564370
63.658592 7.621485
63.647087 7.678591
63.635521 7.735688
63.623894 7.792777
63.612206 7.849857
63.600456 7.906929
63.588646 7.963992
63.576775 8.021046
63.564842 8.078091
63.552849 8.135127
63.540794 8.192154
63.528679 8.249171
63.516502 8.306179
63.504265 8.363177
63.491966 8.420166
63.479607 8.477145
63.467186 8.534115
63.454704 8.591075
63.442162 8.648026
63.429558 8.704967
63.416893 8.761898
63.404167 8.818820
63.391380 8.875732
63.378532 8.932635
63.365623 8.989529
63.352654 9.046412
63.339622 9.103286
63.326530 9.160149
63.313377 9.217001
63.300163 9.273843
63.286888 9.330674
63.273552 9.387495
63.260155 9.444305
63.246696 9.501105
63.233177 9.557895
63.219597 9.614674
63.205956 9.671442
63.192253 9.728200
63.178490 9.784947
63.164665 9.841684
63.150780 9.898411
63.136833 9.955127
63.122826 10.011832
63.108757 10.068526
63.094627 10.125209
63.080437 10.181880
63.066185 10.238540
63.051872 10.295188
63.037498 10.351825
63.023064 10.408450
63.008568 10.465064
62.994011 10.521667
62.979393 10.578258
62.964714 10.634837
62.949974 10.691405
62.935173 10.747962
62.920311 10.804507
62.905388 10.861041
62.890404 10.917563
62.875359 10.974073
62.860252 11.030571
62.845085 11.087056
62.829857 11.143529
62.814568 11.199989
62.799217 11.256437
62.783806 11.312873
62.768333 11.369296
62.752800 11.425707
62.737206 11.482105
62.721550 11.538491
62.705833 11.594865
62.690056 11.651226
62.674217 11.707575
62.658318 11.763911
62.642357 11.820235
62.626335 11.876547
62.610252 11.932845
62.594109 11.989130
62.577904 12.045402
62.561638 12.101660
62.545311 12.157905
62.528923 12.214136
62.512474 12.270354
62.495964 12.326559
62.479393 12.382751
62.462761 12.438929
62.446068 12.495093
62.429314 12.551245
62.412498 12.607383
62.395622 12.663507
62.378685 12.719619
62.361687 12.775717
62.344627 12.831800
62.327507 12.887870
62.310326 12.943925
62.293083 12.999966
62.275780 13.055992
62.258415 13.112004
62.240990 13.168002
62.223503 13.223986
62.205956 13.279955
62.188347 13.335910
62.170677 13.391850
62.152946 13.447777
62.135155 13.503689
62.117302 13.559587
62.099388 13.615470
62.081413 13.671339
62.063377 13.727193
62.045280 13.783031
62.027122 13.838855
62.008904 13.894663
61.990623 13.950456
61.972282 14.006233
61.953880 14.061996
61.935417 14.117743
61.916893 14.173474
61.898308 14.229191
61.879662 14.284892
61.860954 14.340578
61.842186 14.396249
61.823357 14.451904
61.804466 14.507545
61.785515 14.563169
61.766502 14.618778
61.747429 14.674371
61.728294 14.729947
61.709099 14.785507
61.689842 14.841051
61.670525 14.896579
61.651146 14.952090
61.631706 15.007586
61.612206 15.063065
61.592644 15.118527
61.573021 15.173974
61.553337 15.229404
61.533592 15.284819
61.513786 15.340217
61.493919 15.395598
61.473991 15.450964
61.454002 15.506312
61.433952 15.561644
61.413841 15.616958
61.393669 15.672255
61.373436 15.727534
61.353142 15.782797
61.332787 15.838042
61.312370 15.893270
61.291893 15.948482
61.271355 16.003675
61.250755 16.058851
61.230095 16.114010
61.209373 16.169151
61.188591 16.224276
61.167747 16.279383
61.146843 16.334473
61.125877 16.389545
61.104851 16.444601
61.083763 16.499640
61.062614 16.554661
61.041405 16.609665
61.020134 16.664652
60.998802 16.719622
60.977409 16.774574
60.955956 16.829508
60.934441 16.884422
60.912865 16.939318
60.891228 16.994194
60.869530 17.049051
60.847771 17.103889
60.825951 17.158709
60.804070 17.213509
60.782127 17.268290
60.760124 17.323051
60.738060 17.377794
60.715935 17.432518
60.693748 17.487223
60.671501 17.541908
60.649193 17.596575
60.626823 17.651222
60.604393 17.705851
60.581902 17.760460
60.559349 17.815050
60.536736 17.869621
60.514061 17.924173
60.491325 17.978706
60.468529 18.033220
60.445671 18.087715
60.422752 18.142191
60.399773 18.196648
60.376732 18.251085
60.353630 18.305504
60.330467 18.359903
60.307243 18.414284
60.283958 18.468645
60.260612 18.522987
60.237206 18.577309
60.213737 18.631609
60.190208 18.685888
60.166618 18.740147
60.142967 18.794384
60.119255 18.848600
60.095482 18.902796
60.071648 18.956970
60.047752 19.011124
60.023796 19.065256
59.999779 19.119368
59.975700 19.173458
59.951561 19.227528
59.927361 19.281576
59.903099 19.335604
59.878777 19.389610
59.854393 19.443596
59.829948 19.497561
59.805443 19.551504
59.780876 19.605427
59.756248 19.659328
59.731560 19.713209
59.706810 19.767069
59.681999 19.820908
59.657127 19.874725
59.632195 19.928522
59.607201 19.982298
59.582146 20.036053
59.557030 20.089787
59.531853 20.143499
59.506615 20.197191
59.481316 20.250860
59.455956 20.304506
59.430534 20.358130
59.405052 20.411730
59.379509 20.465307
59.353905 20.518862
59.328239 20.572393
59.302513 20.625902
59.276726 20.679388
59.250877 20.732851
59.224968 20.786291
59.198997 20.839708
59.172966 20.893103
59.146873 20.946474
59.120720 20.999823
59.094505 21.053148
59.068230 21.106451
59.041893 21.159731
59.015495 21.212988
58.989037 21.266222
58.962517 21.319433
58.935936 21.372622
58.909294 21.425787
58.882591 21.478930
58.855827 21.532049
58.829002 21.585146
58.802116 21.638220
58.775169 21.691271
58.748161 21.744299
58.721092 21.797304
58.693962 21.850286
58.666771 21.903244
58.639519 21.956177
58.612206 22.009085
58.584831 22.061968
58.557396 22.114826
58.529900 22.167660
58.502342 22.220469
58.474724 22.273252
58.447044 22.326012
58.419304 22.378746
58.391502 22.431456
58.363640 22.484140
58.335716 22.536800
58.307732 22.589436
58.279686 22.642046
58.251579 22.694632
58.223412 22.747192
58.195183 22.799728
58.166893 22.852240
58.138542 22.904726
58.110130 22.957188
58.081657 23.009624
58.053123 23.062037
58.024529 23.114424
57.995872 23.166786
57.967155 23.219124
57.938377 23.271437
57.909538 23.323725
57.880638 23.375988
57.851677 23.428226
57.822655 23.480438
57.793571 23.532623
57.764427 23.584782
57.735222 23.636913
57.705956 23.689018
57.676628 23.741096
57.647240 23.793148
57.617790 23.845173
57.588280 23.897171
57.558708 23.949142
57.529076 24.001087
57.499382 24.053005
57.469627 24.104897
57.439812 24.156761
57.409935 24.208599
57.379997 24.260410
57.349998 24.312195
57.319939 24.363953
57.289818 24.415684
57.259636 24.467388
57.229393 24.519066
57.199089 24.570717
57.168724 24.622341
57.138298 24.673939
57.107811 24.725510
57.077263 24.777054
57.046654 24.828571
57.015984 24.880062
56.985252 24.931526
56.954460 24.982964
56.923607 25.034372
56.892693 25.085752
56.861717 25.137104
56.830681 25.188427
56.799583 25.239721
56.768425 25.290987
56.737206 25.342224
56.705925 25.393433
56.674583 25.444613
56.643181 25.495764
56.611717 25.546886
56.580193 25.597980
56.548607 25.649046
56.516960 25.700083
56.485252 25.751091
56.453484 25.802071
56.421654 25.853022
56.389763 25.903944
56.357811 25.954838
56.325798 26.005703
56.293724 26.056540
56.261589 26.107347
56.229393 26.158127
56.197136 26.208878
56.164818 26.259600
56.132439 26.310293
56.099998 26.360958
56.067497 26.411594
56.034935 26.462202
56.002312 26.512781
55.969627 26.563330
55.936882 26.613848
55.904076 26.664335
55.871208 26.714792
55.838280 26.765219
55.805290 26.815615
55.772240 26.865980
55.739128 26.916315
55.705956 26.966619
55.672722 27.016893
55.639427 27.067137
55.606071 27.117350
55.572655 27.167532
55.539177 27.217684
55.505638 27.267805
55.472038 27.317896
55.438377 27.367956
55.404655 27.417986
55.370872 27.467985
55.337029 27.517954
55.303123 27.567892
55.269157 27.617800
55.235130 27.667677
55.201042 27.717524
55.166893 27.767340
55.132683 27.817125
55.098412 27.866880
55.064079 27.916605
55.029686 27.966299
54.995232 28.015961
54.960716 28.065590
54.926140 28.115187
54.891502 28.164751
54.856804 28.214283
54.822044 28.263783
54.787224 28.313250
54.752342 28.362684
54.717400 28.412086
54.682396 28.461456
54.647331 28.510794
54.612209 28.560099
54.577030 28.609371
54.541794 28.658611
54.506500 28.707819
54.471149 28.756994
54.435741 28.806137
54.400276 28.855247
54.364754 28.904325
54.329174 28.953371
54.293537 29.002384
54.257843 29.051365
54.222092 29.100313
54.186283 29.149229
54.150417 29.198112
54.114494 29.246964
54.078514 29.295782
54.042477 29.344568
54.006382 29.393322
53.970230 29.442041
53.934021 29.490726
53.897755 29.539377
53.861431 29.587994
53.825050 29.636576
53.788612 29.685123
53.752117 29.733637
53.715565 29.782116
53.678955 29.830561
53.642288 29.878971
53.605564 29.927347
53.568783 29.975689
53.531944 30.023996
53.495049 30.072269
53.458096 30.120508
53.421085 30.168713
53.384018 30.216883
53.346893 30.265018
53.309711 30.313120
53.272472 30.361187
53.235176 30.409220
53.197823 30.457218
53.160412 30.505182
53.122944 30.553112
53.085419 30.601007
53.047836 30.648869
53.010197 30.696695
52.972500 30.744488
52.934746 30.792246
52.896935 30.839968
52.859066 30.887653
52.821140 30.935303
52.783157 30.982916
52.745117 31.030493
52.707020 31.078033
52.668865 31.125538
52.630653 31.173006
52.592384 31.220438
52.554058 31.267834
52.515675 31.315193
52.477234 31.362516
52.438736 31.409803
52.400181 31.457054
52.361568 31.504269
52.322899 31.551447
52.284172 31.598589
52.245388 31.645695
52.206547 31.692764
52.167648 31.739798
52.128693 31.786795
52.089680 31.833755
52.050610 31.880680
52.011482 31.927568
51.972298 31.974421
51.933056 32.021236
51.893757 32.068016
51.854401 32.114758
51.814987 32.161461
51.775517 32.208126
51.735989 32.254753
51.696404 32.301342
51.656761 32.347893
51.617062 32.394405
51.577305 32.440880
51.537491 32.487316
51.497620 32.533714
51.457691 32.580074
51.417706 32.626396
51.377663 32.672680
51.337563 32.718925
51.297405 32.765133
51.257191 32.811302
51.216919 32.857433
51.176590 32.903526
51.136204 32.949581
51.095760 32.995598
51.055260 33.041576
51.014702 33.087517
50.974087 33.133419
50.933414 33.179283
50.892685 33.225109
50.851898 33.270897
50.811054 33.316647
50.770153 33.362358
50.729195 33.408031
50.688179 33.453667
50.647106 33.499264
50.605976 33.544823
50.564789 33.590343
50.523544 33.635826
50.482243 33.681271
50.440884 33.726677
50.399467 33.772045
50.357994 33.817375
50.316463 33.862667
50.274876 33.907921
50.233231 33.953136
50.191528 33.998314
50.149769 34.043453
50.107952 34.088554
50.066078 34.133614
50.024147 34.178631
49.982159 34.223606
49.940113 34.268539
49.898010 34.313431
49.855850 34.358280
49.813633 34.403088
49.771358 34.447853
49.729027 34.492577
49.686638 34.537258
49.644192 34.581898
49.601688 34.626495
49.559128 34.671051
49.516510 34.715565
49.473835 34.760036
49.431103 34.804466
49.388313 34.848854
49.345467 34.893200
49.302563 34.937504
49.259602 34.981766
49.216583 35.025986
49.173508 35.070164
49.130375 35.114300
49.087185 35.158394
49.043938 35.202446
49.000633 35.246456
48.957272 35.290424
48.913853 35.334351
48.870377 35.378235
48.826843 35.422077
48.783253 35.465878
48.739605 35.509636
48.695900 35.553352
48.652138 35.597027
48.608318 35.640659
48.564442 35.684250
48.520508 35.727798
48.476517 35.771305
48.432468 35.814770
48.388363 35.858192
48.344200 35.901573
48.299980 35.944912
48.255703 35.988209
48.211369 36.031464
48.166977 36.074677
48.122528 36.117847
48.078022 36.160976
48.033459 36.204063
47.988838 36.247108
47.944160 36.290112
47.899426 36.333073
47.854633 36.375992
47.809784 36.418869
47.764877 36.461704
47.719913 36.504498
47.674892 36.547245
47.629814 36.589947
47.584679 36.632603
47.539486 36.675213
47.494240 36.717777
47.448940 36.760296
47.403587 36.802769
47.358181 36.845196
47.312721 36.887577
47.267208 36.929913
47.221642 36.972202
47.176022 37.014446
47.130348 37.056644
47.084621 37.098797
47.038841 37.140903
46.993008 37.182964
46.947121 37.224979
46.901180 37.266949
46.855186 37.308872
46.809139 37.350750
46.763039 37.392582
46.716885 37.434368
46.670677 37.476109
46.624416 37.517803
46.578102 37.559452
46.531734 37.601055
46.485313 37.642612
46.438839 37.684124
46.392311 37.725590
46.345730 37.767010
46.299095 37.808384
46.252407 37.849712
46.205666 37.890995
46.158871 37.932232
46.112022 37.973423
46.065121 38.014568
46.018166 38.055668
45.971157 38.096722
45.924095 38.137730
45.876980 38.178692
45.829811 38.219608
45.782589 38.260479
45.735313 38.301304
45.687984 38.342083
45.640602 38.382816
45.593166 38.423504
45.545677 38.464146
45.498135 38.504742
45.450539 38.545292
45.402889 38.585796
45.355186 38.626255
45.307430 38.666668
45.259621 38.707035
45.211758 38.747356
45.163841 38.787628
45.115871 38.827850
45.067848 38.868023
45.019772 38.908146
44.971642 38.948219
44.923458 38.988243
44.875221 39.028217
44.826931 39.068142
44.778587 39.108017
44.730190 39.147842
44.681740 39.187618
44.633236 39.227345
44.584679 39.267021
44.536068 39.306648
44.487404 39.346226
44.438686 39.385754
44.389915 39.425232
44.341091 39.464661
44.292213 39.504040
44.243282 39.543369
44.194298 39.582649
44.145260 39.621880
44.096169 39.661060
44.047024 39.700191
43.997826 39.739273
43.948574 39.778305
43.899269 39.817287
43.849911 39.856220
43.800499 39.895103
43.751034 39.933937
43.701515 39.972721
43.651943 40.011456
43.602318 40.050140
43.552639 40.088776
43.502907 40.127361
43.453121 40.165897
43.403282 40.204384
43.353390 40.242821
43.303444 40.281208
43.253445 40.319546
43.203392 40.357834
43.153286 40.396072
43.103127 40.434261
43.052914 40.472401
43.002647 40.510490
42.952328 40.548531
42.901955 40.586521
42.851528 40.624462
42.801048 40.662354
42.750515 40.700195
42.699928 40.737988
42.649288 40.775730
42.598595 40.813423
42.547848 40.851063
42.497047 40.888649
42.446194 40.926182
42.395287 40.963661
42.344326 41.001087
42.293312 41.038460
42.242245 41.075779
42.191124 41.113045
42.139950 41.150257
42.088722 41.187416
42.037441 41.224522
41.986107 41.261574
41.934719 41.298573
41.883278 41.335518
41.831787 41.372410
41.780247 41.409248
41.728657 41.446033
41.677017 41.482765
41.625328 41.519444
41.573589 41.556068
41.521801 41.592640
41.469963 41.629158
41.418076 41.665623
41.366138 41.702034
41.314152 41.738392
41.262115 41.774696
41.210030 41.810947
41.157894 41.847145
41.105709 41.883289
41.053474 41.919380
41.001190 41.955418
40.948856 41.991402
40.896473 42.027332
40.844040 42.063210
40.791557 42.099033
40.739025 42.134804
40.686443 42.170521
40.633812 42.206184
40.581131 42.241795
40.528400 42.277351
40.475620 42.312855
40.422791 42.348305
40.369911 42.383701
40.316982 42.419044
40.264004 42.454334
40.210976 42.489571
40.157898 42.524754
40.104771 42.559883
40.051594 42.594959
39.998367 42.629982
39.945091 42.664951
39.891766 42.699867
39.838390 42.734726
39.784966 42.769527
39.731491 42.804272
39.677967 42.838959
39.624393 42.873589
39.570770 42.908161
39.517097 42.942677
39.463375 42.977135
39.409603 43.011536
39.355782 43.045879
39.301910 43.080166
39.247990 43.114395
39.194019 43.148567
39.139999 43.182682
39.085930 43.216740
39.031811 43.250740
38.977642 43.284683
38.923424 43.318569
38.869156 43.352398
38.814838 43.386169
38.760471 43.419884
38.706055 43.453541
38.651588 43.487141
38.597073 43.520683
38.542507 43.554169
38.487892 43.587597
38.433228 43.620968
38.378513 43.654282
38.323750 43.687538
38.268936 43.720737
38.214073 43.753880
38.159161 43.786964
38.104198 43.819992
38.049187 43.852962
37.994125 43.885876
37.939014 43.918732
37.883854 43.951530
37.828644 43.984272
37.773384 44.016956
37.718075 44.049583
37.662716 44.082153
37.607307 44.114666
37.551849 44.147121
37.496342 44.179520
37.440784 44.211861
37.385178 44.244144
37.329521 44.276371
37.273815 44.308540
37.218060 44.340652
37.162254 44.372707
37.106400 44.404705
37.050495 44.436642
36.994541 44.468517
36.938541 44.500332
36.882496 44.532085
36.826405 44.563778
36.770267 44.595409
36.714085 44.626980
36.657856 44.658489
36.601582 44.689938
36.545261 44.721325
36.488895 44.752651
36.432484 44.783916
36.376026 44.815121
36.319523 44.846264
36.262974 44.877346
36.206379 44.908367
36.149738 44.939327
36.093052 44.970226
36.036320 45.001064
35.979542 45.031841
35.922718 45.062557
35.865849 45.093212
35.808933 45.123806
35.751972 45.154339
35.694965 45.184811
35.637913 45.215221
35.580814 45.245571
35.523670 45.275860
35.466480 45.306087
35.409245 45.336254
35.351963 45.366360
35.294636 45.396404
35.237263 45.426388
35.179844 45.456310
35.122379 45.486172
35.064869 45.515972
35.007313 45.545712
34.949711 45.575390
34.892063 45.605007
34.834370 45.634563
34.776630 45.664059
34.718845 45.693493
34.661015 45.722866
34.603138 45.752178
34.545216 45.781429
34.487247 45.810619
34.429234 45.839748
34.371174 45.868816
34.313068 45.897823
34.254917 45.926769
34.196720 45.955654
34.138477 45.984474
34.080189 46.013229
34.021854 46.041920
33.963474 46.070545
33.905048 46.099106
33.846577 46.127602
33.788059 46.156033
33.729496 46.184399
33.670887 46.212700
33.612232 46.240936
33.553532 46.269108
33.494785 46.297215
33.435993 46.325256
33.377155 46.353233
33.318272 46.381145
33.259342 46.408993
33.200367 46.436775
33.141346 46.464493
33.082279 46.492146
33.023167 46.519733
32.964008 46.547256
32.904804 46.574715
32.845554 46.602108
32.786259 46.629436
32.726917 46.656700
32.667530 46.683899
32.608101 46.711033
32.548630 46.738102
32.489117 46.765106
32.429562 46.792046
32.369965 46.818920
32.310326 46.845730
32.250645 46.872475
32.190922 46.899155
32.131157 46.925770
32.071350 46.952320
32.011501 46.978806
31.951609 47.005226
31.891672 47.031582
31.831692 47.057873
31.771667 47.084099
31.711599 47.110260
31.651487 47.136356
31.591333 47.162388
31.531137 47.188354
31.470900 47.214256
31.410620 47.240093
31.350298 47.265865
31.289934 47.291573
31.229528 47.317215
31.169081 47.342793
31.108591 47.368301
31.048059 47.393742
30.987486 47.419113
30.926870 47.444416
30.866213 47.469650
30.805513 47.494816
30.744772 47.519913
30.683989 47.544941
30.623163 47.569901
30.562296 47.594791
30.501387 47.619614
30.440435 47.644367
30.379442 47.669052
30.318407 47.693668
30.257330 47.718216
30.196211 47.742695
30.135050 47.767105
30.073847 47.791447
30.012602 47.815720
29.951315 47.839924
29.889986 47.864059
29.828615 47.888126
29.767202 47.912125
29.705748 47.936054
29.644253 47.959915
29.582718 47.983707
29.521143 48.007431
29.459528 48.031086
29.397873 48.054672
29.336178 48.078190
29.274443 48.101639
29.212667 48.125019
29.150852 48.148331
29.088997 48.171574
29.027102 48.194748
28.965166 48.217854
28.903191 48.240891
28.841175 48.263859
28.779119 48.286758
28.717024 48.309589
28.654888 48.332352
28.592712 48.355045
28.530497 48.377670
28.468241 48.400227
28.405945 48.422714
28.343609 48.445133
28.281233 48.467484
28.218817 48.489765
28.156361 48.511978
28.093864 48.534122
28.031328 48.556198
27.968752 48.578201
27.906136 48.600132
27.843479 48.621990
27.780785 48.643776
27.718052 48.665489
27.655281 48.687130
27.592472 48.708698
27.529625 48.730194
27.466740 48.751617
27.403816 48.772968
27.340855 48.794247
27.277855 48.815453
27.214817 48.836586
27.151741 48.857647
27.088627 48.878635
27.025475 48.899551
26.962284 48.920395
26.899055 48.941166
26.835789 48.961864
26.772484 48.982491
26.709141 49.003044
26.645760 49.023525
26.582340 49.043934
26.518883 49.064270
26.455387 49.084534
26.391853 49.104725
26.328281 49.124844
26.264671 49.144890
26.201023 49.164864
26.137337 49.184765
26.073612 49.204594
26.009851 49.224350
25.946054 49.244034
25.882221 49.263645
25.818352 49.283184
25.754446 49.302650
25.690504 49.322044
25.626526 49.341366
25.562511 49.360615
25.498461 49.379791
25.434374 49.398895
25.370251 49.417927
25.306091 49.436886
25.241896 49.455772
25.177664 49.474586
25.113396 49.493328
25.049091 49.511997
24.984751 49.530594
24.920374 49.549118
24.855961 49.567570
24.791512 49.585945
24.727026 49.604244
24.662504 49.622467
24.597946 49.640614
24.533352 49.658684
24.468721 49.676678
24.404055 49.694595
24.339352 49.712437
24.274614 49.730202
24.209843 49.747890
24.145037 49.765503
24.080196 49.783039
24.015322 49.800499
23.950413 49.817883
23.885469 49.835190
23.820492 49.852421
23.755480 49.869576
23.690434 49.886654
23.625353 49.903656
23.560238 49.920582
23.495089 49.937431
23.429905 49.954205
23.364687 49.970901
23.299435 49.987522
23.234148 50.004066
23.168827 50.020535
23.103472 50.036926
23.038082 50.053242
22.972658 50.069481
22.907200 50.085644
22.841707 50.101730
22.776180 50.117741
22.710619 50.133675
22.645025 50.149532
22.579399 50.165314
22.513741 50.181019
22.448050 50.196648
22.382326 50.212200
22.316570 50.227676
22.250782 50.243076
22.184961 50.258400
22.119108 50.273647
22.053223 50.288818
21.987305 50.303913
21.921354 50.318932
21.855371 50.333874
21.789356 50.348740
21.723309 50.363529
21.657228 50.378242
21.591116 50.392879
21.524971 50.407440
21.458794 50.421925
21.392584 50.436329
21.326342 50.450653
21.260067 50.464897
21.193760 50.479061
21.127420 50.493145
21.061050 50.507149
20.994650 50.521072
20.928219 50.534916
20.861757 50.548679
20.795265 50.562363
20.728743 50.575966
20.662189 50.589489
20.595606 50.602932
20.528992 50.616295
20.462347 50.629578
20.395672 50.642780
20.328966 50.655903
20.262230 50.668945
20.195463 50.681908
20.128666 50.694790
20.061838 50.707592
19.994980 50.720314
19.928091 50.732956
19.861172 50.745518
19.794222 50.757999
19.727242 50.770401
19.660231 50.782722
19.593189 50.794964
19.526119 50.807125
19.459021 50.819206
19.391893 50.831207
19.324738 50.843128
19.257553 50.854969
19.190340 50.866730
19.123098 50.878410
19.055828 50.890011
18.988529 50.901531
18.921202 50.912971
18.853846 50.924332
18.786461 50.935612
18.719048 50.946812
18.651606 50.957932
18.584135 50.968971
18.516636 50.979931
18.449108 50.990810
18.381552 51.001610
18.313967 51.012329
18.246353 51.022968
18.178711 51.033527
18.111040 51.044006
18.043343 51.054405
17.975618 51.064724
17.907867 51.074959
17.840090 51.085110
17.772285 51.095177
17.704454 51.105160
17.636597 51.115059
17.568712 51.124874
17.500801 51.134605
17.432863 51.144253
17.364899 51.153816
17.296907 51.163296
17.228889 51.172691
17.160845 51.182003
17.092773 51.191231
17.024675 51.200375
16.956551 51.209435
16.888399 51.218410
16.820221 51.227303
16.752016 51.236111
16.683784 51.244835
16.615528 51.253475
16.547247 51.262032
16.478941 51.270504
16.410610 51.278893
16.342255 51.287197
16.273874 51.295418
16.205469 51.303555
16.137039 51.311607
16.068584 51.319576
16.000105 51.327461
15.931601 51.335262
15.863071 51.342979
15.794518 51.350613
15.725939 51.358162
15.657335 51.365627
15.588707 51.373009
15.520055 51.380306
15.451379 51.387520
15.382679 51.394650
15.313955 51.401695
15.245208 51.408657
15.176436 51.415535
15.107641 51.422329
15.038822 51.429039
14.969979 51.435665
14.901113 51.442207
14.832223 51.448666
14.763310 51.455040
14.694375 51.461330
14.625417 51.467537
14.556436 51.473660
14.487432 51.479698
14.418405 51.485653
14.349355 51.491524
14.280282 51.497311
14.211187 51.503010
14.142071 51.508621
14.072932 51.514145
14.003772 51.519581
13.934589 51.524929
13.865385 51.530190
13.796159 51.535362
13.726911 51.540447
13.657640 51.545444
13.588348 51.550354
13.519035 51.555176
13.449701 51.559910
13.380346 51.564556
13.310970 51.569115
13.241573 51.573586
13.172155 51.577969
13.102716 51.582264
13.033257 51.586472
12.963776 51.590591
12.894275 51.594624
12.824754 51.598568
12.755213 51.602425
12.685652 51.606194
12.616071 51.609875
12.546470 51.613468
12.476849 51.616974
12.407207 51.620392
12.337546 51.623722
12.267865 51.626965
12.198165 51.630119
12.128446 51.633186
12.058707 51.636166
11.988950 51.639057
11.919173 51.641861
11.849378 51.644577
11.779563 51.647205
11.709729 51.649746
11.639876 51.652199
11.570005 51.654564
11.500116 51.656841
11.430209 51.659031
11.360284 51.661133
11.290340 51.663147
11.220379 51.665073
11.150399 51.666912
11.080401 51.668663
11.010386 51.670326
10.940352 51.671902
10.870302 51.673389
10.800235 51.674789
10.730150 51.676102
10.660048 51.677326
10.589930 51.678463
10.519794 51.679512
10.449640 51.680473
10.379470 51.681347
10.309283 51.682133
10.239080 51.682827
10.168861 51.683430
10.098626 51.683941
10.028375 51.684361
9.958107 51.684689
9.887823 51.684925
9.817523 51.685070
9.747208 51.685123
9.676877 51.685085
9.606531 51.684956
9.536170 51.684734
9.465794 51.684422
9.395402 51.684017
9.324995 51.683521
9.254573 51.682934
9.184135 51.682255
9.113684 51.681484
9.043218 51.680622
8.972737 51.679668
8.902243 51.678623
8.831734 51.677486
8.761210 51.676258
8.690673 51.674938
8.620121 51.673527
8.549556 51.672024
8.478977 51.670429
8.408385 51.668743
8.337780 51.666965
8.267161 51.665096
8.196529 51.663136
8.125884 51.661083
8.055225 51.658939
7.984554 51.656704
7.913869 51.654377
7.843172 51.651958
7.772462 51.649448
7.701740 51.646847
7.631006 51.644154
7.560259 51.641369
7.489500 51.638493
7.418729 51.635525
7.347947 51.632465
7.277152 51.629314
7.206346 51.626072
7.135529 51.622738
7.064700 51.619312
6.993859 51.615795
6.923008 51.612186
6.852146 51.608486
6.781272 51.604694
6.710388 51.600811
6.639493 51.596836
6.568588 51.592770
6.497673 51.588612
6.426746 51.584362
6.355810 51.580021
6.284864 51.575588
6.213908 51.571064
6.142941 51.566448
6.071966 51.561741
6.000980 51.556942
5.929986 51.552048
5.858981 51.547058
5.787968 51.541973
5.716945 51.536793
5.645914 51.531517
5.574873 51.526146
5.503824 51.520679
5.432766 51.515118
5.361700 51.509460
5.290625 51.503708
5.219542 51.497860
5.148450 51.491917
5.077351 51.485878
5.006244 51.479744
4.935129 51.473515
4.864006 51.467190
4.792876 51.460770
4.721738 51.454254
4.650594 51.447643
4.579442 51.440937
4.508283 51.434135
4.437118 51.427238
4.365945 51.420246
4.294766 51.413158
4.223581 51.405975
4.152389 51.398697
4.081191 51.391323
4.009987 51.383854
3.938777 51.376289
3.867561 51.368629
3.796339 51.360874
3.725111 51.353024
3.653878 51.345078
3.582640 51.337036
3.511396 51.328899
3.440147 51.320667
3.368893 51.312340
3.297635 51.303917
3.226372 51.295399
3.155104 51.286785
3.083831 51.278076
3.012555 51.269272
2.941274 51.260372
2.869989 51.251377
2.798700 51.242287
2.727407 51.233101
2.656110 51.223820
2.584810 51.214443
2.513507 51.204971
2.442200 51.195404
2.370890 51.185741
2.299577 51.175983
2.228262 51.166130
2.156943 51.156181
2.085622 51.146137
2.014298 51.135998
1.942972 51.125763
1.871643 51.115433
1.800313 51.105007
1.728980 51.094486
1.657645 51.083870
1.586309 51.073158
1.514971 51.062351
1.443632 51.051449
1.372291 51.040451
1.300950 51.029358
1.229607 51.018169
1.158263 51.006886
1.086918 50.995506
1.015573 50.984032
0.944227 50.972462
0.872881 50.960793
0.801535 50.949024
0.730188 50.937157
0.658842 50.925190
0.587496 50.913124
0.516150 50.900959
0.444804 50.888695
0.373459 50.876331
0.302115 50.863869
0.230772 50.851307
0.159429 50.838646
0.088088 50.825886
0.016748 50.813026
-0.054591 50.800068
-0.125928 50.787010
-0.197263 50.773853
-0.268597 50.760597
-0.339929 50.747242
-0.411258 50.733788
-0.482586 50.720234
-0.553911 50.706581
-0.625233 50.692829
-0.696553 50.678978
-0.767870 50.665028
-0.839184 50.650978
-0.910495 50.636829
-0.981803 50.622581
-1.053108 50.608234
-1.124409 50.593788
-1.195706 50.579243
-1.267000 50.564598
-1.338290 50.549854
-1.409576 50.535011
-1.480857 50.520069
-1.552135 50.505028
-1.623407 50.489887
-1.694675 50.474648
-1.765939 50.459309
-1.837197 50.443871
-1.908450 50.428333
-1.979699 50.412697
-2.050941 50.396961
-2.122179 50.381126
-2.193410 50.365192
-2.264636 50.349159
-2.335856 50.333027
-2.407070 50.316795
-2.478278 50.300465
-2.549479 50.284035
-2.620674 50.267506
-2.691862 50.250877
-2.763044 50.234150
-2.834219 50.217323
-2.905386 50.200397
-2.976546 50.183372
-3.047699 50.166248
-3.118845 50.149025
-3.189983 50.131702
-3.261113 50.114281
-3.332235 50.096760
-3.403349 50.079140
-3.474455 50.061420
-3.545552 50.043602
-3.616641 50.025684
-3.687721 50.007668
-3.758792 49.989552
-3.829855 49.971336
-3.900908 49.953022
-3.971952 49.934608
-4.042986 49.916096
-4.114011 49.897484
-4.185027 49.878773
-4.256032 49.859962
-4.327027 49.841053
-4.398013 49.822044
-4.468987 49.802937
-4.539952 49.783730
-4.610906 49.764423
-4.681849 49.745018
-4.752780 49.725513
-4.823701 49.705910
-4.894611 49.686207
-4.965509 49.666405
-5.036396 49.646503
-5.107270 49.626503
-5.178133 49.606403
-5.248984 49.586205
-5.319823 49.565907
-5.390649 49.545509
-5.461463 49.525013
-5.532265 49.504417
-5.603054 49.483723
-5.673830 49.462925
-5.744593 49.442024
-5.815343 49.421021
-5.886079 49.399914
-5.956802 49.378704
-6.027512 49.357391
-6.098207 49.335976
-6.168889 49.314457
-6.239556 49.292835
-6.310209 49.271111
-6.380847 49.249283
-6.451471 49.227352
-6.522080 49.205318
-6.592675 49.183182
-6.663254 49.160942
-6.733818 49.138599
-6.804366 49.116154
-6.874899 49.093605
-6.945416 49.070953
-7.015917 49.048199
-7.086402 49.025341
-7.156871 49.002380
-7.227324 48.979317
-7.297760 48.956150
-7.368179 48.932880
-7.438582 48.909508
-7.508967 48.886032
-7.579336 48.862453
-7.649687 48.838772
-7.720020 48.814987
-7.790336 48.791100
-7.860634 48.767109
-7.930914 48.743015
-8.001177 48.718819
-8.071421 48.694519
-8.141646 48.670116
-8.211854 48.645611
-8.282043 48.621002
-8.352212 48.596291
-8.422362 48.571476
-8.492494 48.546558
-8.562606 48.521538
-8.632699 48.496414
-8.702772 48.471188
-8.772825 48.445858
-8.842858 48.420425
-8.912871 48.394890
-8.982864 48.369251
-9.052836 48.343510
-9.122787 48.317665
-9.192718 48.291718
-9.262627 48.265667
-9.332515 48.239513
-9.402382 48.213257
-9.472227 48.186897
-9.542050 48.160435
-9.611852 48.133869
-9.681631 48.107201
-9.751389 48.080429
-9.821124 48.053555
-9.890837 48.026577
-9.960526 47.999496
-10.030193 47.972313
-10.099837 47.945026
-10.169458 47.917637
-10.239057 47.890144
-10.308631 47.862549
-10.378181 47.834850
-10.447708 47.807049
-10.517211 47.779144
-10.586690 47.751137
-10.656145 47.723026
-10.725575 47.694813
-10.794981 47.666496
-10.864362 47.638077
-10.933718 47.609554
-11.003049 47.580929
-11.072354 47.552200
-11.141634 47.523369
-11.210888 47.494434
-11.280116 47.465397
-11.349319 47.436256
-11.418495 47.407013
-11.487645 47.377666
-11.556768 47.348217
-11.625865 47.318665
-11.694935 47.289009
-11.763978 47.259251
-11.832994 47.229389
-11.901983 47.199425
-11.970944 47.169357
-12.039878 47.139187
-12.108784 47.108913
-12.177662 47.078537
-12.246511 47.048058
-12.315332 47.017475
-12.384125 46.986790
-12.452888 46.956001
-12.521624 46.925110
-12.590330 46.894115
-12.659007 46.863018
-12.727654 46.831818
-12.796272 46.800514
-12.864861 46.769108
-12.933419 46.737598
-13.001947 46.705986
-13.070445 46.674271
-13.138912 46.642452
-13.207349 46.610531
-13.275755 46.578506
-13.344131 46.546379
-13.412475 46.514149
-13.480787 46.481815
-13.549068 46.449379
-13.617318 46.416840
-13.685536 46.384197
-13.753722 46.351452
-13.821876 46.318604
-13.889997 46.285652
-13.958085 46.252598
-14.026141 46.219440
-14.094165 46.186180
-14.162155 46.152817
-14.230112 46.119350
-14.298036 46.085781
-14.365926 46.052109
-14.433783 46.018333
-14.501605 45.984455
-14.569393 45.950474
-14.637147 45.916389
-14.704866 45.882202
-14.772552 45.847912
-14.840202 45.813519
-14.907818 45.779022
-14.975398 45.744423
-15.042943 45.709721
-15.110453 45.674915
-15.177927 45.640007
-15.245365 45.604996
-15.312767 45.569881
-15.380133 45.534664
-15.447462 45.499344
-15.514755 45.463921
-15.582011 45.428394
-15.649230 45.392765
-15.716412 45.357033
-15.783556 45.321198
-15.850663 45.285259
-15.917733 45.249218
-15.984765 45.213074
-16.051760 45.176826
-16.118715 45.140476
-16.185633 45.104023
-16.252512 45.067467
-16.319353 45.030807
-16.386156 44.994045
-16.452921 44.957180
-16.519646 44.920212
-16.586330 44.883141
-16.652975 44.845966
-16.719580 44.808689
-16.786144 44.771309
-16.852669 44.733826
-16.919153 44.696239
-16.985598 44.658550
-17.052002 44.620758
-17.118366 44.582863
-17.184689 44.544865
-17.250969 44.506763
-17.317207 44.468559
-17.383404 44.430252
-17.449558 44.391842
-17.515671 44.353329
-17.581741 44.314713
-17.647770 44.275993
-17.713757 44.237171
-17.779701 44.198246
-17.845604 44.159218
-17.911463 44.120087
-17.977278 44.080853
-18.043049 44.041515
-18.108776 44.002075
-18.174459 43.962532
-18.240099 43.922886
-18.305695 43.883137
-18.371246 43.843285
-18.436754 43.803329
-18.502218 43.763271
-18.567636 43.723110
-18.633009 43.682846
-18.698336 43.642479
-18.763617 43.602009
-18.828852 43.561436
-18.894041 43.520760
-18.959185 43.479980
-19.024282 43.439098
-19.089334 43.398113
-19.154341 43.357025
-19.219299 43.315834
-19.284210 43.274540
-19.349073 43.233143
-19.413889 43.191643
-19.478657 43.150040
-19.543377 43.108334
-19.608049 43.066525
-19.672674 43.024612
-19.737251 42.982597
-19.801781 42.940479
-19.866261 42.898258
-19.930691 42.855934
-19.995071 42.813507
-20.059402 42.770977
-20.123684 42.728344
-20.187916 42.685608
-20.252098 42.642769
-20.316231 42.599827
-20.380314 42.556782
-20.444347 42.513634
-20.508331 42.470383
-20.572264 42.427029
-20.636145 42.383572
-20.699974 42.340012
-20.763752 42.296349
-20.827478 42.252583
-20.891153 42.208714
-20.954777 42.164742
-21.018349 42.120667
-21.081869 42.076488
-21.145338 42.032207
-21.208754 41.987823
-21.272116 41.943336
-21.335424 41.898750
-21.398680 41.854065
-21.461882 41.809280
-21.525030 41.764397
-21.588125 41.719414
-21.651167 41.674332
-21.714155 41.629150
-21.777090 41.583870
-21.839970 41.538490
-21.902794 41.493011
-21.965563 41.447433
-22.028276 41.401756
-22.090935 41.355980
-22.153538 41.310104
-22.216085 41.264130
-22.278578 41.218056
-22.341015 41.171883
-22.403397 41.125610
-22.465721 41.079239
-22.527988 41.032768
-22.590199 40.986198
-22.652351 40.939529
-22.714447 40.892761
-22.776485 40.845894
-22.838467 40.798927
-22.900391 40.751862
-22.962257 40.704697
-23.024067 40.657433
-23.085817 40.610069
-23.147509 40.562607
-23.209141 40.515045
-23.270714 40.467384
-23.332228 40.419624
-23.393682 40.371765
-23.455078 40.323807
-23.516415 40.275749
-23.577692 40.227592
-23.638910 40.179337
-23.700068 40.130981
-23.761164 40.082527
-23.822199 40.033974
-23.883173 39.985321
-23.944086 39.936569
-24.004938 39.887718
-24.065729 39.838768
-24.126459 39.789719
-24.187128 39.740570
-24.247736 39.691322
-24.308281 39.641975
-24.368763 39.592529
-24.429182 39.542984
-24.489538 39.493340
-24.549831 39.443596
-24.610062 39.393753
-24.670229 39.343811
-24.730333 39.293770
-24.790375 39.243629
-24.850353 39.193390
-24.910267 39.143051
-24.970116 39.092613
-25.029900 39.042076
-25.089619 38.991440
-25.149273 38.940704
-25.208862 38.889870
-25.268387 38.838936
-25.327847 38.787903
-25.387241 38.736771
-25.446571 38.685539
-25.505835 38.634209
-25.565031 38.582779
-25.624161 38.531250
-25.683224 38.479626
-25.742220 38.427906
-25.801149 38.376091
-25.860012 38.324181
-25.918808 38.272175
-25.977537 38.220074
-26.036200 38.167877
-26.094793 38.115585
-26.153318 38.063198
-26.211775 38.010715
-26.270163 37.958138
-26.328482 37.905464
-26.386732 37.852695
-26.444914 37.799831
-26.503027 37.746872
-26.561071 37.693817
-26.619047 37.640667
-26.676952 37.587421
-26.734787 37.534081
-26.792551 37.480644
-26.850245 37.427113
-26.907867 37.373486
-26.965420 37.319763
-27.022902 37.265945
-27.080313 37.212032
-27.137653 37.158024
-27.194921 37.103920
-27.252117 37.049721
-27.309240 36.995426
-27.366291 36.941036
-27.423269 36.886551
-27.480175 36.831970
-27.537008 36.777294
-27.593769 36.722523
-27.650457 36.667656
-27.707073 36.612694
-27.763615 36.557636
-27.820082 36.502483
-27.876474 36.447235
-27.932793 36.391891
-27.989037 36.336452
-28.045206 36.280918
-28.101301 36.225288
-28.157322 36.169563
-28.213268 36.113743
-28.269140 36.057827
-28.324936 36.001816
-28.380655 35.945709
-28.436298 35.889511
-28.491865 35.833221
-28.547356 35.776840
-28.602770 35.720367
-28.658108 35.663803
-28.713369 35.607147
-28.768555 35.550400
-28.823664 35.493561
-28.878695 35.436630
-28.933647 35.379608
-28.988522 35.322495
-29.043318 35.265289
-29.098036 35.207993
-29.152676 35.150604
-29.207237 35.093124
-29.261721 35.035553
-29.316126 34.977890
-29.370453 34.920135
-29.424700 34.862289
-29.478867 34.804352
-29.532953 34.746323
-29.586960 34.688202
-29.640886 34.629990
-29.694733 34.571686
-29.748499 34.513290
-29.802185 34.454803
-29.855791 34.396225
-29.909317 34.337555
-29.962761 34.278793
-30.016123 34.219940
-30.069403 34.160995
-30.122601 34.101959
-30.175716 34.042831
-30.228750 33.983612
-30.281702 33.924301
-30.334572 33.864899
-30.387360 33.805405
-30.440065 33.745819
-30.492689 33.686146
-30.545229 33.626385
-30.597685 33.566536
-30.650057 33.506599
-30.702345 33.446575
-30.754549 33.386463
-30.806669 33.326263
-30.858706 33.265976
-30.910658 33.205601
-30.962526 33.145138
-31.014311 33.084587
-31.066010 33.023949
-31.117622 32.963223
-31.169149 32.902409
-31.220591 32.841507
-31.271946 32.780518
-31.323215 32.719440
-31.374399 32.658276
-31.425497 32.597023
-31.476509 32.535683
-31.527435 32.474255
-31.578274 32.412739
-31.629025 32.351135
-31.679688 32.289444
-31.730263 32.227665
-31.780750 32.165798
-31.831150 32.103844
-31.881462 32.041801
-31.931686 31.979673
-31.981823 31.917459
-32.031872 31.855160
-32.081833 31.792774
-32.131706 31.730303
-32.181492 31.667746
-32.231190 31.605103
-32.280800 31.542374
-32.330318 31.479559
-32.379745 31.416658
-32.429081 31.353672
-32.478325 31.290600
-32.527477 31.227444
-32.576538 31.164204
-32.625507 31.100880
-32.674385 31.037472
-32.723171 30.973980
-32.771866 30.910404
-32.820469 30.846745
-32.868980 30.783001
-32.917400 30.719173
-32.965729 30.655262
-33.013966 30.591267
-33.062111 30.527187
-33.110165 30.463024
-33.158127 30.398777
-33.205997 30.334446
-33.253777 30.270033
-33.301464 30.205538
-33.349056 30.140961
-33.396553 30.076302
-33.443954 30.011560
-33.491261 29.946737
-33.538471 29.881832
-33.585587 29.816845
-33.632607 29.751776
-33.679531 29.686625
-33.726360 29.621391
-33.773094 29.556076
-33.819733 29.490679
-33.866276 29.425200
-33.912724 29.359640
-33.959076 29.294001
-34.005333 29.228281
-34.051495 29.162481
-34.097561 29.096601
-34.143532 29.030642
-34.189407 28.964602
-34.235188 28.898481
-34.280872 28.832281
-34.326462 28.766001
-34.371952 28.699640
-34.417343 28.633200
-34.462635 28.566679
-34.507828 28.500080
-34.552921 28.433403
-34.597916 28.366648
-34.642811 28.299814
-34.687607 28.232903
-34.732304 28.165913
-34.776901 28.098845
-34.821400 28.031698
-34.865799 27.964474
-34.910099 27.897171
-34.954300 27.829790
-34.998402 27.762331
-35.042404 27.694794
-35.086308 27.627180
-35.130112 27.559490
-35.173817 27.491724
-35.217422 27.423882
-35.260929 27.355963
-35.304337 27.287968
-35.347641 27.219896
-35.390842 27.151749
-35.433941 27.083525
-35.476936 27.015224
-35.519829 26.946848
-35.562618 26.878395
-35.605305 26.809868
-35.647888 26.741266
-35.690369 26.672590
-35.732746 26.603840
-35.775021 26.535015
-35.817192 26.466116
-35.859261 26.397142
-35.901226 26.328094
-35.943089 26.258972
-35.984848 26.189775
-36.026505 26.120504
-36.068058 26.051161
-36.109509 25.981745
-36.150856 25.912256
-36.192101 25.842695
-36.233242 25.773062
-36.274281 25.703356
-36.315212 25.633577
-36.356037 25.563726
-36.396755 25.493803
-36.437366 25.423807
-36.477871 25.353739
-36.518269 25.283598
-36.558559 25.213387
-36.598743 25.143105
-36.638821 25.072752
-36.678791 25.002329
-36.718655 24.931835
-36.758411 24.861271
-36.798061 24.790636
-36.837605 24.719931
-36.877041 24.649155
-36.916370 24.578308
-36.955593 24.507391
-36.994709 24.436405
-37.033718 24.365351
-37.072620 24.294228
-37.111416 24.223036
-37.150105 24.151775
-37.188686 24.080446
-37.227161 24.009048
-37.265526 23.937582
-37.303780 23.866047
-37.341923 23.794443
-37.379955 23.722771
-37.417877 23.651031
-37.455688 23.579226
-37.493389 23.507353
-37.530979 23.435413
-37.568459 23.363407
-37.605827 23.291334
-37.643085 23.219194
-37.680233 23.146988
-37.717270 23.074715
-37.754196 23.002375
-37.791012 22.929970
-37.827717 22.857500
-37.864311 22.784966
-37.900795 22.712366
-37.937168 22.639702
-37.973431 22.566973
-38.009583 22.494179
-38.045624 22.421320
-38.081554 22.348396
-38.117374 22.275408
-38.153084 22.202356
-38.188679 22.129242
-38.224159 22.056065
-38.259525 21.982824
-38.294777 21.909521
-38.329914 21.836155
-38.364937 21.762726
-38.399845 21.689234
-38.434639 21.615679
-38.469318 21.542061
-38.503883 21.468382
-38.538334 21.394642
-38.572670 21.320841
-38.606892 21.246979
-38.640999 21.173056
-38.674992 21.099072
-38.708870 21.025026
-38.742634 20.950920
-38.776283 20.876753
-38.809818 20.802525
-38.843239 20.728237
-38.876545 20.653891
-38.909737 20.579485
-38.942814 20.505020
-38.975777 20.430496
-39.008625 20.355913
-39.041359 20.281271
-39.073978 20.206570
-39.106480 20.131809
-39.138863 20.056990
-39.171127 19.982113
-39.203274 19.907179
-39.235302 19.832188
-39.267212 19.757139
-39.299004 19.682034
-39.330677 19.606871
-39.362232 19.531651
-39.393669 19.456373
-39.424988 19.381039
-39.456188 19.305649
-39.487270 19.230204
-39.518234 19.154703
-39.549080 19.079147
-39.579807 19.003536
-39.610416 18.927870
-39.640907 18.852148
-39.671280 18.776371
-39.701534 18.700539
-39.731670 18.624653
-39.761688 18.548714
-39.791588 18.472721
-39.821369 18.396675
-39.851032 18.320576
-39.880577 18.244423
-39.910004 18.168217
-39.939312 18.091957
-39.968502 18.015644
-39.997570 17.939280
-40.026516 17.862864
-40.055340 17.786396
-40.084042 17.709877
-40.112621 17.633307
-40.141079 17.556684
-40.169415 17.480011
-40.197628 17.403286
-40.225719 17.326509
-40.253689 17.249683
-40.281536 17.172808
-40.309261 17.095882
-40.336864 17.018908
-40.364346 16.941883
-40.391705 16.864809
-40.418941 16.787685
-40.446056 16.710512
-40.473049 16.633289
-40.499920 16.556019
-40.526669 16.478701
-40.553295 16.401335
-40.579800 16.323921
-40.606182 16.246460
-40.632442 16.168951
-40.658581 16.091394
-40.684597 16.013790
-40.710491 15.936139
-40.736263 15.858441
-40.761913 15.780697
-40.787441 15.702907
-40.812847 15.625071
-40.838131 15.547189
-40.863293 15.469261
-40.888329 15.391289
-40.913239 15.313272
-40.938023 15.235209
-40.962681 15.157103
-40.987213 15.078952
-41.011620 15.000757
-41.035900 14.922519
-41.060055 14.844236
-41.084084 14.765910
-41.107986 14.687541
-41.131763 14.609129
-41.155415 14.530674
-41.178940 14.452176
-41.202339 14.373636
-41.225613 14.295054
-41.248760 14.216431
-41.271782 14.137765
-41.294678 14.059058
-41.317448 13.980310
-41.340092 13.901522
-41.362610 13.822692
-41.385002 13.743822
-41.407269 13.664912
-41.429409 13.585962
-41.451424 13.506972
-41.473312 13.427943
-41.495075 13.348875
-41.516712 13.269768
-41.538223 13.190621
-41.559608 13.111437
-41.580868 13.032214
-41.602001 12.952953
-41.623009 12.873654
-41.643890 12.794317
-41.664646 12.714943
-41.685276 12.635531
-41.705780 12.556083
-41.726158 12.476597
-41.746407 12.397075
-41.766525 12.317516
-41.786514 12.237922
-41.806374 12.158291
-41.826103 12.078625
-41.845703 11.998923
-41.865173 11.919187
-41.884514 11.839415
-41.903725 11.759608
-41.922806 11.679768
-41.941757 11.599893
-41.960579 11.519983
-41.979271 11.440041
-41.997833 11.360065
-42.016266 11.280055
-42.034569 11.200012
-42.052742 11.119937
-42.070786 11.039829
-42.088699 10.959689
-42.106483 10.879517
-42.124138 10.799313
-42.141663 10.719077
-42.159058 10.638810
-42.176323 10.558512
-42.193459 10.478183
-42.210464 10.397823
-42.227341 10.317433
-42.244087 10.237013
-42.260704 10.156563
-42.277191 10.076083
-42.293549 9.995574
-42.309776 9.915035
-42.325874 9.834468
-42.341843 9.753872
-42.357681 9.673247
-42.373390 9.592595
-42.388969 9.511915
-42.404419 9.431208
-42.419739 9.350472
-42.434929 9.269711
-42.449989 9.188922
-42.464920 9.108107
-42.479721 9.027265
-42.494392 8.946397
-42.508934 8.865503
-42.523346 8.784584
-42.537628 8.703639
-42.551781 8.622669
-42.565804 8.541675
-42.579697 8.460655
-42.593460 8.379611
-42.607094 8.298543
-42.620594 8.217451
-42.633961 8.136335
-42.647194 8.055196
-42.660294 7.974033
-42.673260 7.892847
-42.686092 7.811638
-42.698792 7.730407
-42.711357 7.649154
-42.723789 7.567878
-42.736088 7.486581
-42.748253 7.405262
-42.760284 7.323922
-42.772182 7.242560
-42.783947 7.161178
-42.795578 7.079775
-42.807076 6.998353
-42.818439 6.916910
-42.829670 6.835447
-42.840767 6.753965
-42.851730 6.672464
-42.862560 6.590944
-42.873257 6.509406
-42.883820 6.427848
-42.894249 6.346273
-42.904545 6.264679
-42.914707 6.183068
-42.924736 6.101439
-42.934631 6.019794
-42.944393 5.938130
-42.954021 5.856451
-42.963516 5.774754
-42.972878 5.693041
-42.982105 5.611312
-42.991199 5.529568
-43.000160 5.447808
-43.008987 5.366033
-43.017681 5.284243
-43.026241 5.202438
-43.034668 5.120619
-43.042961 5.038785
-43.051121 4.956938
-43.059147 4.875077
-43.067039 4.793203
-43.074799 4.711315
-43.082424 4.629415
-43.089916 4.547501
-43.097275 4.465575
-43.104500 4.383637
-43.111591 4.301687
-43.118549 4.219725
-43.125374 4.137751
-43.132065 4.055767
-43.138622 3.973771
-43.145046 3.891765
-43.151337 3.809748
-43.157494 3.727721
-43.163517 3.645684
-43.169407 3.563637
-43.175163 3.481581
-43.180786 3.399516
-43.186275 3.317442
-43.191631 3.235360
-43.196854 3.153269
-43.201942 3.071170
-43.206898 2.989063
-43.211720 2.906949
-43.216408 2.824827
-43.220963 2.742698
-43.225384 2.660562
-43.229671 2.578419
-43.233826 2.496270
-43.237846 2.414115
-43.241734 2.331954
-43.245487 2.249787
-43.249107 2.167615
-43.252594 2.085438
-43.255947 2.003257
-43.259167 1.921071
-43.262253 1.838880
-43.265205 1.756685
-43.268024 1.674487
-43.270710 1.592285
-43.273262 1.510080
-43.275681 1.427871
-43.277966 1.345660
-43.280117 1.263447
-43.282135 1.181231
-43.284019 1.099013
-43.285770 1.016793
-43.287388 0.934572
-43.288872 0.852349
-43.290222 0.770126
-43.291439 0.687902
-43.292522 0.605677
-43.293472 0.523452
-43.294289 0.441227
-43.294971 0.359002
-43.295521 0.276778
-43.295937 0.194555
-43.296219 0.112333
-43.296368 0.030112
-43.296383 -0.052108
-43.296265 -0.134325
-43.296013 -0.216541
-43.295628 -0.298754
-43.295109 -0.380965
-43.294456 -0.463173
-43.293671 -0.545378
-43.292751 -0.627579
-43.291698 -0.709777
-43.290512 -0.791971
-43.289192 -0.874161
-43.287739 -0.956346
-43.286152 -1.038527
-43.284431 -1.120703
-43.282578 -1.202874
-43.280590 -1.285039
-43.278469 -1.367199
-43.276215 -1.449353
-43.273827 -1.531501
-43.271305 -1.613642
-43.268650 -1.695777
-43.265862 -1.777905
-43.262939 -1.860026
-43.259884 -1.942139
-43.256695 -2.024245
-43.253372 -2.106342
-43.249916 -2.188432
-43.246326 -2.270513
-43.242603 -2.352586
-43.238747 -2.434650
-43.234756 -2.516704
-43.230633 -2.598749
-43.226376 -2.680784
-43.221985 -2.762809
-43.217461 -2.844824
-43.212803 -2.926828
-43.208012 -3.008822
-43.203087 -3.090804
-43.198029 -3.172776
-43.192837 -3.254736
-43.187511 -3.336684
-43.182053 -3.418620
-43.176460 -3.500545
-43.170734 -3.582456
-43.164875 -3.664356
-43.158882 -3.746242
-43.152756 -3.828114
-43.146496 -3.909973
-43.140102 -3.991819
-43.133575 -4.073650
-43.126915 -4.155467
-43.120121 -4.237270
-43.113194 -4.319058
-43.106133 -4.400831
-43.098938 -4.482588
-43.091610 -4.564330
-43.084148 -4.646056
-43.076553 -4.727766
-43.068825 -4.809460
-43.060963 -4.891137
-43.052967 -4.972797
-43.044838 -5.054440
-43.036575 -5.136066
-43.028179 -5.217674
-43.019650 -5.299265
-43.010986 -5.380837
-43.002190 -5.462392
-42.993259 -5.543928
-42.984196 -5.625445
-42.974998 -5.706943
-42.965668 -5.788422
-42.956203 -5.869882
-42.946606 -5.951321
-42.936874 -6.032741
-42.927010 -6.114140
-42.917011 -6.195518
-42.906879 -6.276875
-42.896614 -6.358212
-42.886215 -6.439527
-42.875683 -6.520821
-42.865017 -6.602092
-42.854218 -6.683342
-42.843285 -6.764569
-42.832218 -6.845774
-42.821018 -6.926956
-42.809685 -7.008115
-42.798218 -7.089251
-42.786617 -7.170363
-42.774883 -7.251452
-42.763016 -7.332517
-42.751015 -7.413557
-42.738880 -7.494573
-42.726612 -7.575564
-42.714211 -7.656531
-42.701679 -7.737472
-42.689018 -7.818388
-42.676228 -7.899278
-42.663307 -7.980142
-42.650257 -8.060980
-42.637077 -8.141791
-42.623768 -8.222576
-42.610329 -8.303334
-42.596760 -8.384065
-42.583061 -8.464767
-42.569233 -8.545443
-42.555275 -8.626090
-42.541187 -8.706709
-42.526970 -8.787299
-42.512623 -8.867861
-42.498146 -8.948394
-42.483540 -9.028897
-42.468803 -9.109371
-42.453938 -9.189816
-42.438942 -9.270230
-42.423817 -9.350615
-42.408562 -9.430968
-42.393177 -9.511292
-42.377663 -9.591584
-42.362019 -9.671845
-42.346245 -9.752075
-42.330341 -9.832273
-42.314308 -9.912440
-42.298145 -9.992575
-42.281853 -10.072677
-42.265430 -10.152746
-42.248878 -10.232783
-42.232197 -10.312787
-42.215385 -10.392757
-42.198444 -10.472694
-42.181374 -10.552598
-42.164173 -10.632467
-42.146843 -10.712302
-42.129383 -10.792103
-42.111794 -10.871869
-42.094074 -10.951600
-42.076225 -11.031296
-42.058247 -11.110956
-42.040138 -11.190581
-42.021900 -11.270170
-42.003532 -11.349723
-41.985035 -11.429239
-41.966408 -11.508719
-41.947651 -11.588162
-41.928764 -11.667568
-41.909748 -11.746937
-41.890602 -11.826268
-41.871330 -11.905561
-41.851933 -11.984817
-41.832409 -12.064034
-41.812759 -12.143212
-41.792984 -12.222352
-41.773083 -12.301453
-41.753056 -12.380514
-41.732903 -12.459537
-41.712624 -12.538519
-41.692219 -12.617461
-41.671688 -12.696363
-41.651031 -12.775226
-41.630249 -12.854047
-41.609341 -12.932827
-41.588306 -13.011566
-41.567146 -13.090264
-41.545860 -13.168921
-41.524448 -13.247537
-41.502911 -13.326110
-41.481247 -13.404641
-41.459457 -13.483130
-41.437542 -13.561577
-41.415501 -13.639980
-41.393333 -13.718341
-41.371040 -13.796659
-41.348621 -13.874932
-41.326077 -13.953162
-41.303406 -14.031348
-41.280609 -14.109490
-41.257687 -14.187588
-41.234638 -14.265640
-41.211464 -14.343648
-41.188164 -14.421611
-41.164738 -14.499528
-41.141186 -14.577399
-41.117508 -14.655225
-41.093704 -14.733005
-41.069775 -14.810739
-41.045719 -14.888426
-41.021542 -14.966066
-40.997242 -15.043660
-40.972820 -15.121207
-40.948277 -15.198707
-40.923611 -15.276158
-40.898823 -15.353562
-40.873913 -15.430919
-40.848881 -15.508226
-40.823727 -15.585485
-40.798450 -15.662696
-40.773052 -15.739858
-40.747532 -15.816971
-40.721889 -15.894034
-40.696125 -15.971048
-40.670238 -16.048012
-40.644230 -16.124926
-40.618099 -16.201790
-40.591846 -16.278605
-40.565472 -16.355368
-40.538975 -16.432079
-40.512356 -16.508739
-40.485615 -16.585348
-40.458752 -16.661905
-40.431767 -16.738411
-40.404659 -16.814865
-40.377430 -16.891268
-40.350079 -16.967619
-40.322605 -17.043917
-40.295010 -17.120161
-40.267292 -17.196352
-40.239452 -17.272490
-40.211491 -17.348574
-40.183407 -17.424604
-40.155205 -17.500582
-40.126884 -17.576506
-40.098446 -17.652376
-40.069889 -17.728191
-40.041214 -17.803951
-40.012421 -17.879656
-39.983509 -17.955305
-39.954479 -18.030899
-39.925331 -18.106438
-39.896065 -18.181921
-39.866680 -18.257349
-39.837177 -18.332722
-39.807556 -18.408037
-39.777817 -18.483295
-39.747959 -18.558496
-39.717983 -18.633640
-39.687889 -18.708727
-39.657677 -18.783756
-39.627346 -18.858728
-39.596897 -18.933643
-39.566330 -19.008501
-39.535645 -19.083300
-39.504841 -19.158039
-39.473919 -19.232719
-39.442879 -19.307341
-39.411720 -19.381903
-39.380444 -19.456406
-39.349049 -19.530849
-39.317535 -19.605234
-39.285908 -19.679560
-39.254166 -19.753826
-39.222309 -19.828032
-39.190338 -19.902176
-39.158253 -19.976259
-39.126053 -20.050282
-39.093739 -20.124243
-39.061310 -20.198143
-39.028767 -20.271982
-38.996109 -20.345760
-38.963337 -20.419477
-38.930450 -20.493132
-38.897449 -20.566723
-38.864334 -20.640251
-38.831104 -20.713717
-38.797760 -20.787119
-38.764301 -20.860458
-38.730728 -20.933735
-38.697041 -21.006948
-38.663239 -21.080099
-38.629322 -21.153187
-38.595291 -21.226210
-38.561146 -21.299168
-38.526886 -21.372061
-38.492512 -21.444889
-38.458023 -21.517653
-38.423420 -21.590351
-38.388702 -21.662985
-38.353874 -21.735554
-38.318935 -21.808058
-38.283886 -21.880497
-38.248726 -21.952869
-38.213455 -22.025175
-38.178074 -22.097414
-38.142582 -22.169586
-38.106979 -22.241692
-38.071266 -22.313730
-38.035442 -22.385702
-37.999508 -22.457607
-37.963463 -22.529446
-37.927307 -22.601217
-37.891041 -22.672922
-37.854664 -22.744558
-37.818176 -22.816126
-37.781578 -22.887625
-37.744869 -22.959055
-37.708050 -23.030416
-37.671120 -23.101709
-37.634079 -23.172934
-37.596928 -23.244089
-37.559666 -23.315176
-37.522293 -23.386194
-37.484810 -23.457142
-37.447220 -23.528019
-37.409523 -23.598825
-37.371719 -23.669561
-37.333809 -23.740227
-37.295792 -23.810822
-37.257668 -23.881346
-37.219437 -23.951799
-37.181099 -24.022182
-37.142654 -24.092495
-37.104103 -24.162737
-37.065445 -24.232906
-37.026680 -24.303003
-36.987808 -24.373028
-36.948830 -24.442980
-36.909744 -24.512859
-36.870552 -24.582666
-36.831253 -24.652401
-36.791847 -24.722063
-36.752335 -24.791653
-36.712715 -24.861170
-36.672989 -24.930614
-36.633156 -24.999985
-36.593216 -25.069281
-36.553169 -25.138502
-36.513020 -25.207649
-36.472767 -25.276722
-36.432411 -25.345720
-36.391953 -25.414644
-36.351391 -25.483494
-36.310726 -25.552269
-36.269958 -25.620970
-36.229088 -25.689596
-36.188114 -25.758146
-36.147038 -25.826620
-36.105858 -25.895018
-36.064575 -25.963339
-36.023190 -26.031584
-35.981701 -26.099752
-35.940109 -26.167845
-35.898415 -26.235861
-35.856617 -26.303801
-35.814716 -26.371664
-35.772713 -26.439451
-35.730606 -26.507162
-35.688396 -26.574795
-35.646084 -26.642349
-35.603668 -26.709826
-35.561153 -26.777224
-35.518539 -26.844543
-35.475826 -26.911785
-35.433014 -26.978949
-35.390102 -27.046034
-35.347092 -27.113041
-35.303982 -27.179970
-35.260773 -27.246820
-35.217464 -27.313593
-35.174057 -27.380285
-35.130550 -27.446898
-35.086945 -27.513430
-35.043240 -27.579882
-34.999435 -27.646254
-34.955532 -27.712545
-34.911530 -27.778757
-34.867428 -27.844889
-34.823227 -27.910940
-34.778927 -27.976912
-34.734528 -28.042803
-34.690029 -28.108614
-34.645432 -28.174345
-34.600735 -28.239994
-34.555943 -28.305561
-34.511055 -28.371046
-34.466072 -28.436449
-34.420994 -28.501770
-34.375820 -28.567009
-34.330551 -28.632166
-34.285187 -28.697241
-34.239727 -28.762234
-34.194172 -28.827145
-34.148521 -28.891973
-34.102776 -28.956720
-34.056934 -29.021385
-34.010998 -29.085966
-33.964966 -29.150463
-33.918839 -29.214876
-33.872616 -29.279205
-33.826298 -29.343451
-33.779884 -29.407612
-33.733376 -29.471689
-33.686771 -29.535683
-33.640072 -29.599592
-33.593281 -29.663418
-33.546398 -29.727160
-33.499424 -29.790817
-33.452358 -29.854391
-33.405201 -29.917879
-33.357952 -29.981281
-33.310612 -30.044598
-33.263180 -30.107828
-33.215656 -30.170973
-33.168041 -30.234032
-33.120335 -30.297005
-33.072536 -30.359892
-33.024647 -30.422693
-32.976665 -30.485409
-32.928593 -30.548038
-32.880428 -30.610582
-32.832172 -30.673040
-32.783825 -30.735413
-32.735386 -30.797699
-32.686855 -30.859898
-32.638233 -30.922009
-32.589520 -30.984032
-32.540718 -31.045967
-32.491829 -31.107815
-32.442852 -31.169575
-32.393787 -31.231247
-32.344635 -31.292831
-32.295395 -31.354328
-32.246067 -31.415737
-32.196651 -31.477058
-32.147148 -31.538292
-32.097557 -31.599438
-32.047878 -31.660496
-31.998112 -31.721466
-31.948257 -31.782347
-31.898315 -31.843138
-31.848286 -31.903839
-31.798170 -31.964451
-31.747969 -32.024975
-31.697681 -32.085411
-31.647308 -32.145760
-31.596849 -32.206020
-31.546305 -32.266190
-31.495674 -32.326267
-31.444958 -32.386253
-31.394156 -32.446148
-31.343267 -32.505951
-31.292294 -32.565662
-31.241236 -32.625282
-31.190094 -32.684811
-31.138868 -32.744247
-31.087559 -32.803593
-31.036165 -32.862846
-30.984688 -32.922009
-30.933126 -32.981079
-30.881481 -33.040058
-30.829752 -33.098946
-30.777939 -33.157742
-30.726044 -33.216446
-30.674067 -33.275059
-30.622007 -33.333580
-30.569866 -33.392010
-30.517643 -33.450348
-30.465338 -33.508595
-30.412951 -33.566750
-30.360481 -33.624813
-30.307930 -33.682785
-30.255297 -33.740665
-30.202583 -33.798454
-30.149790 -33.856152
-30.096916 -33.913757
-30.043962 -33.971272
-29.990929 -34.028694
-29.937815 -34.086025
-29.884621 -34.143265
-29.831347 -34.200413
-29.777992 -34.257465
-29.724558 -34.314423
-29.671043 -34.371284
-29.617451 -34.428051
-29.563780 -34.484722
-29.510031 -34.541298
-29.456203 -34.597778
-29.402298 -34.654163
-29.348314 -34.710453
-29.294252 -34.766647
-29.240112 -34.822746
-29.185894 -34.878750
-29.131598 -34.934658
-29.077225 -34.990471
-29.022776 -35.046188
-28.968250 -35.101810
-28.913649 -35.157337
-28.858971 -35.212769
-28.804216 -35.268105
-28.749386 -35.323345
-28.694479 -35.378490
-28.639496 -35.433540
-28.584436 -35.488495
-28.529303 -35.543354
-28.474094 -35.598118
-28.418812 -35.652786
-28.363455 -35.707359
-28.308023 -35.761837
-28.252518 -35.816219
-28.196938 -35.870506
-28.141283 -35.924698
-28.085554 -35.978794
-28.029751 -36.032795
-27.973875 -36.086700
-27.917927 -36.140511
-27.861906 -36.194225
-27.805813 -36.247845
-27.749647 -36.301369
-27.693409 -36.354797
-27.637098 -36.408131
-27.580715 -36.461365
-27.524260 -36.514500
-27.467731 -36.567535
-27.411133 -36.620472
-27.354464 -36.673309
-27.297724 -36.726048
-27.240913 -36.778687
-27.184032 -36.831226
-27.127081 -36.883667
-27.070059 -36.936008
-27.012966 -36.988251
-26.955803 -37.040394
-26.898569 -37.092438
-26.841267 -37.144382
-26.783895 -37.196228
-26.726456 -37.247974
-26.668947 -37.299622
-26.611370 -37.351170
-26.553724 -37.402618
-26.496010 -37.453968
-26.438227 -37.505219
-26.380375 -37.556370
-26.322454 -37.607422
-26.264467 -37.658375
-26.206413 -37.709229
-26.148293 -37.759983
-26.090105 -37.810638
-26.031851 -37.861195
-25.973530 -37.911652
-25.915142 -37.962009
-25.856688 -38.012268
-25.798166 -38.062428
-25.739578 -38.112488
-25.680925 -38.162449
-25.622208 -38.212311
-25.563425 -38.262074
-25.504578 -38.311737
-25.445665 -38.361301
-25.386688 -38.410767
-25.327646 -38.460133
-25.268539 -38.509399
-25.209368 -38.558567
-25.150131 -38.607635
-25.090832 -38.656605
-25.031469 -38.705475
-24.972044 -38.754246
-24.912556 -38.802917
-24.853004 -38.851490
-24.793390 -38.899963
-24.733713 -38.948334
-24.673973 -38.996601
-24.614170 -39.044765
-24.554304 -39.092827
-24.494377 -39.140785
-24.434389 -39.188641
-24.374340 -39.236393
-24.314230 -39.284042
-24.254059 -39.331589
-24.193827 -39.379032
-24.133533 -39.426373
-24.073179 -39.473610
-24.012764 -39.520744
-23.952288 -39.567776
-23.891752 -39.614704
-23.831158 -39.661530
-23.770504 -39.708252
-23.709791 -39.754871
-23.649019 -39.801388
-23.588188 -39.847801
-23.527298 -39.894112
-23.466349 -39.940319
-23.405340 -39.986423
-23.344273 -40.032425
-23.283148 -40.078323
-23.221966 -40.124119
-23.160727 -40.169811
-23.099430 -40.215401
-23.038076 -40.260887
-22.976665 -40.306271
-22.915197 -40.351551
-22.853672 -40.396729
-22.792089 -40.441803
-22.730450 -40.486774
-22.668755 -40.531643
-22.607004 -40.576408
-22.545198 -40.621071
-22.483337 -40.665630
-22.421421 -40.710087
-22.359449 -40.754440
-22.297422 -40.798691
-22.235340 -40.842838
-22.173203 -40.886883
-22.111010 -40.930824
-22.048763 -40.974663
-21.986464 -41.018398
-21.924110 -41.062031
-21.861704 -41.105560
-21.799244 -41.148987
-21.736731 -41.192310
-21.674164 -41.235531
-21.611544 -41.278648
-21.548870 -41.321663
-21.486143 -41.364574
-21.423365 -41.407383
-21.360535 -41.450089
-21.297653 -41.492691
-21.234720 -41.535191
-21.171736 -41.577587
-21.108700 -41.619881
-21.045612 -41.662071
-20.982473 -41.704159
-20.919283 -41.746143
-20.856041 -41.788025
-20.792749 -41.829803
-20.729408 -41.871479
-20.666018 -41.913052
-20.602577 -41.954521
-20.539087 -41.995888
-20.475548 -42.037151
-20.411959 -42.078312
-20.348320 -42.119370
-20.284632 -42.160324
-20.220894 -42.201176
-20.157108 -42.241920
-20.093275 -42.282558
-20.029394 -42.323090
-19.965466 -42.363514
-19.901489 -42.403831
-19.837465 -42.444042
-19.773394 -42.484146
-19.709274 -42.524143
-19.645107 -42.564034
-19.580893 -42.603817
-19.516630 -42.643494
-19.452322 -42.683064
-19.387968 -42.722527
-19.323568 -42.761883
-19.259123 -42.801132
-19.194632 -42.840275
-19.130095 -42.879311
-19.065512 -42.918240
-19.000883 -42.957062
-18.936209 -42.995777
-18.871489 -43.034386
-18.806725 -43.072887
-18.741917 -43.111282
-18.677065 -43.149570
-18.612169 -43.187752
-18.547230 -43.225826
-18.482246 -43.263794
-18.417219 -43.301655
-18.352148 -43.339409
-18.287033 -43.377056
-18.221874 -43.414597
-18.156673 -43.452030
-18.091431 -43.489357
-18.026146 -43.526577
-17.960819 -43.563690
-17.895451 -43.600697
-17.830040 -43.637596
-17.764587 -43.674389
-17.699093 -43.711075
-17.633556 -43.747654
-17.567978 -43.784126
-17.502359 -43.820492
-17.436701 -43.856750
-17.371002 -43.892902
-17.305264 -43.928947
-17.239485 -43.964886
-17.173666 -44.000717
-17.107807 -44.036442
-17.041908 -44.072060
-16.975969 -44.107571
-16.909990 -44.142975
-16.843971 -44.178272
-16.777914 -44.213463
-16.711819 -44.248547
-16.645685 -44.283524
-16.579514 -44.318394
-16.513304 -44.353157
-16.447056 -44.387814
-16.380770 -44.422363
-16.314445 -44.456806
-16.248083 -44.491142
-16.181683 -44.525372
-16.115246 -44.559494
-16.048773 -44.593510
-15.982263 -44.627419
-15.915716 -44.661221
-15.849133 -44.694916
-15.782515 -44.728504
-15.715859 -44.761986
-15.649168 -44.795361
-15.582441 -44.828629
-15.515679 -44.861790
-15.448882 -44.894844
-15.382050 -44.927792
-15.315182 -44.960632
-15.248280 -44.993366
-15.181343 -45.025993
-15.114372 -45.058514
-15.047367 -45.090927
-14.980328 -45.123234
-14.913254 -45.155434
-14.846147 -45.187527
-14.779006 -45.219513
-14.711832 -45.251392
-14.644625 -45.283165
-14.577384 -45.314831
-14.510111 -45.346390
-14.442805 -45.377842
-14.375467 -45.409187
-14.308097 -45.440426
-14.240694 -45.471558
-14.173260 -45.502583
-14.105794 -45.533501
-14.038297 -45.564312
-13.970768 -45.595016
-13.903208 -45.625614
-13.835616 -45.656105
-13.767994 -45.686489
-13.700341 -45.716766
-13.632658 -45.746937
-13.564944 -45.777000
-13.497200 -45.806957
-13.429426 -45.836807
-13.361623 -45.866550
-13.293790 -45.896187
-13.225927 -45.925716
-13.158035 -45.955139
-13.090114 -45.984455
-13.022163 -46.013664
-12.954185 -46.042767
-12.886177 -46.071762
-12.818141 -46.100651
-12.750076 -46.129433
-12.681984 -46.158108
-12.613864 -46.186676
-12.545716 -46.215137
-12.477541 -46.243492
-12.409338 -46.271740
-12.341107 -46.299881
-12.272850 -46.327915
-12.204566 -46.355843
-12.136255 -46.383663
-12.067918 -46.411377
-11.999554 -46.438984
-11.931164 -46.466484
-11.862748 -46.493877
-11.794307 -46.521164
-11.725840 -46.548344
-11.657347 -46.575417
-11.588828 -46.602383
-11.520285 -46.629242
-11.451716 -46.655994
-11.383123 -46.682640
-11.314506 -46.709179
-11.245863 -46.735611
-11.177197 -46.761936
-11.108506 -46.788155
-11.039792 -46.814266
-10.971054 -46.840271
-10.902292 -46.866169
-10.833507 -46.891960
-10.764698 -46.917645
-10.695867 -46.943222
-10.627012 -46.968693
-10.558135 -46.994057
-10.489235 -47.019314
-10.420313 -47.044464
-10.351369 -47.069508
-10.282403 -47.094444
-10.213415 -47.119274
-10.144405 -47.143997
-10.075374 -47.168613
-10.006321 -47.193123
-9.937247 -47.217525
-9.868153 -47.241821
-9.799037 -47.266010
-9.729900 -47.290092
-9.660744 -47.314068
-9.591567 -47.337936
-9.522370 -47.361698
-9.453154 -47.385353
-9.383917 -47.408901
-9.314660 -47.432343
-9.245384 -47.455677
-9.176089 -47.478905
-9.106775 -47.502026
-9.037442 -47.525040
-8.968090 -47.547947
-8.898719 -47.570747
-8.829329 -47.593441
-8.759922 -47.616028
-8.690496 -47.638508
-8.621053 -47.660881
-8.551591 -47.683147
-8.482111 -47.705307
-8.412614 -47.727360
-8.343100 -47.749306
-8.273568 -47.771145
-8.204020 -47.792877
-8.134454 -47.814503
-8.064872 -47.836021
-7.995273 -47.857433
-7.925658 -47.878738
-7.856027 -47.899937
-7.786380 -47.921028
-7.716717 -47.942013
-7.647038 -47.962891
-7.577343 -47.983662
-7.507634 -48.004326
-7.437909 -48.024883
-7.368169 -48.045334
-7.298414 -48.065678
-7.228645 -48.085915
-7.158861 -48.106045
-7.089063 -48.126068
-7.019251 -48.145985
-6.949425 -48.165794
-6.879585 -48.185497
-6.809731 -48.205093
-6.739864 -48.224583
-6.669983 -48.243965
-6.600090 -48.263241
-6.530183 -48.282410
-6.460263 -48.301472
-6.390331 -48.320427
-6.320386 -48.339275
-6.250429 -48.358017
-6.180459 -48.376652
-6.110477 -48.395180
-6.040484 -48.413601
-5.970479 -48.431915
-5.900462 -48.450123
-5.830433 -48.468224
-5.760394 -48.486217
-5.690343 -48.504105
-5.620281 -48.521885
-5.550209 -48.539558
-5.480125 -48.557125
-5.410032 -48.574585
-5.339928 -48.591938
-5.269814 -48.609184
-5.199689 -48.626324
-5.129555 -48.643356
-5.059412 -48.660282
-4.989258 -48.677101
-4.919096 -48.693813
-4.848924 -48.710419
-4.778743 -48.726917
-4.708553 -48.743309
-4.638354 -48.759594
-4.568147 -48.775772
-4.497931 -48.791843
-4.427708 -48.807808
-4.357476 -48.823666
-4.287236 -48.839417
-4.216988 -48.855061
-4.146733 -48.870598
-4.076470 -48.886028
-4.006200 -48.901352
-3.935923 -48.916569
-3.865638 -48.931679
-3.795347 -48.946682
-3.725050 -48.961578
-3.654745 -48.976368
-3.584435 -48.991051
-3.514117 -49.005627
-3.443794 -49.020096
-3.373465 -49.034462
-3.303130 -49.048725
-3.232790 -49.062885
-3.162443 -49.076942
-3.092092 -49.090897
-3.021735 -49.104748
-2.951374 -49.118496
-2.881007 -49.132141
-2.810636 -49.145683
-2.740261 -49.159122
-2.669881 -49.172459
-2.599496 -49.185692
-2.529108 -49.198822
-2.458716 -49.211849
-2.388319 -49.224773
-2.317920 -49.237595
-2.247516 -49.250313
-2.177110 -49.262928
-2.106700 -49.275440
-2.036287 -49.287849
-1.965871 -49.300156
-1.895453 -49.312359
-1.825032 -49.324459
-1.754608 -49.336456
-1.684183 -49.348351
-1.613755 -49.360142
-1.543325 -49.371830
-1.472893 -49.383415
-1.402460 -49.394897
-1.332025 -49.406277
-1.261588 -49.417553
-1.191151 -49.428726
-1.120712 -49.439796
-1.050273 -49.450764
-0.979832 -49.461628
-0.909391 -49.472389
-0.838950 -49.483047
-0.768508 -49.493603
-0.698066 -49.504055
-0.627624 -49.514404
-0.557182 -49.524651
-0.486740 -49.534794
-0.416299 -49.544834
-0.345858 -49.554771
-0.275418 -49.564606
-0.204979 -49.574337
-0.134540 -49.583965
-0.064103 -49.593491
0.006333 -49.602913
0.076767 -49.612232
0.147200 -49.621449
0.217631 -49.630562
0.288061 -49.639572
0.358488 -49.648479
0.428913 -49.657284
0.499336 -49.665985
0.569756 -49.674583
0.640174 -49.683079
0.710589 -49.691471
0.781002 -49.699760
0.851411 -49.707947
0.921817 -49.716030
0.992220 -49.724010
1.062619 -49.731888
1.133015 -49.739662
1.203407 -49.747334
1.273795 -49.754902
1.344179 -49.762367
1.414559 -49.769730
1.484934 -49.776989
1.555305 -49.784145
1.625672 -49.791199
1.696034 -49.798149
1.766391 -49.804996
1.836742 -49.811741
1.907089 -49.818382
1.977430 -49.824921
2.047766 -49.831356
2.118097 -49.837688
2.188421 -49.843918
2.258740 -49.850044
2.329053 -49.856068
2.399359 -49.861988
2.469660 -49.867805
2.539954 -49.873520
2.610241 -49.879131
2.680521 -49.884640
2.750795 -49.890045
2.821062 -49.895348
2.891321 -49.900547
2.961574 -49.905643
3.031818 -49.910637
3.102056 -49.915527
3.172285 -49.920315
3.242507 -49.924999
3.312721 -49.929581
3.382926 -49.934063
3.453124 -49.938446
3.523313 -49.942730
3.593493 -49.946915
3.663665 -49.951000
3.733828 -49.954987
3.803982 -49.958874
3.874127 -49.962662
3.944263 -49.966351
4.014390 -49.969940
4.084507 -49.973431
4.154614 -49.976822
4.224712 -49.980114
4.294800 -49.983307
4.364878 -49.986401
4.434946 -49.989395
4.505003 -49.992290
4.575050 -49.995087
4.645086 -49.997784
4.715112 -50.000381
4.785127 -50.002880
4.855131 -50.005280
4.925124 -50.007580
4.995106 -50.009781
5.065076 -50.011883
5.135035 -50.013885
5.204982 -50.015789
5.274917 -50.017593
5.344841 -50.019299
5.414752 -50.020905
5.484651 -50.022411
5.554538 -50.023819
5.624412 -50.025127
5.694274 -50.026337
5.764123 -50.027447
5.833959 -50.028458
5.903782 -50.029369
5.973593 -50.030182
6.043390 -50.030895
6.113173 -50.031509
6.182944 -50.032024
6.252700 -50.032440
6.322443 -50.032757
6.392172 -50.032974
6.461887 -50.033092
6.531588 -50.033112
6.601274 -50.033031
6.670946 -50.032852
6.740603 -50.032574
6.810246 -50.032196
6.879874 -50.031719
6.949487 -50.031143
7.019084 -50.030468
7.088667 -50.029694
7.158234 -50.028820
7.227786 -50.027847
7.297322 -50.026775
7.366843 -50.025604
7.436347 -50.024334
7.505836 -50.022964
7.575309 -50.021496
7.644766 -50.019928
7.714206 -50.018261
7.783630 -50.016495
7.853037 -50.014629
7.922427 -50.012665
7.991801 -50.010601
8.061157 -50.008438
8.130497 -50.006176
8.199820 -50.003815
8.269125 -50.001354
8.338413 -49.998795
8.407684 -49.996136
8.476937 -49.993382
8.546172 -49.990532
8.615389 -49.987587
8.684587 -49.984547
8.753768 -49.981411
8.822930 -49.978180
8.892075 -49.974854
8.961200 -49.971432
9.030306 -49.967915
9.099393 -49.964302
9.168461 -49.960594
9.237510 -49.956791
9.306540 -49.952892
9.375550 -49.948898
9.444542 -49.944809
9.513514 -49.940624
9.582465 -49.936344
9.651397 -49.931969
9.720308 -49.927498
9.789200 -49.922932
9.858071 -49.918270
9.926923 -49.913513
9.995754 -49.908661
10.064565 -49.903713
10.133354 -49.898670
10.202123 -49.893532
10.270870 -49.888298
10.339597 -49.882969
10.408302 -49.877544
10.476987 -49.872025
10.545650 -49.866409
10.614292 -49.860699
10.682912 -49.854893
10.751510 -49.848991
10.820086 -49.842995
10.888639 -49.836903
10.957171 -49.830715
11.025681 -49.824432
11.094169 -49.818054
11.162633 -49.811581
11.231074 -49.805012
11.299493 -49.798347
11.367888 -49.791588
11.436261 -49.784733
11.504611 -49.777782
11.572938 -49.770737
11.641241 -49.763596
11.709520 -49.756359
11.777776 -49.749027
11.846007 -49.741600
11.914215 -49.734077
11.982399 -49.726460
12.050559 -49.718746
12.118695 -49.710938
12.186808 -49.703033
12.254895 -49.695034
12.322958 -49.686939
12.390996 -49.678749
12.459009 -49.670464
12.526998 -49.662083
12.594961 -49.653606
12.662900 -49.645035
12.730814 -49.636372
12.798702 -49.627617
12.866565 -49.618771
12.934402 -49.609833
13.002213 -49.600803
13.069998 -49.591682
13.137757 -49.582470
13.205491 -49.573166
13.273199 -49.563770
13.340880 -49.554283
13.408535 -49.544704
13.476163 -49.535034
13.543764 -49.525272
13.611339 -49.515419
13.678886 -49.505474
13.746408 -49.495438
13.813902 -49.485310
13.881369 -49.475090
13.948808 -49.464779
14.016219 -49.454376
14.083603 -49.443882
14.150959 -49.433296
14.218287 -49.422619
14.285588 -49.411850
14.352861 -49.400990
14.420107 -49.390038
14.487324 -49.378994
14.554512 -49.367859
14.621672 -49.356632
14.688803 -49.345314
14.755905 -49.333904
14.822979 -49.322403
14.890024 -49.310810
14.957041 -49.299126
15.024028 -49.287350
15.090985 -49.275482
15.157913 -49.263523
15.224812 -49.251472
15.291680 -49.239330
15.358520 -49.227097
15.425329 -49.214771
15.492109 -49.202354
15.558860 -49.189846
15.625580 -49.177246
15.692269 -49.164555
15.758928 -49.151772
15.825557 -49.138897
15.892155 -49.125931
15.958722 -49.112873
16.025259 -49.099724
16.091764 -49.086483
16.158239 -49.073151
16.224684 -49.059727
16.291098 -49.046211
16.357481 -49.032604
16.423834 -49.018906
16.490154 -49.005116
16.556442 -48.991234
16.622698 -48.977264
16.688921 -48.963207
16.755112 -48.949062
16.821270 -48.934830
16.887396 -48.920509
16.953489 -48.906101
17.019550 -48.891605
17.085579 -48.877022
17.151575 -48.862350
17.217539 -48.847591
17.283470 -48.832745
17.349369 -48.817810
17.415236 -48.802788
17.481070 -48.787678
17.546871 -48.772480
17.612640 -48.757195
17.678375 -48.741821
17.744076 -48.726360
17.809742 -48.710812
17.875374 -48.695175
17.940971 -48.679451
18.006535 -48.663639
18.072063 -48.647739
18.137558 -48.631752
18.203018 -48.615677
18.268444 -48.599514
18.333836 -48.583263
18.399193 -48.566925
18.464516 -48.550499
18.529804 -48.533985
18.595058 -48.517384
18.660278 -48.500694
18.725464 -48.483917
18.790615 -48.467052
18.855732 -48.450100
18.920813 -48.433060
18.985857 -48.415932
19.050865 -48.398716
19.115837 -48.381413
19.180773 -48.364021
19.245672 -48.346542
19.310535 -48.328976
19.375362 -48.311321
19.440153 -48.293579
19.504908 -48.275749
19.569626 -48.257832
19.634308 -48.239826
19.698954 -48.221733
19.763563 -48.203552
19.828136 -48.185284
19.892673 -48.166927
19.957174 -48.148483
20.021639 -48.129951
20.086067 -48.111332
20.150457 -48.092628
20.214809 -48.073841
20.279123 -48.054970
20.343399 -48.036015
20.407637 -48.016975
20.471836 -47.997852
20.535997 -47.978645
20.600121 -47.959354
20.664206 -47.939980
20.728252 -47.920521
20.792261 -47.900978
20.856232 -47.881351
20.920164 -47.861641
20.984058 -47.841846
21.047915 -47.821968
21.111732 -47.802006
21.175512 -47.781960
21.239254 -47.761829
21.302958 -47.741615
21.366621 -47.721317
21.430244 -47.700935
21.493828 -47.680470
21.557371 -47.659920
21.620874 -47.639286
21.684338 -47.618568
21.747761 -47.597767
21.811144 -47.576881
21.874487 -47.555912
21.937790 -47.534859
22.001053 -47.513721
22.064276 -47.492500
22.127459 -47.471195
22.190601 -47.449806
22.253704 -47.428333
22.316767 -47.406776
22.379789 -47.385136
22.442772 -47.363411
22.505714 -47.341602
22.568617 -47.319710
22.631477 -47.297733
22.694296 -47.275673
22.757072 -47.253529
22.819807 -47.231300
22.882500 -47.208988
22.945150 -47.186592
23.007759 -47.164112
23.070326 -47.141548
23.132851 -47.118900
23.195333 -47.096169
23.257774 -47.073353
23.320173 -47.050453
23.382530 -47.027470
23.444845 -47.004406
23.507118 -46.981262
23.569349 -46.958038
23.631538 -46.934734
23.693686 -46.911350
23.755791 -46.887886
23.817854 -46.864342
23.879875 -46.840717
23.941853 -46.817013
24.003786 -46.793228
24.065676 -46.769363
24.127522 -46.745419
24.189323 -46.721394
24.251081 -46.697289
24.312796 -46.673103
24.374466 -46.648838
24.436092 -46.624493
24.497675 -46.600067
24.559214 -46.575562
24.620708 -46.550976
24.682159 -46.526310
24.743567 -46.501564
24.804930 -46.476738
24.866249 -46.451832
24.927525 -46.426846
24.988756 -46.401779
25.049944 -46.376633
25.111088 -46.351406
25.172188 -46.326099
25.233242 -46.300713
25.294250 -46.275246
25.355213 -46.249699
25.416130 -46.224072
25.477001 -46.198364
25.537827 -46.172577
25.598606 -46.146709
25.659340 -46.120762
25.720028 -46.094734
25.780670 -46.068626
25.841267 -46.042439
25.901817 -46.016171
25.962322 -45.989822
26.022781 -45.963394
26.083195 -45.936886
26.143562 -45.910297
26.203884 -45.883629
26.264160 -45.856880
26.324390 -45.830051
26.384575 -45.803143
26.444714 -45.776154
26.504807 -45.749088
26.564852 -45.721947
26.624849 -45.694729
26.684799 -45.667435
26.744701 -45.640064
26.804556 -45.612617
26.864363 -45.585094
26.924122 -45.557495
26.983833 -45.529819
27.043497 -45.502068
27.103113 -45.474239
27.162682 -45.446335
27.222202 -45.418354
27.281675 -45.390297
27.341101 -45.362164
27.400478 -45.333954
27.459808 -45.305668
27.519091 -45.277306
27.578325 -45.248867
27.637512 -45.220352
27.696651 -45.191761
27.755743 -45.163094
27.814787 -45.134350
27.873783 -45.105530
27.932730 -45.076633
27.991627 -45.047661
28.050474 -45.018612
28.109272 -44.989487
28.168020 -44.960285
28.226719 -44.931007
28.285368 -44.901653
28.343967 -44.872223
28.402517 -44.842716
28.461018 -44.813133
28.519468 -44.783474
28.577869 -44.753738
28.636221 -44.723927
28.694523 -44.694038
28.752775 -44.664074
28.810978 -44.634033
28.869131 -44.603916
28.927235 -44.573723
28.985289 -44.543453
29.043293 -44.513107
29.101248 -44.482685
29.159153 -44.452187
29.217009 -44.421612
29.274813 -44.390961
29.332565 -44.360233
29.390266 -44.329433
29.447916 -44.298561
29.505514 -44.267616
29.563061 -44.236599
29.620556 -44.205509
29.677999 -44.174347
29.735392 -44.143112
29.792732 -44.111805
29.850021 -44.080425
29.907259 -44.048973
29.964445 -44.017448
30.021580 -43.985851
30.078663 -43.954182
30.135695 -43.922440
30.192675 -43.890625
30.249603 -43.858738
30.306480 -43.826778
30.363306 -43.794746
30.420080 -43.762642
30.476803 -43.730465
30.533474 -43.698215
30.590094 -43.665894
30.646662 -43.633499
30.703176 -43.601032
30.759638 -43.568493
30.816046 -43.535881
30.872400 -43.503197
30.928701 -43.470440
30.984949 -43.437611
31.041143 -43.404709
31.097284 -43.371735
31.153372 -43.338688
31.209406 -43.305569
31.265387 -43.272377
31.321314 -43.239113
31.377188 -43.205776
31.433008 -43.172367
31.488775 -43.138885
31.544489 -43.105331
31.600149 -43.071705
31.655756 -43.038006
31.711309 -43.004234
31.766809 -42.970390
31.822256 -42.936474
31.877649 -42.902485
31.932989 -42.868423
31.988276 -42.834290
32.043507 -42.800087
32.098682 -42.765816
32.153805 -42.731476
32.208874 -42.697067
32.263889 -42.662590
32.318851 -42.628044
32.373760 -42.593430
32.428616 -42.558746
32.483418 -42.523994
32.538166 -42.489174
32.592861 -42.454285
32.647503 -42.419327
32.702091 -42.384300
32.756626 -42.349205
32.811104 -42.314041
32.865524 -42.278809
32.919888 -42.243507
32.974194 -42.208138
33.028442 -42.172699
33.082634 -42.137192
33.136768 -42.101616
33.190845 -42.065971
33.244865 -42.030258
33.298828 -41.994476
33.352734 -41.958626
33.406582 -41.922707
33.460373 -41.886719
33.514107 -41.850662
33.567783 -41.814537
33.621403 -41.778343
33.674965 -41.742081
33.728470 -41.705750
33.781918 -41.669350
33.835308 -41.632881
33.888641 -41.596344
33.941917 -41.559738
33.995136 -41.523064
34.048298 -41.486320
34.101402 -41.449509
34.154449 -41.412628
34.207439 -41.375679
34.260372 -41.338661
34.313248 -41.301575
34.366066 -41.264420
34.418827 -41.227196
34.471531 -41.189903
34.524178 -41.152542
34.576767 -41.115116
34.629299 -41.077625
34.681774 -41.040070
34.734192 -41.002449
34.786552 -40.964764
34.838856 -40.927013
34.891102 -40.889198
34.943291 -40.851318
34.995422 -40.813374
35.047497 -40.775364
35.099514 -40.737289
35.151474 -40.699150
35.203377 -40.660946
35.255222 -40.622677
35.307011 -40.584343
35.358742 -40.545944
35.410416 -40.507481
35.462032 -40.468952
35.513592 -40.430359
35.565094 -40.391701
35.616539 -40.352978
35.667927 -40.314190
35.719254 -40.275337
35.770519 -40.236420
35.821724 -40.197437
35.872868 -40.158390
35.923950 -40.119278
35.974972 -40.080101
36.025932 -40.040859
36.076832 -40.001553
36.127670 -39.962181
36.178448 -39.922745
36.229164 -39.883244
36.279819 -39.843678
36.330414 -39.804047
36.380947 -39.764351
36.431419 -39.724590
36.481831 -39.684765
36.532181 -39.644875
36.582470 -39.604919
36.632698 -39.564899
36.682865 -39.524815
36.732971 -39.484665
36.783016 -39.444450
36.833000 -39.404171
36.882923 -39.363827
36.932785 -39.323418
36.982586 -39.282948
37.032326 -39.242416
37.082005 -39.201824
37.131622 -39.161171
37.181179 -39.120457
37.230675 -39.079681
37.280109 -39.038845
37.329483 -38.997948
37.378796 -38.956989
37.428047 -38.915970
37.477238 -38.874889
37.526367 -38.833748
37.575436 -38.792545
37.624443 -38.751282
37.673389 -38.709957
37.722275 -38.668571
37.771099 -38.627125
37.819862 -38.585617
37.868565 -38.544048
37.917206 -38.502419
37.965786 -38.460728
38.014305 -38.418976
38.062763 -38.377163
38.111160 -38.335289
38.159496 -38.293354
38.207771 -38.251358
38.255985 -38.209301
38.304138 -38.167183
38.352230 -38.125004
38.400261 -38.082764
38.448231 -38.040462
38.496140 -37.998100
38.543987 -37.955677
38.591774 -37.913193
38.639500 -37.870647
38.687160 -37.828041
38.734756 -37.785374
38.782288 -37.742645
38.829754 -37.699856
38.877155 -37.657005
38.924492 -37.614094
38.971764 -37.571121
39.018970 -37.528088
39.066113 -37.484993
39.113190 -37.441837
39.160202 -37.398624
39.207150 -37.355354
39.254032 -37.312027
39.300850 -37.268642
39.347603 -37.225201
39.394291 -37.181702
39.440914 -37.138145
39.487473 -37.094532
39.533966 -37.050861
39.580395 -37.007133
39.626759 -36.963348
39.673058 -36.919506
39.719292 -36.875607
39.765461 -36.831650
39.811565 -36.787636
39.857605 -36.743565
39.903580 -36.699436
39.949490 -36.655251
39.995335 -36.611008
40.041115 -36.566708
40.086830 -36.522350
40.132481 -36.477936
40.178066 -36.433464
40.223587 -36.388935
40.269043 -36.344349
40.314434 -36.299706
40.359760 -36.255005
40.405022 -36.210247
40.450218 -36.165432
40.495350 -36.120560
40.540417 -36.075630
40.585419 -36.030643
40.630356 -35.985600
40.675228 -35.940498
40.720036 -35.895340
40.764778 -35.850124
40.809456 -35.804852
40.854069 -35.759521
40.898617 -35.714134
40.943100 -35.668690
40.987518 -35.623188
41.031872 -35.577629
41.076160 -35.532013
41.120384 -35.486340
41.164543 -35.440609
41.208637 -35.394821
41.252666 -35.348980
41.296631 -35.303085
41.340530 -35.257137
41.384365 -35.211136
41.428135 -35.165081
41.471840 -35.118973
41.515480 -35.072811
41.559055 -35.026596
41.602566 -34.980328
41.646008 -34.934006
41.689381 -34.887630
41.732685 -34.841202
41.775921 -34.794720
41.819088 -34.748184
41.862186 -34.701595
41.905216 -34.654953
41.948177 -34.608257
41.991070 -34.561508
42.033894 -34.514706
42.076649 -34.467850
42.119335 -34.420940
42.161953 -34.373978
42.204502 -34.326962
42.246983 -34.279892
42.289394 -34.232769
42.331738 -34.185593
42.374012 -34.138363
42.416218 -34.091080
42.458355 -34.043743
42.500423 -33.996353
42.542423 -33.948910
42.584354 -33.901413
42.626217 -33.853863
42.668011 -33.806259
42.709736 -33.758602
42.751392 -33.710892
42.792980 -33.663128
42.834499 -33.615311
42.875950 -33.567440
42.917332 -33.519516
42.958645 -33.471539
42.999889 -33.423508
43.041065 -33.375423
43.082172 -33.327286
43.123211 -33.279095
43.164181 -33.230854
43.205082 -33.182564
43.245914 -33.134224
43.286678 -33.085835
43.327374 -33.037395
43.368000 -32.988907
43.408558 -32.940369
43.449047 -32.891781
43.489468 -32.843143
43.529819 -32.794456
43.570103 -32.745720
43.610317 -32.696934
43.650463 -32.648098
43.690540 -32.599213
43.730549 -32.550278
43.770489 -32.501293
43.810360 -32.452259
43.850163 -32.403175
43.889896 -32.354042
43.929562 -32.304859
43.969158 -32.255627
44.008686 -32.206345
44.048145 -32.157013
44.087536 -32.107632
44.126858 -32.058201
44.166111 -32.008720
44.205296 -31.959190
44.244411 -31.909611
44.283459 -31.859982
44.322437 -31.810303
44.361347 -31.760574
44.400188 -31.710796
44.438961 -31.660969
44.477665 -31.611094
44.516300 -31.561171
44.554867 -31.511200
44.593365 -31.461182
44.631794 -31.411116
44.670151 -31.361002
44.708435 -31.310841
44.746647 -31.260632
44.784786 -31.210375
44.822853 -31.160070
44.860847 -31.109718
44.898769 -31.059319
44.936619 -31.008871
44.974396 -30.958376
45.012100 -30.907833
45.049732 -30.857243
45.087292 -30.806604
45.124779 -30.755919
45.162193 -30.705185
45.199535 -30.654404
45.236805 -30.603575
45.274002 -30.552698
45.311127 -30.501776
45.348179 -30.450808
45.385159 -30.399794
45.422066 -30.348734
45.458900 -30.297628
45.495663 -30.246477
45.532352 -30.195280
45.568970 -30.144037
45.605515 -30.092749
45.641987 -30.041414
45.678387 -29.990034
45.714714 -29.938608
45.750969 -29.887136
45.787151 -29.835619
45.823261 -29.784056
45.859299 -29.732447
45.895264 -29.680792
45.931156 -29.629091
45.966976 -29.577345
46.002724 -29.525553
46.038399 -29.473715
46.074001 -29.421831
46.109531 -29.369904
46.144989 -29.317932
46.180374 -29.265917
46.215687 -29.213858
46.250927 -29.161755
46.286095 -29.109608
46.321190 -29.057417
46.356213 -29.005182
46.391163 -28.952904
46.426041 -28.900581
46.460846 -28.848215
46.495579 -28.795805
46.530239 -28.743351
46.564827 -28.690853
46.599342 -28.638311
46.633785 -28.585726
46.668156 -28.533096
46.702454 -28.480423
46.736679 -28.427706
46.770832 -28.374945
46.804913 -28.322140
46.838921 -28.269291
46.872856 -28.216400
46.906719 -28.163467
46.940510 -28.110493
46.974228 -28.057476
47.007874 -28.004417
47.041447 -27.951317
47.074947 -27.898174
47.108376 -27.844990
47.141731 -27.791763
47.175014 -27.738495
47.208225 -27.685184
47.241364 -27.631832
47.274429 -27.578438
47.307423 -27.525002
47.340343 -27.471523
47.373192 -27.418003
47.405968 -27.364441
47.438671 -27.310837
47.471302 -27.257191
47.503860 -27.203503
47.536346 -27.149773
47.568760 -27.096001
47.601097 -27.042189
47.633358 -26.988337
47.665543 -26.934444
47.697651 -26.880512
47.729683 -26.826540
47.761639 -26.772528
47.793518 -26.718475
47.825321 -26.664383
47.857048 -26.610250
47.888699 -26.556078
47.920273 -26.501865
47.951771 -26.447613
47.983192 -26.393320
48.014538 -26.338987
48.045807 -26.284615
48.077000 -26.230202
48.108116 -26.175749
48.139156 -26.121256
48.170120 -26.066723
48.201008 -26.012150
48.231819 -25.957537
48.262554 -25.902884
48.293213 -25.848192
48.323795 -25.793463
48.354301 -25.738695
48.384731 -25.683889
48.415085 -25.629045
48.445362 -25.574163
48.475563 -25.519243
48.505688 -25.464285
48.535736 -25.409288
48.565708 -25.354254
48.595604 -25.299181
48.625423 -25.244070
48.655167 -25.188921
48.684834 -25.133734
48.714424 -25.078508
48.743938 -25.023245
48.773376 -24.967943
48.802738 -24.912603
48.832024 -24.857225
48.861233 -24.801809
48.890366 -24.746355
48.919422 -24.690865
48.948402 -24.635338
48.977306 -24.579775
49.006134 -24.524176
49.034885 -24.468540
49.063560 -24.412868
49.092159 -24.357161
49.120682 -24.301416
49.149128 -24.245636
49.177498 -24.189819
49.205791 -24.133966
49.234009 -24.078077
49.262150 -24.022152
49.290215 -23.966190
49.318203 -23.910192
49.346115 -23.854158
49.373951 -23.798088
49.401711 -23.741982
49.429394 -23.685839
49.457001 -23.629660
49.484531 -23.573444
49.511986 -23.517193
49.539364 -23.460907
49.566666 -23.404587
49.593891 -23.348232
49.621040 -23.291843
49.648113 -23.235420
49.675110 -23.178963
49.702030 -23.122471
49.728874 -23.065945
49.755642 -23.009384
49.782333 -22.952789
49.808949 -22.896160
49.835487 -22.839497
49.861950 -22.782799
49.888336 -22.726067
49.914646 -22.669300
49.940880 -22.612499
49.967037 -22.555664
49.993118 -22.498795
50.019123 -22.441891
50.045052 -22.384953
50.070904 -22.327980
50.096680 -22.270975
50.122379 -22.213938
50.148003 -22.156868
50.173550 -22.099766
50.199020 -22.042631
50.224415 -21.985464
50.249733 -21.928265
50.274975 -21.871033
50.300140 -21.813768
50.325230 -21.756472
50.350239 -21.699142
50.375168 -21.641781
50.400017 -21.584387
50.424786 -21.526960
50.449474 -21.469501
50.474083 -21.412010
50.498611 -21.354486
50.523060 -21.296930
50.547428 -21.239342
50.571716 -21.181721
50.595924 -21.124067
50.620052 -21.066383
50.644100 -21.008669
50.668068 -20.950924
50.691956 -20.893148
50.715763 -20.835342
50.739491 -20.777506
50.763138 -20.719639
50.786705 -20.661741
50.810192 -20.603813
50.833599 -20.545855
50.856926 -20.487865
50.880173 -20.429846
50.903339 -20.371796
50.926426 -20.313715
50.949432 -20.255604
50.972359 -20.197462
50.995205 -20.139290
51.017971 -20.081087
51.040657 -20.022854
51.063263 -19.964590
51.085789 -19.906296
51.108234 -19.847971
51.130600 -19.789618
51.152885 -19.731236
51.175091 -19.672825
51.197216 -19.614386
51.219261 -19.555918
51.241226 -19.497421
51.263111 -19.438896
51.284916 -19.380342
51.306641 -19.321760
51.328285 -19.263149
51.349850 -19.204510
51.371334 -19.145842
51.392738 -19.087145
51.414062 -19.028419
51.435307 -18.969666
51.456470 -18.910883
51.477554 -18.852072
51.498558 -18.793232
51.519482 -18.734364
51.540325 -18.675467
51.561089 -18.616541
51.581772 -18.557589
51.602375 -18.498610
51.622898 -18.439604
51.643341 -18.380571
51.663704 -18.321512
51.683987 -18.262426
51.704189 -18.203314
51.724312 -18.144175
51.744354 -18.085009
51.764317 -18.025816
51.784199 -17.966597
51.804001 -17.907351
51.823723 -17.848078
51.843365 -17.788778
51.862926 -17.729452
51.882408 -17.670099
51.901810 -17.610720
51.921131 -17.551313
51.940372 -17.491880
51.959534 -17.432421
51.978615 -17.372934
51.997616 -17.313423
52.016537 -17.253887
52.035378 -17.194326
52.054138 -17.134741
52.072819 -17.075130
52.091419 -17.015495
52.109940 -16.955835
52.128380 -16.896151
52.146740 -16.836441
52.165020 -16.776707
52.183220 -16.716948
52.201340 -16.657164
52.219379 -16.597355
52.237339 -16.537521
52.255219 -16.477663
52.273018 -16.417780
52.290737 -16.357872
52.308376 -16.297939
52.325935 -16.237982
52.343414 -16.177999
52.360813 -16.117994
52.378132 -16.057966
52.395370 -15.997914
52.412529 -15.937839
52.429607 -15.877739
52.446606 -15.817616
52.463524 -15.757469
52.480362 -15.697300
52.497120 -15.637108
52.513798 -15.576893
52.530396 -15.516655
52.546913 -15.456394
52.563351 -15.396111
52.579708 -15.335804
52.595985 -15.275475
52.612183 -15.215122
52.628300 -15.154748
52.644337 -15.094352
52.660294 -15.033934
52.676170 -14.973494
52.691967 -14.913032
52.707684 -14.852548
52.723320 -14.792042
52.738873 -14.731514
52.754341 -14.670964
52.769726 -14.610393
52.785027 -14.549800
52.800243 -14.489186
52.815376 -14.428552
52.830425 -14.367896
52.845390 -14.307220
52.860271 -14.246522
52.875069 -14.185803
52.889782 -14.125064
52.904411 -14.064303
52.918957 -14.003522
52.933418 -13.942719
52.947796 -13.881897
52.962090 -13.821054
52.976299 -13.760192
52.990425 -13.699309
53.004467 -13.638407
53.018425 -13.577484
53.032299 -13.516541
53.046089 -13.455579
53.059795 -13.394596
53.073418 -13.333593
53.086956 -13.272572
53.100410 -13.211531
53.113781 -13.150471
53.127068 -13.089392
53.140270 -13.028294
53.153389 -12.967176
53.166424 -12.906040
53.179375 -12.844885
53.192242 -12.783710
53.205025 -12.722517
53.217724 -12.661305
53.230339 -12.600076
53.242870 -12.538828
53.255318 -12.477562
53.267681 -12.416278
53.279961 -12.354976
53.292156 -12.293655
53.304268 -12.232317
53.316296 -12.170960
53.328239 -12.109586
53.340099 -12.048194
53.351875 -11.986785
53.363567 -11.925359
53.375175 -11.863915
53.386700 -11.802455
53.398140 -11.740977
53.409496 -11.679482
53.420769 -11.617970
53.431957 -11.556441
53.443062 -11.494895
53.454082 -11.433332
53.465019 -11.371754
53.475872 -11.310159
53.486641 -11.248548
53.497326 -11.186920
53.507927 -11.125277
53.518444 -11.063617
53.528877 -11.001941
53.539227 -10.940248
53.549492 -10.878540
53.559673 -10.816816
53.569771 -10.755077
53.579784 -10.693323
53.589714 -10.631554
53.599560 -10.569769
53.609322 -10.507969
53.618999 -10.446154
53.628593 -10.384323
53.638103 -10.322477
53.647530 -10.260616
53.656872 -10.198741
53.666130 -10.136851
53.675304 -10.074947
53.684395 -10.013029
53.693401 -9.951097
53.702324 -9.889150
53.711163 -9.827188
53.719917 -9.765213
53.728588 -9.703223
53.737175 -9.641219
53.745678 -9.579201
53.754097 -9.517169
53.762432 -9.455124
53.770683 -9.393065
53.778851 -9.330994
53.786934 -9.268909
53.794933 -9.206810
53.802849 -9.144698
53.810680 -9.082573
53.818428 -9.020434
53.826092 -8.958282
53.833672 -8.896118
53.841167 -8.833941
53.848579 -8.771752
53.855907 -8.709551
53.863152 -8.647337
53.870312 -8.585111
53.877388 -8.522872
53.884380 -8.460621
53.891289 -8.398357
53.898113 -8.336082
53.904854 -8.273794
53.911510 -8.211495
53.918083 -8.149185
53.924572 -8.086864
53.930977 -8.024530
53.937298 -7.962186
53.943535 -7.899830
53.949688 -7.837463
53.955757 -7.775085
53.961742 -7.712696
53.967644 -7.650296
53.973461 -7.587885
53.979195 -7.525464
53.984844 -7.463032
53.990410 -7.400590
53.995892 -7.338137
54.001289 -7.275674
54.006603 -7.213201
54.011833 -7.150717
54.016979 -7.088224
54.022041 -7.025721
54.027020 -6.963207
54.031914 -6.900684
54.036724 -6.838152
54.041451 -6.775610
54.046093 -6.713058
54.050652 -6.650497
54.055126 -6.587927
54.059517 -6.525348
54.063824 -6.462760
54.068047 -6.400163
54.072186 -6.337556
54.076241 -6.274941
54.080212 -6.212318
54.084099 -6.149686
54.087902 -6.087045
54.091621 -6.024396
54.095257 -5.961739
54.098808 -5.899073
54.102276 -5.836400
54.105659 -5.773718
54.108959 -5.711029
54.112175 -5.648332
54.115307 -5.585627
54.118355 -5.522915
54.121319 -5.460195
54.124199 -5.397468
54.126995 -5.334734
54.129707 -5.271993
54.132336 -5.209244
54.134880 -5.146489
54.137341 -5.083726
54.139717 -5.020957
54.142010 -4.958182
54.144218 -4.895400
54.146343 -4.832611
54.148384 -4.769815
54.150341 -4.707014
54.152214 -4.644207
54.154003 -4.581393
54.155704 -4.518573
54.157318 -4.455747
54.158844 -4.392916
54.160282 -4.330079
54.161633 -4.267236
54.162895 -4.204387
54.164070 -4.141533
54.165157 -4.078674
54.166157 -4.015810
54.167068 -3.952941
54.167892 -3.890066
54.168629 -3.827187
54.169277 -3.764303
54.169838 -3.701414
54.170311 -3.638521
54.170696 -3.575623
54.170994 -3.512720
54.171204 -3.449814
54.171326 -3.386903
54.171360 -3.323987
54.171307 -3.261068
54.171165 -3.198145
54.170937 -3.135219
54.170620 -3.072288
54.170216 -3.009354
54.169724 -2.946416
54.169144 -2.883475
54.168476 -2.820531
54.167721 -2.757583
54.166878 -2.694632
54.165947 -2.631678
54.164928 -2.568721
54.163822 -2.505762
54.162628 -2.442799
54.161346 -2.379834
54.159977 -2.316867
54.158520 -2.253897
54.156975 -2.190925
54.155342 -2.127950
54.153622 -2.064974
54.151814 -2.001995
54.149918 -1.939014
54.147934 -1.876032
54.145863 -1.813048
54.143703 -1.750062
54.141457 -1.687074
54.139122 -1.624085
54.136700 -1.561095
54.134190 -1.498104
54.131592 -1.435111
54.128906 -1.372118
54.126133 -1.309123
54.123272 -1.246127
54.120323 -1.183131
54.117287 -1.120135
54.114162 -1.057137
54.110950 -0.994140
54.107651 -0.931142
54.104263 -0.868143
54.100788 -0.805145
54.097225 -0.742147
54.093575 -0.679148
54.089836 -0.616150
54.086010 -0.553152
54.082096 -0.490155
54.078094 -0.427158
54.074005 -0.364161
54.069828 -0.301166
54.065563 -0.238171
54.061211 -0.175177
54.056770 -0.112183
54.052242 -0.049191
54.047626 0.013800
54.042923 0.076789
54.038132 0.139777
54.033253 0.202764
54.028286 0.265749
54.023232 0.328733
54.018089 0.391714
54.012859 0.454694
54.007542 0.517672
54.002136 0.580647
53.996643 0.643621
53.991062 0.706592
53.985394 0.769561
53.979637 0.832527
53.973793 0.895490
53.967861 0.958451
53.961842 1.021410
53.955734 1.084365
53.949539 1.147317
53.943256 1.210266
53.936886 1.273212
53.930428 1.336155
53.923882 1.399094
53.917248 1.462030
53.910526 1.524962
53.903717 1.587890
53.896820 1.650814
53.889835 1.713735
53.882763 1.776652
53.875603 1.839564
53.868355 1.902472
53.861019 1.965376
53.853596 2.028275
53.846085 2.091170
53.838486 2.154060
53.830799 2.216945
53.823025 2.279826
53.815163 2.342701
53.807213 2.405572
53.799175 2.468437
53.791050 2.531297
53.782837 2.594151
53.774536 2.657001
53.766148 2.719844
53.757671 2.782682
53.749107 2.845514
53.740456 2.908340
53.731716 2.971160
53.722889 3.033974
53.713974 3.096782
53.704971 3.159584
53.695881 3.222379
53.686703 3.285168
53.677437 3.347950
53.668083 3.410725
53.658642 3.473494
53.649113 3.536255
53.639496 3.599010
53.629791 3.661757
53.619999 3.724497
53.610119 3.787230
53.600151 3.849955
53.590096 3.912673
53.579952 3.975383
53.569721 4.038085
53.559402 4.100780
53.548996 4.163466
53.538502 4.226144
53.527920 4.288815
53.517250 4.351477
53.506493 4.414130
53.495647 4.476775
53.484715 4.539412
53.473694 4.602039
53.462585 4.664659
53.451389 4.727269
53.440105 4.789870
53.428734 4.852462
53.417274 4.915045
53.405727 4.977618
53.394093 5.040182
53.382370 5.102736
53.370560 5.165281
53.358662 5.227817
53.346676 5.290342
53.334602 5.352857
53.322441 5.415362
53.310192 5.477858
53.297855 5.540342
53.285431 5.602817
53.272919 5.665280
53.260319 5.727734
53.247631 5.790176
53.234856 5.852608
53.221992 5.915029
53.209042 5.977439
53.196003 6.039838
53.182877 6.102225
53.169662 6.164601
53.156361 6.226966
53.142971 6.289319
53.129494 6.351661
53.115929 6.413990
53.102276 6.476308
53.088535 6.538614
53.074707 6.600908
53.060791 6.663190
53.046787 6.725459
53.032696 6.787716
53.018517 6.849960
53.004250 6.912192
52.989895 6.974411
52.975452 7.036616
52.960922 7.098809
52.946304 7.160989
52.931599 7.223156
52.916805 7.285309
52.901924 7.347449
52.886955 7.409576
52.871899 7.471689
52.856754 7.533788
52.841522 7.595873
52.826202 7.657944
52.810795 7.720002
52.795300 7.782045
52.779716 7.844074
52.764046 7.906088
52.748287 7.968089
52.732441 8.030074
52.716507 8.092045
52.700485 8.154000
52.684376 8.215940
52.668179 8.277865
52.651894 8.339775
52.635521 8.401670
52.619061 8.463549
52.602512 8.525413
52.585876 8.587261
52.569153 8.649095
52.552341 8.710912
52.535442 8.772713
52.518456 8.834497
52.501381 8.896266
52.484219 8.958018
52.466969 9.019754
52.449631 9.081474
52.432205 9.143178
52.414692 9.204865
52.397091 9.266536
52.379402 9.328189
52.361626 9.389825
52.343761 9.451444
52.325809 9.513045
52.307770 9.574630
52.289642 9.636197
52.271427 9.697747
52.253124 9.759280
52.234734 9.820795
52.216255 9.882292
52.197689 9.943770
52.179035 10.005231
52.160294 10.066673
52.141464 10.128098
52.122547 10.189504
52.103542 10.250892
52.084450 10.312261
52.065269 10.373610
52.046001 10.434941
52.026646 10.496253
52.007202 10.557546
51.987671 10.618819
51.968052 10.680074
51.948345 10.741309
51.928551 10.802526
51.908669 10.863722
51.888699 10.924898
51.868641 10.986054
51.848495 11.047191
51.828262 11.108307
51.807941 11.169403
51.787533 11.230479
51.767036 11.291535
51.746452 11.352571
51.725780 11.413585
51.705021 11.474578
51.684174 11.535550
51.663239 11.596501
51.642216 11.657432
51.621105 11.718341
51.599907 11.779229
51.578621 11.840096
51.557247 11.900942
51.535786 11.961765
51.514236 12.022567
51.492599 12.083346
51.470875 12.144104
51.449062 12.204840
51.427162 12.265553
51.405174 12.326245
51.383099 12.386915
51.360935 12.447562
51.338684 12.508186
51.316345 12.568788
51.293919 12.629366
51.271404 12.689921
51.248802 12.750454
51.226112 12.810964
51.203335 12.871450
51.180470 12.931913
51.157516 12.992352
51.134476 13.052768
51.111347 13.113159
51.088131 13.173527
51.064827 13.233871
51.041435 13.294190
51.017956 13.354486
50.994389 13.414758
50.970734 13.475004
50.946991 13.535226
50.923161 13.595423
50.899242 13.655595
50.875237 13.715742
50.851143 13.775865
50.826962 13.835962
50.802692 13.896035
50.778336 13.956082
50.753891 14.016104
50.729359 14.076099
50.704739 14.136069
50.680031 14.196013
50.655235 14.255932
50.630352 14.315825
50.605381 14.375691
50.580322 14.435532
50.555176 14.495345
50.529942 14.555132
50.504620 14.614892
50.479210 14.674625
50.453712 14.734332
50.428127 14.794012
50.402454 14.853665
50.376694 14.913291
50.350845 14.972889
50.324909 15.032459
50.298885 15.092002
50.272774 15.151517
50.246574 15.211004
50.220287 15.270464
50.193913 15.329896
50.167450 15.389300
50.140900 15.448676
50.114262 15.508023
50.087536 15.567342
50.060722 15.626632
50.033821 15.685893
50.006832 15.745126
49.979755 15.804330
49.952591 15.863505
49.925339 15.922651
49.897999 15.981768
49.870571 16.040855
49.843056 16.099915
49.815453 16.158943
49.787762 16.217941
49.759983 16.276909
49.732117 16.335846
49.704163 16.394753
49.676121 16.453629
49.647991 16.512474
49.619774 16.571289
49.591469 16.630074
49.563076 16.688828
49.534595 16.747551
49.506027 16.806244
49.477371 16.864906
49.448627 16.923538
49.419796 16.982140
49.390877 17.040710
49.361870 17.099249
49.332775 17.157755
49.303593 17.216228
49.274323 17.274670
49.244965 17.333078
49.215519 17.391455
49.185986 17.449799
49.156364 17.508110
49.126656 17.566389
49.096859 17.624636
49.066975 17.682850
49.037003 17.741032
49.006943 17.799181
48.976795 17.857298
48.946560 17.915382
48.916237 17.973434
48.885826 18.031452
48.855328 18.089436
48.824741 18.147385
48.794067 18.205299
48.763306 18.263180
48.732456 18.321026
48.701519 18.378838
48.670494 18.436615
48.639381 18.494358
48.608181 18.552067
48.576893 18.609741
48.545517 18.667381
48.514053 18.724987
48.482502 18.782558
48.450863 18.840096
48.419136 18.897598
48.387321 18.955065
48.355419 19.012495
48.323429 19.069889
48.291351 19.127247
48.259186 19.184568
48.226933 19.241854
48.194592 19.299103
48.162163 19.356316
48.129646 19.413492
48.097042 19.470633
48.064350 19.527737
48.031570 19.584805
47.998703 19.641836
47.965748 19.698832
47.932705 19.755791
47.899574 19.812714
47.866356 19.869598
47.833050 19.926445
47.799656 19.983253
47.766174 20.040024
47.732605 20.096756
47.698948 20.153450
47.665203 20.210106
47.631371 20.266724
47.597450 20.323303
47.563442 20.379845
47.529346 20.436348
47.495163 20.492813
47.460892 20.549240
47.426533 20.605629
47.392086 20.661980
47.357552 20.718292
47.322929 20.774565
47.288219 20.830797
47.253422 20.886990
47.218536 20.943142
47.183563 20.999254
47.148502 21.055326
47.113354 21.111359
47.078117 21.167351
47.042793 21.223303
47.007381 21.279215
46.971882 21.335087
46.936295 21.390919
46.900620 21.446711
46.864857 21.502462
46.829006 21.558174
46.793068 21.613844
46.757042 21.669472
46.720928 21.725058
46.684727 21.780602
46.648438 21.836103
46.612061 21.891563
46.575596 21.946981
46.539043 22.002357
46.502407 22.057692
46.465687 22.112984
46.428883 22.168234
46.391994 22.223442
46.355022 22.278608
46.317966 22.333733
46.280827 22.388815
46.243603 22.443855
46.206295 22.498852
46.168903 22.553804
46.131428 22.608713
46.093868 22.663578
46.056225 22.718399
46.018497 22.773176
45.980686 22.827909
45.942791 22.882599
45.904812 22.937244
45.866749 22.991846
45.828602 23.046404
45.790371 23.100918
45.752056 23.155388
45.713657 23.209814
45.675175 23.264196
45.636608 23.318533
45.597958 23.372824
45.559223 23.427069
45.520405 23.481268
45.481503 23.535421
45.442516 23.589529
45.403446 23.643591
45.364292 23.697607
45.325054 23.751577
45.285732 23.805502
45.246326 23.859381
45.206837 23.913214
45.167263 23.967001
45.127605 24.020742
45.087864 24.074438
45.048038 24.128086
45.008129 24.181686
44.968136 24.235239
44.928059 24.288744
44.887897 24.342201
44.847652 24.395611
44.807323 24.448973
44.766911 24.502287
44.726414 24.555553
44.685833 24.608772
44.645168 24.661943
44.604420 24.715067
44.563587 24.768143
44.522671 24.821171
44.481670 24.874151
44.440586 24.927082
44.399418 24.979963
44.358166 25.032795
44.316830 25.085577
44.275410 25.138309
44.233906 25.190992
44.192318 25.243626
44.150646 25.296209
44.108891 25.348743
44.067051 25.401228
44.025127 25.453663
43.983120 25.506048
43.941029 25.558384
43.898853 25.610670
43.856594 25.662907
43.814251 25.715092
43.771824 25.767225
43.729313 25.819307
43.686718 25.871338
43.644039 25.923317
43.601276 25.975245
43.558430 26.027121
43.515499 26.078945
43.472485 26.130718
43.429386 26.182440
43.386204 26.234110
43.342937 26.285728
43.299587 26.337296
43.256153 26.388811
43.212635 26.440273
43.169033 26.491682
43.125347 26.543037
43.081577 26.594339
43.037724 26.645588
42.993786 26.696783
42.949764 26.747925
42.905659 26.799013
42.861469 26.850048
42.817196 26.901030
42.772839 26.951958
42.728397 27.002832
42.683872 27.053654
42.639263 27.104422
42.594570 27.155136
42.549793 27.205795
42.504932 27.256399
42.459988 27.306948
42.414959 27.357441
42.369846 27.407879
42.324650 27.458261
42.279369 27.508589
42.234005 27.558861
42.188557 27.609077
42.143024 27.659239
42.097408 27.709345
42.051708 27.759396
42.005924 27.809391
41.960056 27.859331
41.914104 27.909216
41.868069 27.959044
41.821949 28.008814
41.775745 28.058527
41.729458 28.108183
41.683086 28.157782
41.636631 28.207323
41.590092 28.256807
41.543472 28.306234
41.496773 28.355604
41.449993 28.404917
41.403133 28.454172
41.356194 28.503370
41.309174 28.552511
41.262074 28.601595
41.214893 28.650620
41.167633 28.699585
41.120293 28.748491
41.072872 28.797338
41.025372 28.846127
40.977791 28.894855
40.930130 28.943525
40.882389 28.992136
40.834568 29.040688
40.786667 29.089180
40.738686 29.137613
40.690624 29.185987
40.642483 29.234303
40.594261 29.282558
40.545959 29.330753
40.497578 29.378887
40.449116 29.426960
40.400574 29.474972
40.351952 29.522923
40.303249 29.570812
40.254467 29.618641
40.205605 29.666409
40.156662 29.714115
40.107639 29.761761
40.058537 29.809345
40.009354 29.856869
39.960091 29.904331
39.910748 29.951733
39.861324 29.999071
39.811821 30.046347
39.762238 30.093559
39.712574 30.140709
39.662830 30.187796
39.613007 30.234819
39.563103 30.281780
39.513119 30.328678
39.463055 30.375513
39.412910 30.422285
39.362686 30.468994
39.312382 30.515640
39.261997 30.562223
39.211533 30.608744
39.160988 30.655199
39.110363 30.701590
39.059658 30.747915
39.008873 30.794176
38.958008 30.840372
38.907063 30.886503
38.856037 30.932570
38.804932 30.978571
38.753746 31.024508
38.702480 31.070379
38.651134 31.116186
38.599709 31.161928
38.548203 31.207605
38.496616 31.253218
38.444950 31.298763
38.393204 31.344242
38.341377 31.389654
38.289471 31.434999
38.237484 31.480278
38.185417 31.525490
38.133270 31.570635
38.081043 31.615713
38.028736 31.660725
37.976349 31.705669
37.923882 31.750547
37.871334 31.795359
37.818707 31.840103
37.765999 31.884781
37.713215 31.929390
37.660355 31.973930
37.607418 32.018402
37.554405 32.062805
37.501316 32.107140
37.448151 32.151405
37.394909 32.195602
37.341591 32.239731
37.288197 32.283791
37.234726 32.327782
37.181179 32.371704
37.127556 32.415558
37.073856 32.459343
37.020081 32.503059
36.966228 32.546707
36.912300 32.590286
36.858295 32.633797
36.804214 32.677238
36.750057 32.720612
36.695824 32.763916
36.641514 32.807152
36.587128 32.850315
36.532665 32.893406
36.478127 32.936424
36.423512 32.979370
36.368820 33.022243
36.314053 33.065044
36.259209 33.107773
36.204288 33.150429
36.149292 33.193012
36.094219 33.235523
36.039070 33.277962
35.983845 33.320328
35.928543 33.362621
35.873165 33.404842
35.817711 33.446991
35.762180 33.489067
35.706573 33.531071
35.650890 33.573002
35.595131 33.614861
35.539295 33.656647
35.483383 33.698360
35.427395 33.740002
35.371330 33.781570
35.315189 33.823067
35.258972 33.864491
35.202679 33.905842
35.146309 33.947121
35.089863 33.988323
35.033340 34.029449
34.976742 34.070499
34.920067 34.111473
34.863316 34.152370
34.806488 34.193192
34.749584 34.233936
34.692604 34.274605
34.635548 34.315197
34.578415 34.355713
34.521206 34.396152
34.463924 34.436516
34.406570 34.476803
34.349144 34.517014
34.291645 34.557148
34.234074 34.597206
34.176430 34.637188
34.118713 34.677094
34.060925 34.716923
34.003063 34.756676
33.945129 34.796352
33.887123 34.835953
33.829044 34.875477
33.770893 34.914925
33.712669 34.954296
33.654373 34.993591
33.596004 35.032810
33.537563 35.071949
33.479050 35.111008
33.420464 35.149986
33.361805 35.188885
33.303074 35.227703
33.244270 35.266441
33.185394 35.305099
33.126446 35.343678
33.067425 35.382175
33.008331 35.420593
32.949165 35.458931
32.889927 35.497189
32.830616 35.535366
32.771233 35.573463
32.711777 35.611481
32.652248 35.649418
32.592648 35.687275
32.532974 35.725052
32.473228 35.762749
32.413410 35.800365
32.353519 35.837902
32.293556 35.875359
32.233521 35.912735
32.173412 35.950031
32.113232 35.987247
32.052979 36.024384
31.992655 36.061436
31.932261 36.098404
31.871796 36.135288
31.811260 36.172089
31.750654 36.208805
31.689978 36.245438
31.629230 36.281986
31.568413 36.318451
31.507524 36.354832
31.446566 36.391129
31.385536 36.427341
31.324436 36.463470
31.263266 36.499516
31.202024 36.535477
31.140713 36.571354
31.079330 36.607147
31.017878 36.642857
30.956354 36.678482
30.894762 36.714024
30.833101 36.749481
30.771372 36.784855
30.709574 36.820145
30.647707 36.855350
30.585772 36.890472
30.523767 36.925510
30.461695 36.960464
30.399553 36.995335
30.337343 37.030117
30.275064 37.064812
30.212717 37.099419
30.150301 37.133938
30.087816 37.168369
30.025263 37.202713
29.962641 37.236969
29.899950 37.271137
29.837191 37.305218
29.774363 37.339211
29.711466 37.373116
29.648500 37.406933
29.585468 37.440662
29.522369 37.474304
29.459204 37.507858
29.395971 37.541325
29.332672 37.574703
29.269306 37.607994
29.205873 37.641197
29.142374 37.674313
29.078808 37.707340
29.015175 37.740280
28.951475 37.773132
28.887709 37.805897
28.823875 37.838573
28.759975 37.871162
28.696009 37.903660
28.631975 37.936066
28.567875 37.968380
28.503708 38.000603
28.439474 38.032734
28.375174 38.064774
28.310808 38.096722
28.246378 38.128578
28.181883 38.160343
28.117323 38.192017
28.052698 38.223598
27.988008 38.255089
27.923254 38.286488
27.858435 38.317795
27.793550 38.349010
27.728601 38.380135
27.663588 38.411167
27.598509 38.442108
27.533365 38.472958
27.468157 38.503716
27.402884 38.534382
27.337545 38.564957
27.272142 38.595440
27.206675 38.625832
27.141142 38.656132
27.075546 38.686340
27.009888 38.716454
26.944166 38.746471
26.878382 38.776394
26.812534 38.806221
26.746624 38.835953
26.680651 38.865589
26.614614 38.895130
26.548515 38.924576
26.482353 38.953926
26.416128 38.983181
26.349840 39.012341
26.283489 39.041405
26.217075 39.070374
26.150599 39.099247
26.084059 39.128025
26.017456 39.156708
25.950792 39.185295
25.884068 39.213787
25.817282 39.242184
25.750435 39.270485
25.683527 39.298691
25.616558 39.326801
25.549528 39.354816
25.482437 39.382736
25.415285 39.410561
25.348072 39.438290
25.280798 39.465919
25.213463 39.493450
25.146067 39.520882
25.078609 39.548214
25.011091 39.575447
24.943512 39.602581
24.875872 39.629616
24.808172 39.656551
24.740414 39.683388
24.672596 39.710125
24.604719 39.736763
24.536783 39.763302
24.468788 39.789742
24.400734 39.816082
24.332621 39.842323
24.264448 39.868465
24.196217 39.894508
24.127926 39.920452
24.059576 39.946297
23.991167 39.972042
23.922699 39.997688
23.854172 40.023235
23.785585 40.048683
23.716942 40.074032
23.648241 40.099281
23.579483 40.124432
23.510668 40.149479
23.441795 40.174423
23.372866 40.199265
23.303879 40.224003
23.234835 40.248638
23.165733 40.273170
23.096575 40.297600
23.027359 40.321926
22.958086 40.346149
22.888756 40.370270
22.819368 40.394287
22.749924 40.418201
22.680424 40.442013
22.610868 40.465721
22.541258 40.489326
22.471592 40.512829
22.401871 40.536228
22.332094 40.559525
22.262262 40.582718
22.192375 40.605808
22.122433 40.628796
22.052435 40.651680
21.982382 40.674461
21.912273 40.697140
21.842110 40.719715
21.771891 40.742188
21.701616 40.764557
21.631289 40.786819
21.560907 40.808975
21.490473 40.831024
21.419985 40.852966
21.349443 40.874802
21.278849 40.896530
21.208200 40.918152
21.137499 40.939667
21.066744 40.961075
20.995935 40.982376
20.925074 41.003571
20.854158 41.024658
20.783190 41.045639
20.712168 41.066513
20.641094 41.087280
20.569969 41.107941
20.498793 41.128494
20.427565 41.148941
20.356285 41.169281
20.284954 41.189514
20.213572 41.209641
20.142138 41.229660
20.070652 41.249573
19.999115 41.269379
19.927526 41.289078
19.855886 41.308670
19.784195 41.328152
19.712454 41.347523
19.640663 41.366783
19.568823 41.385933
19.496933 41.404972
19.424994 41.423901
19.353004 41.442719
19.280966 41.461426
19.208878 41.480022
19.136740 41.498508
19.064552 41.516884
18.992315 41.535149
18.920029 41.553303
18.847692 41.571346
18.775309 41.589279
18.702877 41.607101
18.630398 41.624813
18.557871 41.642414
18.485296 41.659904
18.412674 41.677284
18.340004 41.694553
18.267286 41.711712
18.194521 41.728760
18.121708 41.745697
18.048847 41.762524
17.975939 41.779240
17.902983 41.795845
17.829981 41.812336
17.756933 41.828712
17.683840 41.844975
17.610701 41.861122
17.537516 41.877155
17.464285 41.893074
17.391008 41.908878
17.317686 41.924568
17.244318 41.940144
17.170904 41.955605
17.097445 41.970951
17.023939 41.986183
16.950390 42.001301
16.876797 42.016304
16.803160 42.031193
16.729479 42.045967
16.655754 42.060627
16.581985 42.075172
16.508173 42.089603
16.434317 42.103920
16.360416 42.118122
16.286472 42.132210
16.212484 42.146183
16.138453 42.160042
16.064379 42.173786
15.990262 42.187416
15.916102 42.200932
15.841901 42.214329
15.767657 42.227608
15.693372 42.240768
15.619044 42.253811
15.544675 42.266735
15.470264 42.279541
15.395813 42.292229
15.321321 42.304798
15.246787 42.317249
15.172213 42.329582
15.097597 42.341797
15.022942 42.353893
14.948246 42.365871
14.873510 42.377731
14.798735 42.389473
14.723919 42.401096
14.649063 42.412601
14.574168 42.423988
14.499234 42.435257
14.424261 42.446407
14.349249 42.457439
14.274198 42.468353
14.199108 42.479149
14.123981 42.489826
14.048815 42.500385
13.973611 42.510826
13.898369 42.521149
13.823089 42.531353
13.747771 42.541435
13.672417 42.551395
13.597025 42.561234
13.521596 42.570950
13.446130 42.580544
13.370627 42.590015
13.295089 42.599365
13.219514 42.608593
13.143903 42.617699
13.068255 42.626682
12.992573 42.635544
12.916855 42.644283
12.841102 42.652901
12.765313 42.661396
12.689489 42.669769
12.613631 42.678020
12.537739 42.686150
12.461812 42.694157
12.385851 42.702042
12.309855 42.709805
12.233826 42.717445
12.157763 42.724964
12.081666 42.732361
12.005536 42.739635
11.929373 42.746788
11.853176 42.753819
11.776947 42.760727
11.700686 42.767513
11.624392 42.774178
11.548065 42.780716
11.471706 42.787128
11.395316 42.793415
11.318894 42.799576
11.242441 42.805611
11.165956 42.811520
11.089440 42.817303
11.012894 42.822960
10.936316 42.828491
10.859709 42.833897
10.783071 42.839176
10.706403 42.844330
10.629705 42.849358
10.552979 42.854259
10.476222 42.859035
10.399436 42.863686
10.322621 42.868210
10.245778 42.872608
10.168906 42.876881
10.092006 42.881027
10.015077 42.885048
9.938120 42.888943
9.861135 42.892712
9.784123 42.896355
9.707084 42.899872
9.630016 42.903263
9.552922 42.906528
9.475801 42.909668
9.398654 42.912682
9.321480 42.915569
9.244280 42.918327
9.167054 42.920956
9.089803 42.923454
9.012526 42.925823
8.935223 42.928062
8.857895 42.930172
8.780542 42.932152
8.703165 42.934002
8.625763 42.935722
8.548336 42.937313
8.470885 42.938774
8.393411 42.940105
8.315912 42.941307
8.238390 42.942379
8.160845 42.943321
8.083277 42.944134
8.005686 42.944817
7.928072 42.945370
7.850436 42.945793
7.772777 42.946087
7.695096 42.946251
7.617394 42.946285
7.539670 42.946190
7.461925 42.945965
7.384158 42.945610
7.306371 42.945126
7.228563 42.944511
7.150734 42.943768
7.072886 42.942894
6.995017 42.941891
6.917128 42.940758
6.839219 42.939491
6.761291 42.938091
6.683344 42.936558
6.605378 42.934891
6.527393 42.933090
6.449389 42.931156
6.371368 42.929089
6.293328 42.926888
6.215271 42.924553
6.137196 42.922085
6.059103 42.919483
5.980994 42.916748
5.902867 42.913879
5.824723 42.910877
5.746563 42.907742
5.668386 42.904472
5.590194 42.901070
5.511985 42.897533
5.433761 42.893864
5.355522 42.890060
5.277267 42.886124
5.198997 42.882053
5.120713 42.877850
5.042415 42.873512
4.964102 42.869041
4.885775 42.864437
4.807435 42.859699
4.729081 42.854828
4.650713 42.849823
4.572333 42.844685
4.493940 42.839413
4.415535 42.834007
4.337117 42.828468
4.258687 42.822796
4.180246 42.816990
4.101793 42.811047
4.023328 42.804966
3.944853 42.798748
3.866366 42.792393
3.787868 42.785900
3.709361 42.779270
3.630842 42.772503
3.552314 42.765598
3.473776 42.758556
3.395229 42.751377
3.316672 42.744061
3.238106 42.736607
3.159532 42.729015
3.080948 42.721287
3.002357 42.713421
2.923757 42.705418
2.845150 42.697277
2.766534 42.688999
2.687912 42.680584
2.609282 42.672031
2.530645 42.663342
2.452002 42.654514
2.373352 42.645550
2.294696 42.636448
2.216034 42.627209
2.137367 42.617832
2.058694 42.608318
1.980016 42.598667
1.901333 42.588879
1.822645 42.578953
1.743953 42.568890
1.665257 42.558689
1.586558 42.548351
1.507854 42.537876
1.429147 42.527264
1.350438 42.516514
1.271725 42.505627
1.193010 42.494602
1.114292 42.483440
1.035572 42.472137
0.956851 42.460693
0.878127 42.449108
0.799403 42.437382
0.720677 42.425514
0.641951 42.413506
0.563224 42.401356
0.484497 42.389065
0.405770 42.376633
0.327043 42.364059
0.248317 42.351345
0.169591 42.338490
0.090866 42.325493
0.012143 42.312355
-0.066579 42.299076
-0.145299 42.285656
-0.224017 42.272095
-0.302732 42.258392
-0.381446 42.244549
-0.460156 42.230564
-0.538863 42.216438
-0.617567 42.202171
-0.696267 42.187763
-0.774963 42.173214
-0.853655 42.158524
-0.932343 42.143692
-1.011025 42.128719
-1.089703 42.113605
-1.168376 42.098351
-1.247043 42.082954
-1.325704 42.067417
-1.404360 42.051739
-1.483009 42.035919
-1.561651 42.019958
-1.640286 42.003857
-1.718915 41.987614
-1.797536 41.971230
-1.876149 41.954704
-1.954754 41.938038
-2.033351 41.921230
-2.111940 41.904282
-2.190519 41.887192
-2.269090 41.869961
-2.347651 41.852589
-2.426203 41.835075
-2.504745 41.817421
-2.583277 41.799625
-2.661798 41.781689
-2.740309 41.763607
-2.818808 41.745380
-2.897296 41.727009
-2.975773 41.708492
-3.054238 41.689831
-3.132691 41.671024
-3.211132 41.652073
-3.289559 41.632977
-3.367974 41.613735
-3.446376 41.594349
-3.524764 41.574818
-3.603139 41.555141
-3.681499 41.535320
-3.759845 41.515354
-3.838176 41.495243
-3.916493 41.474987
-3.994794 41.454586
-4.073080 41.434040
-4.151349 41.413349
-4.229602 41.392513
-4.307839 41.371532
-4.386060 41.350407
-4.464263 41.329136
-4.542449 41.307720
-4.620617 41.286160
-4.698768 41.264454
-4.776901 41.242603
-4.855015 41.220608
-4.933110 41.198467
-5.011187 41.176182
-5.089244 41.153751
-5.167282 41.131176
-5.245299 41.108456
-5.323297 41.085590
-5.401274 41.062580
-5.479231 41.039425
-5.557167 41.016125
-5.635081 40.992680
-5.712974 40.969090
-5.790844 40.945354
-5.868693 40.921474
-5.946519 40.897449
-6.024322 40.873280
-6.102102 40.848965
-6.179859 40.824505
-6.257592 40.799900
-6.335301 40.775150
-6.412986 40.750256
-6.490646 40.725216
-6.568282 40.700031
-6.645892 40.674702
-6.723476 40.649227
-6.801035 40.623608
-6.878568 40.597843
-6.956075 40.571934
-7.033555 40.545879
-7.111007 40.519680
-7.188433 40.493336
-7.265831 40.466846
-7.343201 40.440212
-7.420543 40.413433
-7.497856 40.386509
-7.575141 40.359440
-7.652397 40.332226
-7.729623 40.304867
-7.806819 40.277363
-7.883986 40.249714
-7.961122 40.221920
-8.038227 40.193981
-8.115301 40.165897
-8.192344 40.137669
-8.269355 40.109295
-8.346334 40.080776
-8.423282 40.052113
-8.500196 40.023304
-8.577079 39.994350
-8.653928 39.965252
-8.730743 39.936008
-8.807526 39.906620
-8.884274 39.877087
-8.960987 39.847408
-9.037666 39.817585
-9.114310 39.787617
-9.190919 39.757504
-9.267492 39.727245
-9.344029 39.696842
-9.420530 39.666294
-9.496995 39.635601
-9.573422 39.604763
-9.649813 39.573780
-9.726166 39.542652
-9.802481 39.511379
-9.878757 39.479961
-9.954996 39.448395
-10.031196 39.416679
-10.107356 39.384815
-10.183477 39.352802
-10.259559 39.320641
-10.335600 39.288330
-10.411601 39.255871
-10.487561 39.223263
-10.563480 39.190506
-10.639359 39.157600
-10.715195 39.124546
-10.790989 39.091343
-10.866741 39.057991
-10.942451 39.024490
-11.018117 38.990841
-11.093740 38.957043
-11.169320 38.923096
-11.244856 38.889000
-11.320348 38.854755
-11.395795 38.820362
-11.471197 38.785820
-11.546555 38.751129
-11.621866 38.716290
-11.697132 38.681301
-11.772352 38.646164
-11.847526 38.610878
-11.922652 38.575447
-11.997732 38.539871
-12.072764 38.504150
-12.147749 38.468285
-12.222686 38.432274
-12.297574 38.396118
-12.372414 38.359818
-12.447205 38.323372
-12.521946 38.286781
-12.596638 38.250046
-12.671280 38.213165
-12.745872 38.176140
-12.820413 38.138969
-12.894902 38.101654
-12.969340 38.064194
-13.043727 38.026588
-13.118061 37.988838
-13.192343 37.950943
-13.266572 37.912903
-13.340748 37.874718
-13.414870 37.836388
-13.488939 37.797913
-13.562954 37.759293
-13.636914 37.720528
-13.710820 37.681618
-13.784671 37.642563
-13.858466 37.603363
-13.932206 37.564018
-14.005890 37.524529
-14.079517 37.484894
-14.153089 37.445114
-14.226603 37.405190
-14.300059 37.365120
-14.373459 37.324905
-14.446800 37.284546
-14.520083 37.244041
-14.593307 37.203392
-14.666472 37.162598
-14.739578 37.121658
-14.812624 37.080574
-14.885610 37.039345
-14.958535 36.997971
-15.031400 36.956451
-15.104203 36.914787
-15.176946 36.872978
-15.249626 36.831024
-15.322245 36.788925
-15.394801 36.746681
-15.467295 36.704292
-15.539725 36.661758
-15.612093 36.619080
-15.684397 36.576256
-15.756637 36.533287
-15.828812 36.490173
-15.900922 36.446915
-15.972967 36.403511
-16.044947 36.359962
-16.116861 36.316269
-16.188709 36.272430
-16.260490 36.228447
-16.332205 36.184319
-16.403852 36.140045
-16.475433 36.095627
-16.546946 36.051064
-16.618389 36.006355
-16.689764 35.961502
-16.761070 35.916504
-16.832308 35.871361
-16.903477 35.826073
-16.974575 35.780640
-17.045603 35.735062
-17.116560 35.689339
-17.187447 35.643471
-17.258263 35.597458
-17.329006 35.551300
-17.399677 35.504997
-17.470276 35.458549
-17.540802 35.411957
-17.611256 35.365219
-17.681637 35.318336
-17.751944 35.271309
-17.822176 35.224136
-17.892334 35.176819
-17.962418 35.129356
-18.032427 35.081753
-18.102360 35.034008
-18.172216 34.986122
-18.241997 34.938095
-18.311701 34.889927
-18.381329 34.841618
-18.450880 34.793167
-18.520353 34.744576
-18.589748 34.695843
-18.659065 34.646969
-18.728304 34.597954
-18.797464 34.548798
-18.866547 34.499500
-18.935549 34.450062
-19.004471 34.400482
-19.073313 34.350761
-19.142075 34.300900
-19.210756 34.250896
-19.279356 34.200752
-19.347874 34.150467
-19.416309 34.100040
-19.484663 34.049473
-19.552935 33.998764
-19.621124 33.947914
-19.689230 33.896923
-19.757252 33.845791
-19.825190 33.794518
-19.893044 33.743103
-19.960814 33.691547
-20.028498 33.639851
-20.096096 33.588013
-20.163609 33.536034
-20.231035 33.483913
-20.298376 33.431652
-20.365631 33.379250
-20.432798 33.326706
-20.499878 33.274021
-20.566870 33.221199
-20.633774 33.168240
-20.700590 33.115143
-20.767317 33.061909
-20.833954 33.008537
-20.900501 32.955029
-20.966959 32.901382
-21.033327 32.847599
-21.099606 32.793678
-21.165792 32.739620
-21.231888 32.685425
-21.297892 32.631092
-21.363804 32.576622
-21.429625 32.522015
-21.495352 32.467270
-21.560986 32.412388
-21.626526 32.357368
-21.691973 32.302212
-21.757326 32.246918
-21.822586 32.191486
-21.887751 32.135918
-21.952820 32.080212
-22.017794 32.024368
-22.082672 31.968390
-22.147455 31.912275
-22.212141 31.856026
-22.276730 31.799641
-22.341221 31.743120
-22.405615 31.686464
-22.469912 31.629673
-22.534111 31.572746
-22.598211 31.515684
-22.662212 31.458487
-22.726114 31.401154
-22.789917 31.343685
-22.853621 31.286083
-22.917225 31.228348
-22.980728 31.170479
-23.044130 31.112476
-23.107431 31.054340
-23.170631 30.996071
-23.233730 30.937668
-23.296726 30.879131
-23.359619 30.820461
-23.422409 30.761658
-23.485096 30.702721
-23.547680 30.643652
-23.610161 30.584452
-23.672537 30.525120
-23.734808 30.465656
-23.796974 30.406061
-23.859035 30.346334
-23.920992 30.286476
-23.982841 30.226486
-24.044584 30.166365
-24.106220 30.106112
-24.167749 30.045727
-24.229172 29.985212
-24.290487 29.924568
-24.351694 29.863794
-24.412792 29.802891
-24.473782 29.741858
-24.534662 29.680695
-24.595434 29.619402
-24.656097 29.557980
-24.716650 29.496428
-24.777092 29.434746
-24.837423 29.372934
-24.897644 29.310995
-24.957754 29.248928
-25.017752 29.186733
-25.077637 29.124411
-25.137409 29.061960
-25.197069 28.999382
-25.256617 28.936676
-25.316051 28.873842
-25.375372 28.810881
-25.434578 28.747793
-25.493670 28.684580
-25.552647 28.621241
-25.611509 28.557775
-25.670258 28.494184
-25.728889 28.430468
-25.787405 28.366625
-25.845804 28.302656
-25.904087 28.238562
-25.962254 28.174341
-26.020304 28.109997
-26.078236 28.045528
-26.136049 27.980936
-26.193745 27.916220
-26.251322 27.851379
-26.308781 27.786415
-26.366119 27.721327
-26.423338 27.656115
-26.480436 27.590780
-26.537415 27.525324
-26.594273 27.459745
-26.651011 27.394045
-26.707626 27.328222
-26.764120 27.262278
-26.820492 27.196211
-26.876741 27.130022
-26.932869 27.063711
-26.988874 26.997280
-27.044756 26.930729
-27.100513 26.864058
-27.156147 26.797266
-27.211657 26.730354
-27.267042 26.663322
-27.322304 26.596170
-27.377439 26.528898
-27.432449 26.461508
-27.487333 26.393999
-27.542091 26.326372
-27.596724 26.258627
-27.651230 26.190763
-27.705608 26.122782
-27.759859 26.054682
-27.813982 25.986464
-27.867977 25.918129
-27.921844 25.849678
-27.975584 25.781111
-28.029194 25.712427
-28.082674 25.643627
-28.136024 25.574711
-28.189245 25.505678
-28.242336 25.436531
-28.295298 25.367270
-28.348127 25.297894
-28.400826 25.228403
-28.453392 25.158798
-28.505827 25.089079
-28.558130 25.019245
-28.610302 24.949297
-28.662340 24.879236
-28.714245 24.809063
-28.766016 24.738777
-28.817654 24.668379
-28.869158 24.597868
-28.920528 24.527245
-28.971766 24.456509
-29.022867 24.385662
-29.073833 24.314705
-29.124664 24.243637
-29.175360 24.172459
-29.225920 24.101170
-29.276344 24.029770
-29.326632 23.958260
-29.376781 23.886641
-29.426794 23.814913
-29.476669 23.743076
-29.526407 23.671131
-29.576008 23.599077
-29.625469 23.526915
-29.674791 23.454643
-29.723974 23.382265
-29.773018 23.309780
-29.821922 23.237188
-29.870687 23.164490
-29.919313 23.091684
-29.967798 23.018772
-30.016142 22.945755
-30.064344 22.872633
-30.112406 22.799406
-30.160326 22.726074
-30.208105 22.652637
-30.255743 22.579096
-30.303238 22.505449
-30.350590 22.431700
-30.397799 22.357847
-30.444864 22.283892
-30.491787 22.209833
-30.538567 22.135672
-30.585201 22.061407
-30.631691 21.987041
-30.678036 21.912575
-30.724236 21.838007
-30.770290 21.763338
-30.816200 21.688568
-30.861965 21.613697
-30.907583 21.538727
-30.953054 21.463657
-30.998379 21.388489
-31.043556 21.313221
-31.088587 21.237854
-31.133471 21.162388
-31.178207 21.086823
-31.222795 21.011160
-31.267235 20.935400
-31.311525 20.859543
-31.355667 20.783588
-31.399660 20.707537
-31.443504 20.631388
-31.487200 20.555143
-31.530745 20.478804
-31.574139 20.402369
-31.617382 20.325838
-31.660475 20.249212
-31.703417 20.172493
-31.746208 20.095680
-31.788849 20.018774
-31.831339 19.941774
-31.873676 19.864681
-31.915861 19.787495
-31.957893 19.710217
-31.999773 19.632847
-32.041500 19.555386
-32.083073 19.477833
-32.124493 19.400188
-32.165760 19.322453
-32.206875 19.244627
-32.247837 19.166712
-32.288647 19.088707
-32.329300 19.010612
-32.369797 18.932428
-32.410137 18.854155
-32.450321 18.775793
-32.490349 18.697344
-32.530220 18.618807
-32.569935 18.540182
-32.609493 18.461470
-32.648895 18.382671
-32.688141 18.303787
-32.727230 18.224817
-32.766163 18.145761
-32.804939 18.066620
-32.843559 17.987392
-32.882023 17.908081
-32.920330 17.828686
-32.958477 17.749207
-32.996464 17.669643
-33.034290 17.589996
-33.071957 17.510267
-33.109463 17.430456
-33.146809 17.350563
-33.183994 17.270588
-33.221020 17.190531
-33.257885 17.110394
-33.294590 17.030176
-33.331135 16.949879
-33.367519 16.869501
-33.403744 16.789043
-33.439808 16.708506
-33.475712 16.627890
-33.511456 16.547195
-33.547039 16.466423
-33.582458 16.385572
-33.617714 16.304644
-33.652805 16.223639
-33.687733 16.142557
-33.722496 16.061399
-33.757095 15.980165
-33.791531 15.898856
-33.825802 15.817472
-33.859909 15.736012
-33.893852 15.654479
-33.927631 15.572871
-33.961246 15.491190
-33.994698 15.409435
-34.027985 15.327608
-34.061108 15.245708
-34.094067 15.163736
-34.126862 15.081693
-34.159492 14.999578
-34.191956 14.917392
-34.224251 14.835135
-34.256378 14.752809
-34.288338 14.670412
-34.320129 14.587946
-34.351753 14.505411
-34.383209 14.422808
-34.414497 14.340136
-34.445618 14.257396
-34.476570 14.174588
-34.507355 14.091714
-34.537971 14.008773
-34.568420 13.925765
-34.598701 13.842691
-34.628815 13.759552
-34.658760 13.676348
-34.688538 13.593079
-34.718147 13.509745
-34.747589 13.426347
-34.776863 13.342885
-34.805965 13.259360
-34.834896 13.175773
-34.863655 13.092123
-34.892242 13.008411
-34.920658 12.924638
-34.948902 12.840803
-34.976974 12.756907
-35.004875 12.672952
-35.032604 12.588936
-35.060162 12.504860
-35.087547 12.420725
-35.114761 12.336531
-35.141804 12.252278
-35.168674 12.167968
-35.195374 12.083600
-35.221901 11.999175
-35.248257 11.914693
-35.274441 11.830154
-35.300453 11.745560
-35.326294 11.660910
-35.351963 11.576204
-35.377460 11.491444
-35.402786 11.406629
-35.427940 11.321759
-35.452919 11.236836
-35.477722 11.151860
-35.502350 11.066832
-35.526802 10.981750
-35.551079 10.896617
-35.575180 10.811432
-35.599106 10.726195
-35.622856 10.640908
-35.646431 10.555571
-35.669830 10.470183
-35.693054 10.384747
-35.716103 10.299261
-35.738976 10.213727
-35.761673 10.128144
-35.784195 10.042514
-35.806541 9.956836
-35.828712 9.871111
-35.850708 9.785339
-35.872528 9.699522
-35.894173 9.613659
-35.915642 9.527750
-35.936935 9.441796
-35.958054 9.355798
-35.978996 9.269755
-35.999763 9.183669
-36.020355 9.097540
-36.040771 9.011368
-36.061012 8.925153
-36.081078 8.838896
-36.100967 8.752597
-36.120678 8.666257
-36.140209 8.579876
-36.159561 8.493455
-36.178734 8.406994
-36.197727 8.320494
-36.216541 8.233954
-36.235176 8.147376
-36.253632 8.060760
-36.271908 7.974105
-36.290005 7.887414
-36.307922 7.800685
-36.325661 7.713920
-36.343220 7.627119
-36.360600 7.540281
-36.377800 7.453409
-36.394821 7.366501
-36.411663 7.279560
-36.428326 7.192584
-36.444809 7.105575
-36.461113 7.018533
-36.477238 6.931458
-36.493183 6.844350
-36.508949 6.757210
-36.524536 6.670039
-36.539944 6.582837
-36.555172 6.495605
-36.570221 6.408342
-36.585091 6.321050
-36.599781 6.233728
-36.614292 6.146378
-36.628624 6.058999
-36.642776 5.971592
-36.656750 5.884157
-36.670544 5.796695
-36.684158 5.709207
-36.697594 5.621692
-36.710850 5.534151
-36.723927 5.446585
-36.736824 5.358994
-36.749542 5.271379
-36.762081 5.183739
-36.774441 5.096076
-36.786621 5.008389
-36.798622 4.920679
-36.810444 4.832946
-36.822086 4.745192
-36.833549 4.657416
-36.844833 4.569620
-36.855934 4.481802
-36.866852 4.393965
-36.877586 4.306108
-36.888138 4.218231
-36.898506 4.130335
-36.908691 4.042421
-36.918694 3.954488
-36.928513 3.866538
-36.938148 3.778571
-36.947601 3.690587
-36.956871 3.602586
-36.965958 3.514570
-36.974861 3.426538
-36.983582 3.338490
-36.992119 3.250429
-37.000473 3.162353
-37.008644 3.074263
-37.016632 2.986160
-37.024437 2.898044
-37.032059 2.809916
-37.039497 2.721776
-37.046753 2.633624
-37.053825 2.545461
-37.060715 2.457287
-37.067421 2.369103
-37.073944 2.280909
-37.080284 2.192705
-37.086441 2.104493
-37.092415 2.016272
-37.098206 1.928043
-37.103813 1.839806
-37.109238 1.751562
-37.114479 1.663311
-37.119537 1.575054
-37.124413 1.486790
-37.129105 1.398522
-37.133614 1.310248
-37.137939 1.221969
-37.142082 1.133686
-37.146042 1.045400
-37.149818 0.957110
-37.153412 0.868817
-37.156822 0.780522
-37.160049 0.692225
-37.163094 0.603926
-37.165955 0.515626
-37.168633 0.427325
-37.171127 0.339024
-37.173439 0.250723
-37.175568 0.162422
-37.177513 0.074122
-37.179276 -0.014176
-37.180855 -0.102472
-37.182251 -0.190766
-37.183464 -0.279057
-37.184494 -0.367346
-37.185341 -0.455630
-37.186005 -0.543911
-37.186485 -0.632187
-37.186783 -0.720458
-37.186897 -0.808725
-37.186829 -0.896985
-37.186577 -0.985239
-37.186142 -1.073487
-37.185524 -1.161727
-37.184723 -1.249961
-37.183739 -1.338186
-37.182571 -1.426403
-37.181221 -1.514611
-37.179688 -1.602810
-37.177971 -1.691000
-37.176071 -1.779180
-37.173988 -1.867349
-37.171726 -1.955507
-37.169285 -2.043654
-37.166664 -2.131789
-37.163864 -2.219912
-37.160885 -2.308023
-37.157726 -2.396120
-37.154388 -2.484204
-37.150871 -2.572274
-37.147175 -2.660330
-37.143299 -2.748371
-37.139244 -2.836397
-37.135010 -2.924408
-37.130596 -3.012402
-37.126003 -3.100380
-37.121231 -3.188342
-37.116280 -3.276286
-37.111149 -3.364212
-37.105839 -3.452120
-37.100349 -3.540010
-37.094681 -3.627881
-37.088833 -3.715732
-37.082806 -3.803564
-37.076599 -3.891376
-37.070213 -3.979166
-37.063648 -4.066936
-37.056904 -4.154684
-37.049980 -4.242410
-37.042877 -4.330114
-37.035595 -4.417795
-37.028133 -4.505452
-37.020493 -4.593086
-37.012672 -4.680696
-37.004673 -4.768282
-36.996494 -4.855844
-36.988136 -4.943379
-36.979599 -5.030890
-36.970882 -5.118373
-36.961987 -5.205831
-36.952911 -5.293261
-36.943657 -5.380664
-36.934223 -5.468040
-36.924610 -5.555387
-36.914818 -5.642706
-36.904846 -5.729996
-36.894695 -5.817256
-36.884365 -5.904487
-36.873856 -5.991687
-36.863167 -6.078856
-36.852299 -6.165995
-36.841251 -6.253102
-36.830029 -6.340178
-36.818630 -6.427220
-36.807056 -6.514230
-36.795307 -6.601207
-36.783382 -6.688151
-36.771282 -6.775061
-36.759007 -6.861936
-36.746555 -6.948777
-36.733929 -7.035582
-36.721127 -7.122352
-36.708149 -7.209085
-36.694996 -7.295783
-36.681667 -7.382444
-36.668163 -7.469068
-36.654484 -7.555654
-36.640629 -7.642201
-36.626598 -7.728711
-36.612392 -7.815182
-36.598011 -7.901614
-36.583454 -7.988007
-36.568722 -8.074359
-36.553814 -8.160671
-36.538731 -8.246943
-36.523472 -8.333173
-36.508038 -8.419361
-36.492428 -8.505507
-36.476643 -8.591612
-36.460682 -8.677673
-36.444546 -8.763692
-36.428234 -8.849667
-36.411751 -8.935597
-36.395096 -9.021483
-36.378269 -9.107325
-36.361271 -9.193121
-36.344101 -9.278872
-36.326759 -9.364576
-36.309246 -9.450234
-36.291561 -9.535846
-36.273705 -9.621410
-36.255676 -9.706927
-36.237476 -9.792397
-36.219105 -9.877817
-36.200562 -9.963189
-36.181847 -10.048512
-36.162960 -10.133786
-36.143902 -10.219010
-36.124672 -10.304184
-36.105270 -10.389307
-36.085697 -10.474380
-36.065952 -10.559401
-36.046036 -10.644370
-36.025948 -10.729287
-36.005688 -10.814152
-35.985256 -10.898964
-35.964653 -10.983723
-35.943882 -11.068428
-35.922943 -11.153079
-35.901836 -11.237676
-35.880562 -11.322218
-35.859119 -11.406705
-35.837509 -11.491137
-35.815731 -11.575512
-35.793785 -11.659831
-35.771671 -11.744094
-35.749390 -11.828300
-35.726940 -11.912448
-35.704323 -11.996538
-35.681538 -12.080570
-35.658585 -12.164544
-35.635464 -12.248459
-35.612175 -12.332314
-35.588718 -12.416110
-35.565094 -12.499846
-35.541302 -12.583521
-35.517342 -12.667135
-35.493214 -12.750689
-35.468922 -12.834181
-35.444466 -12.917611
-35.419846 -13.000979
-35.395061 -13.084285
-35.370113 -13.167527
-35.345001 -13.250707
-35.319725 -13.333822
-35.294285 -13.416874
-35.268681 -13.499862
-35.242912 -13.582785
-35.216980 -13.665643
-35.190884 -13.748435
-35.164623 -13.831161
-35.138199 -13.913822
-35.111610 -13.996416
-35.084858 -14.078943
-35.057941 -14.161404
-35.030861 -14.243796
-35.003616 -14.326121
-34.976208 -14.408378
-34.948639 -14.490565
-34.920910 -14.572684
-34.893021 -14.654734
-34.864971 -14.736713
-34.836761 -14.818624
-34.808392 -14.900463
-34.779861 -14.982232
-34.751171 -15.063931
-34.722321 -15.145557
-34.693310 -15.227113
-34.664139 -15.308596
-34.634808 -15.390006
-34.605316 -15.471344
-34.575665 -15.552608
-34.545853 -15.633800
-34.515881 -15.714917
-34.485748 -15.795960
-34.455460 -15.876929
-34.425014 -15.957824
-34.394413 -16.038643
-34.363655 -16.119387
-34.332741 -16.200054
-34.301670 -16.280645
-34.270443 -16.361160
-34.239059 -16.441599
-34.207520 -16.521961
-34.175823 -16.602245
-34.143970 -16.682451
-34.111961 -16.762579
-34.079796 -16.842628
-34.047474 -16.922600
-34.014996 -17.002493
-33.982361 -17.082306
-33.949570 -17.162039
-33.916626 -17.241692
-33.883530 -17.321264
-33.850281 -17.400757
-33.816879 -17.480169
-33.783325 -17.559500
-33.749619 -17.638748
-33.715759 -17.717915
-33.681747 -17.796999
-33.647583 -17.876001
-33.613266 -17.954922
-33.578796 -18.033758
-33.544174 -18.112511
-33.509399 -18.191179
-33.474472 -18.269764
-33.439392 -18.348265
-33.404160 -18.426682
-33.368778 -18.505013
-33.333248 -18.583258
-33.297569 -18.661417
-33.261742 -18.739491
-33.225765 -18.817478
-33.189640 -18.895380
-33.153366 -18.973194
-33.116943 -19.050920
-33.080372 -19.128559
-33.043652 -19.206110
-33.006783 -19.283573
-32.969765 -19.360949
-32.932598 -19.438236
-32.895283 -19.515434
-32.857819 -19.592543
-32.820210 -19.669561
-32.782455 -19.746490
-32.744556 -19.823330
-32.706512 -19.900080
-32.668324 -19.976738
-32.629990 -20.053305
-32.591511 -20.129780
-32.552887 -20.206163
-32.514118 -20.282455
-32.475204 -20.358656
-32.436146 -20.434765
-32.396942 -20.510780
-32.357594 -20.586702
-32.318100 -20.662531
-32.278461 -20.738266
-32.238682 -20.813908
-32.198761 -20.889456
-32.158699 -20.964909
-32.118496 -21.040266
-32.078152 -21.115528
-32.037666 -21.190695
-31.997040 -21.265766
-31.956272 -21.340742
-31.915363 -21.415623
-31.874313 -21.490406
-31.833122 -21.565092
-31.791792 -21.639681
-31.750322 -21.714172
-31.708714 -21.788567
-31.666965 -21.862864
-31.625078 -21.937063
-31.583052 -22.011164
-31.540886 -22.085165
-31.498583 -22.159067
-31.456142 -22.232870
-31.413565 -22.306574
-31.370850 -22.380178
-31.327997 -22.453684
-31.285007 -22.527090
-31.241880 -22.600395
-31.198618 -22.673599
-31.155220 -22.746702
-31.111687 -22.819704
-31.068018 -22.892605
-31.024214 -22.965405
-30.980274 -23.038103
-30.936199 -23.110699
-30.891991 -23.183191
-30.847649 -23.255581
-30.803173 -23.327868
-30.758564 -23.400051
-30.713821 -23.472132
-30.668945 -23.544109
-30.623936 -23.615984
-30.578794 -23.687754
-30.533522 -23.759418
-30.488117 -23.830978
-30.442581 -23.902433
-30.396914 -23.973783
-30.351114 -24.045029
-30.305185 -24.116169
-30.259127 -24.187204
-30.212938 -24.258133
-30.166620 -24.328955
-30.120173 -24.399670
-30.073595 -24.470278
-30.026888 -24.540779
-29.980053 -24.611174
-29.933090 -24.681461
-29.886000 -24.751642
-29.838781 -24.821714
-29.791435 -24.891678
-29.743961 -24.961533
-29.696360 -25.031279
-29.648632 -25.100916
-29.600779 -25.170444
-29.552799 -25.239864
-29.504694 -25.309175
-29.456463 -25.378376
-29.408106 -25.447466
-29.359625 -25.516445
-29.311020 -25.585314
-29.262291 -25.654072
-29.213438 -25.722719
-29.164461 -25.791256
-29.115360 -25.859682
-29.066135 -25.927998
-29.016788 -25.996201
-28.967319 -26.064291
-28.917728 -26.132269
-28.868015 -26.200134
-28.818180 -26.267887
-28.768223 -26.335527
-28.718145 -26.403055
-28.667948 -26.470470
-28.617630 -26.537773
-28.567192 -26.604961
-28.516634 -26.672035
-28.465956 -26.738995
-28.415157 -26.805840
-28.364241 -26.872570
-28.313206 -26.939186
-28.262053 -27.005688
-28.210781 -27.072075
-28.159391 -27.138348
-28.107883 -27.204504
-28.056259 -27.270544
-28.004519 -27.336468
-27.952662 -27.402275
-27.900688 -27.467966
-27.848598 -27.533541
-27.796392 -27.598999
-27.744072 -27.664341
-27.691637 -27.729567
-27.639088 -27.794676
-27.586424 -27.859667
-27.533646 -27.924540
-27.480753 -27.989294
-27.427746 -28.053930
-27.374626 -28.118448
-27.321394 -28.182848
-27.268049 -28.247129
-27.214592 -28.311293
-27.161022 -28.375338
-27.107340 -28.439264
-27.053547 -28.503071
-26.999643 -28.566757
-26.945629 -28.630323
-26.891504 -28.693769
-26.837269 -28.757095
-26.782923 -28.820301
-26.728468 -28.883387
-26.673904 -28.946352
-26.619232 -29.009197
-26.564451 -29.071922
-26.509562 -29.134527
-26.454563 -29.197010
-26.399458 -29.259371
-26.344246 -29.321609
-26.288927 -29.383726
-26.233501 -29.445721
-26.177969 -29.507593
-26.122330 -29.569344
-26.066584 -29.630972
-26.010733 -29.692478
-25.954777 -29.753862
-25.898716 -29.815125
-25.842550 -29.876263
-25.786280 -29.937277
-25.729904 -29.998167
-25.673426 -30.058933
-25.616844 -30.119576
-25.560160 -30.180094
-25.503372 -30.240488
-25.446482 -30.300758
-25.389488 -30.360905
-25.332394 -30.420927
-25.275198 -30.480825
-25.217901 -30.540600
-25.160503 -30.600250
-25.103004 -30.659775
-25.045404 -30.719173
-24.987705 -30.778446
-24.929907 -30.837593
-24.872009 -30.896614
-24.814013 -30.955509
-24.755917 -31.014278
-24.697721 -31.072922
-24.639427 -31.131439
-24.581036 -31.189831
-24.522547 -31.248096
-24.463961 -31.306236
-24.405277 -31.364250
-24.346497 -31.422136
-24.287619 -31.479895
-24.228645 -31.537525
-24.169577 -31.595028
-24.110413 -31.652403
-24.051153 -31.709650
-23.991798 -31.766769
-23.932348 -31.823761
-23.872805 -31.880625
-23.813168 -31.937361
-23.753437 -31.993969
-23.693613 -32.050449
-23.633696 -32.106800
-23.573685 -32.163021
-23.513582 -32.219112
-23.453388 -32.275074
-23.393103 -32.330906
-23.332726 -32.386608
-23.272257 -32.442181
-23.211697 -32.497623
-23.151047 -32.552937
-23.090307 -32.608120
-23.029478 -32.663174
-22.968559 -32.718098
-22.907551 -32.772892
-22.846453 -32.827557
-22.785267 -32.882092
-22.723993 -32.936497
-22.662632 -32.990772
-22.601183 -33.044918
-22.539646 -33.098934
-22.478022 -33.152821
-22.416309 -33.206577
-22.354511 -33.260204
-22.292627 -33.313702
-22.230658 -33.367069
-22.168602 -33.420307
-22.106461 -33.473415
-22.044233 -33.526390
-21.981922 -33.579231
-21.919527 -33.631939
-21.857048 -33.684513
-21.794485 -33.736954
-21.731838 -33.789261
-21.669107 -33.841434
-21.606295 -33.893475
-21.543400 -33.945381
-21.480423 -33.997154
-21.417364 -34.048794
-21.354223 -34.100300
-21.291000 -34.151672
-21.227697 -34.202911
-21.164314 -34.254017
-21.100851 -34.304989
-21.037308 -34.355827
-20.973684 -34.406532
-20.909981 -34.457104
-20.846199 -34.507542
-20.782339 -34.557846
-20.718401 -34.608017
-20.654385 -34.658054
-20.590290 -34.707958
-20.526117 -34.757729
-20.461866 -34.807365
-20.397539 -34.856869
-20.333136 -34.906239
-20.268656 -34.955475
-20.204100 -35.004578
-20.139467 -35.053547
-20.074759 -35.102383
-20.009975 -35.151085
-19.945118 -35.199654
-19.880186 -35.248089
-19.815180 -35.296391
-19.750099 -35.344559
-19.684944 -35.392593
-19.619717 -35.440495
-19.554417 -35.488262
-19.489044 -35.535896
-19.423599 -35.583397
-19.358082 -35.630760
-19.292492 -35.677986
-19.226831 -35.725075
-19.161100 -35.772026
-19.095299 -35.818840
-19.029427 -35.865517
-18.963484 -35.912056
-18.897470 -35.958458
-18.831387 -36.004723
-18.765234 -36.050850
-18.699013 -36.096840
-18.632723 -36.142693
-18.566364 -36.188408
-18.499937 -36.233986
-18.433441 -36.279427
-18.366879 -36.324730
-18.300249 -36.369896
-18.233553 -36.414925
-18.166790 -36.459816
-18.099960 -36.504570
-18.033064 -36.549187
-17.966103 -36.593666
-17.899076 -36.638008
-17.831985 -36.682213
-17.764830 -36.726280
-17.697609 -36.770210
-17.630323 -36.814003
-17.562973 -36.857658
-17.495560 -36.901176
-17.428083 -36.944557
-17.360544 -36.987801
-17.292942 -37.030907
-17.225277 -37.073875
-17.157549 -37.116707
-17.089760 -37.159401
-17.021910 -37.201958
-16.953999 -37.244377
-16.886026 -37.286659
-16.817993 -37.328804
-16.749899 -37.370811
-16.681746 -37.412682
-16.613533 -37.454414
-16.545261 -37.496010
-16.476931 -37.537468
-16.408541 -37.578789
-16.340092 -37.619972
-16.271584 -37.661018
-16.203018 -37.701927
-16.134396 -37.742699
-16.065716 -37.783333
-15.996979 -37.823830
-15.928185 -37.864189
-15.859334 -37.904411
-15.790427 -37.944496
-15.721464 -37.984444
-15.652446 -38.024254
-15.583372 -38.063927
-15.514243 -38.103462
-15.445060 -38.142860
-15.375822 -38.182121
-15.306530 -38.221245
-15.237185 -38.260231
-15.167786 -38.299080
-15.098333 -38.337791
-15.028828 -38.376366
-14.959270 -38.414803
-14.889659 -38.453102
-14.819996 -38.491264
-14.750281 -38.529289
-14.680515 -38.567177
-14.610698 -38.604927
-14.540830 -38.642540
-14.470911 -38.680016
-14.400942 -38.717354
-14.330923 -38.754555
-14.260855 -38.791618
-14.190737 -38.828545
-14.120569 -38.865334
-14.050353 -38.901985
-13.980088 -38.938499
-13.909775 -38.974873
-13.839414 -39.011105
-13.769005 -39.047195
-13.698548 -39.083145
-13.628045 -39.118954
-13.557495 -39.154621
-13.486898 -39.190147
-13.416255 -39.225533
-13.345566 -39.260777
-13.274831 -39.295879
-13.204050 -39.330841
-13.133224 -39.365662
-13.062354 -39.400341
-12.991439 -39.434879
-12.920480 -39.469276
-12.849477 -39.503532
-12.778430 -39.537647
-12.707339 -39.571621
-12.636206 -39.605453
-12.565029 -39.639145
-12.493810 -39.672695
-12.422548 -39.706104
-12.351245 -39.739372
-12.279900 -39.772499
-12.208513 -39.805485
-12.137086 -39.838329
-12.065618 -39.871033
-11.994108 -39.903595
-11.922559 -39.936016
-11.850969 -39.968296
-11.779340 -40.000435
-11.707671 -40.032433
-11.635963 -40.064289
-11.564217 -40.096004
-11.492431 -40.127579
-11.420607 -40.159012
-11.348744 -40.190304
-11.276844 -40.221455
-11.204906 -40.252464
-11.132932 -40.283333
-11.060920 -40.314060
-10.988872 -40.344646
-10.916787 -40.375092
-10.844666 -40.405396
-10.772510 -40.435558
-10.700317 -40.465580
-10.628090 -40.495461
-10.555827 -40.525200
-10.483530 -40.554798
-10.411199 -40.584255
-10.338833 -40.613571
-10.266433 -40.642746
-10.193999 -40.671780
-10.121532 -40.700672
-10.049032 -40.729424
-9.976500 -40.758034
-9.903934 -40.786503
-9.831337 -40.814831
-9.758707 -40.843018
-9.686046 -40.871063
-9.613353 -40.898968
-9.540628 -40.926731
-9.467874 -40.954353
-9.395088 -40.981834
-9.322272 -41.009174
-9.249426 -41.036373
-9.176550 -41.063431
-9.103644 -41.090347
-9.030709 -41.117123
-8.957746 -41.143757
-8.884753 -41.170250
-8.811732 -41.196602
-8.738683 -41.222813
-8.665606 -41.248882
-8.592501 -41.274811
-8.519368 -41.300598
-8.446209 -41.326244
-8.373023 -41.351749
-8.299810 -41.377113
-8.226571 -41.402336
-8.153306 -41.427418
-8.080015 -41.452362
-8.006699 -41.477169
-7.933357 -41.501839
-7.859990 -41.526371
-7.786598 -41.550766
-7.713181 -41.575024
-7.639741 -41.599144
-7.566277 -41.623127
-7.492788 -41.646973
-7.419277 -41.670681
-7.345742 -41.694252
-7.272184 -41.717686
-7.198603 -41.740982
-7.125000 -41.764141
-7.051375 -41.787163
-6.977728 -41.810047
-6.904059 -41.832794
-6.830369 -41.855404
-6.756659 -41.877876
-6.682927 -41.900211
-6.609174 -41.922409
-6.535401 -41.944469
-6.461608 -41.966393
-6.387795 -41.988178
-6.313963 -42.009827
-6.240111 -42.031338
-6.166241 -42.052711
-6.092351 -42.073948
-6.018444 -42.095047
-5.944518 -42.116009
-5.870574 -42.136833
-5.796612 -42.157520
-5.722632 -42.178070
-5.648636 -42.198483
-5.574622 -42.218758
-5.500592 -42.238895
-5.426545 -42.258896
-5.352481 -42.278759
-5.278402 -42.298485
-5.204308 -42.318073
-5.130198 -42.337524
-5.056072 -42.356838
-4.981932 -42.376015
-4.907777 -42.395054
-4.833608 -42.413956
-4.759425 -42.432720
-4.685227 -42.451347
-4.611016 -42.469837
-4.536792 -42.488190
-4.462554 -42.506405
-4.388303 -42.524483
-4.314040 -42.542423
-4.239764 -42.560226
-4.165475 -42.577892
-4.091175 -42.595421
-4.016863 -42.612812
-3.942540 -42.630066
-3.868206 -42.647182
-3.793860 -42.664162
-3.719504 -42.681004
-3.645138 -42.697708
-3.570761 -42.714275
-3.496374 -42.730705
-3.421978 -42.746998
-3.347571 -42.763153
-3.273156 -42.779171
-3.198731 -42.795052
-3.124298 -42.810795
-3.049856 -42.826401
-2.975406 -42.841869
-2.900948 -42.857201
-2.826483 -42.872395
-2.752010 -42.887451
-2.677530 -42.902370
-2.603043 -42.917152
-2.528549 -42.931797
-2.454049 -42.946304
-2.379543 -42.960674
-2.305031 -42.974907
-2.230513 -42.989002
-2.155989 -43.002960
-2.081460 -43.016781
-2.006927 -43.030464
-1.932388 -43.044010
-1.857845 -43.057419
-1.783297 -43.070690
-1.708745 -43.083824
-1.634190 -43.096821
-1.559630 -43.109680
-1.485067 -43.122402
-1.410501 -43.134987
-1.335932 -43.147434
-1.261360 -43.159744
-1.186786 -43.171917
-1.112209 -43.183956
-1.037631 -43.195862
-0.963050 -43.207634
-0.888468 -43.219273
-0.813885 -43.230778
-0.739301 -43.242149
-0.664716 -43.253387
-0.590131 -43.264492
-0.515545 -43.275463
-0.440958 -43.286301
-0.366372 -43.297005
-0.291787 -43.307575
-0.217202 -43.318012
-0.142618 -43.328316
-0.068034 -43.338486
0.006547 -43.348522
0.081128 -43.358425
0.155706 -43.368195
0.230283 -43.377831
0.304858 -43.387333
0.379430 -43.396702
0.453999 -43.405937
0.528565 -43.415039
0.603129 -43.424007
0.677689 -43.432842
0.752245 -43.441544
0.826798 -43.450111
0.901346 -43.458546
0.975890 -43.466846
1.050430 -43.475014
1.124965 -43.483047
1.199496 -43.490948
1.274021 -43.498714
1.348541 -43.506348
1.423055 -43.513847
1.497563 -43.521214
1.572065 -43.528446
1.646561 -43.535545
1.721051 -43.542511
1.795533 -43.549343
1.870009 -43.556042
1.944477 -43.562607
2.018938 -43.569038
2.093392 -43.575336
2.167838 -43.581501
2.242275 -43.587532
2.316705 -43.593430
2.391125 -43.599194
2.465537 -43.604824
2.539940 -43.610321
2.614334 -43.615685
2.688718 -43.620914
2.763093 -43.626011
2.837458 -43.630974
2.911813 -43.635803
2.986158 -43.640499
3.060493 -43.645061
3.134816 -43.649494
3.209129 -43.653797
3.283430 -43.657970
3.357720 -43.662014
3.431999 -43.665928
3.506265 -43.669712
3.580520 -43.673367
3.654763 -43.676891
3.728993 -43.680286
3.803210 -43.683552
3.877415 -43.686687
3.951607 -43.689693
4.025785 -43.692570
4.099950 -43.695316
4.174101 -43.697933
4.248238 -43.700420
4.322361 -43.702778
4.396470 -43.705006
4.470563 -43.707104
4.544642 -43.709072
4.618707 -43.710911
4.692756 -43.712620
4.766789 -43.714199
4.840807 -43.715649
4.914810 -43.716969
4.988796 -43.718159
5.062766 -43.719219
5.136719 -43.720150
5.210655 -43.720951
5.284575 -43.721622
5.358478 -43.722164
5.432363 -43.722576
5.506231 -43.722858
5.580081 -43.723011
5.653913 -43.723034
5.727727 -43.722927
5.801523 -43.722691
5.875300 -43.722324
5.949059 -43.721828
6.022798 -43.721203
6.096519 -43.720448
6.170219 -43.719563
6.243901 -43.718548
6.317563 -43.717403
6.391204 -43.716129
6.464826 -43.714725
6.538427 -43.713192
6.612008 -43.711533
6.685568 -43.709747
6.759107 -43.707836
6.832624 -43.705799
6.906121 -43.703636
6.979596 -43.701347
7.053049 -43.698933
7.126480 -43.696392
7.199888 -43.693726
7.273274 -43.690933
7.346638 -43.688015
7.419979 -43.684971
7.493297 -43.681801
7.566592 -43.678505
7.639863 -43.675083
7.713111 -43.671535
7.786335 -43.667862
7.859535 -43.664062
7.932711 -43.660137
8.005862 -43.656086
8.078989 -43.651909
8.152091 -43.647606
8.225168 -43.643177
8.298221 -43.638622
8.371247 -43.633942
8.444248 -43.629135
8.517223 -43.624203
8.590173 -43.619144
8.663096 -43.613960
8.735993 -43.608650
8.808864 -43.603214
8.881707 -43.597652
8.954524 -43.591965
9.027314 -43.586151
9.100077 -43.580212
9.172812 -43.574146
9.245519 -43.567955
9.318198 -43.561638
9.390850 -43.555195
9.463473 -43.548626
9.536068 -43.541931
9.608634 -43.535114
9.681171 -43.528175
9.753680 -43.521114
9.826159 -43.513931
9.898609 -43.506626
9.971029 -43.499199
10.043420 -43.491650
10.115781 -43.483978
10.188111 -43.476185
10.260411 -43.468269
10.332681 -43.460232
10.404920 -43.452072
10.477128 -43.443790
10.549305 -43.435387
10.621450 -43.426861
10.693564 -43.418213
10.765647 -43.409443
10.837698 -43.400551
10.909717 -43.391537
10.981703 -43.382401
11.053657 -43.373142
11.125578 -43.363762
11.197467 -43.354259
11.269322 -43.344635
11.341145 -43.334888
11.412933 -43.325020
11.484689 -43.315029
11.556411 -43.304916
11.628099 -43.294682
11.699754 -43.284325
11.771374 -43.273846
11.842959 -43.263245
11.914511 -43.252522
11.986028 -43.241676
12.057509 -43.230709
12.128956 -43.219620
12.200367 -43.208408
12.271743 -43.197075
12.343083 -43.185619
12.414388 -43.174046
12.485656 -43.162354
12.556888 -43.150543
12.628083 -43.138615
12.699243 -43.126568
12.770366 -43.114403
12.841452 -43.102119
12.912500 -43.089718
12.983512 -43.077198
13.054486 -43.064560
13.125423 -43.051804
13.196322 -43.038929
13.267183 -43.025936
13.338006 -43.012825
13.408791 -42.999596
13.479537 -42.986248
13.550244 -42.972782
13.620913 -42.959198
13.691542 -42.945496
13.762132 -42.931675
13.832683 -42.917736
13.903194 -42.903679
13.973666 -42.889503
14.044098 -42.875210
14.114490 -42.860798
14.184841 -42.846268
14.255153 -42.831619
14.325423 -42.816853
14.395653 -42.801968
14.465841 -42.786964
14.535989 -42.771843
14.606095 -42.756603
14.676161 -42.741245
14.746184 -42.725769
14.816166 -42.710175
14.886106 -42.694462
14.956003 -42.678635
15.025859 -42.662693
15.095673 -42.646637
15.165443 -42.630466
15.235171 -42.614182
15.304856 -42.597782
15.374498 -42.581268
15.444098 -42.564640
15.513653 -42.547897
15.583164 -42.531040
15.652632 -42.514069
15.722055 -42.496983
15.791435 -42.479782
15.860771 -42.462467
15.930062 -42.445038
15.999309 -42.427494
16.068510 -42.409836
16.137667 -42.392063
16.206778 -42.374176
16.275843 -42.356174
16.344862 -42.338058
16.413836 -42.319828
16.482763 -42.301483
16.551645 -42.283024
16.620481 -42.264450
16.689272 -42.245762
16.758017 -42.226959
16.826715 -42.208042
16.895369 -42.189011
16.963974 -42.169865
17.032532 -42.150604
17.101042 -42.131229
17.169504 -42.111740
17.237919 -42.092136
17.306286 -42.072418
17.374605 -42.052589
17.442877 -42.032650
17.511101 -42.012600
17.579277 -41.992439
17.647406 -41.972168
17.715487 -41.951786
17.783518 -41.931293
17.851500 -41.910690
17.919432 -41.889977
17.987314 -41.869152
18.055147 -41.848217
18.122931 -41.827171
18.190664 -41.806015
18.258348 -41.784748
18.325983 -41.763371
18.393568 -41.741882
18.461103 -41.720284
18.528589 -41.698574
18.596024 -41.676754
18.663406 -41.654823
18.730738 -41.632782
18.798018 -41.610630
18.865246 -41.588367
18.932423 -41.565994
18.999548 -41.543510
19.066622 -41.520916
19.133644 -41.498211
19.200615 -41.475395
19.267534 -41.452469
19.334402 -41.429432
19.401218 -41.406284
19.467981 -41.383026
19.534691 -41.359657
19.601347 -41.336182
19.667950 -41.312599
19.734499 -41.288910
19.800995 -41.265114
19.867437 -41.241211
19.933826 -41.217201
20.000162 -41.193085
20.066444 -41.168861
20.132673 -41.144531
20.198849 -41.120094
20.264969 -41.095551
20.331034 -41.070900
20.397043 -41.046143
20.462997 -41.021278
20.528896 -40.996307
20.594740 -40.971230
20.660528 -40.946045
20.726261 -40.920753
20.791939 -40.895355
20.857561 -40.869850
20.923128 -40.844238
20.988640 -40.818520
21.054096 -40.792694
21.119495 -40.766762
21.184837 -40.740723
21.250122 -40.714577
21.315350 -40.688324
21.380520 -40.661964
21.445633 -40.635498
21.510689 -40.608925
21.575687 -40.582245
21.640629 -40.555458
21.705513 -40.528564
21.770340 -40.501568
21.835110 -40.474468
21.899822 -40.447266
21.964478 -40.419960
22.029074 -40.392551
22.093611 -40.365040
22.158089 -40.337425
22.222507 -40.309708
22.286867 -40.281887
22.351168 -40.253963
22.415409 -40.225937
22.479591 -40.197807
22.543715 -40.169575
22.607779 -40.141239
22.671783 -40.112801
22.735729 -40.084259
22.799616 -40.055614
22.863441 -40.026867
22.927206 -39.998016
22.990910 -39.969063
23.054552 -39.940006
23.118134 -39.910847
23.181654 -39.881584
23.245113 -39.852219
23.308512 -39.822750
23.371849 -39.793179
23.435125 -39.763504
23.498341 -39.733727
23.561495 -39.703846
23.624588 -39.673862
23.687620 -39.643776
23.750589 -39.613586
23.813496 -39.583298
23.876339 -39.552910
23.939119 -39.522423
24.001837 -39.491837
24.064491 -39.461151
24.127083 -39.430367
24.189611 -39.399483
24.252077 -39.368500
24.314480 -39.337418
24.376820 -39.306236
24.439096 -39.274956
24.501310 -39.243576
24.563461 -39.212097
24.625547 -39.180519
24.687569 -39.148842
24.749525 -39.117065
24.811417 -39.085190
24.873243 -39.053215
24.935005 -39.021141
24.996702 -38.988968
25.058334 -38.956696
25.119902 -38.924324
25.181404 -38.891853
25.242842 -38.859283
25.304214 -38.826614
25.365522 -38.793846
25.426765 -38.760979
25.487944 -38.728012
25.549055 -38.694946
25.610100 -38.661781
25.671078 -38.628517
25.731989 -38.595158
25.792833 -38.561703
25.853611 -38.528152
25.914322 -38.494507
25.974966 -38.460766
26.035543 -38.426929
26.096054 -38.392998
26.156498 -38.358971
26.216875 -38.324848
26.277185 -38.290630
26.337429 -38.256317
26.397606 -38.221909
26.457714 -38.187405
26.517754 -38.152805
26.577724 -38.118111
26.637627 -38.083321
26.697460 -38.048435
26.757225 -38.013454
26.816921 -37.978378
26.876549 -37.943207
26.936108 -37.907940
26.995598 -37.872578
27.055019 -37.837120
27.114372 -37.801567
27.173656 -37.765919
27.232872 -37.730175
27.292019 -37.694336
27.351095 -37.658401
27.410101 -37.622372
27.469036 -37.586246
27.527901 -37.550030
27.586695 -37.513721
27.645418 -37.477322
27.704071 -37.440830
27.762653 -37.404247
27.821165 -37.367573
27.879606 -37.330807
27.937977 -37.293949
27.996277 -37.257000
28.054506 -37.219959
28.112665 -37.182827
28.170753 -37.145603
28.228771 -37.108288
28.286716 -37.070881
28.344589 -37.033382
28.402390 -36.995792
28.460117 -36.958111
28.517773 -36.920338
28.575356 -36.882473
28.632866 -36.844517
28.690304 -36.806469
28.747669 -36.768330
28.804962 -36.730099
28.862183 -36.691776
28.919331 -36.653362
28.976406 -36.614857
29.033409 -36.576260
29.090340 -36.537571
29.147198 -36.498791
29.203981 -36.459919
29.260691 -36.420959
29.317326 -36.381912
29.373886 -36.342777
29.430372 -36.303555
29.486784 -36.264244
29.543121 -36.224846
29.599384 -36.185360
29.655573 -36.145786
29.711687 -36.106125
29.767727 -36.066376
29.823692 -36.026539
29.879583 -35.986614
29.935400 -35.946602
29.991142 -35.906502
30.046810 -35.866314
30.102404 -35.826038
30.157921 -35.785675
30.213362 -35.745224
30.268726 -35.704685
30.324015 -35.664059
30.379227 -35.623344
30.434362 -35.582542
30.489422 -35.541653
30.544405 -35.500675
30.599312 -35.459610
30.654142 -35.418457
30.708897 -35.377216
30.763575 -35.335888
30.818176 -35.294472
30.872702 -35.252968
30.927151 -35.211380
30.981524 -35.169708
31.035820 -35.127953
31.090038 -35.086113
31.144178 -35.044189
31.198240 -35.002182
31.252224 -34.960091
31.306129 -34.917915
31.359957 -34.875656
31.413706 -34.833313
31.467377 -34.790886
31.520969 -34.748375
31.574484 -34.705780
31.627920 -34.663101
31.681278 -34.620338
31.734558 -34.577492
31.787760 -34.534561
31.840883 -34.491547
31.893929 -34.448448
31.946896 -34.405266
31.999784 -34.362000
32.052593 -34.318649
32.105324 -34.275215
32.157974 -34.231697
32.210545 -34.188095
32.263035 -34.144409
32.315445 -34.100639
32.367775 -34.056786
32.420025 -34.012848
32.472195 -33.968830
32.524284 -33.924732
32.576294 -33.880554
32.628223 -33.836296
32.680073 -33.791958
32.731842 -33.747540
32.783531 -33.703041
32.835140 -33.658463
32.886669 -33.613804
32.938118 -33.569065
32.989487 -33.524246
33.040775 -33.479347
33.091984 -33.434368
33.143112 -33.389309
33.194160 -33.344170
33.245129 -33.298950
33.296017 -33.253651
33.346825 -33.208271
33.397552 -33.162811
33.448200 -33.117271
33.498764 -33.071651
33.549244 -33.025951
33.599640 -32.980171
33.649952 -32.934311
33.700180 -32.888371
33.750324 -32.842350
33.800385 -32.796249
33.850361 -32.750069
33.900253 -32.703808
33.950062 -32.657471
33.999786 -32.611057
34.049427 -32.564568
34.098984 -32.518002
34.148457 -32.471359
34.197845 -32.424641
34.247150 -32.377846
34.296371 -32.330975
34.345509 -32.284027
34.394562 -32.237003
34.443531 -32.189903
34.492416 -32.142727
34.541218 -32.095474
34.589935 -32.048145
34.638569 -32.000740
34.687119 -31.953259
34.735584 -31.905701
34.783966 -31.858067
34.832264 -31.810356
34.880478 -31.762569
34.928608 -31.714706
34.976654 -31.666767
35.024616 -31.618753
35.072495 -31.570665
35.120289 -31.522503
35.167999 -31.474266
35.215626 -31.425955
35.263168 -31.377569
35.310627 -31.329109
35.358002 -31.280575
35.405289 -31.231966
35.452488 -31.183283
35.499599 -31.134525
35.546623 -31.085693
35.593559 -31.036787
35.640408 -30.987806
35.687168 -30.938753
35.733841 -30.889627
35.780426 -30.840429
35.826923 -30.791159
35.873333 -30.741816
35.919655 -30.692400
35.965889 -30.642912
36.012035 -30.593351
36.058094 -30.543718
36.104065 -30.494013
36.149948 -30.444235
36.195744 -30.394384
36.241451 -30.344461
36.287071 -30.294466
36.332603 -30.244400
36.378048 -30.194263
36.423405 -30.144056
36.468674 -30.093779
36.513855 -30.043430
36.558949 -29.993011
36.603954 -29.942522
36.648872 -29.891962
36.693703 -29.841331
36.738445 -29.790630
36.783100 -29.739859
36.827667 -29.689016
36.872147 -29.638103
36.916538 -29.587120
36.960842 -29.536066
37.005058 -29.484943
37.049187 -29.433752
37.093227 -29.382492
37.137180 -29.331163
37.181046 -29.279766
37.224823 -29.228300
37.268509 -29.176765
37.312103 -29.125162
37.355606 -29.073490
37.399017 -29.021749
37.442337 -28.969940
37.485565 -28.918062
37.528702 -28.866116
37.571747 -28.814100
37.614700 -28.762018
37.657562 -28.709869
37.700333 -28.657654
37.743011 -28.605371
37.785599 -28.553022
37.828094 -28.500607
37.870499 -28.448124
37.912811 -28.395575
37.955032 -28.342958
37.997162 -28.290276
38.039200 -28.237526
38.081146 -28.184710
38.123001 -28.131826
38.164764 -28.078876
38.206436 -28.025862
38.248016 -27.972782
38.289505 -27.919638
38.330902 -27.866428
38.372208 -27.813154
38.413422 -27.759815
38.454544 -27.706411
38.495575 -27.652943
38.536514 -27.599409
38.577362 -27.545811
38.618118 -27.492147
38.658783 -27.438419
38.699356 -27.384626
38.739838 -27.330769
38.780228 -27.276848
38.820526 -27.222864
38.860733 -27.168818
38.900848 -27.114708
38.940872 -27.060535
38.980804 -27.006300
39.020645 -26.952002
39.060394 -26.897640
39.100052 -26.843216
39.139614 -26.788729
39.179081 -26.734179
39.218452 -26.679565
39.257729 -26.624889
39.296909 -26.570150
39.335995 -26.515350
39.374985 -26.460489
39.413879 -26.405567
39.452679 -26.350584
39.491383 -26.295540
39.529991 -26.240435
39.568504 -26.185268
39.606922 -26.130041
39.645245 -26.074753
39.683472 -26.019403
39.721603 -25.963993
39.759640 -25.908522
39.797581 -25.852989
39.835426 -25.797398
39.873177 -25.741747
39.910831 -25.686037
39.948391 -25.630268
39.985855 -25.574440
40.023224 -25.518553
40.060497 -25.462606
40.097675 -25.406601
40.134758 -25.350536
40.171745 -25.294413
40.208637 -25.238230
40.245434 -25.181988
40.282135 -25.125687
40.318741 -25.069326
40.355251 -25.012909
40.391666 -24.956434
40.427986 -24.899902
40.464211 -24.843313
40.500340 -24.786667
40.536373 -24.729963
40.572311 -24.673203
40.608154 -24.616385
40.643902 -24.559509
40.679554 -24.502577
40.715111 -24.445587
40.750572 -24.388540
40.785938 -24.331436
40.821209 -24.274275
40.856384 -24.217058
40.891464 -24.159786
40.926449 -24.102459
40.961334 -24.045076
40.996120 -23.987638
41.030807 -23.930145
41.065395 -23.872597
41.099884 -23.814993
41.134274 -23.757334
41.168564 -23.699619
41.202755 -23.641850
41.236847 -23.584024
41.270840 -23.526144
41.304733 -23.468210
41.338528 -23.410223
41.372223 -23.352182
41.405819 -23.294088
41.439316 -23.235941
41.472713 -23.177740
41.506012 -23.119486
41.539211 -23.061178
41.572311 -23.002817
41.605312 -22.944403
41.638214 -22.885935
41.671017 -22.827414
41.703720 -22.768839
41.736324 -22.710211
41.768829 -22.651531
41.801235 -22.592800
41.833542 -22.534018
41.865749 -22.475183
41.897858 -22.416298
41.929867 -22.357361
41.961777 -22.298372
41.993587 -22.239332
42.025299 -22.180241
42.056911 -22.121098
42.088425 -22.061903
42.119839 -22.002657
42.151154 -21.943359
42.182369 -21.884012
42.213486 -21.824615
42.244503 -21.765169
42.275421 -21.705673
42.306240 -21.646128
42.336960 -21.586533
42.367580 -21.526888
42.398102 -21.467194
42.428524 -21.407450
42.458847 -21.347656
42.489071 -21.287813
42.519196 -21.227921
42.549221 -21.167978
42.579147 -21.107986
42.608974 -21.047947
42.638702 -20.987860
42.668331 -20.927725
42.697857 -20.867542
42.727280 -20.807312
42.756599 -20.747034
42.785816 -20.686708
42.814930 -20.626335
42.843941 -20.565914
42.872849 -20.505445
42.901653 -20.444929
42.930355 -20.384365
42.958954 -20.323753
42.987450 -20.263096
43.015842 -20.202393
43.044132 -20.141644
43.072319 -20.080849
43.100403 -20.020008
43.128384 -19.959122
43.156261 -19.898190
43.184036 -19.837212
43.211708 -19.776188
43.239277 -19.715118
43.266743 -19.654003
43.294106 -19.592842
43.321365 -19.531635
43.348522 -19.470385
43.375576 -19.409090
43.402527 -19.347752
43.429375 -19.286369
43.456120 -19.224943
43.482761 -19.163473
43.509300 -19.101959
43.535736 -19.040401
43.562069 -18.978800
43.588299 -18.917154
43.614426 -18.855465
43.640450 -18.793732
43.666370 -18.731955
43.692188 -18.670134
43.717903 -18.608271
43.743515 -18.546366
43.769024 -18.484419
43.794430 -18.422430
43.819733 -18.360399
43.844933 -18.298326
43.870029 -18.236212
43.895023 -18.174055
43.919914 -18.111856
43.944702 -18.049616
43.969387 -17.987333
43.993969 -17.925009
44.018448 -17.862642
44.042824 -17.800236
44.067097 -17.737789
44.091267 -17.675303
44.115334 -17.612776
44.139297 -17.550209
44.163158 -17.487602
44.186916 -17.424955
44.210571 -17.362268
44.234123 -17.299541
44.257572 -17.236774
44.280914 -17.173967
44.304150 -17.111120
44.327278 -17.048233
44.350300 -16.985308
44.373215 -16.922344
44.396023 -16.859343
44.418724 -16.796303
44.441319 -16.733225
44.463806 -16.670109
44.486187 -16.606955
44.508461 -16.543762
44.530628 -16.480532
44.552689 -16.417263
44.574642 -16.353956
44.596489 -16.290611
44.618229 -16.227228
44.639862 -16.163809
44.661388 -16.100353
44.682808 -16.036861
44.704121 -15.973333
44.725327 -15.909769
44.746426 -15.846169
44.767418 -15.782532
44.788303 -15.718859
44.809082 -15.655149
44.829754 -15.591405
44.850319 -15.527625
44.870777 -15.463810
44.891129 -15.399960
44.911373 -15.336074
44.931511 -15.272153
44.951542 -15.208197
44.971466 -15.144206
44.991283 -15.080181
45.010994 -15.016122
45.030598 -14.952028
45.050095 -14.887900
45.069485 -14.823738
45.088768 -14.759542
45.107944 -14.695313
45.127014 -14.631051
45.145977 -14.566755
45.164833 -14.502426
45.183582 -14.438064
45.202225 -14.373668
45.220760 -14.309239
45.239189 -14.244779
45.257511 -14.180285
45.275726 -14.115760
45.293835 -14.051202
45.311836 -13.986611
45.329731 -13.921989
45.347519 -13.857336
45.365200 -13.792651
45.382774 -13.727935
45.400242 -13.663187
45.417603 -13.598408
45.434856 -13.533598
45.452003 -13.468758
45.469044 -13.403887
45.485977 -13.338985
45.502804 -13.274054
45.519524 -13.209091
45.536137 -13.144098
45.552643 -13.079076
45.569042 -13.014024
45.585335 -12.948942
45.601521 -12.883831
45.617599 -12.818690
45.633568 -12.753520
45.649426 -12.688321
45.665173 -12.623094
45.680809 -12.557837
45.696335 -12.492553
45.711750 -12.427239
45.727055 -12.361897
45.742249 -12.296528
45.757332 -12.231131
45.772305 -12.165706
45.787167 -12.100253
45.801918 -12.034773
45.816559 -11.969265
45.831089 -11.903729
45.845509 -11.838167
45.859818 -11.772578
45.874016 -11.706963
45.888103 -11.641320
45.902081 -11.575651
45.915947 -11.509955
45.929703 -11.444234
45.943348 -11.378487
45.956882 -11.312714
45.970306 -11.246915
45.983620 -11.181090
45.996822 -11.115240
46.009914 -11.049365
46.022896 -10.983465
46.035767 -10.917541
46.048527 -10.851591
46.061176 -10.785617
46.073715 -10.719618
46.086143 -10.653595
46.098461 -10.587548
46.110668 -10.521478
46.122765 -10.455383
46.134750 -10.389265
46.146626 -10.323123
46.158390 -10.256958
46.170044 -10.190770
46.181587 -10.124559
46.193020 -10.058326
46.204342 -9.992069
46.215553 -9.925790
46.226654 -9.859488
46.237644 -9.793163
46.248524 -9.726817
46.259293 -9.660449
46.269951 -9.594059
46.280499 -9.527647
46.290936 -9.461213
46.301262 -9.394758
46.311478 -9.328282
46.321583 -9.261786
46.331577 -9.195268
46.341461 -9.128729
46.351234 -9.062169
46.360897 -8.995589
46.370449 -8.928989
46.379890 -8.862370
46.389221 -8.795730
46.398441 -8.729070
46.407551 -8.662390
46.416550 -8.595691
46.425438 -8.528973
46.434216 -8.462235
46.442883 -8.395479
46.451439 -8.328704
46.459885 -8.261909
46.468220 -8.195097
46.476444 -8.128266
46.484558 -8.061418
46.492561 -7.994551
46.500454 -7.927666
46.508236 -7.860763
46.515907 -7.793843
46.523468 -7.726905
46.530918 -7.659950
46.538258 -7.592978
46.545486 -7.525988
46.552605 -7.458982
46.559612 -7.391959
46.566509 -7.324920
46.573292 -7.257864
46.579960 -7.190792
46.586514 -7.123704
46.592953 -7.056600
46.599277 -6.989480
46.605488 -6.922345
46.611584 -6.855195
46.617565 -6.788029
46.623432 -6.720848
46.629185 -6.653652
46.634823 -6.586441
46.640347 -6.519216
46.645756 -6.451976
46.651051 -6.384722
46.656231 -6.317453
46.661297 -6.250171
46.666248 -6.182875
46.671085 -6.115565
46.675808 -6.048242
46.680416 -5.980906
46.684910 -5.913556
46.689289 -5.846193
46.693554 -5.778817
46.697704 -5.711429
46.701740 -5.644028
46.705662 -5.576614
46.709469 -5.509189
46.713161 -5.441751
46.716740 -5.374301
46.720203 -5.306840
46.723553 -5.239367
46.726788 -5.171883
46.729908 -5.104387
46.732914 -5.036880
46.735806 -4.969362
46.738583 -4.901834
46.741245 -4.834294
46.743793 -4.766745
46.746227 -4.699184
46.748547 -4.631614
46.750751 -4.564034
46.752842 -4.496444
46.754818 -4.428844
46.756680 -4.361235
46.758427 -4.293616
46.760059 -4.225989
46.761578 -4.158352
46.762981 -4.090707
46.764271 -4.023054
46.765446 -3.955391
46.766506 -3.887721
46.767452 -3.820042
46.768284 -3.752355
46.769001 -3.684661
46.769604 -3.616958
46.770092 -3.549249
46.770466 -3.481532
46.770725 -3.413807
46.770870 -3.346076
46.770901 -3.278338
46.770817 -3.210593
46.770618 -3.142842
46.770306 -3.075085
46.769878 -3.007321
46.769337 -2.939551
46.768681 -2.871775
46.767910 -2.803994
46.767025 -2.736207
46.766026 -2.668415
46.764912 -2.600617
46.763683 -2.532814
46.762341 -2.465007
46.760883 -2.397195
46.759312 -2.329378
46.757626 -2.261557
46.755825 -2.193732
46.753910 -2.125902
46.751881 -2.058069
46.749737 -1.990232
46.747478 -1.922392
46.745106 -1.854548
46.742619 -1.786701
46.740017 -1.718851
46.737301 -1.650998
46.734470 -1.583142
46.731525 -1.515284
46.728466 -1.447423
46.725292 -1.379560
46.722004 -1.311695
46.718601 -1.243829
46.715084 -1.175960
46.711452 -1.108090
46.707706 -1.040219
46.703846 -0.972346
46.699871 -0.904472
46.695782 -0.836598
46.691578 -0.768722
46.687260 -0.700847
46.682827 -0.632970
46.678280 -0.565094
46.673618 -0.497217
46.668842 -0.429341
46.663952 -0.361465
46.658947 -0.293589
46.653828 -0.225714
46.648594 -0.157840
46.643246 -0.089967
46.637783 -0.022095
46.632206 0.045776
46.626514 0.113646
46.620708 0.181513
46.614788 0.249379
46.608753 0.317243
46.602604 0.385105
46.596340 0.452964
46.589962 0.520821
46.583469 0.588676
46.576862 0.656527
46.570141 0.724376
46.563301 0.792221
46.556343 0.860063
46.549267 0.927901
46.542072 0.995736
46.534760 1.063567
46.527328 1.131394
46.519779 1.199217
46.512112 1.267035
46.504326 1.334849
46.496422 1.402658
46.488400 1.470463
46.480259 1.538262
46.472000 1.606056
46.463623 1.673845
46.455128 1.741628
46.446514 1.809405
46.437782 1.877177
46.428932 1.944942
46.419964 2.012701
46.410877 2.080454
46.401672 2.148200
46.392349 2.215939
46.382908 2.283671
46.373348 2.351397
46.363670 2.419114
46.353874 2.486825
46.343960 2.554528
46.333927 2.622222
46.323776 2.689909
46.313507 2.757588
46.303120 2.825259
46.292614 2.892921
46.281990 2.960574
46.271248 3.028219
46.260387 3.095855
46.249409 3.163481
46.238312 3.231098
46.227097 3.298705
46.215763 3.366303
46.204311 3.433890
46.192741 3.501468
46.181053 3.569035
46.169247 3.636592
46.157322 3.704139
46.145279 3.771674
46.133118 3.839199
46.120838 3.906712
46.108440 3.974215
46.095924 4.041705
46.083290 4.109184
46.070538 4.176651
46.057667 4.244107
46.044678 4.311550
46.031570 4.378980
46.018345 4.446398
46.005001 4.513803
45.991539 4.581196
45.977959 4.648575
45.964260 4.715941
45.950443 4.783294
45.936508 4.850633
45.922455 4.917958
45.908283 4.985270
45.893993 5.052567
45.879585 5.119849
45.865059 5.187118
45.850414 5.254371
45.835651 5.321610
45.820770 5.388834
45.805771 5.456042
45.790653 5.523235
45.775417 5.590412
45.760063 5.657574
45.744591 5.724720
45.729000 5.791849
45.713291 5.858963
45.697464 5.926059
45.681519 5.993139
45.665455 6.060203
45.649273 6.127249
45.632973 6.194278
45.616554 6.261290
45.600018 6.328284
45.583363 6.395260
45.566589 6.462219
45.549698 6.529159
45.532688 6.596081
45.515560 6.662985
45.498314 6.729870
45.480949 6.796736
45.463467 6.863584
45.445866 6.930412
45.428146 6.997221
45.410309 7.064010
45.392353 7.130779
45.374279 7.197529
45.356087 7.264258
45.337776 7.330967
45.319347 7.397656
45.300800 7.464324
45.282135 7.530971
45.263351 7.597597
45.244450 7.664202
45.225430 7.730786
45.206291 7.797348
45.187035 7.863888
45.167660 7.930407
45.148167 7.996903
45.128555 8.063377
45.108826 8.129829
45.088978 8.196259
45.069012 8.262665
45.048927 8.329048
45.028725 8.395409
45.008404 8.461745
44.987965 8.528058
44.967407 8.594347
44.946732 8.660612
44.925938 8.726853
44.905025 8.793070
44.883995 8.859262
44.862846 8.925428
44.841579 8.991570
44.820194 9.057688
44.798691 9.123780
44.777069 9.189847
44.755329 9.255888
44.733471 9.321903
44.711494 9.387893
44.689400 9.453856
44.667187 9.519794
44.644855 9.585704
44.622406 9.651587
44.599838 9.717444
44.577152 9.783275
44.554348 9.849077
44.531425 9.914852
44.508385 9.980599
44.485226 10.046319
44.461948 10.112011
44.438553 10.177674
44.415039 10.243309
44.391407 10.308915
44.367657 10.374493
44.343788 10.440042
44.319801 10.505561
44.295696 10.571051
44.271473 10.636511
44.247131 10.701941
44.222672 10.767343
44.198093 10.832713
44.173397 10.898053
44.148582 10.963363
44.123650 11.028642
44.098598 11.093890
44.073429 11.159107
44.048141 11.224293
44.022736 11.289447
43.997211 11.354569
43.971569 11.419661
43.945808 11.484719
43.919930 11.549746
43.893932 11.614739
43.867817 11.679701
43.841583 11.744630
43.815231 11.809525
43.788761 11.874388
43.762173 11.939217
43.735466 12.004012
43.708641 12.068774
43.681698 12.133502
43.654636 12.198195
43.627457 12.262855
43.600159 12.327479
43.572742 12.392070
43.545208 12.456625
43.517555 12.521145
43.489784 12.585629
43.461895 12.650079
43.433887 12.714493
43.405762 12.778871
43.377518 12.843212
43.349155 12.907517
43.320675 12.971786
43.292076 13.036019
43.263359 13.100215
43.234524 13.164373
43.205570 13.228495
43.176498 13.292579
43.147308 13.356625
43.118000 13.420632
43.088573 13.484602
43.059029 13.548533
43.029366 13.612427
42.999584 13.676281
42.969685 13.740096
42.939667 13.803872
42.909531 13.867609
42.879276 13.931307
42.848904 13.994965
42.818413 14.058582
42.787804 14.122160
42.757076 14.185698
42.726231 14.249195
42.695267 14.312652
42.664185 14.376067
42.632984 14.439442
42.601665 14.502775
42.570229 14.566068
42.538673 14.629318
42.507000 14.692527
42.475208 14.755693
42.443298 14.818818
42.411270 14.881900
42.379124 14.944939
42.346859 15.007935
42.314476 15.070888
42.281975 15.133798
42.249355 15.196664
42.216618 15.259486
42.183762 15.322265
42.150787 15.384999
42.117695 15.447690
42.084484 15.510336
42.051155 15.572937
42.017708 15.635493
41.984142 15.698005
41.950459 15.760471
41.916656 15.822892
41.882736 15.885267
41.848698 15.947597
41.814541 16.009880
41.780266 16.072117
41.745872 16.134308
41.711361 16.196453
41.676731 16.258551
41.641983 16.320601
41.607117 16.382603
41.572132 16.444557
41.537029 16.506464
41.501808 16.568323
41.466469 16.630135
41.431011 16.691898
41.395435 16.753614
41.359741 16.815281
41.323929 16.876898
41.287998 16.938465
41.251949 16.999983
41.215782 17.061451
41.179497 17.122869
41.143093 17.184238
41.106571 17.245558
41.069931 17.306828
41.033173 17.368046
40.996300 17.429213
40.959312 17.490328
40.922211 17.551392
40.884995 17.612404
40.847664 17.673365
40.810219 17.734274
40.772659 17.795132
40.734985 17.855938
40.697197 17.916693
40.659294 17.977394
40.621277 18.038042
40.583145 18.098637
40.544899 18.159178
40.506538 18.219666
40.468063 18.280100
40.429474 18.340481
40.390770 18.400808
40.351952 18.461082
40.313019 18.521301
40.273972 18.581465
40.234810 18.641573
40.195534 18.701626
40.156143 18.761623
40.116638 18.821566
40.077019 18.881453
40.037285 18.941284
39.997437 19.001060
39.957474 19.060780
39.917397 19.120441
39.877205 19.180046
39.836899 19.239594
39.796478 19.299084
39.755943 19.358517
39.715294 19.417892
39.674530 19.477211
39.633652 19.536472
39.592659 19.595675
39.551552 19.654818
39.510330 19.713902
39.468994 19.772926
39.427544 19.831892
39.385979 19.890799
39.344299 19.949646
39.302505 20.008434
39.260597 20.067163
39.218575 20.125832
39.176437 20.184439
39.134186 20.242985
39.091820 20.301470
39.049339 20.359894
39.006744 20.418257
38.964035 20.476559
38.921211 20.534800
38.878273 20.592979
38.835220 20.651096
38.792053 20.709150
38.748772 20.767141
38.705376 20.825069
38.661865 20.882935
38.618240 20.940737
38.574501 20.998476
38.530647 21.056152
38.486679 21.113764
38.442596 21.171310
38.398399 21.228792
38.354088 21.286209
38.309662 21.343561
38.265121 21.400848
38.220467 21.458071
38.175697 21.515228
38.130814 21.572321
38.085815 21.629347
38.040703 21.686306
37.995476 21.743198
37.950134 21.800024
37.904678 21.856783
37.859108 21.913475
37.813423 21.970100
37.767624 22.026659
37.721710 22.083151
37.675682 22.139574
37.629539 22.195929
37.583282 22.252214
37.536911 22.308432
37.490425 22.364580
37.443825 22.420660
37.397110 22.476671
37.350281 22.532614
37.303337 22.588488
37.256283 22.644291
37.209118 22.700024
37.161842 22.755686
37.114456 22.811277
37.066959 22.866798
37.019352 22.922249
36.971634 22.977629
36.923805 23.032938
36.875866 23.088175
36.827816 23.143339
36.779655 23.198431
36.731384 23.253450
36.683002 23.308397
36.634510 23.363272
36.585907 23.418074
36.537193 23.472803
36.488369 23.527460
36.439434 23.582043
36.390388 23.636551
36.341232 23.690985
36.291965 23.745344
36.242588 23.799629
36.193100 23.853840
36.143501 23.907976
36.093792 23.962038
36.043972 24.016024
35.994041 24.069933
35.944000 24.123766
35.893848 24.177523
35.843586 24.231203
35.793213 24.284807
35.742729 24.338335
35.692135 24.391787
35.641430 24.445162
35.590614 24.498459
35.539688 24.551678
35.488651 24.604818
35.437504 24.657881
35.386246 24.710865
35.334877 24.763771
35.283398 24.816599
35.231808 24.869349
35.180107 24.922018
35.128296 24.974607
35.076374 25.027117
35.024342 25.079546
34.972198 25.131895
34.919945 25.184164
34.867580 25.236353
34.815105 25.288462
34.762520 25.340488
34.709824 25.392433
34.657017 25.444296
34.604099 25.496077
34.551071 25.547775
34.497932 25.599392
34.444687 25.650927
34.391335 25.702379
34.337875 25.753750
34.284309 25.805037
34.230637 25.856239
34.176857 25.907358
34.122971 25.958393
34.068977 26.009344
34.014877 26.060211
33.960670 26.110994
33.906357 26.161694
33.851936 26.212307
33.797409 26.262835
33.742775 26.313276
33.688034 26.363632
33.633186 26.413902
33.578232 26.464087
33.523170 26.514185
33.468002 26.564198
33.412727 26.614122
33.357346 26.663960
33.301857 26.713709
33.246262 26.763371
33.190559 26.812944
33.134750 26.862431
33.078835 26.911829
33.022812 26.961140
32.966682 27.010361
32.910446 27.059492
32.854103 27.108534
32.797653 27.157486
32.741096 27.206348
32.684433 27.255121
32.627663 27.303804
32.570786 27.352398
32.513802 27.400902
32.456711 27.449314
32.399513 27.497635
32.342209 27.545864
32.284798 27.594002
32.227280 27.642048
32.169655 27.690002
32.111927 27.737865
32.054096 27.785637
31.996161 27.833315
31.938120 27.880899
31.879974 27.928391
31.821724 27.975788
31.763369 28.023092
31.704908 28.070303
31.646343 28.117420
31.587673 28.164444
31.528900 28.211372
31.470024 28.258205
31.411045 28.304943
31.351963 28.351585
31.292778 28.398132
31.233490 28.444584
31.174099 28.490940
31.114605 28.537201
31.055008 28.583364
30.995308 28.629431
30.935505 28.675400
30.875599 28.721272
30.815590 28.767046
30.755478 28.812723
30.695263 28.858303
30.634945 28.903786
30.574524 28.949169
30.514002 28.994453
30.453379 29.039639
30.392654 29.084724
30.331829 29.129711
30.270903 29.174599
30.209875 29.219387
30.148746 29.264076
30.087517 29.308664
30.026186 29.353151
29.964754 29.397537
29.903221 29.441822
29.841587 29.486006
29.779852 29.530088
29.718016 29.574070
29.656078 29.617950
29.594040 29.661728
29.531900 29.705402
29.469662 29.748974
29.407324 29.792442
29.344887 29.835808
29.282351 29.879070
29.219715 29.922230
29.156981 29.965286
29.094147 30.008238
29.031214 30.051085
28.968182 30.093826
28.905050 30.136463
28.841820 30.178995
28.778490 30.221422
28.715061 30.263744
28.651533 30.305960
28.587906 30.348068
28.524181 30.390070
28.460360 30.431965
28.396441 30.473753
28.332424 30.515434
28.268311 30.557009
28.204100 30.598476
28.139791 30.639835
28.075386 30.681086
28.010883 30.722227
27.946283 30.763260
27.881586 30.804184
27.816792 30.844999
27.751900 30.885706
27.686911 30.926304
27.621826 30.966791
27.556646 31.007168
27.491371 31.047434
27.426001 31.087589
27.360535 31.127634
27.294973 31.167568
27.229317 31.207392
27.163565 31.247105
27.097717 31.286705
27.031775 31.326193
26.965736 31.365568
26.899603 31.404831
26.833374 31.443981
26.767052 31.483019
26.700636 31.521944
26.634127 31.560757
26.567524 31.599455
26.500828 31.638039
26.434038 31.676508
26.367155 31.714863
26.300179 31.753103
26.233109 31.791229
26.165945 31.829241
26.098688 31.867138
26.031338 31.904919
25.963894 31.942583
25.896358 31.980131
25.828732 32.017563
25.761013 32.054878
25.693203 32.092075
25.625301 32.129154
25.557308 32.166115
25.489223 32.202957
25.421047 32.239681
25.352779 32.276287
25.284420 32.312775
25.215969 32.349144
25.147427 32.385395
25.078794 32.421528
25.010073 32.457542
24.941261 32.493439
24.872360 32.529217
24.803370 32.564877
24.734289 32.600414
24.665119 32.635830
24.595860 32.671124
24.526510 32.706295
24.457071 32.741344
24.387543 32.776272
24.317926 32.811077
24.248222 32.845760
24.178431 32.880322
24.108551 32.914761
24.038584 32.949078
23.968529 32.983273
23.898386 33.017345
23.828156 33.051296
23.757837 33.085125
23.687431 33.118832
23.616938 33.152412
23.546358 33.185867
23.475693 33.219196
23.404942 33.252399
23.334105 33.285477
23.263182 33.318428
23.192173 33.351254
23.121078 33.383953
23.049898 33.416527
22.978632 33.448975
22.907280 33.481297
22.835842 33.513493
22.764320 33.545563
22.692715 33.577507
22.621025 33.609325
22.549252 33.641014
22.477394 33.672573
22.405453 33.704002
22.333427 33.735302
22.261318 33.766472
22.189125 33.797512
22.116848 33.828423
22.044489 33.859203
21.972048 33.889854
21.899525 33.920376
21.826920 33.950768
21.754232 33.981030
21.681463 34.011162
21.608612 34.041164
21.535679 34.071037
21.462664 34.100780
21.389566 34.130390
21.316389 34.159866
21.243132 34.189209
21.169794 34.218418
21.096376 34.247494
21.022879 34.276436
20.949301 34.305244
20.875643 34.333920
20.801905 34.362461
20.728086 34.390869
20.654190 34.419144
20.580215 34.447285
20.506163 34.475292
20.432032 34.503166
20.357822 34.530907
20.283535 34.558510
20.209169 34.585976
20.134726 34.613304
20.060204 34.640495
19.985605 34.667549
19.910931 34.694466
19.836180 34.721245
19.761353 34.747887
19.686449 34.774391
19.611469 34.800758
19.536413 34.826988
19.461281 34.853081
19.386072 34.879036
19.310789 34.904854
19.235432 34.930534
19.160000 34.956078
19.084494 34.981480
19.008913 35.006741
18.933258 35.031860
18.857529 35.056839
18.781725 35.081676
18.705847 35.106373
18.629896 35.130928
18.553873 35.155342
18.477777 35.179615
18.401609 35.203747
18.325369 35.227737
18.249056 35.251587
18.172670 35.275295
18.096212 35.298862
18.019684 35.322289
17.943085 35.345570
17.866415 35.368706
17.789675 35.391697
17.712864 35.414543
17.635983 35.437244
17.559031 35.459801
17.482008 35.482212
17.404917 35.504478
17.327757 35.526600
17.250528 35.548576
17.173231 35.570408
17.095865 35.592094
17.018431 35.613636
16.940928 35.635033
16.863356 35.656284
16.785717 35.677391
16.708012 35.698349
16.630239 35.719158
16.552401 35.739819
16.474495 35.760330
16.396523 35.780693
16.318483 35.800907
16.240377 35.820972
16.162207 35.840889
16.083971 35.860657
16.005671 35.880276
15.927305 35.899746
15.848875 35.919067
15.770381 35.938240
15.691823 35.957264
15.613201 35.976139
15.534515 35.994865
15.455767 36.013439
15.376955 36.031860
15.298080 36.050129
15.219143 36.068245
15.140143 36.086208
15.061082 36.104019
14.981958 36.121677
14.902774 36.139183
14.823528 36.156536
14.744222 36.173737
14.664854 36.190784
14.585426 36.207680
14.505939 36.224422
14.426391 36.241013
14.346784 36.257450
14.267118 36.273735
14.187392 36.289867
14.107608 36.305843
14.027765 36.321663
13.947865 36.337326
13.867906 36.352833
13.787889 36.368183
13.707816 36.383377
13.627686 36.398415
13.547498 36.413296
13.467254 36.428020
13.386953 36.442589
13.306597 36.457001
13.226185 36.471256
13.145718 36.485355
13.065195 36.499298
12.984618 36.513084
12.903987 36.526714
12.823301 36.540184
12.742561 36.553493
12.661768 36.566643
12.580921 36.579632
12.500021 36.592461
12.419068 36.605129
12.338063 36.617638
12.257006 36.629986
12.175897 36.642174
12.094736 36.654202
12.013524 36.666069
11.932261 36.677776
11.850948 36.689323
11.769585 36.700710
11.688170 36.711937
11.606707 36.723003
11.525193 36.733910
11.443630 36.744652
11.362019 36.755230
11.280358 36.765644
11.198649 36.775894
11.116893 36.785980
11.035089 36.795902
10.953237 36.805660
10.871338 36.815254
10.789392 36.824684
10.707400 36.833950
10.625362 36.843052
10.543279 36.851990
10.461149 36.860764
10.378975 36.869373
10.296756 36.877819
10.214492 36.886101
10.132184 36.894218
10.049832 36.902172
9.967437 36.909958
9.884998 36.917576
9.802517 36.925026
9.719993 36.932308
9.637426 36.939423
9.554818 36.946369
9.472168 36.953148
9.389477 36.959759
9.306745 36.966202
9.223971 36.972477
9.141158 36.978584
9.058305 36.984524
8.975411 36.990295
8.892479 36.995899
8.809507 37.001335
8.726498 37.006603
8.643450 37.011703
8.560364 37.016636
8.477241 37.021397
8.394080 37.025986
8.310883 37.030403
8.227649 37.034649
8.144379 37.038723
8.061072 37.042625
7.977730 37.046356
7.894353 37.049915
7.810941 37.053303
7.727494 37.056519
7.644013 37.059563
7.560499 37.062435
7.476951 37.065136
7.393370 37.067665
7.309756 37.070023
7.226110 37.072208
7.142431 37.074223
7.058722 37.076065
6.974980 37.077736
6.891208 37.079231
6.807405 37.080551
6.723573 37.081696
6.639710 37.082664
6.555818 37.083458
6.471896 37.084076
6.387946 37.084518
6.303967 37.084785
6.219961 37.084877
6.135926 37.084793
6.051865 37.084534
5.967776 37.084099
5.883660 37.083488
5.799519 37.082703
5.715351 37.081741
5.631158 37.080605
5.546939 37.079292
5.462696 37.077805
5.378428 37.076141
5.294137 37.074303
5.209822 37.072285
5.125483 37.070087
5.041121 37.067711
4.956738 37.065155
4.872332 37.062420
4.787904 37.059505
4.703454 37.056412
4.618984 37.053139
4.534493 37.049686
4.449983 37.046055
4.365452 37.042244
4.280901 37.038254
4.196332 37.034084
4.111744 37.029736
4.027138 37.025208
3.942514 37.020500
3.857872 37.015614
3.773214 37.010548
3.688538 37.005302
3.603847 36.999878
3.519139 36.994274
3.434416 36.988491
3.349677 36.982525
3.264924 36.976376
3.180156 36.970043
3.095375 36.963528
3.010579 36.956829
2.925771 36.949947
2.840950 36.942883
2.756117 36.935635
2.671271 36.928204
2.586415 36.920589
2.501547 36.912792
2.416668 36.904812
2.331779 36.896648
2.246880 36.888302
2.161972 36.879772
2.077054 36.871059
1.992128 36.862164
1.907193 36.853085
1.822251 36.843822
1.737301 36.834377
1.652344 36.824749
1.567381 36.814938
1.482412 36.804943
1.397436 36.794765
1.312456 36.784401
1.227470 36.773849
1.142480 36.763111
1.057486 36.752186
0.972488 36.741074
0.887488 36.729774
0.802484 36.718288
0.717478 36.706615
0.632470 36.694756
0.547460 36.682709
0.462449 36.670475
0.377438 36.658054
0.292427 36.645447
0.207415 36.632652
0.122405 36.619671
0.037395 36.606503
-0.047613 36.593147
-0.132619 36.579605
-0.217623 36.565876
-0.302624 36.551960
-0.387622 36.537857
-0.472615 36.523567
-0.557605 36.509090
-0.642591 36.494427
-0.727571 36.479576
-0.812546 36.464539
-0.897514 36.449314
-0.982477 36.433903
-1.067433 36.418304
-1.152381 36.402515
-1.237322 36.386536
-1.322254 36.370365
-1.407178 36.354004
-1.492093 36.337452
-1.576999 36.320709
-1.661894 36.303776
-1.746779 36.286652
-1.831653 36.269337
-1.916516 36.251831
-2.001368 36.234135
-2.086206 36.216248
-2.171033 36.198170
-2.255846 36.179901
-2.340645 36.161442
-2.425431 36.142792
-2.510202 36.123951
-2.594958 36.104919
-2.679698 36.085697
-2.764422 36.066284
-2.849130 36.046680
-2.933821 36.026886
-3.018495 36.006901
-3.103151 35.986725
-3.187788 35.966358
-3.272407 35.945801
-3.357007 35.925053
-3.441587 35.904114
-3.526147 35.882984
-3.610687 35.861664
-3.695205 35.840153
-3.779703 35.818451
-3.864178 35.796558
-3.948631 35.774475
-4.033061 35.752201
-4.117467 35.729736
-4.201849 35.707081
-4.286208 35.684235
-4.370541 35.661194
-4.454849 35.637959
-4.539132 35.614529
-4.623388 35.590904
-4.707617 35.567085
-4.791820 35.543072
-4.875994 35.518864
-4.960141 35.494461
-5.044259 35.469864
-5.128347 35.445072
-5.212407 35.420086
-5.296436 35.394905
-5.380435 35.369530
-5.464402 35.343960
-5.548338 35.318195
-5.632243 35.292236
-5.716114 35.266083
-5.799952 35.239735
-5.883756 35.213192
-5.967526 35.186455
-6.051261 35.159523
-6.134961 35.132397
-6.218625 35.105076
-6.302252 35.077560
-6.385843 35.049850
-6.469397 35.021946
-6.552913 34.993847
-6.636391 34.965553
-6.719831 34.937065
-6.803231 34.908382
-6.886591 34.879505
-6.969912 34.850433
-7.053192 34.821167
-7.136431 34.791706
-7.219629 34.762051
-7.302784 34.732201
-7.385897 34.702156
-7.468966 34.671917
-7.551992 34.641483
-7.634973 34.610855
-7.717909 34.580032
-7.800800 34.549015
-7.883646 34.517803
-7.966444 34.486397
-8.049196 34.454796
-8.131901 34.423000
-8.214558 34.391010
-8.297166 34.358826
-8.379725 34.326447
-8.462235 34.293873
-8.544696 34.261105
-8.627106 34.228142
-8.709465 34.194984
-8.791773 34.161633
-8.874029 34.128086
-8.956233 34.094345
-9.038383 34.060410
-9.120481 34.026279
-9.202523 33.991955
-9.284512 33.957436
-9.366445 33.922722
-9.448322 33.887814
-9.530144 33.852711
-9.611909 33.817413
-9.693617 33.781921
-9.775267 33.746235
-9.856858 33.710354
-9.938391 33.674278
-10.019864 33.638008
-10.101277 33.601543
-10.182631 33.564884
-10.263923 33.528030
-10.345154 33.490982
-10.426323 33.453739
-10.507429 33.416302
-10.588472 33.378670
-10.669452 33.340843
-10.750367 33.302822
-10.831218 33.264606
-10.912004 33.226196
-10.992723 33.187592
-11.073378 33.148792
-11.153965 33.109798
-11.234485 33.070610
-11.314937 33.031227
-11.395320 32.991650
-11.475635 32.951878
-11.555880 32.911911
-11.636055 32.871750
-11.716160 32.831394
-11.796193 32.790844
-11.876155 32.750099
-11.956044 32.709160
-12.035861 32.668026
-12.115604 32.626698
-12.195274 32.585175
-12.274870 32.543457
-12.354391 32.501545
-12.433837 32.459438
-12.513206 32.417137
-12.592500 32.374641
-12.671716 32.331951
-12.750854 32.289066
-12.829915 32.245987
-12.908897 32.202713
-12.987801 32.159245
-13.066624 32.115582
-13.145367 32.071728
-13.224029 32.027683
-13.302609 31.983446
-13.381108 31.939016
-13.459524 31.894394
-13.537857 31.849579
-13.616106 31.804571
-13.694271 31.759371
-13.772351 31.713978
-13.850347 31.668392
-13.928256 31.622616
-14.006079 31.576649
-14.083815 31.530491
-14.161463 31.484142
-14.239023 31.437603
-14.316495 31.390873
-14.393878 31.343952
-14.471171 31.296841
-14.548374 31.249538
-14.625486 31.202045
-14.702507 31.154362
-14.779436 31.106487
-14.856273 31.058422
-14.933017 31.010166
-15.009667 30.961720
-15.086224 30.913082
-15.162685 30.864256
-15.239052 30.815241
-15.315323 30.766037
-15.391498 30.716644
-15.467575 30.667063
-15.543555 30.617292
-15.619437 30.567333
-15.695221 30.517185
-15.770905 30.466848
-15.846491 30.416323
-15.921976 30.365608
-15.997360 30.314705
-16.072643 30.263613
-16.147825 30.212334
-16.222904 30.160868
-16.297880 30.109215
-16.372753 30.057375
-16.447521 30.005348
-16.522184 29.953135
-16.596743 29.900734
-16.671196 29.848146
-16.745543 29.795372
-16.819782 29.742411
-16.893915 29.689262
-16.967939 29.635929
-17.041855 29.582411
-17.115662 29.528708
-17.189360 29.474819
-17.262947 29.420746
-17.336424 29.366488
-17.409790 29.312044
-17.483044 29.257416
-17.556185 29.202602
-17.629213 29.147604
-17.702129 29.092422
-17.774931 29.037058
-17.847618 28.981510
-17.920191 28.925779
-17.992647 28.869865
-18.064987 28.813768
-18.137211 28.757488
-18.209316 28.701025
-18.281303 28.644379
-18.353172 28.587551
-18.424923 28.530542
-18.496553 28.473352
-18.568064 28.415981
-18.639454 28.358429
-18.710722 28.300695
-18.781868 28.242781
-18.852892 28.184685
-18.923794 28.126408
-18.994572 28.067951
-19.065226 28.009315
-19.135756 27.950500
-19.206160 27.891506
-19.276438 27.832333
-19.346590 27.772980
-19.416616 27.713448
-19.486515 27.653736
-19.556286 27.593847
-19.625929 27.533781
-19.695442 27.473537
-19.764826 27.413116
-19.834080 27.352518
-19.903204 27.291742
-19.972197 27.230789
-20.041058 27.169661
-20.109787 27.108356
-20.178383 27.046877
-20.246845 26.985222
-20.315174 26.923391
-20.383369 26.861385
-20.451429 26.799204
-20.519354 26.736849
-20.587143 26.674320
-20.654795 26.611618
-20.722309 26.548742
-20.789686 26.485693
-20.856926 26.422470
-20.924026 26.359074
-20.990988 26.295506
-21.057810 26.231766
-21.124491 26.167854
-21.191031 26.103771
-21.257429 26.039516
-21.323687 25.975090
-21.389801 25.910494
-21.455772 25.845728
-21.521601 25.780792
-21.587286 25.715687
-21.652826 25.650412
-21.718222 25.584967
-21.783472 25.519354
-21.848576 25.453573
-21.913532 25.387625
-21.978342 25.321508
-22.043005 25.255224
-22.107519 25.188772
-22.171885 25.122154
-22.236101 25.055370
-22.300167 24.988420
-22.364082 24.921305
-22.427847 24.854023
-22.491461 24.786577
-22.554922 24.718967
-22.618231 24.651194
-22.681387 24.583256
-22.744390 24.515154
-22.807240 24.446888
-22.869934 24.378460
-22.932474 24.309870
-22.994858 24.241117
-23.057085 24.172203
-23.119156 24.103127
-23.181070 24.033890
-23.242826 23.964493
-23.304424 23.894936
-23.365864 23.825218
-23.427145 23.755341
-23.488266 23.685305
-23.549227 23.615110
-23.610027 23.544758
-23.670668 23.474247
-23.731146 23.403578
-23.791462 23.332752
-23.851616 23.261770
-23.911606 23.190632
-23.971432 23.119337
-24.031094 23.047886
-24.090591 22.976280
-24.149923 22.904520
-24.209089 22.832605
-24.268089 22.760536
-24.326923 22.688313
-24.385590 22.615936
-24.444088 22.543407
-24.502419 22.470726
-24.560581 22.397892
-24.618574 22.324907
-24.676397 22.251772
-24.734051 22.178486
-24.791534 22.105049
-24.848846 22.031462
-24.905987 21.957726
-24.962955 21.883841
-25.019753 21.809807
-25.076376 21.735624
-25.132826 21.661295
-25.189102 21.586819
-25.245205 21.512196
-25.301132 21.437426
-25.356884 21.362509
-25.412460 21.287447
-25.467861 21.212240
-25.523085 21.136889
-25.578131 21.061392
-25.632999 20.985752
-25.687691 20.909969
-25.742203 20.834044
-25.796535 20.757975
-25.850689 20.681765
-25.904663 20.605413
-25.958456 20.528921
-26.012068 20.452288
-26.065498 20.375515
-26.118748 20.298603
-26.171814 20.221552
-26.224697 20.144361
-26.277397 20.067034
-26.329914 19.989569
-26.382248 19.911966
-26.434397 19.834227
-26.486361 19.756351
-26.538139 19.678341
-26.589733 19.600195
-26.641140 19.521914
-26.692360 19.443499
-26.743393 19.364950
-26.794239 19.286268
-26.844896 19.207453
-26.895365 19.128506
-26.945644 19.049427
-26.995735 18.970217
-27.045637 18.890875
-27.095348 18.811403
-27.144869 18.731802
-27.194199 18.652071
-27.243338 18.572210
-27.292284 18.492222
-27.341038 18.412106
-27.389599 18.331861
-27.437967 18.251490
-27.486143 18.170992
-27.534124 18.090368
-27.581911 18.009619
-27.629503 17.928745
-27.676901 17.847748
-27.724104 17.766626
-27.771111 17.685381
-27.817921 17.604013
-27.864534 17.522524
-27.910952 17.440912
-27.957172 17.359179
-28.003195 17.277325
-28.049019 17.195351
-28.094645 17.113256
-28.140072 17.031044
-28.185299 16.948713
-28.230326 16.866264
-28.275152 16.783697
-28.319778 16.701014
-28.364204 16.618214
-28.408428 16.535297
-28.452450 16.452267
-28.496269 16.369122
-28.539886 16.285862
-28.583302 16.202488
-28.626514 16.119001
-28.669523 16.035402
-28.712328 15.951692
-28.754929 15.867869
-28.797325 15.783937
-28.839518 15.699893
-28.881504 15.615740
-28.923285 15.531478
-28.964859 15.447107
-29.006227 15.362629
-29.047390 15.278043
-29.088345 15.193350
-29.129091 15.108551
-29.169630 15.023646
-29.209961 14.938637
-29.250084 14.853522
-29.289999 14.768304
-29.329704 14.682982
-29.369200 14.597558
-29.408485 14.512032
-29.447561 14.426404
-29.486427 14.340675
-29.525084 14.254847
-29.563528 14.168918
-29.601761 14.082890
-29.639782 13.996763
-29.677591 13.910539
-29.715189 13.824217
-29.752575 13.737798
-29.789747 13.651282
-29.826706 13.564672
-29.863451 13.477965
-29.899982 13.391165
-29.936300 13.304271
-29.972404 13.217283
-30.008293 13.130203
-30.043966 13.043032
-30.079424 12.955769
-30.114666 12.868415
-30.149693 12.780971
-30.184504 12.693437
-30.219099 12.605814
-30.253477 12.518103
-30.287638 12.430304
-30.321581 12.342418
-30.355307 12.254445
-30.388815 12.166387
-30.422106 12.078243
-30.455179 11.990015
-30.488033 11.901703
-30.520668 11.813308
-30.553083 11.724830
-30.585279 11.636270
-30.617256 11.547627
-30.649014 11.458904
-30.680552 11.370101
-30.711868 11.281218
-30.742964 11.192255
-30.773838 11.103214
-30.804491 11.014095
-30.834923 10.924899
-30.865133 10.835627
-30.895123 10.746278
-30.924891 10.656854
-30.954435 10.567355
-30.983757 10.477782
-31.012856 10.388136
-31.041731 10.298417
-31.070383 10.208626
-31.098812 10.118763
-31.127018 10.028830
-31.155001 9.938826
-31.182758 9.848752
-31.210291 9.758610
-31.237598 9.668399
-31.264681 9.578120
-31.291538 9.487775
-31.318171 9.397363
-31.344578 9.306885
-31.370760 9.216342
-31.396717 9.125735
-31.422449 9.035065
-31.447954 8.944331
-31.473232 8.853536
-31.498283 8.762678
-31.523108 8.671760
-31.547705 8.580781
-31.572075 8.489742
-31.596218 8.398644
-31.620134 8.307488
-31.643824 8.216274
-31.667286 8.125003
-31.690521 8.033675
-31.713528 7.942292
-31.736305 7.850853
-31.758854 7.759360
-31.781174 7.667813
-31.803265 7.576212
-31.825127 7.484560
-31.846760 7.392855
-31.868164 7.301099
-31.889339 7.209292
-31.910286 7.117436
-31.931004 7.025530
-31.951492 6.933576
-31.971752 6.841574
-31.991781 6.749524
-32.011581 6.657428
-32.031151 6.565286
-32.050491 6.473098
-32.069603 6.380866
-32.088486 6.288590
-32.107140 6.196270
-32.125561 6.103909
-32.143749 6.011505
-32.161705 5.919059
-32.179428 5.826573
-32.196918 5.734047
-32.214176 5.641482
-32.231201 5.548879
-32.247993 5.456237
-32.264553 5.363558
-32.280880 5.270842
-32.296974 5.178091
-32.312836 5.085304
-32.328465 4.992482
-32.343861 4.899627
-32.359024 4.806738
-32.373955 4.713817
-32.388653 4.620863
-32.403118 4.527879
-32.417351 4.434864
-32.431351 4.341818
-32.445118 4.248744
-32.458652 4.155641
-32.471954 4.062510
-32.485023 3.969352
-32.497860 3.876167
-32.510464 3.782956
-32.522835 3.689720
-32.534973 3.596460
-32.546879 3.503175
-32.558552 3.409868
-32.569992 3.316538
-32.581200 3.223186
-32.592175 3.129813
-32.602917 3.036420
-32.613426 2.943006
-32.623703 2.849574
-32.633747 2.756123
-32.643559 2.662654
-32.653137 2.569168
-32.662483 2.475665
-32.671597 2.382147
-32.680477 2.288614
-32.689125 2.195066
-32.697540 2.101504
-32.705723 2.007930
-32.713673 1.914342
-32.721390 1.820743
-32.728874 1.727133
-32.736126 1.633513
-32.743145 1.539883
-32.749931 1.446243
-32.756485 1.352595
-32.762806 1.258940
-32.768894 1.165277
-32.774750 1.071608
-32.780373 0.977933
-32.785763 0.884253
-32.790920 0.790569
-32.795845 0.696881
-32.800537 0.603190
-32.804996 0.509497
-32.809223 0.415801
-32.813217 0.322105
-32.816978 0.228408
-32.820507 0.134712
-32.823803 0.041016
-32.826866 -0.052678
-32.829697 -0.146370
-32.832294 -0.240058
-32.834660 -0.333744
-32.836792 -0.427425
-32.838692 -0.521101
-32.840359 -0.614771
-32.841793 -0.708435
-32.842995 -0.802093
-32.843964 -0.895743
-32.844700 -0.989384
-32.845203 -1.083017
-32.845474 -1.176640
-32.845512 -1.270253
-32.845318 -1.363856
-32.844891 -1.457446
-32.844231 -1.551025
-32.843338 -1.644591
-32.842213 -1.738143
-32.840855 -1.831681
-32.839264 -1.925204
-32.837440 -2.018712
-32.835384 -2.112204
-32.833096 -2.205678
-32.830574 -2.299136
-32.827820 -2.392575
-32.824833 -2.485996
-32.821613 -2.579397
-32.818165 -2.672779
-32.814487 -2.766140
-32.810581 -2.859479
-32.806446 -2.952796
-32.802082 -3.046091
-32.797489 -3.139363
-32.792667 -3.232610
-32.787617 -3.325834
-32.782337 -3.419031
-32.776829 -3.512203
-32.771091 -3.605349
-32.765125 -3.698467
-32.758930 -3.791558
-32.752506 -3.884621
-32.745853 -3.977654
-32.738972 -4.070658
-32.731861 -4.163631
-32.724522 -4.256573
-32.716953 -4.349484
-32.709156 -4.442362
-32.701130 -4.535208
-32.692875 -4.628020
-32.684391 -4.720798
-32.675678 -4.813540
-32.666737 -4.906248
-32.657566 -4.998919
-32.648167 -5.091554
-32.638542 -5.184152
-32.628693 -5.276711
-32.618618 -5.369233
-32.608318 -5.461715
-32.597794 -5.554157
-32.587044 -5.646559
-32.576069 -5.738920
-32.564869 -5.831240
-32.553444 -5.923517
-32.541794 -6.015751
-32.529919 -6.107942
-32.517818 -6.200088
-32.505493 -6.292190
-32.492943 -6.384246
-32.480167 -6.476256
-32.467167 -6.568220
-32.453941 -6.660137
-32.440491 -6.752006
-32.426815 -6.843826
-32.412914 -6.935597
-32.398792 -7.027318
-32.384449 -7.118990
-32.369884 -7.210610
-32.355099 -7.302179
-32.340092 -7.393696
-32.324863 -7.485161
-32.309414 -7.576572
-32.293743 -7.667929
-32.277851 -7.759232
-32.261738 -7.850480
-32.245403 -7.941672
-32.228848 -8.032808
-32.212070 -8.123887
-32.195072 -8.214909
-32.177853 -8.305872
-32.160412 -8.396777
-32.142750 -8.487623
-32.124870 -8.578409
-32.106773 -8.669135
-32.088459 -8.759800
-32.069927 -8.850403
-32.051178 -8.940944
-32.032211 -9.031422
-32.013027 -9.121837
-31.993626 -9.212188
-31.974007 -9.302474
-31.954170 -9.392695
-31.934116 -9.482851
-31.913847 -9.572941
-31.893362 -9.662964
-31.872662 -9.752919
-31.851746 -9.842807
-31.830614 -9.932626
-31.809267 -10.022376
-31.787704 -10.112057
-31.765928 -10.201667
-31.743938 -10.291206
-31.721735 -10.380674
-31.699318 -10.470071
-31.676687 -10.559395
-31.653843 -10.648645
-31.630785 -10.737823
-31.607515 -10.826925
-31.584034 -10.915954
-31.560341 -11.004907
-31.536436 -11.093784
-31.512320 -11.182586
-31.487991 -11.271310
-31.463451 -11.359957
-31.438702 -11.448525
-31.413742 -11.537016
-31.388573 -11.625427
-31.363194 -11.713759
-31.337605 -11.802011
-31.311806 -11.890182
-31.285799 -11.978272
-31.259584 -12.066280
-31.233162 -12.154206
-31.206532 -12.242049
-31.179693 -12.329809
-31.152647 -12.417485
-31.125395 -12.505077
-31.097937 -12.592585
-31.070272 -12.680006
-31.042402 -12.767342
-31.014326 -12.854590
-30.986044 -12.941752
-30.957558 -13.028827
-30.928867 -13.115813
-30.899973 -13.202711
-30.870874 -13.289520
-30.841572 -13.376240
-30.812065 -13.462870
-30.782356 -13.549409
-30.752445 -13.635857
-30.722332 -13.722213
-30.692017 -13.808476
-30.661499 -13.894648
-30.630781 -13.980725
-30.599863 -14.066710
-30.568745 -14.152599
-30.537426 -14.238395
-30.505907 -14.324095
-30.474188 -14.409699
-30.442270 -14.495208
-30.410154 -14.580620
-30.377840 -14.665935
-30.345327 -14.751152
-30.312616 -14.836271
-30.279709 -14.921292
-30.246605 -15.006214
-30.213305 -15.091037
-30.179808 -15.175759
-30.146114 -15.260382
-30.112225 -15.344903
-30.078140 -15.429323
-30.043861 -15.513641
-30.009388 -15.597857
-29.974720 -15.681971
-29.939857 -15.765981
-29.904802 -15.849887
-29.869555 -15.933689
-29.834114 -16.017387
-29.798481 -16.100981
-29.762655 -16.184469
-29.726639 -16.267851
-29.690432 -16.351126
-29.654034 -16.434294
-29.617445 -16.517355
-29.580666 -16.600307
-29.543697 -16.683151
-29.506540 -16.765886
-29.469194 -16.848513
-29.431660 -16.931028
-29.393936 -17.013433
-29.356026 -17.095728
-29.317928 -17.177912
-29.279644 -17.259985
-29.241173 -17.341946
-29.202515 -17.423794
-29.163671 -17.505529
-29.124643 -17.587152
-29.085430 -17.668661
-29.046032 -17.750055
-29.006449 -17.831335
-28.966682 -17.912500
-28.926733 -17.993549
-28.886600 -18.074482
-28.846285 -18.155298
-28.805788 -18.235998
-28.765110 -18.316582
-28.724251 -18.397047
-28.683210 -18.477394
-28.641989 -18.557623
-28.600588 -18.637733
-28.559008 -18.717724
-28.517248 -18.797594
-28.475309 -18.877344
-28.433191 -18.956974
-28.390896 -19.036484
-28.348423 -19.115871
-28.305773 -19.195137
-28.262945 -19.274281
-28.219942 -19.353302
-28.176764 -19.432201
-28.133410 -19.510977
-28.089880 -19.589628
-28.046175 -19.668156
-28.002296 -19.746559
-27.958244 -19.824839
-27.914019 -19.902992
-27.869619 -19.981020
-27.825047 -20.058922
-27.780302 -20.136698
-27.735386 -20.214348
-27.690298 -20.291870
-27.645039 -20.369265
-27.599609 -20.446531
-27.554010 -20.523670
-27.508242 -20.600681
-27.462303 -20.677563
-27.416195 -20.754314
-27.369919 -20.830936
-27.323475 -20.907429
-27.276863 -20.983791
-27.230083 -21.060022
-27.183138 -21.136122
-27.136026 -21.212090
-27.088749 -21.287926
-27.041306 -21.363630
-26.993698 -21.439201
-26.945927 -21.514639
-26.897991 -21.589943
-26.849892 -21.665113
-26.801628 -21.740150
-26.753202 -21.815054
-26.704615 -21.889822
-26.655865 -21.964455
-26.606953 -22.038952
-26.557880 -22.113314
-26.508648 -22.187540
-26.459255 -22.261631
-26.409702 -22.335585
-26.359989 -22.409401
-26.310118 -22.483080
-26.260088 -22.556622
-26.209900 -22.630026
-26.159554 -22.703291
-26.109051 -22.776417
-26.058392 -22.849403
-26.007576 -22.922251
-25.956604 -22.994959
-25.905478 -23.067528
-25.854197 -23.139956
-25.802761 -23.212242
-25.751171 -23.284388
-25.699429 -23.356392
-25.647533 -23.428255
-25.595486 -23.499977
-25.543285 -23.571556
-25.490932 -23.642992
-25.438429 -23.714285
-25.385775 -23.785435
-25.332970 -23.856441
-25.280014 -23.927305
-25.226910 -23.998026
-25.173656 -24.068602
-25.120255 -24.139032
-25.066704 -24.209318
-25.013006 -24.279459
-24.959162 -24.349455
-24.905170 -24.419306
-24.851032 -24.489010
-24.796749 -24.558567
-24.742321 -24.627977
-24.687748 -24.697241
-24.633030 -24.766357
-24.578167 -24.835327
-24.523161 -24.904150
-24.468012 -24.972824
-24.412720 -25.041349
-24.357285 -25.109726
-24.301708 -25.177954
-24.245991 -25.246033
-24.190132 -25.313963
-24.134132 -25.381744
-24.077993 -25.449375
-24.021715 -25.516855
-23.965298 -25.584185
-23.908741 -25.651363
-23.852047 -25.718391
-23.795216 -25.785269
-23.738247 -25.851995
-23.681141 -25.918571
-23.623899 -25.984995
-23.566523 -26.051266
-23.509010 -26.117384
-23.451363 -26.183350
-23.393579 -26.249163
-23.335663 -26.314823
-23.277613 -26.380331
-23.219429 -26.445686
-23.161112 -26.510887
-23.102663 -26.575933
-23.044083 -26.640825
-22.985371 -26.705563
-22.926527 -26.770145
-22.867554 -26.834574
-22.808451 -26.898848
-22.749218 -26.962967
-22.689856 -27.026930
-22.630365 -27.090736
-22.570747 -27.154387
-22.511002 -27.217880
-22.451128 -27.281218
-22.391129 -27.344398
-22.331003 -27.407423
-22.270752 -27.470291
-22.210375 -27.533003
-22.149874 -27.595556
-22.089249 -27.657951
-22.028500 -27.720188
-21.967627 -27.782267
-21.906631 -27.844187
-21.845514 -27.905949
-21.784275 -27.967552
-21.722914 -28.028997
-21.661430 -28.090284
-21.599827 -28.151411
-21.538103 -28.212378
-21.476259 -28.273184
-21.414295 -28.333830
-21.352213 -28.394316
-21.290012 -28.454641
-21.227694 -28.514807
-21.165257 -28.574812
-21.102703 -28.634657
-21.040033 -28.694342
-20.977247 -28.753864
-20.914345 -28.813225
-20.851328 -28.872423
-20.788197 -28.931459
-20.724951 -28.990334
-20.661591 -29.049046
-20.598118 -29.107595
-20.534533 -29.165983
-20.470835 -29.224209
-20.407024 -29.282272
-20.343103 -29.340174
-20.279072 -29.397911
-20.214930 -29.455484
-20.150677 -29.512894
-20.086315 -29.570139
-20.021845 -29.627220
-19.957266 -29.684137
-19.892578 -29.740891
-19.827782 -29.797480
-19.762878 -29.853905
-19.697868 -29.910166
-19.632751 -29.966263
-19.567528 -30.022196
-19.502199 -30.077963
-19.436766 -30.133564
-19.371227 -30.188999
-19.305584 -30.244268
-19.239838 -30.299372
-19.173988 -30.354309
-19.108036 -30.409081
-19.041981 -30.463686
-18.975824 -30.518126
-18.909567 -30.572399
-18.843208 -30.626507
-18.776749 -30.680449
-18.710190 -30.734224
-18.643532 -30.787834
-18.576775 -30.841276
-18.509918 -30.894550
-18.442965 -30.947657
-18.375914 -31.000595
-18.308765 -31.053366
-18.241520 -31.105968
-18.174177 -31.158403
-18.106739 -31.210670
-18.039206 -31.262770
-17.971577 -31.314701
-17.903852 -31.366465
-17.836035 -31.418060
-17.768124 -31.469488
-17.700119 -31.520748
-17.632021 -31.571840
-17.563831 -31.622765
-17.495550 -31.673519
-17.427177 -31.724104
-17.358713 -31.774519
-17.290159 -31.824764
-17.221516 -31.874840
-17.152782 -31.924746
-17.083960 -31.974482
-17.015047 -32.024048
-16.946047 -32.073444
-16.876959 -32.122669
-16.807783 -32.171722
-16.738520 -32.220604
-16.669170 -32.269314
-16.599735 -32.317852
-16.530214 -32.366219
-16.460608 -32.414413
-16.390917 -32.462437
-16.321142 -32.510288
-16.251284 -32.557968
-16.181341 -32.605476
-16.111317 -32.652813
-16.041210 -32.699978
-15.971022 -32.746971
-15.900751 -32.793793
-15.830400 -32.840443
-15.759967 -32.886921
-15.689454 -32.933228
-15.618861 -32.979362
-15.548189 -33.025326
-15.477438 -33.071117
-15.406609 -33.116737
-15.335701 -33.162186
-15.264716 -33.207462
-15.193654 -33.252567
-15.122516 -33.297501
-15.051301 -33.342262
-14.980010 -33.386852
-14.908644 -33.431271
-14.837202 -33.475517
-14.765686 -33.519592
-14.694096 -33.563496
-14.622432 -33.607227
-14.550694 -33.650787
-14.478885 -33.694176
-14.407002 -33.737392
-14.335049 -33.780437
-14.263023 -33.823311
-14.190928 -33.866013
-14.118761 -33.908543
-14.046524 -33.950901
-13.974217 -33.993088
-13.901841 -34.035103
-13.829396 -34.076946
-13.756883 -34.118618
-13.684301 -34.160118
-13.611652 -34.201447
-13.538937 -34.242603
-13.466154 -34.283588
-13.393306 -34.324402
-13.320392 -34.365044
-13.247412 -34.405514
-13.174367 -34.445812
-13.101257 -34.485939
-13.028084 -34.525894
-12.954846 -34.565678
-12.881546 -34.605289
-12.808183 -34.644730
-12.734757 -34.683994
-12.661270 -34.723083
-12.587721 -34.761997
-12.514111 -34.800735
-12.440439 -34.839298
-12.366708 -34.877686
-12.292916 -34.915897
-12.219066 -34.953934
-12.145156 -34.991795
-12.071188 -35.029480
-11.997162 -35.066990
-11.923078 -35.104324
-11.848936 -35.141483
-11.774737 -35.178467
-11.700482 -35.215275
-11.626171 -35.251907
-11.551805 -35.288364
-11.477383 -35.324646
-11.402906 -35.360752
-11.328376 -35.396683
-11.253791 -35.432438
-11.179152 -35.468018
-11.104461 -35.503422
-11.029716 -35.538651
-10.954920 -35.573704
-10.880072 -35.608582
-10.805172 -35.643284
-10.730221 -35.677811
-10.655219 -35.712162
-10.580167 -35.746338
-10.505065 -35.780338
-10.429914 -35.814163
-10.354713 -35.847813
-10.279465 -35.881287
-10.204167 -35.914585
-10.128822 -35.947708
-10.053430 -35.980656
-9.977990 -36.013428
-9.902504 -36.046024
-9.826972 -36.078445
-9.751394 -36.110691
-9.675771 -36.142761
-9.600102 -36.174656
-9.524389 -36.206375
-9.448632 -36.237919
-9.372831 -36.269287
-9.296988 -36.300480
-9.221101 -36.331497
-9.145171 -36.362339
-9.069200 -36.393005
-8.993186 -36.423496
-8.917131 -36.453812
-8.841036 -36.483952
-8.764900 -36.513916
-8.688725 -36.543705
-8.612509 -36.573318
-8.536254 -36.602757
-8.459960 -36.632019
-8.383628 -36.661106
-8.307258 -36.690018
-8.230849 -36.718754
-8.154404 -36.747314
-8.077921 -36.775700
-8.001402 -36.803909
-7.924847 -36.831944
-7.848256 -36.859802
-7.771629 -36.887486
-7.694968 -36.914993
-7.618273 -36.942326
-7.541543 -36.969482
-7.464779 -36.996464
-7.387982 -37.023270
-7.311152 -37.049904
-7.234290 -37.076366
-7.157395 -37.102657
-7.080469 -37.128777
-7.003510 -37.154724
-6.926521 -37.180500
-6.849502 -37.206104
-6.772452 -37.231537
-6.695372 -37.256798
-6.618263 -37.281887
-6.541124 -37.306805
-6.463957 -37.331551
-6.386762 -37.356125
-6.309539 -37.380527
-6.232288 -37.404758
-6.155010 -37.428818
-6.077705 -37.452705
-6.000374 -37.476421
-5.923017 -37.499966
-5.845634 -37.523338
-5.768225 -37.546539
-5.690792 -37.569569
-5.613335 -37.592426
-5.535853 -37.615112
-5.458347 -37.637627
-5.380818 -37.659969
-5.303267 -37.682140
-5.225692 -37.704140
-5.148095 -37.725967
-5.070476 -37.747623
-4.992835 -37.769108
-4.915174 -37.790421
-4.837491 -37.811562
-4.759788 -37.832531
-4.682065 -37.853329
-4.604322 -37.873955
-4.526561 -37.894409
-4.448780 -37.914692
-4.370981 -37.934803
-4.293163 -37.954742
-4.215328 -37.974510
-4.137475 -37.994106
-4.059606 -38.013531
-3.981719 -38.032784
-3.903816 -38.051865
-3.825897 -38.070774
-3.747962 -38.089512
-3.670012 -38.108078
-3.592047 -38.126472
-3.514068 -38.144695
-3.436075 -38.162746
-3.358068 -38.180626
-3.280047 -38.198334
-3.202013 -38.215870
-3.123967 -38.233234
-3.045908 -38.250427
-2.967838 -38.267448
-2.889755 -38.284298
-2.811662 -38.300976
-2.733557 -38.317482
-2.655442 -38.333817
-2.577317 -38.349979
-2.499182 -38.365971
-2.421037 -38.381790
-2.342884 -38.397438
-2.264721 -38.412914
-2.186551 -38.428219
-2.108372 -38.443352
-2.030185 -38.458317
-1.951991 -38.473114
-1.873790 -38.487743
-1.795583 -38.502205
-1.717369 -38.516499
-1.639149 -38.530624
-1.560923 -38.544582
-1.482693 -38.558372
-1.404457 -38.571995
-1.326217 -38.585449
-1.247973 -38.598736
-1.169724 -38.611855
-1.091473 -38.624805
-1.013217 -38.637589
-0.934960 -38.650204
-0.856699 -38.662651
-0.778437 -38.674931
-0.700172 -38.687042
-0.621906 -38.698986
-0.543639 -38.710762
-0.465372 -38.722370
-0.387103 -38.733810
-0.308835 -38.745083
-0.230567 -38.756187
-0.152299 -38.767124
-0.074033 -38.777893
0.004232 -38.788494
0.082496 -38.798927
0.160758 -38.809193
0.239018 -38.819290
0.317275 -38.829220
0.395529 -38.838982
0.473779 -38.848576
0.552027 -38.858002
0.630270 -38.867260
0.708509 -38.876350
0.786743 -38.885273
0.864973 -38.894028
0.943197 -38.902615
1.021415 -38.911034
1.099628 -38.919285
1.177835 -38.927368
1.256035 -38.935284
1.334228 -38.943035
1.412414 -38.950623
1.490592 -38.958046
1.568762 -38.965305
1.646924 -38.972401
1.725078 -38.979332
1.803223 -38.986099
1.881359 -38.992702
1.959485 -38.999142
2.037601 -39.005417
2.115707 -39.011528
2.193802 -39.017475
2.271887 -39.023258
2.349960 -39.028877
2.428022 -39.034332
2.506073 -39.039623
2.584111 -39.044750
2.662137 -39.049713
2.740150 -39.054512
2.818150 -39.059147
2.896137 -39.063618
2.974110 -39.067924
3.052069 -39.072067
3.130014 -39.076046
3.207944 -39.079861
3.285859 -39.083511
3.363759 -39.086998
3.441643 -39.090321
3.519512 -39.093479
3.597364 -39.096474
3.675200 -39.099304
3.753019 -39.101971
3.830821 -39.104473
3.908605 -39.106812
3.986372 -39.108986
4.064120 -39.111000
4.141850 -39.112854
4.219562 -39.114548
4.297255 -39.116081
4.374928 -39.117455
4.452582 -39.118668
4.530216 -39.119720
4.607830 -39.120613
4.685423 -39.121346
4.762995 -39.121918
4.840547 -39.122330
4.918077 -39.122581
4.995584 -39.122673
5.073071 -39.122604
5.150534 -39.122375
5.227975 -39.121986
5.305394 -39.121437
5.382789 -39.120728
5.460160 -39.119858
5.537508 -39.118828
5.614831 -39.117638
5.692131 -39.116287
5.769405 -39.114777
5.846654 -39.113106
5.923878 -39.111275
6.001076 -39.109283
6.078248 -39.107132
6.155394 -39.104820
6.232513 -39.102348
6.309606 -39.099716
6.386672 -39.096924
6.463710 -39.093975
6.540720 -39.090870
6.617703 -39.087608
6.694657 -39.084190
6.771583 -39.080616
6.848480 -39.076885
6.925347 -39.072998
7.002185 -39.068954
7.078994 -39.064754
7.155772 -39.060398
7.232520 -39.055885
7.309237 -39.051216
7.385924 -39.046391
7.462579 -39.041409
7.539203 -39.036270
7.615795 -39.030975
7.692355 -39.025524
7.768883 -39.019917
7.845378 -39.014153
7.921840 -39.008232
7.998269 -39.002155
8.074664 -38.995922
8.151026 -38.989532
8.227353 -38.982986
8.303646 -38.976284
8.379905 -38.969425
8.456128 -38.962410
8.532316 -38.955238
8.608469 -38.947914
8.684587 -38.940437
8.760668 -38.932808
8.836713 -38.925026
8.912722 -38.917091
8.988693 -38.909004
9.064628 -38.900764
9.140525 -38.892372
9.216385 -38.883827
9.292207 -38.875130
9.367990 -38.866280
9.443736 -38.857277
9.519443 -38.848122
9.595110 -38.838814
9.670738 -38.829353
9.746327 -38.819740
9.821877 -38.809975
9.897386 -38.800056
9.972855 -38.789986
10.048283 -38.779762
10.123670 -38.769386
10.199016 -38.758858
10.274321 -38.748177
10.349584 -38.737343
10.424805 -38.726357
10.499984 -38.715218
10.575120 -38.703926
10.650213 -38.692486
10.725264 -38.680897
10.800271 -38.669159
10.875235 -38.657272
10.950154 -38.645237
11.025030 -38.633053
11.099862 -38.620720
11.174649 -38.608238
11.249392 -38.595608
11.324089 -38.582829
11.398741 -38.569901
11.473347 -38.556824
11.547907 -38.543598
11.622421 -38.530224
11.696889 -38.516701
11.771310 -38.503029
11.845684 -38.489208
11.920012 -38.475239
11.994291 -38.461121
12.068523 -38.446854
12.142708 -38.432438
12.216844 -38.417873
12.290931 -38.403160
12.364969 -38.388298
12.438959 -38.373287
12.512899 -38.358128
12.586790 -38.342823
12.660631 -38.327374
12.734423 -38.311779
12.808164 -38.296040
12.881854 -38.280155
12.955494 -38.264126
13.029083 -38.247952
13.102621 -38.231632
13.176107 -38.215168
13.249542 -38.198559
13.322926 -38.181805
13.396256 -38.164906
13.469535 -38.147861
13.542761 -38.130672
13.615933 -38.113338
13.689053 -38.095860
13.762118 -38.078236
13.835131 -38.060467
13.908089 -38.042553
13.980992 -38.024494
14.053842 -38.006290
14.126637 -37.987942
14.199376 -37.969448
14.272060 -37.950809
14.344689 -37.932030
14.417263 -37.913109
14.489780 -37.894047
14.562242 -37.874844
14.634646 -37.855499
14.706995 -37.836014
14.779286 -37.816387
14.851521 -37.796619
14.923697 -37.776711
14.995817 -37.756660
15.067879 -37.736469
15.139882 -37.716137
15.211827 -37.695663
15.283714 -37.675049
15.355542 -37.654293
15.427311 -37.633396
15.499021 -37.612358
15.570671 -37.591179
15.642262 -37.569859
15.713792 -37.548397
15.785262 -37.526794
15.856672 -37.505051
15.928021 -37.483166
15.999310 -37.461140
16.070536 -37.438976
16.141701 -37.416676
16.212805 -37.394238
16.283848 -37.371662
16.354830 -37.348949
16.425749 -37.326099
16.496605 -37.303112
16.567398 -37.279987
16.638128 -37.256725
16.708796 -37.233326
16.779400 -37.209789
16.849941 -37.186115
16.920420 -37.162304
16.990833 -37.138355
17.061182 -37.114269
17.131466 -37.090046
17.201685 -37.065685
17.271839 -37.041187
17.341928 -37.016552
17.411953 -36.991779
17.481913 -36.966869
17.551807 -36.941822
17.621635 -36.916637
17.691397 -36.891319
17.761091 -36.865868
17.830719 -36.840282
17.900280 -36.814564
17.969774 -36.788712
18.039202 -36.762726
18.108562 -36.736607
18.177855 -36.710354
18.247078 -36.683968
18.316233 -36.657448
18.385319 -36.630795
18.454336 -36.604008
18.523285 -36.577087
18.592165 -36.550034
18.660976 -36.522846
18.729719 -36.495525
18.798391 -36.468071
18.866993 -36.440483
18.935524 -36.412762
19.003984 -36.384907
19.072374 -36.356918
19.140694 -36.328796
19.208942 -36.300545
19.277121 -36.272163
19.345228 -36.243652
19.413263 -36.215012
19.481226 -36.186241
19.549116 -36.157341
19.616934 -36.128311
19.684679 -36.099152
19.752352 -36.069862
19.819952 -36.040443
19.887480 -36.010895
19.954935 -35.981216
20.022316 -35.951408
20.089622 -35.921471
20.156855 -35.891403
20.224012 -35.861206
20.291096 -35.830879
20.358105 -35.800423
20.425039 -35.769836
20.491899 -35.739120
20.558685 -35.708275
20.625395 -35.677299
20.692028 -35.646198
20.758585 -35.614971
20.825066 -35.583618
20.891470 -35.552139
20.957798 -35.520535
21.024050 -35.488804
21.090225 -35.456947
21.156324 -35.424965
21.222347 -35.392857
21.288292 -35.360622
21.354158 -35.328262
21.419947 -35.295776
21.485657 -35.263165
21.551289 -35.230427
21.616842 -35.197563
21.682318 -35.164574
21.747715 -35.131458
21.813034 -35.098217
21.878273 -35.064850
21.943432 -35.031357
22.008511 -34.997738
22.073509 -34.963993
22.138428 -34.930126
22.203266 -34.896137
22.268024 -34.862026
22.332703 -34.827793
22.397301 -34.793438
22.461819 -34.758961
22.526255 -34.724361
22.590609 -34.689640
22.654881 -34.654797
22.719070 -34.619831
22.783178 -34.584743
22.847204 -34.549534
22.911148 -34.514202
22.975010 -34.478748
23.038790 -34.443172
23.102488 -34.407475
23.166101 -34.371655
23.229631 -34.335712
23.293077 -34.299648
23.356440 -34.263462
23.419718 -34.227154
23.482912 -34.190727
23.546022 -34.154182
23.609049 -34.117519
23.671991 -34.080738
23.734850 -34.043839
23.797623 -34.006821
23.860310 -33.969685
23.922911 -33.932430
23.985426 -33.895058
24.047855 -33.857567
24.110199 -33.819958
24.172457 -33.782230
24.234629 -33.744385
24.296715 -33.706421
24.358715 -33.668339
24.420630 -33.630138
24.482456 -33.591820
24.544195 -33.553383
24.605846 -33.514828
24.667410 -33.476154
24.728886 -33.437363
24.790274 -33.398457
24.851574 -33.359436
24.912786 -33.320301
24.973911 -33.281052
25.034948 -33.241688
25.095896 -33.202209
25.156754 -33.162617
25.217522 -33.122910
25.278200 -33.083088
25.338789 -33.043152
25.399288 -33.003101
25.459698 -32.962936
25.520018 -32.922657
25.580248 -32.882263
25.640388 -32.841755
25.700439 -32.801132
25.760399 -32.760395
25.820267 -32.719543
25.880043 -32.678577
25.939728 -32.637497
25.999321 -32.596302
26.058823 -32.554996
26.118233 -32.513580
26.177551 -32.472054
26.236778 -32.430416
26.295914 -32.388668
26.354958 -32.346809
26.413908 -32.304840
26.472765 -32.262760
26.531528 -32.220570
26.590199 -32.178268
26.648775 -32.135857
26.707258 -32.093334
26.765648 -32.050701
26.823944 -32.007957
26.882147 -31.965103
26.940256 -31.922138
26.998272 -31.879065
27.056192 -31.835882
27.114017 -31.792591
27.171747 -31.749191
27.229382 -31.705683
27.286921 -31.662066
27.344364 -31.618340
27.401712 -31.574505
27.458965 -31.530561
27.516123 -31.486509
27.573185 -31.442350
27.630152 -31.398085
27.687023 -31.353712
27.743797 -31.309233
27.800474 -31.264647
27.857054 -31.219954
27.913536 -31.175154
27.969921 -31.130247
28.026209 -31.085234
28.082399 -31.040113
28.138493 -30.994888
28.194489 -30.949558
28.250387 -30.904123
28.306189 -30.858583
28.361891 -30.812939
28.417494 -30.767189
28.472998 -30.721334
28.528402 -30.675375
28.583708 -30.629311
28.638914 -30.583141
28.694021 -30.536869
28.749029 -30.490494
28.803938 -30.444016
28.858747 -30.397434
28.913458 -30.350750
28.968069 -30.303963
29.022579 -30.257072
29.076988 -30.210079
29.131296 -30.162983
29.185503 -30.115784
29.239609 -30.068483
29.293613 -30.021082
29.347517 -29.973579
29.401320 -29.925976
29.455021 -29.878271
29.508621 -29.830465
29.562120 -29.782558
29.615519 -29.734550
29.668816 -29.686441
29.722010 -29.638231
29.775101 -29.589922
29.828089 -29.541513
29.880974 -29.493006
29.933756 -29.444399
29.986435 -29.395693
30.039011 -29.346888
30.091484 -29.297983
30.143854 -29.248980
30.196121 -29.199877
30.248285 -29.150675
30.300346 -29.101376
30.352303 -29.051979
30.404154 -29.002485
30.455900 -28.952894
30.507542 -28.903206
30.559078 -28.853420
30.610510 -28.803537
30.661837 -28.753557
30.713058 -28.703480
30.764175 -28.653305
30.815187 -28.603035
30.866095 -28.552670
30.916897 -28.502209
30.967594 -28.451653
31.018185 -28.401001
31.068668 -28.350254
31.119045 -28.299412
31.169315 -28.248474
31.219479 -28.197441
31.269535 -28.146313
31.319485 -28.095091
31.369328 -28.043776
31.419064 -27.992367
31.468693 -27.940865
31.518215 -27.889269
31.567631 -27.837580
31.616940 -27.785797
31.666140 -27.733921
31.715231 -27.681952
31.764214 -27.629890
31.813087 -27.577738
31.861853 -27.525494
31.910509 -27.473158
31.959057 -27.420731
32.007496 -27.368212
32.055824 -27.315601
32.104042 -27.262899
32.152149 -27.210106
32.200146 -27.157221
32.248032 -27.104246
32.295807 -27.051182
32.343472 -26.998028
32.391026 -26.944784
32.438469 -26.891451
32.485802 -26.838028
32.533024 -26.784515
32.580135 -26.730913
32.627136 -26.677221
32.674026 -26.623440
32.720806 -26.569571
32.767475 -26.515614
32.814034 -26.461569
32.860481 -26.407436
32.906818 -26.353216
32.953045 -26.298908
32.999161 -26.244513
33.045166 -26.190029
33.091061 -26.135458
33.136845 -26.080801
33.182518 -26.026058
33.228081 -25.971230
33.273529 -25.916315
33.318863 -25.861315
33.364082 -25.806229
33.409187 -25.751057
33.454178 -25.695799
33.499054 -25.640455
33.543816 -25.585026
33.588463 -25.529512
33.632996 -25.473915
33.677414 -25.418234
33.721718 -25.362469
33.765907 -25.306620
33.809982 -25.250687
33.853943 -25.194670
33.897789 -25.138569
33.941521 -25.082384
33.985138 -25.026115
34.028641 -24.969765
34.072029 -24.913332
34.115303 -24.856817
34.158463 -24.800220
34.201508 -24.743542
34.244438 -24.686781
34.287254 -24.629938
34.329956 -24.573013
34.372543 -24.516006
34.415016 -24.458920
34.457375 -24.401752
34.499619 -24.344505
34.541744 -24.287178
34.583752 -24.229771
34.625641 -24.172283
34.667412 -24.114716
34.709064 -24.057068
34.750599 -23.999340
34.792015 -23.941534
34.833313 -23.883650
34.874493 -23.825687
34.915554 -23.767647
34.956497 -23.709528
34.997322 -23.651331
35.038029 -23.593056
35.078617 -23.534702
35.119087 -23.476271
35.159439 -23.417761
35.199673 -23.359175
35.239788 -23.300512
35.279785 -23.241774
35.319664 -23.182959
35.359425 -23.124067
35.399067 -23.065100
35.438591 -23.006056
35.477997 -22.946936
35.517284 -22.887739
35.556454 -22.828468
35.595505 -22.769123
35.634438 -22.709703
35.673252 -22.650209
35.711948 -22.590641
35.750526 -22.530998
35.788982 -22.471281
35.827316 -22.411489
35.865528 -22.351624
35.903618 -22.291683
35.941586 -22.231670
35.979431 -22.171585
36.017155 -22.111427
36.054756 -22.051197
36.092236 -21.990894
36.129593 -21.930519
36.166828 -21.870071
36.203941 -21.809551
36.240932 -21.748959
36.277802 -21.688295
36.314548 -21.627562
36.351173 -21.566757
36.387676 -21.505882
36.424057 -21.444937
36.460316 -21.383921
36.496452 -21.322834
36.532467 -21.261677
36.568359 -21.200449
36.604130 -21.139153
36.639778 -21.077787
36.675304 -21.016354
36.710709 -20.954851
36.745991 -20.893280
36.781151 -20.831640
36.816189 -20.769932
36.851105 -20.708155
36.885899 -20.646309
36.920570 -20.584396
36.955120 -20.522417
36.989544 -20.460371
37.023842 -20.398258
37.058014 -20.336079
37.092060 -20.273832
37.125980 -20.211519
37.159775 -20.149139
37.193443 -20.086693
37.226986 -20.024181
37.260403 -19.961605
37.293694 -19.898964
37.326859 -19.836258
37.359898 -19.773487
37.392811 -19.710651
37.425598 -19.647751
37.458260 -19.584785
37.490795 -19.521755
37.523205 -19.458662
37.555489 -19.395506
37.587646 -19.332287
37.619678 -19.269005
37.651585 -19.205660
37.683365 -19.142252
37.715019 -19.078781
37.746548 -19.015247
37.777950 -18.951651
37.809227 -18.887991
37.840378 -18.824270
37.871403 -18.760489
37.902302 -18.696646
37.933075 -18.632742
37.963722 -18.568777
37.994244 -18.504751
38.024639 -18.440664
38.054909 -18.376516
38.085052 -18.312307
38.115067 -18.248039
38.144951 -18.183712
38.174706 -18.119326
38.204330 -18.054880
38.233826 -17.990376
38.263191 -17.925812
38.292427 -17.861189
38.321533 -17.796507
38.350510 -17.731768
38.379356 -17.666971
38.408073 -17.602118
38.436661 -17.537207
38.465118 -17.472239
38.493446 -17.407213
38.521645 -17.342131
38.549713 -17.276991
38.577652 -17.211794
38.605461 -17.146542
38.633141 -17.081234
38.660690 -17.015871
38.688110 -16.950453
38.715401 -16.884979
38.742561 -16.819450
38.769592 -16.753866
38.796494 -16.688227
38.823265 -16.622532
38.849907 -16.556784
38.876419 -16.490982
38.902802 -16.425127
38.929054 -16.359219
38.955177 -16.293257
38.981171 -16.227242
39.007034 -16.161173
39.032768 -16.095051
39.058372 -16.028875
39.083847 -15.962647
39.109192 -15.896367
39.134407 -15.830035
39.159489 -15.763652
39.184437 -15.697217
39.209251 -15.630731
39.233932 -15.564193
39.258480 -15.497604
39.282894 -15.430965
39.307175 -15.364276
39.331322 -15.297536
39.355335 -15.230746
39.379215 -15.163907
39.402962 -15.097018
39.426575 -15.030080
39.450054 -14.963093
39.473400 -14.896057
39.496613 -14.828973
39.519691 -14.761840
39.542637 -14.694658
39.565449 -14.627429
39.588127 -14.560152
39.610672 -14.492827
39.633083 -14.425455
39.655361 -14.358036
39.677505 -14.290570
39.699516 -14.223058
39.721394 -14.155499
39.743137 -14.087893
39.764748 -14.020243
39.786224 -13.952546
39.807568 -13.884804
39.828777 -13.817016
39.849854 -13.749183
39.870796 -13.681305
39.891605 -13.613382
39.912281 -13.545415
39.932823 -13.477404
39.953232 -13.409348
39.973507 -13.341249
39.993649 -13.273107
40.013657 -13.204921
40.033531 -13.136692
40.053272 -13.068420
40.072880 -13.000106
40.092350 -12.931748
40.111683 -12.863349
40.130878 -12.794908
40.149937 -12.726424
40.168858 -12.657899
40.187641 -12.589333
40.206287 -12.520725
40.224796 -12.452077
40.243168 -12.383388
40.261402 -12.314658
40.279499 -12.245889
40.297459 -12.177079
40.315281 -12.108230
40.332966 -12.039341
40.350513 -11.970413
40.367924 -11.901446
40.385197 -11.832440
40.402332 -11.763395
40.419331 -11.694312
40.436192 -11.625191
40.452915 -11.556031
40.469501 -11.486834
40.485950 -11.417599
40.502262 -11.348327
40.518436 -11.279017
40.534473 -11.209671
40.550373 -11.140288
40.566135 -11.070869
40.581760 -11.001414
40.597248 -10.931923
40.612598 -10.862396
40.627811 -10.792834
40.642887 -10.723237
40.657825 -10.653605
40.672626 -10.583938
40.687290 -10.514236
40.701817 -10.444501
40.716206 -10.374731
40.730457 -10.304928
40.744572 -10.235091
40.758549 -10.165221
40.772388 -10.095318
40.786091 -10.025381
40.799656 -9.955412
40.813084 -9.885410
40.826374 -9.815376
40.839523 -9.745310
40.852531 -9.675212
40.865398 -9.605083
40.878124 -9.534922
40.890709 -9.464729
40.903152 -9.394506
40.915455 -9.324253
40.927616 -9.253969
40.939636 -9.183655
40.951515 -9.113311
40.963253 -9.042937
40.974850 -8.972534
40.986305 -8.902102
40.997620 -8.831640
41.008793 -8.761150
41.019825 -8.690632
41.030716 -8.620085
41.041466 -8.549510
41.052074 -8.478908
41.062542 -8.408278
41.072868 -8.337620
41.083054 -8.266935
41.093098 -8.196224
41.103001 -8.125486
41.112762 -8.054722
41.122383 -7.983931
41.131863 -7.913115
41.141201 -7.842272
41.150398 -7.771405
41.159454 -7.700512
41.168369 -7.629594
41.177143 -7.558652
41.185776 -7.487685
41.194267 -7.416694
41.202618 -7.345679
41.210827 -7.274641
41.218895 -7.203578
41.226822 -7.132493
41.234608 -7.061385
41.242252 -6.990253
41.249756 -6.919100
41.257118 -6.847924
41.264339 -6.776726
41.271420 -6.705506
41.278358 -6.634264
41.285156 -6.563002
41.291813 -6.491718
41.298328 -6.420413
41.304703 -6.349088
41.310936 -6.277742
41.317028 -6.206376
41.322979 -6.134990
41.328789 -6.063585
41.334457 -5.992160
41.339981 -5.920716
41.345360 -5.849253
41.350594 -5.777771
41.355682 -5.706271
41.360626 -5.634752
41.365425 -5.563216
41.370079 -5.491662
41.374588 -5.420090
41.378952 -5.348501
41.383171 -5.276895
41.387245 -5.205272
41.391174 -5.133632
41.394958 -5.061976
41.398598 -4.990304
41.402092 -4.918617
41.405441 -4.846913
41.408646 -4.775195
41.411705 -4.703461
41.414619 -4.631712
41.417389 -4.559948
41.420013 -4.488171
41.422493 -4.416378
41.424828 -4.344573
41.427017 -4.272753
41.429062 -4.200920
41.430962 -4.129073
41.432716 -4.057214
41.434326 -3.985342
41.435791 -3.913457
41.437111 -3.841561
41.438286 -3.769652
41.439316 -3.697732
41.440201 -3.625801
41.440941 -3.553858
41.441536 -3.481904
41.441986 -3.409940
41.442291 -3.337965
41.442451 -3.265979
41.442467 -3.193984
41.442337 -3.121979
41.442062 -3.049964
41.441643 -2.977941
41.441078 -2.905908
41.440369 -2.833866
41.439514 -2.761816
41.438515 -2.689757
41.437370 -2.617690
41.436081 -2.545615
41.434647 -2.473533
41.433067 -2.401444
41.431343 -2.329347
41.429474 -2.257244
41.427460 -2.185135
41.425301 -2.113019
41.422997 -2.040898
41.420547 -1.968770
41.417953 -1.896637
41.415215 -1.824499
41.412331 -1.752356
41.409302 -1.680208
41.406128 -1.608056
41.402809 -1.535899
41.399345 -1.463739
41.395737 -1.391574
41.391983 -1.319406
41.388084 -1.247235
41.384041 -1.175061
41.379852 -1.102884
41.375515 -1.030705
41.371029 -0.958524
41.366394 -0.886340
41.361610 -0.814155
41.356678 -0.741968
41.351597 -0.669780
41.346367 -0.597592
41.340988 -0.525402
41.335461 -0.453212
41.329784 -0.381022
41.323959 -0.308832
41.317986 -0.236643
41.311863 -0.164454
41.305592 -0.092265
41.299171 -0.020078
41.292603 0.052107
41.285885 0.124291
41.279018 0.196473
41.272003 0.268653
41.264839 0.340831
41.257526 0.413006
41.250065 0.485178
41.242455 0.557347
41.234695 0.629512
41.226788 0.701674
41.218731 0.773832
41.210526 0.845985
41.202171 0.918134
41.193668 0.990278
41.185017 1.062417
41.176216 1.134551
41.167267 1.206680
41.158169 1.278802
41.148922 1.350919
41.139526 1.423029
41.129982 1.495133
41.120289 1.567229
41.110447 1.639319
41.100456 1.711401
41.090317 1.783476
41.080029 1.855543
41.069592 1.927601
41.059006 1.999652
41.048271 2.071693
41.037388 2.143726
41.026356 2.215749
41.015175 2.287762
41.003845 2.359766
40.992367 2.431760
40.980740 2.503744
40.968964 2.575717
40.957039 2.647679
40.944965 2.719630
40.932743 2.791570
40.920372 2.863498
40.907852 2.935414
40.895184 3.007318
40.882366 3.079210
40.869400 3.151088
40.856285 3.222955
40.843021 3.294807
40.829609 3.366647
40.816048 3.438472
40.802338 3.510284
40.788479 3.582081
40.774471 3.653863
40.760315 3.725631
40.746010 3.797384
40.731556 3.869121
40.716953 3.940843
40.702202 4.012548
40.687302 4.084238
40.672253 4.155911
40.657055 4.227567
40.641708 4.299206
40.626213 4.370828
40.610569 4.442432
40.594776 4.514019
40.578835 4.585588
40.562744 4.657137
40.546505 4.728669
40.530117 4.800181
40.513580 4.871674
40.496895 4.943148
40.480061 5.014602
40.463078 5.086036
40.445946 5.157449
40.428665 5.228842
40.411236 5.300214
40.393658 5.371565
40.375931 5.442895
40.358055 5.514203
40.340031 5.585488
40.321857 5.656752
40.303535 5.727993
40.285065 5.799211
40.266445 5.870406
40.247677 5.941577
40.228760 6.012725
40.209694 6.083849
40.190479 6.154949
40.171116 6.226025
40.151604 6.297075
40.131943 6.368101
40.112133 6.439101
40.092175 6.510075
40.072067 6.581024
40.051811 6.651946
40.031406 6.722842
40.010853 6.793712
39.990150 6.864554
39.969299 6.935369
39.948299 7.006156
39.927151 7.076916
39.905853 7.147648
39.884407 7.218351
39.862812 7.289025
39.841068 7.359671
39.819176 7.430287
39.797134 7.500874
39.774944 7.571430
39.752605 7.641957
39.730118 7.712453
39.707481 7.782918
39.684696 7.853353
39.661762 7.923756
39.638680 7.994128
39.615448 8.064467
39.592068 8.134775
39.568539 8.205050
39.544861 8.275293
39.521034 8.345503
39.497059 8.415679
39.472935 8.485822
39.448662 8.555930
39.424240 8.626004
39.399670 8.696044
39.374950 8.766049
39.350082 8.836020
39.325066 8.905954
39.299900 8.975854
39.274586 9.045717
39.249123 9.115544
39.223511 9.185335
39.197750 9.255089
39.171841 9.324805
39.145782 9.394485
39.119576 9.464127
39.093220 9.533731
39.066715 9.603296
39.040062 9.672824
39.013260 9.742312
38.986309 9.811762
38.959209 9.881172
38.931961 9.950542
38.904564 10.019873
38.877018 10.089163
38.849323 10.158412
38.821480 10.227620
38.793488 10.296787
38.765347 10.365913
38.737057 10.434998
38.708618 10.504040
38.680031 10.573040
38.651295 10.641997
38.622410 10.710912
38.593376 10.779783
38.564194 10.848611
38.534863 10.917395
38.505383 10.986135
38.475754 11.054830
38.445976 11.123480
38.416050 11.192085
38.385975 11.260645
38.355751 11.329159
38.325378 11.397627
38.294857 11.466048
38.264187 11.534423
38.233368 11.602751
38.202400 11.671032
38.171284 11.739265
38.140018 11.807451
38.108604 11.875589
38.077042 11.943679
38.045330 12.011720
38.013470 12.079712
37.981461 12.147655
37.949303 12.215548
37.916996 12.283391
37.884541 12.351184
37.851936 12.418926
37.819183 12.486618
37.786282 12.554258
37.753231 12.621847
37.720032 12.689384
37.686684 12.756869
37.653187 12.824302
37.619541 12.891682
37.585747 12.959008
37.551804 13.026281
37.517712 13.093501
37.483471 13.160667
37.449081 13.227779
37.414543 13.294837
37.379856 13.361840
37.345020 13.428788
37.310036 13.495681
37.274902 13.562518
37.239620 13.629299
37.204189 13.696024
37.168610 13.762692
37.132881 13.829304
37.097004 13.895858
37.060978 13.962355
37.024803 14.028793
36.988480 14.095174
36.952007 14.161496
36.915386 14.227759
36.878616 14.293963
36.841698 14.360108
36.804630 14.426193
36.767414 14.492218
36.730049 14.558183
36.692535 14.624086
36.654873 14.689929
36.617062 14.755711
36.579102 14.821430
36.540993 14.887088
36.502735 14.952683
36.464329 15.018216
36.425774 15.083686
36.387070 15.149093
36.348217 15.214436
36.309216 15.279715
36.270065 15.344930
36.230766 15.410080
36.191319 15.475165
36.151722 15.540186
36.111977 15.605141
36.072083 15.670030
36.032040 15.734853
35.991848 15.799609
35.951508 15.864299
35.911018 15.928922
35.870380 15.993477
35.829594 16.057964
35.788658 16.122383
35.747574 16.186733
35.706341 16.251015
35.664959 16.315228
35.623428 16.379372
35.581749 16.443445
35.539921 16.507448
35.497944 16.571381
35.455818 16.635242
35.413544 16.699034
35.371120 16.762754
35.328548 16.826403
35.285828 16.889978
35.242958 16.953482
35.199940 17.016912
35.156773 17.080271
35.113457 17.143557
35.069992 17.206768
35.026379 17.269905
34.982616 17.332968
34.938705 17.395956
34.894646 17.458870
34.850437 17.521709
34.806084 17.584473
34.761585 17.647160
34.716942 17.709770
34.672153 17.772305
34.627220 17.834763
34.582142 17.897144
34.536919 17.959448
34.491550 18.021673
34.446037 18.083820
34.400379 18.145889
34.354576 18.207880
34.308628 18.269791
34.262535 18.331621
34.216297 18.393372
34.169914 18.455042
34.123386 18.516632
34.076714 18.578142
34.029896 18.639570
33.982933 18.700916
33.935825 18.762180
33.888573 18.823362
33.841175 18.884462
33.793633 18.945480
33.745945 19.006414
33.698112 19.067265
33.650135 19.128031
33.602013 19.188713
33.553745 19.249311
33.505333 19.309826
33.456776 19.370255
33.408073 19.430597
33.359226 19.490854
33.310234 19.551025
33.261097 19.611111
33.211815 19.671108
33.162388 19.731018
33.112816 19.790840
33.063099 19.850574
33.013237 19.910221
32.963230 19.969780
32.913078 20.029249
32.862782 20.088629
32.812340 20.147919
32.761753 20.207119
32.711021 20.266230
32.660145 20.325249
32.609123 20.384176
32.557957 20.443012
32.506645 20.501757
32.455193 20.560410
32.403599 20.618971
32.351864 20.677439
32.299988 20.735813
32.247971 20.794094
32.195812 20.852282
32.143513 20.910376
32.091072 20.968374
32.038490 21.026278
31.985765 21.084085
31.932899 21.141798
31.879892 21.199415
31.826744 21.256937
31.773455 21.314362
31.720024 21.371689
31.666452 21.428919
31.612740 21.486052
31.558886 21.543087
31.504890 21.600023
31.450754 21.656860
31.396477 21.713598
31.342058 21.770237
31.287498 21.826777
31.232798 21.883217
31.177956 21.939556
31.122972 21.995794
31.067848 22.051931
31.012585 22.107967
30.957182 22.163902
30.901640 22.219734
30.845959 22.275463
30.790138 22.331089
30.734179 22.386612
30.678080 22.442032
30.621841 22.497349
30.565464 22.552561
30.508947 22.607668
30.452291 22.662670
30.395496 22.717567
30.338562 22.772360
30.281488 22.827045
30.224276 22.881624
30.166924 22.936096
30.109434 22.990461
30.051807 23.044720
29.994043 23.098869
29.936142 23.152910
29.878103 23.206842
29.819927 23.260666
29.761614 23.314381
29.703163 23.367987
29.644575 23.421482
29.585850 23.474867
29.526987 23.528141
29.467987 23.581305
29.408850 23.634357
29.349575 23.687298
29.290165 23.740126
29.230619 23.792841
29.170938 23.845444
29.111122 23.897934
29.051170 23.950310
28.991083 24.002571
28.930861 24.054718
28.870502 24.106750
28.810009 24.158669
28.749380 24.210472
28.688616 24.262159
28.627716 24.313730
28.566681 24.365185
28.505510 24.416523
28.444206 24.467745
28.382769 24.518848
28.321198 24.569834
28.259493 24.620701
28.197655 24.671450
28.135683 24.722080
28.073578 24.772591
28.011339 24.822981
27.948967 24.873251
27.886461 24.923401
27.823822 24.973431
27.761049 25.023338
27.698145 25.073124
27.635109 25.122787
27.571941 25.172329
27.508642 25.221748
27.445211 25.271046
27.381649 25.320219
27.317955 25.369268
27.254129 25.418194
27.190172 25.466995
27.126083 25.515673
27.061863 25.564224
26.997513 25.612650
26.933033 25.660950
26.868423 25.709124
26.803684 25.757172
26.738815 25.805092
26.673817 25.852884
26.608688 25.900549
26.543430 25.948086
26.478043 25.995495
26.412525 26.042774
26.346878 26.089924
26.281103 26.136944
26.215200 26.183834
26.149170 26.230595
26.083012 26.277224
26.016726 26.323721
25.950312 26.370087
25.883770 26.416321
25.817101 26.462423
25.750303 26.508392
25.683378 26.554228
25.616327 26.599930
25.549150 26.645498
25.481848 26.690933
25.414419 26.736235
25.346865 26.781401
25.279184 26.826431
25.211378 26.871326
25.143446 26.916086
25.075388 26.960711
25.007206 27.005198
24.938900 27.049547
24.870470 27.093760
24.801916 27.137835
24.733238 27.181772
24.664436 27.225571
24.595510 27.269230
24.526461 27.312750
24.457287 27.356131
24.387991 27.399372
24.318573 27.442472
24.249033 27.485432
24.179371 27.528250
24.109587 27.570927
24.039680 27.613462
23.969652 27.655855
23.899502 27.698105
23.829229 27.740211
23.758837 27.782175
23.688324 27.823996
23.617691 27.865671
23.546938 27.907202
23.476065 27.948587
23.405071 27.989828
23.333958 28.030924
23.262724 28.071873
23.191370 28.112675
23.119898 28.153330
23.048307 28.193838
22.976599 28.234200
22.904772 28.274412
22.832827 28.314476
22.760763 28.354391
22.688581 28.394157
22.616282 28.433775
22.543865 28.473242
22.471333 28.512558
22.398684 28.551723
22.325918 28.590738
22.253036 28.629602
22.180038 28.668314
22.106924 28.706873
22.033695 28.745279
21.960352 28.783533
21.886894 28.821634
21.813322 28.859581
21.739635 28.897373
21.665834 28.935011
21.591919 28.972494
21.517889 29.009823
21.443747 29.046997
21.369492 29.084015
21.295124 29.120876
21.220644 29.157581
21.146051 29.194130
21.071346 29.230522
20.996529 29.266756
20.921600 29.302832
20.846561 29.338749
20.771412 29.374508
20.696152 29.410109
20.620781 29.445549
20.545300 29.480829
20.469707 29.515949
20.394007 29.550909
20.318197 29.585709
20.242279 29.620346
20.166252 29.654821
20.090117 29.689135
20.013872 29.723286
19.937521 29.757275
19.861063 29.791100
19.784498 29.824760
19.707827 29.858257
19.631048 29.891590
19.554163 29.924759
19.477171 29.957762
19.400074 29.990599
19.322872 30.023270
19.245565 30.055775
19.168154 30.088114
19.090637 30.120285
19.013016 30.152288
18.935291 30.184124
18.857464 30.215792
18.779533 30.247292
18.701500 30.278622
18.623363 30.309782
18.545124 30.340773
18.466782 30.371593
18.388338 30.402245
18.309793 30.432724
18.231148 30.463032
18.152401 30.493168
18.073553 30.523132
17.994604 30.552925
17.915556 30.582544
17.836409 30.611990
17.757162 30.641262
17.677816 30.670361
17.598372 30.699286
17.518829 30.728035
17.439190 30.756609
17.359453 30.785007
17.279619 30.813231
17.199688 30.841278
17.119659 30.869148
17.039536 30.896841
16.959316 30.924356
16.879002 30.951694
16.798592 30.978855
16.718086 31.005836
16.637486 31.032639
16.556791 31.059261
16.476004 31.085705
16.395123 31.111969
16.314148 31.138054
16.233080 31.163958
16.151920 31.189680
16.070669 31.215221
15.989326 31.240582
15.907892 31.265760
15.826367 31.290756
15.744752 31.315569
15.663046 31.340199
15.581250 31.364645
15.499365 31.388908
15.417391 31.412987
15.335328 31.436880
15.253177 31.460588
15.170938 31.484112
15.088611 31.507450
15.006197 31.530602
14.923697 31.553566
14.841109 31.576344
14.758436 31.598934
14.675677 31.621338
14.592834 31.643553
14.509905 31.665579
14.426891 31.687416
14.343794 31.709064
14.260612 31.730524
14.177348 31.751795
14.094001 31.772875
14.010571 31.793764
13.927058 31.814463
13.843464 31.834970
13.759789 31.855288
13.676032 31.875412
13.592195 31.895344
13.508277 31.915083
13.424279 31.934629
13.340202 31.953983
13.256046 31.973143
13.171812 31.992107
13.087500 32.010880
13.003109 32.029457
12.918641 32.047840
12.834096 32.066029
12.749475 32.084023
12.664777 32.101822
12.580004 32.119423
12.495155 32.136826
12.410233 32.154030
12.325235 32.171036
12.240164 32.187843
12.155019 32.204453
12.069800 32.220863
11.984509 32.237076
11.899146 32.253090
11.813711 32.268906
11.728205 32.284523
11.642628 32.299938
11.556980 32.315151
11.471263 32.330162
11.385476 32.344971
11.299620 32.359577
11.213695 32.373981
11.127701 32.388184
11.041639 32.402184
10.955510 32.415981
10.869314 32.429577
10.783051 32.442970
10.696723 32.456158
10.610329 32.469139
10.523870 32.481915
10.437346 32.494484
10.350758 32.506847
10.264106 32.519005
10.177391 32.530956
10.090613 32.542702
10.003774 32.554241
9.916872 32.565575
9.829909 32.576702
9.742886 32.587624
9.655802 32.598335
9.568658 32.608837
9.481455 32.619129
9.394193 32.629211
9.306872 32.639084
9.219494 32.648746
9.132058 32.658199
9.044565 32.667442
8.957016 32.676476
8.869411 32.685299
8.781750 32.693913
8.694034 32.702312
8.606263 32.710499
8.518438 32.718472
8.430560 32.726231
8.342628 32.733776
8.254644 32.741108
8.166608 32.748226
8.078520 32.755131
7.990381 32.761822
7.902191 32.768299
7.813951 32.774563
7.725662 32.780613
7.637324 32.786446
7.548937 32.792061
7.460502 32.797459
7.372019 32.802639
7.283490 32.807602
7.194915 32.812347
7.106294 32.816875
7.017627 32.821186
6.928916 32.825279
6.840160 32.829155
6.751361 32.832813
6.662518 32.836254
6.573632 32.839478
6.484704 32.842480
6.395735 32.845261
6.306725 32.847820
6.217674 32.850159
6.128583 32.852276
6.039453 32.854172
5.950284 32.855846
5.861076 32.857300
5.771831 32.858532
5.682548 32.859543
5.593229 32.860332
5.503873 32.860901
5.414482 32.861248
5.325056 32.861370
5.235596 32.861267
5.146101 32.860939
5.056574 32.860386
4.967013 32.859608
4.877421 32.858604
4.787797 32.857376
4.698142 32.855923
4.608457 32.854244
4.518741 32.852341
4.428997 32.850212
4.339223 32.847858
4.249422 32.845280
4.159593 32.842476
4.069737 32.839443
3.979854 32.836182
3.889946 32.832691
3.800012 32.828972
3.710054 32.825024
3.620072 32.820847
3.530066 32.816441
3.440038 32.811806
3.349987 32.806942
3.259915 32.801849
3.169821 32.796528
3.079707 32.790977
2.989574 32.785198
2.899421 32.779190
2.809249 32.772953
2.719059 32.766483
2.628852 32.759781
2.538629 32.752846
2.448389 32.745678
2.358133 32.738277
2.267863 32.730644
2.177578 32.722778
2.087279 32.714680
1.996968 32.706348
1.906644 32.697784
1.816308 32.688988
1.725961 32.679958
1.635604 32.670696
1.545236 32.661201
1.454860 32.651474
1.364475 32.641514
1.274081 32.631317
1.183681 32.620884
1.093273 32.610214
1.002860 32.599308
0.912441 32.588165
0.822017 32.576786
0.731589 32.565170
0.641158 32.553318
0.550724 32.541229
0.460287 32.528904
0.369850 32.516342
0.279411 32.503544
0.188972 32.490509
0.098533 32.477238
0.008095 32.463730
-0.082340 32.449986
-0.172774 32.436005
-0.263204 32.421787
-0.353631 32.407333
-0.444053 32.392639
-0.534470 32.377705
-0.624881 32.362530
-0.715286 32.347115
-0.805683 32.331459
-0.896073 32.315563
-0.986455 32.299427
-1.076827 32.283051
-1.167190 32.266434
-1.257542 32.249577
-1.347883 32.232479
-1.438212 32.215141
-1.528528 32.197563
-1.618831 32.179745
-1.709120 32.161686
-1.799395 32.143387
-1.889654 32.124847
-1.979897 32.106068
-2.070124 32.087048
-2.160333 32.067787
-2.250524 32.048286
-2.340696 32.028545
-2.430848 32.008560
-2.520980 31.988333
-2.611092 31.967863
-2.701181 31.947151
-2.791248 31.926197
-2.881292 31.905001
-2.971313 31.883562
-3.061308 31.861879
-3.151278 31.839952
-3.241223 31.817781
-3.331141 31.795366
-3.421031 31.772707
-3.510893 31.749804
-3.600726 31.726656
-3.690530 31.703264
-3.780303 31.679628
-3.870046 31.655748
-3.959756 31.631624
-4.049435 31.607256
-4.139080 31.582644
-4.228691 31.557787
-4.318267 31.532686
-4.407808 31.507341
-4.497313 31.481752
-4.586781 31.455919
-4.676211 31.429840
-4.765603 31.403515
-4.854956 31.376944
-4.944269 31.350126
-5.033542 31.323063
-5.122773 31.295753
-5.211962 31.268198
-5.301108 31.240396
-5.390211 31.212349
-5.479269 31.184055
-5.568282 31.155516
-5.657249 31.126730
-5.746170 31.097698
-5.835043 31.068420
-5.923869 31.038897
-6.012645 31.009127
-6.101371 30.979111
-6.190047 30.948849
-6.278672 30.918341
-6.367245 30.887587
-6.455765 30.856586
-6.544232 30.825340
-6.632644 30.793848
-6.721002 30.762110
-6.809303 30.730125
-6.897548 30.697895
-6.985736 30.665419
-7.073865 30.632696
-7.161936 30.599728
-7.249948 30.566513
-7.337898 30.533052
-7.425788 30.499346
-7.513616 30.465393
-7.601380 30.431194
-7.689082 30.396749
-7.776719 30.362059
-7.864290 30.327122
-7.951796 30.291939
-8.039235 30.256510
-8.126607 30.220835
-8.213910 30.184914
-8.301145 30.148746
-8.388309 30.112333
-8.475404 30.075674
-8.562427 30.038769
-8.649377 30.001617
-8.736254 29.964220
-8.823057 29.926577
-8.909786 29.888687
-8.996440 29.850552
-9.083017 29.812170
-9.169518 29.773542
-9.255939 29.734669
-9.342283 29.695549
-9.428548 29.656183
-9.514732 29.616571
-9.600836 29.576714
-9.686857 29.536610
-9.772796 29.496260
-9.858651 29.455664
-9.944423 29.414822
-10.030109 29.373734
-10.115710 29.332399
-10.201224 29.290819
-10.286651 29.248993
-10.371988 29.206921
-10.457237 29.164602
-10.542397 29.122040
-10.627465 29.079233
-10.712442 29.036182
-10.797327 28.992887
-10.882118 28.949348
-10.966815 28.905565
-11.051417 28.861538
-11.135924 28.817266
-11.220335 28.772751
-11.304648 28.727991
-11.388864 28.682987
-11.472980 28.637739
-11.556995 28.592247
-11.640911 28.546511
-11.724726 28.500530
-11.808438 28.454306
-11.892048 28.407839
-11.975554 28.361130
-12.058954 28.314178
-12.142249 28.266985
-12.225438 28.219549
-12.308520 28.171871
-12.391495 28.123951
-12.474360 28.075788
-12.557117 28.027384
-12.639762 27.978737
-12.722296 27.929848
-12.804718 27.880716
-12.887028 27.831345
-12.969224 27.781733
-13.051306 27.731880
-13.133272 27.681787
-13.215122 27.631454
-13.296855 27.580881
-13.378469 27.530067
-13.459966 27.479013
-13.541343 27.427719
-13.622600 27.376186
-13.703735 27.324415
-13.784749 27.272406
-13.865640 27.220158
-13.946406 27.167671
-14.027049 27.114946
-14.107567 27.061983
-14.187959 27.008781
-14.268224 26.955343
-14.348361 26.901669
-14.428370 26.847757
-14.508248 26.793610
-14.587996 26.739225
-14.667614 26.684605
-14.747100 26.629747
-14.826453 26.574654
-14.905673 26.519325
-14.984758 26.463762
-15.063708 26.407965
-15.142522 26.351933
-15.221199 26.295666
-15.299739 26.239164
-15.378140 26.182428
-15.456403 26.125460
-15.534525 26.068258
-15.612506 26.010824
-15.690345 25.953157
-15.768041 25.895258
-15.845593 25.837126
-15.923002 25.778763
-16.000265 25.720169
-16.077383 25.661345
-16.154354 25.602289
-16.231178 25.543003
-16.307854 25.483486
-16.384380 25.423740
-16.460756 25.363766
-16.536982 25.303562
-16.613054 25.243130
-16.688974 25.182468
-16.764742 25.121580
-16.840355 25.060465
-16.915813 24.999123
-16.991116 24.937553
-17.066261 24.875757
-17.141249 24.813736
-17.216078 24.751490
-17.290749 24.689018
-17.365259 24.626322
-17.439610 24.563400
-17.513798 24.500256
-17.587824 24.436888
-17.661688 24.373297
-17.735388 24.309483
-17.808924 24.245445
-17.882294 24.181187
-17.955498 24.116707
-18.028534 24.052006
-18.101402 23.987083
-18.174103 23.921940
-18.246634 23.856577
-18.318995 23.790995
-18.391184 23.725193
-18.463202 23.659172
-18.535046 23.592934
-18.606716 23.526478
-18.678213 23.459805
-18.749535 23.392914
-18.820681 23.325808
-18.891649 23.258486
-18.962440 23.190948
-19.033054 23.123196
-19.103489 23.055229
-19.173744 22.987049
-19.243818 22.918655
-19.313711 22.850048
-19.383421 22.781229
-19.452948 22.712198
-19.522291 22.642956
-19.591450 22.573502
-19.660423 22.503838
-19.729210 22.433964
-19.797810 22.363880
-19.866222 22.293587
-19.934446 22.223085
-20.002481 22.152376
-20.070326 22.081459
-20.137980 22.010336
-20.205442 21.939007
-20.272713 21.867472
-20.339790 21.795731
-20.406673 21.723785
-20.473362 21.651636
-20.539856 21.579283
-20.606153 21.506725
-20.672255 21.433966
-20.738157 21.361004
-20.803862 21.287840
-20.869368 21.214476
-20.934673 21.140911
-20.999779 21.067146
-21.064682 20.993183
-21.129383 20.919022
-21.193882 20.844662
-21.258177 20.770103
-21.322268 20.695349
-21.386154 20.620398
-21.449835 20.545250
-21.513309 20.469908
-21.576576 20.394371
-21.639635 20.318640
-21.702486 20.242716
-21.765127 20.166599
-21.827559 20.090290
-21.889778 20.013790
-21.951786 19.937099
-22.013582 19.860218
-22.075165 19.783148
-22.136534 19.705889
-22.197689 19.628441
-22.258629 19.550806
-22.319353 19.472984
-22.379860 19.394976
-22.440149 19.316782
-22.500221 19.238403
-22.560074 19.159840
-22.619707 19.081093
-22.679121 19.002163
-22.738314 18.923050
-22.797285 18.843756
-22.856035 18.764280
-22.914562 18.684624
-22.972866 18.604788
-23.030947 18.524773
-23.088802 18.444580
-23.146433 18.364210
-23.203836 18.283663
-23.261013 18.202940
-23.317963 18.122042
-23.374683 18.040968
-23.431175 17.959721
-23.487438 17.878300
-23.543470 17.796705
-23.599272 17.714939
-23.654842 17.633001
-23.710180 17.550894
-23.765285 17.468616
-23.820158 17.386169
-23.874796 17.303555
-23.929199 17.220772
-23.983368 17.137823
-24.037300 17.054708
-24.090996 16.971428
-24.144455 16.887983
-24.197676 16.804375
-24.250658 16.720602
-24.303402 16.636667
-24.355906 16.552570
-24.408169 16.468313
-24.460192 16.383896
-24.511972 16.299318
-24.563511 16.214582
-24.614807 16.129688
-24.665861 16.044638
-24.716671 15.959431
-24.767237 15.874068
-24.817558 15.788551
-24.867634 15.702881
-24.917463 15.617058
-24.967047 15.531082
-25.016382 15.444955
-25.065470 15.358677
-25.114309 15.272249
-25.162901 15.185673
-25.211243 15.098948
-25.259335 15.012076
-25.307177 14.925057
-25.354767 14.837893
-25.402105 14.750583
-25.449192 14.663129
-25.496025 14.575532
-25.542604 14.487793
-25.588930 14.399912
-25.635002 14.311890
-25.680819 14.223727
-25.726379 14.135426
-25.771685 14.046986
-25.816734 13.958408
-25.861526 13.869695
-25.906061 13.780846
-25.950338 13.691861
-25.994358 13.602742
-26.038118 13.513490
-26.081619 13.424105
-26.124861 13.334588
-26.167841 13.244941
-26.210560 13.155164
-26.253017 13.065258
-26.295214 12.975224
-26.337147 12.885064
-26.378817 12.794778
-26.420223 12.704366
-26.461367 12.613829
-26.502247 12.523168
-26.542862 12.432384
-26.583212 12.341477
-26.623297 12.250450
-26.663116 12.159303
-26.702669 12.068036
-26.741955 11.976651
-26.780973 11.885149
-26.819725 11.793530
-26.858208 11.701797
-26.896421 11.609948
-26.934366 11.517986
-26.972042 11.425911
-27.009449 11.333723
-27.046585 11.241424
-27.083450 11.149014
-27.120045 11.056494
-27.156368 10.963865
-27.192421 10.871129
-27.228201 10.778286
-27.263708 10.685337
-27.298943 10.592283
-27.333904 10.499125
-27.368593 10.405865
-27.403008 10.312502
-27.437147 10.219038
-27.471012 10.125474
-27.504602 10.031811
-27.537918 9.938049
-27.570957 9.844191
-27.603720 9.750236
-27.636206 9.656185
-27.668415 9.562040
-27.700348 9.467802
-27.732004 9.373471
-27.763382 9.279049
-27.794481 9.184536
-27.825302 9.089933
-27.855844 8.995242
-27.886108 8.900463
-27.916094 8.805597
-27.945799 8.710646
-27.975224 8.615609
-28.004368 8.520489
-28.033232 8.425285
-28.061815 8.330000
-28.090118 8.234633
-28.118141 8.139187
-28.145882 8.043661
-28.173340 7.948057
-28.200516 7.852375
-28.227409 7.756616
-28.254021 7.660781
-28.280350 7.564871
-28.306396 7.468888
-28.332159 7.372833
-28.357637 7.276706
-28.382832 7.180508
-28.407742 7.084241
-28.432367 6.987905
-28.456709 6.891501
-28.480766 6.795031
-28.504539 6.698495
-28.528028 6.601894
-28.551231 6.505229
-28.574148 6.408501
-28.596779 6.311711
-28.619123 6.214860
-28.641182 6.117949
-28.662954 6.020979
-28.684441 5.923951
-28.705641 5.826866
-28.726555 5.729724
-28.747183 5.632527
-28.767523 5.535275
-28.787575 5.437971
-28.807339 5.340613
-28.826815 5.243205
-28.846003 5.145746
-28.864902 5.048238
-28.883514 4.950682
-28.901838 4.853078
-28.919874 4.755429
-28.937622 4.657734
-28.955082 4.559995
-28.972254 4.462212
-28.989138 4.364387
-29.005733 4.266521
-29.022041 4.168613
-29.038059 4.070667
-29.053787 3.972682
-29.069225 3.874659
-29.084373 3.776600
-29.099232 3.678505
-29.113800 3.580376
-29.128078 3.482213
-29.142067 3.384017
-29.155766 3.285790
-29.169174 3.187532
-29.182293 3.089244
-29.195122 2.990928
-29.207661 2.892584
-29.219910 2.794214
-29.231869 2.695817
-29.243538 2.597396
-29.254917 2.498951
-29.266006 2.400484
-29.276806 2.301994
-29.287315 2.203484
-29.297535 2.104954
-29.307465 2.006405
-29.317104 1.907838
-29.326454 1.809254
-29.335514 1.710655
-29.344284 1.612040
-29.352764 1.513412
-29.360954 1.414771
-29.368855 1.316117
-29.376465 1.217453
-29.383785 1.118778
-29.390816 1.020095
-29.397556 0.921403
-29.404007 0.822705
-29.410168 0.724000
-29.416039 0.625290
-29.421619 0.526576
-29.426910 0.427858
-29.431911 0.329139
-29.436623 0.230418
-29.441044 0.131697
-29.445175 0.032977
-29.449017 -0.065742
-29.452568 -0.164458
-29.455830 -0.263171
-29.458803 -0.361879
-29.461489 -0.460581
-29.463886 -0.559277
-29.465996 -0.657966
-29.467817 -0.756646
-29.469351 -0.855316
-29.470596 -0.953977
-29.471554 -1.052626
-29.472223 -1.151263
-29.472605 -1.249886
-29.472698 -1.348495
-29.472504 -1.447090
-29.472021 -1.545668
-29.471251 -1.644229
-29.470192 -1.742772
-29.468845 -1.841296
-29.467213 -1.939800
-29.465294 -2.038283
-29.463089 -2.136745
-29.460598 -2.235184
-29.457821 -2.333599
-29.454758 -2.431990
-29.451408 -2.530355
-29.447773 -2.628694
-29.443851 -2.727006
-29.439644 -2.825289
-29.435150 -2.923542
-29.430372 -3.021766
-29.425310 -3.119958
-29.419964 -3.218118
-29.414333 -3.316245
-29.408419 -3.414338
-29.402220 -3.512396
-29.395737 -3.610418
-29.388969 -3.708403
-29.381918 -3.806350
-29.374584 -3.904259
-29.366968 -4.002129
-29.359070 -4.099958
-29.350889 -4.197746
-29.342426 -4.295492
-29.333681 -4.393194
-29.324654 -4.490851
-29.315344 -4.588464
-29.305754 -4.686030
-29.295883 -4.783550
-29.285732 -4.881022
-29.275301 -4.978446
-29.264589 -5.075820
-29.253597 -5.173143
-29.242325 -5.270415
-29.230774 -5.367635
-29.218945 -5.464801
-29.206837 -5.561913
-29.194450 -5.658970
-29.181786 -5.755972
-29.168842 -5.852917
-29.155622 -5.949804
-29.142126 -6.046632
-29.128353 -6.143401
-29.114304 -6.240109
-29.099977 -6.336757
-29.085375 -6.433342
-29.070498 -6.529864
-29.055346 -6.626323
-29.039919 -6.722716
-29.024218 -6.819044
-29.008242 -6.915306
-28.991991 -7.011500
-28.975468 -7.107626
-28.958672 -7.203683
-28.941603 -7.299670
-28.924261 -7.395586
-28.906647 -7.491431
-28.888760 -7.587203
-28.870602 -7.682902
-28.852173 -7.778526
-28.833473 -7.874076
-28.814503 -7.969550
-28.795261 -8.064947
-28.775751 -8.160267
-28.755972 -8.255508
-28.735924 -8.350671
-28.715607 -8.445753
-28.695021 -8.540754
-28.674168 -8.635674
-28.653048 -8.730510
-28.631660 -8.825263
-28.610006 -8.919932
-28.588085 -9.014517
-28.565899 -9.109015
-28.543447 -9.203427
-28.520731 -9.297751
-28.497749 -9.391987
-28.474504 -9.486134
-28.450996 -9.580191
-28.427225 -9.674157
-28.403191 -9.768032
-28.378893 -9.861814
-28.354334 -9.955503
-28.329514 -10.049099
-28.304432 -10.142600
-28.279089 -10.236006
-28.253487 -10.329315
-28.227625 -10.422527
-28.201504 -10.515641
-28.175123 -10.608657
-28.148485 -10.701573
-28.121590 -10.794390
-28.094437 -10.887105
-28.067026 -10.979718
-28.039360 -11.072229
-28.011438 -11.164638
-27.983261 -11.256942
-27.954828 -11.349141
-27.926140 -11.441235
-27.897198 -11.533222
-27.868002 -11.625103
-27.838552 -11.716876
-27.808849 -11.808540
-27.778894 -11.900095
-27.748688 -11.991540
-27.718229 -12.082874
-27.687521 -12.174097
-27.656563 -12.265207
-27.625355 -12.356205
-27.593897 -12.447089
-27.562191 -12.537859
-27.530237 -12.628513
-27.498035 -12.719052
-27.465586 -12.809475
-27.432890 -12.899780
-27.399948 -12.989967
-27.366760 -13.080036
-27.333326 -13.169986
-27.299648 -13.259815
-27.265726 -13.349524
-27.231560 -13.439111
-27.197151 -13.528576
-27.162500 -13.617918
-27.127607 -13.707136
-27.092472 -13.796230
-27.057096 -13.885200
-27.021481 -13.974043
-26.985624 -14.062760
-26.949528 -14.151351
-26.913193 -14.239814
-26.876619 -14.328149
-26.839808 -14.416355
-26.802759 -14.504432
-26.765474 -14.592378
-26.727953 -14.680193
-26.690195 -14.767877
-26.652203 -14.855428
-26.613976 -14.942846
-26.575514 -15.030131
-26.536819 -15.117282
-26.497892 -15.204298
-26.458733 -15.291179
-26.419342 -15.377923
-26.379721 -15.464531
-26.339869 -15.551002
-26.299786 -15.637334
-26.259474 -15.723528
-26.218933 -15.809583
-26.178164 -15.895497
-26.137167 -15.981272
-26.095943 -16.066906
-26.054493 -16.152399
-26.012817 -16.237749
-25.970917 -16.322956
-25.928791 -16.408020
-25.886440 -16.492939
-25.843866 -16.577713
-25.801069 -16.662342
-25.758049 -16.746824
-25.714808 -16.831160
-25.671345 -16.915348
-25.627661 -16.999390
-25.583757 -17.083282
-25.539635 -17.167027
-25.495293 -17.250622
-25.450733 -17.334066
-25.405956 -17.417360
-25.360962 -17.500504
-25.315750 -17.583494
-25.270323 -17.666332
-25.224680 -17.749018
-25.178822 -17.831551
-25.132750 -17.913929
-25.086464 -17.996153
-25.039965 -18.078222
-24.993254 -18.160135
-24.946331 -18.241892
-24.899197 -18.323492
-24.851852 -18.404936
-24.804298 -18.486221
-24.756535 -18.567348
-24.708563 -18.648317
-24.660383 -18.729126
-24.611996 -18.809774
-24.563402 -18.890263
-24.514603 -18.970591
-24.465597 -19.050756
-24.416388 -19.130760
-24.366974 -19.210602
-24.317356 -19.290281
-24.267536 -19.369797
-24.217514 -19.449148
-24.167290 -19.528336
-24.116865 -19.607359
-24.066240 -19.686216
-24.015415 -19.764908
-23.964392 -19.843433
-23.913170 -19.921793
-23.861750 -19.999985
-23.810133 -20.078009
-23.758320 -20.155865
-23.706310 -20.233553
-23.654106 -20.311071
-23.601707 -20.388420
-23.549114 -20.465599
-23.496328 -20.542608
-23.443350 -20.619446
-23.390179 -20.696112
-23.336817 -20.772606
-23.283264 -20.848928
-23.229521 -20.925077
-23.175589 -21.001053
-23.121468 -21.076855
-23.067158 -21.152483
-23.012661 -21.227936
-22.957977 -21.303213
-22.903107 -21.378315
-22.848051 -21.453241
-22.792810 -21.527992
-22.737385 -21.602566
-22.681776 -21.676962
-22.625984 -21.751181
-22.570009 -21.825222
-22.513853 -21.899084
-22.457516 -21.972767
-22.400997 -22.046270
-22.344299 -22.119595
-22.287422 -22.192739
-22.230366 -22.265703
-22.173132 -22.338486
-22.115721 -22.411087
-22.058132 -22.483507
-22.000368 -22.555746
-21.942429 -22.627802
-21.884314 -22.699675
-21.826025 -22.771364
-21.767563 -22.842871
-21.708927 -22.914194
-21.650120 -22.985332
-21.591141 -23.056286
-21.531992 -23.127054
-21.472673 -23.197638
-21.413185 -23.268036
-21.353529 -23.338247
-21.293705 -23.408272
-21.233713 -23.478109
-21.173555 -23.547760
-21.113232 -23.617224
-21.052742 -23.686501
-20.992088 -23.755589
-20.931271 -23.824488
-20.870289 -23.893198
-20.809145 -23.961720
-20.747839 -24.030052
-20.686371 -24.098196
-20.624743 -24.166149
-20.562954 -24.233912
-20.501005 -24.301483
-20.438898 -24.368864
-20.376633 -24.436054
-20.314209 -24.503054
-20.251629 -24.569860
-20.188892 -24.636475
-20.125999 -24.702896
-20.062952 -24.769125
-19.999750 -24.835161
-19.936396 -24.901005
-19.872889 -24.966654
-19.809229 -25.032108
-19.745419 -25.097368
-19.681458 -25.162434
-19.617346 -25.227304
-19.553085 -25.291981
-19.488676 -25.356461
-19.424118 -25.420744
-19.359413 -25.484831
-19.294561 -25.548721
-19.229563 -25.612415
-19.164419 -25.675913
-19.099131 -25.739214
-19.033697 -25.802319
-18.968121 -25.865225
-18.902401 -25.927933
-18.836538 -25.990442
-18.770535 -26.052753
-18.704390 -26.114866
-18.638103 -26.176781
-18.571678 -26.238497
-18.505114 -26.300013
-18.438412 -26.361328
-18.371572 -26.422443
-18.304596 -26.483358
-18.237484 -26.544073
-18.170237 -26.604588
-18.102854 -26.664902
-18.035337 -26.725016
-17.967688 -26.784927
-17.899904 -26.844637
-17.831989 -26.904144
-17.763943 -26.963449
-17.695765 -27.022552
-17.627457 -27.081453
-17.559019 -27.140152
-17.490452 -27.198648
-17.421757 -27.256943
-17.352934 -27.315033
-17.283983 -27.372919
-17.214907 -27.430601
-17.145704 -27.488079
-17.076376 -27.545353
-17.006924 -27.602423
-16.937347 -27.659288
-16.867647 -27.715950
-16.797825 -27.772408
-16.727880 -27.828661
-16.657814 -27.884708
-16.587627 -27.940550
-16.517321 -27.996185
-16.446894 -28.051615
-16.376348 -28.106838
-16.305685 -28.161856
-16.234903 -28.216667
-16.164005 -28.271273
-16.092991 -28.325672
-16.021862 -28.379866
-15.950619 -28.433853
-15.879261 -28.487633
-15.807790 -28.541204
-15.736206 -28.594568
-15.664510 -28.647724
-15.592702 -28.700672
-15.520783 -28.753412
-15.448754 -28.805944
-15.376616 -28.858269
-15.304368 -28.910385
-15.232012 -28.962294
-15.159548 -29.013994
-15.086977 -29.065487
-15.014299 -29.116772
-14.941516 -29.167849
-14.868628 -29.218716
-14.795634 -29.269373
-14.722537 -29.319820
-14.649337 -29.370058
-14.576035 -29.420086
-14.502630 -29.469904
-14.429125 -29.519512
-14.355519 -29.568911
-14.281814 -29.618099
-14.208009 -29.667078
-14.134105 -29.715847
-14.060102 -29.764406
-13.986003 -29.812756
-13.911806 -29.860895
-13.837513 -29.908825
-13.763124 -29.956545
-13.688641 -30.004053
-13.614062 -30.051350
-13.539391 -30.098434
-13.464625 -30.145308
-13.389768 -30.191969
-13.314818 -30.238419
-13.239778 -30.284657
-13.164646 -30.330683
-13.089425 -30.376497
-13.014114 -30.422100
-12.938715 -30.467491
-12.863228 -30.512671
-12.787653 -30.557638
-12.711991 -30.602394
-12.636244 -30.646938
-12.560410 -30.691271
-12.484492 -30.735392
-12.408490 -30.779301
-12.332404 -30.822998
-12.256235 -30.866484
-12.179984 -30.909758
-12.103651 -30.952820
-12.027237 -30.995670
-11.950742 -31.038309
-11.874166 -31.080736
-11.797512 -31.122952
-11.720778 -31.164953
-11.643967 -31.206741
-11.567078 -31.248316
-11.490111 -31.289677
-11.413069 -31.330824
-11.335951 -31.371758
-11.258758 -31.412477
-11.181490 -31.452984
-11.104149 -31.493277
-11.026734 -31.533356
-10.949247 -31.573221
-10.871688 -31.612873
-10.794057 -31.652311
-10.716355 -31.691536
-10.638583 -31.730547
-10.560741 -31.769344
-10.482831 -31.807928
-10.404852 -31.846298
-10.326805 -31.884455
-10.248691 -31.922398
-10.170509 -31.960127
-10.092262 -31.997643
-10.013949 -32.034946
-9.935572 -32.072037
-9.857130 -32.108913
-9.778625 -32.145576
-9.700056 -32.182026
-9.621425 -32.218262
-9.542731 -32.254284
-9.463977 -32.290092
-9.385161 -32.325687
-9.306286 -32.361069
-9.227350 -32.396236
-9.148355 -32.431190
-9.069303 -32.465931
-8.990191 -32.500458
-8.911023 -32.534771
-8.831799 -32.568871
-8.752518 -32.602757
-8.673182 -32.636429
-8.593790 -32.669888
-8.514344 -32.703133
-8.434845 -32.736164
-8.355292 -32.768982
-8.275687 -32.801586
-8.196030 -32.833977
-8.116321 -32.866154
-8.036561 -32.898117
-7.956751 -32.929867
-7.876891 -32.961403
-7.796982 -32.992725
-7.717025 -33.023834
-7.637019 -33.054729
-7.556966 -33.085411
-7.476866 -33.115879
-7.396719 -33.146133
-7.316527 -33.176174
-7.236290 -33.206001
-7.156008 -33.235615
-7.075681 -33.265015
-6.995311 -33.294201
-6.914898 -33.323174
-6.834443 -33.351933
-6.753946 -33.380478
-6.673407 -33.408810
-6.592828 -33.436928
-6.512208 -33.464832
-6.431550 -33.492523
-6.350852 -33.520000
-6.270115 -33.547264
-6.189340 -33.574314
-6.108528 -33.601151
-6.027678 -33.627773
-5.946793 -33.654182
-5.865872 -33.680378
-5.784915 -33.706360
-5.703924 -33.732128
-5.622899 -33.757683
-5.541840 -33.783024
-5.460748 -33.808151
-5.379623 -33.833065
-5.298467 -33.857765
-5.217279 -33.882252
-5.136061 -33.906528
-5.054811 -33.930595
-4.973532 -33.954453
-4.892224 -33.978100
-4.810887 -34.001537
-4.729522 -34.024765
-4.648129 -34.047783
-4.566709 -34.070591
-4.485262 -34.093189
-4.403790 -34.115578
-4.322291 -34.137756
-4.240767 -34.159725
-4.159220 -34.181484
-4.077648 -34.203033
-3.996053 -34.224373
-3.914435 -34.245502
-3.832795 -34.266422
-3.751133 -34.287132
-3.669450 -34.307632
-3.587745 -34.327923
-3.506021 -34.348003
-3.424277 -34.367874
-3.342513 -34.387535
-3.260731 -34.406986
-3.178931 -34.426228
-3.097113 -34.445259
-3.015278 -34.464081
-2.933426 -34.482693
-2.851558 -34.501095
-2.769675 -34.519287
-2.687776 -34.537270
-2.605863 -34.555042
-2.523936 -34.572605
-2.441995 -34.589958
-2.360041 -34.607101
-2.278074 -34.624035
-2.196095 -34.640759
-2.114105 -34.657272
-2.032104 -34.673576
-1.950092 -34.689671
-1.868070 -34.705555
-1.786039 -34.721230
-1.703999 -34.736698
-1.621950 -34.751961
-1.539893 -34.767017
-1.457829 -34.781868
-1.375757 -34.796513
-1.293679 -34.810951
-1.211595 -34.825184
-1.129506 -34.839211
-1.047411 -34.853031
-0.965312 -34.866646
-0.883208 -34.880054
-0.801101 -34.893257
-0.718991 -34.906254
-0.636879 -34.919044
-0.554764 -34.931629
-0.472648 -34.944008
-0.390530 -34.956181
-0.308412 -34.968147
-0.226294 -34.979908
-0.144176 -34.991463
-0.062059 -35.002811
0.020057 -35.013954
0.102171 -35.024891
0.184283 -35.035622
0.266392 -35.046146
0.348498 -35.056465
0.430600 -35.066578
0.512698 -35.076485
0.594792 -35.086185
0.676880 -35.095680
0.758963 -35.104973
0.841040 -35.114063
0.923110 -35.122952
1.005173 -35.131638
1.087229 -35.140121
1.169276 -35.148403
1.251316 -35.156483
1.333346 -35.164360
1.415368 -35.172035
1.497379 -35.179508
1.579380 -35.186779
1.661371 -35.193848
1.743350 -35.200714
1.825318 -35.207378
1.907273 -35.213840
1.989216 -35.220100
2.071146 -35.226158
2.153062 -35.232014
2.234965 -35.237667
2.316853 -35.243118
2.398726 -35.248367
2.480584 -35.253414
2.562427 -35.258259
2.644253 -35.262901
2.726063 -35.267342
2.807855 -35.271584
2.889630 -35.275627
2.971386 -35.279472
3.053124 -35.283119
3.134844 -35.286568
3.216544 -35.289818
3.298224 -35.292870
3.379884 -35.295723
3.461524 -35.298378
3.543142 -35.300835
3.624738 -35.303093
3.706313 -35.305153
3.787865 -35.307014
3.869395 -35.308678
3.950901 -35.310143
4.032383 -35.311409
4.113841 -35.312477
4.195274 -35.313347
4.276682 -35.314018
4.358065 -35.314491
4.439422 -35.314766
4.520753 -35.314842
4.602057 -35.314720
4.683334 -35.314404
4.764583 -35.313892
4.845804 -35.313187
4.926997 -35.312286
5.008160 -35.311192
5.089294 -35.309902
5.170398 -35.308418
5.251472 -35.306740
5.332516 -35.304867
5.413529 -35.302799
5.494510 -35.300537
5.575459 -35.298080
5.656376 -35.295429
5.737260 -35.292583
5.818111 -35.289543
5.898928 -35.286308
5.979712 -35.282879
6.060461 -35.279255
6.141175 -35.275436
6.221854 -35.271423
6.302497 -35.267216
6.383104 -35.262817
6.463675 -35.258228
6.544209 -35.253448
6.624705 -35.248478
6.705164 -35.243317
6.785585 -35.237965
6.865968 -35.232422
6.946311 -35.226688
7.026615 -35.220764
7.106880 -35.214649
7.187104 -35.208344
7.267288 -35.201847
7.347431 -35.195160
7.427533 -35.188282
7.507592 -35.181213
7.587610 -35.173954
7.667585 -35.166504
7.747517 -35.158863
7.827406 -35.151031
7.907251 -35.143009
7.987052 -35.134800
8.066809 -35.126404
8.146521 -35.117821
8.226188 -35.109051
8.305809 -35.100094
8.385385 -35.090950
8.464913 -35.081619
8.544395 -35.072102
8.623830 -35.062397
8.703217 -35.052505
8.782556 -35.042427
8.861846 -35.032162
8.941088 -35.021709
9.020280 -35.011070
9.099422 -35.000244
9.178515 -34.989231
9.257558 -34.978031
9.336550 -34.966644
9.415490 -34.955070
9.494379 -34.943314
9.573216 -34.931374
9.652001 -34.919250
9.730734 -34.906944
9.809413 -34.894455
9.888039 -34.881783
9.966611 -34.868927
10.045129 -34.855888
10.123592 -34.842667
10.202002 -34.829262
10.280355 -34.815674
10.358654 -34.801903
10.436896 -34.787949
10.515082 -34.773811
10.593212 -34.759491
10.671285 -34.744987
10.749300 -34.730301
10.827257 -34.715431
10.905156 -34.700382
10.982997 -34.685154
11.060779 -34.669746
11.138501 -34.654160
11.216165 -34.638393
11.293768 -34.622448
11.371311 -34.606323
11.448793 -34.590019
11.526215 -34.573536
11.603575 -34.556873
11.680873 -34.540031
11.758109 -34.523010
11.835283 -34.505810
11.912395 -34.488430
11.989443 -34.470871
12.066427 -34.453133
12.143348 -34.435215
12.220204 -34.417118
12.296996 -34.398846
12.373723 -34.380398
12.450385 -34.361774
12.526981 -34.342976
12.603512 -34.324001
12.679976 -34.304852
12.756372 -34.285526
12.832703 -34.266026
12.908965 -34.246349
12.985160 -34.226498
13.061287 -34.206470
13.137345 -34.186268
13.213335 -34.165890
13.289256 -34.145336
13.365108 -34.124607
13.440889 -34.103703
13.516601 -34.082623
13.592241 -34.061371
13.667811 -34.039948
13.743310 -34.018353
13.818737 -33.996586
13.894093 -33.974648
13.969376 -33.952538
14.044586 -33.930256
14.119724 -33.907803
14.194789 -33.885178
14.269780 -33.862381
14.344698 -33.839413
14.419541 -33.816273
14.494310 -33.792961
14.569005 -33.769478
14.643624 -33.745823
14.718168 -33.721996
14.792637 -33.698002
14.867029 -33.673840
14.941345 -33.649509
15.015585 -33.625011
15.089747 -33.600346
15.163833 -33.575512
15.237841 -33.550510
15.311770 -33.525341
15.385622 -33.500004
15.459395 -33.474499
15.533090 -33.448826
15.606705 -33.422985
15.680240 -33.396976
15.753695 -33.370800
15.827069 -33.344456
15.900363 -33.317944
15.973576 -33.291267
16.046707 -33.264427
16.119757 -33.237423
16.192724 -33.210255
16.265610 -33.182922
16.338413 -33.155426
16.411135 -33.127766
16.483772 -33.099941
16.556326 -33.071953
16.628796 -33.043800
16.701181 -33.015484
16.773483 -32.987003
16.845701 -32.958359
16.917833 -32.929550
16.989880 -32.900578
17.061840 -32.871441
17.133715 -32.842144
17.205503 -32.812687
17.277206 -32.783070
17.348824 -32.753292
17.420353 -32.723354
17.491795 -32.693256
17.563148 -32.662998
17.634415 -32.632580
17.705593 -32.602001
17.776684 -32.571262
17.847685 -32.540363
17.918596 -32.509304
17.989418 -32.478085
18.060150 -32.446705
18.130793 -32.415165
18.201345 -32.383465
18.271807 -32.351608
18.342176 -32.319595
18.412455 -32.287426
18.482641 -32.255100
18.552736 -32.222618
18.622740 -32.189980
18.692652 -32.157185
18.762470 -32.124233
18.832195 -32.091125
18.901827 -32.057861
18.971365 -32.024441
19.040810 -31.990866
19.110161 -31.957136
19.179417 -31.923252
19.248577 -31.889214
19.317642 -31.855021
19.386612 -31.820673
19.455486 -31.786171
19.524265 -31.751514
19.592949 -31.716705
19.661535 -31.681744
19.730024 -31.646629
19.798416 -31.611362
19.866711 -31.575943
19.934908 -31.540371
20.003008 -31.504646
20.071011 -31.468769
20.138914 -31.432741
20.206718 -31.396563
20.274424 -31.360233
20.342030 -31.323753
20.409536 -31.287123
20.476944 -31.250341
20.544252 -31.213409
20.611460 -31.176329
20.678566 -31.139099
20.745571 -31.101721
20.812475 -31.064194
20.879278 -31.026518
20.945980 -30.988693
21.012581 -30.950720
21.079079 -30.912598
21.145473 -30.874329
21.211765 -30.835913
21.277954 -30.797350
21.344040 -30.758640
21.410023 -30.719784
21.475903 -30.680780
21.541677 -30.641630
21.607347 -30.602335
21.672913 -30.562895
21.738373 -30.523310
21.803728 -30.483580
21.868979 -30.443705
21.934124 -30.403685
21.999163 -30.363520
22.064095 -30.323210
22.128920 -30.282757
22.193638 -30.242161
22.258249 -30.201422
22.322754 -30.160540
22.387152 -30.119514
22.451441 -30.078346
22.515621 -30.037035
22.579693 -29.995583
22.643656 -29.953989
22.707510 -29.912254
22.771255 -29.870378
22.834892 -29.828362
22.898420 -29.786203
22.961838 -29.743904
23.025145 -29.701466
23.088341 -29.658888
23.151426 -29.616171
23.214401 -29.573315
23.277266 -29.530319
23.340019 -29.487185
23.402660 -29.443911
23.465189 -29.400499
23.527605 -29.356951
23.589909 -29.313265
23.652100 -29.269442
23.714178 -29.225481
23.776144 -29.181383
23.837997 -29.137148
23.899736 -29.092775
23.961361 -29.048267
24.022871 -29.003624
24.084267 -28.958845
24.145548 -28.913931
24.206715 -28.868881
24.267767 -28.823696
24.328705 -28.778376
24.389526 -28.732922
24.450232 -28.687334
24.510820 -28.641613
24.571293 -28.595758
24.631649 -28.549770
24.691889 -28.503649
24.752012 -28.457394
24.812019 -28.411007
24.871908 -28.364489
24.931679 -28.317839
24.991331 -28.271057
25.050865 -28.224144
25.110281 -28.177099
25.169579 -28.129923
25.228758 -28.082617
25.287819 -28.035181
25.346760 -27.987616
25.405581 -27.939920
25.464281 -27.892096
25.522861 -27.844141
25.581322 -27.796057
25.639662 -27.747845
25.697882 -27.699505
25.755981 -27.651037
25.813959 -27.602442
25.871815 -27.553719
25.929548 -27.504868
25.987160 -27.455889
26.044649 -27.406784
26.102016 -27.357553
26.159262 -27.308197
26.216385 -27.258715
26.273386 -27.209106
26.330263 -27.159372
26.387016 -27.109512
26.443645 -27.059528
26.500151 -27.009420
26.556532 -26.959188
26.612789 -26.908833
26.668922 -26.858353
26.724932 -26.807749
26.780815 -26.757021
26.836573 -26.706171
26.892204 -26.655199
26.947710 -26.604105
27.003090 -26.552889
27.058344 -26.501551
27.113472 -26.450090
27.168474 -26.398508
27.223351 -26.346806
27.278099 -26.294983
27.332720 -26.243040
27.387213 -26.190977
27.441578 -26.138794
27.495815 -26.086491
27.549925 -26.034067
27.603907 -25.981525
27.657761 -25.928865
27.711487 -25.876087
27.765083 -25.823191
27.818550 -25.770176
27.871887 -25.717043
27.925095 -25.663792
27.978172 -25.610424
28.031120 -25.556940
28.083939 -25.503340
28.136627 -25.449623
28.189186 -25.395790
28.241613 -25.341841
28.293909 -25.287775
28.346073 -25.233595
28.398106 -25.179300
28.450006 -25.124891
28.501776 -25.070368
28.553413 -25.015730
28.604919 -24.960978
28.656294 -24.906111
28.707535 -24.851131
28.758642 -24.796040
28.809616 -24.740835
28.860456 -24.685518
28.911163 -24.630089
28.961737 -24.574547
29.012177 -24.518892
29.062483 -24.463127
29.112656 -24.407251
29.162693 -24.351265
29.212595 -24.295168
29.262362 -24.238960
29.311993 -24.182642
29.361488 -24.126213
29.410849 -24.069675
29.460073 -24.013029
29.509163 -23.956274
29.558117 -23.899410
29.606936 -23.842438
29.655617 -23.785357
29.704161 -23.728168
29.752567 -23.670874
29.800837 -23.613472
29.848969 -23.555964
29.896963 -23.498348
29.944820 -23.440626
29.992540 -23.382797
30.040123 -23.324863
30.087568 -23.266825
30.134874 -23.208681
30.182041 -23.150433
30.229069 -23.092079
30.275957 -23.033621
30.322706 -22.975058
30.369316 -22.916391
30.415787 -22.857622
30.462118 -22.798750
30.508310 -22.739775
30.554361 -22.680696
30.600271 -22.621515
30.646040 -22.562231
30.691668 -22.502846
30.737154 -22.443359
30.782499 -22.383772
30.827703 -22.324083
30.872766 -22.264294
30.917688 -22.204403
30.962469 -22.144413
31.007109 -22.084324
31.051605 -22.024136
31.095959 -21.963848
31.140169 -21.903461
31.184237 -21.842976
31.228161 -21.782391
31.271942 -21.721708
31.315580 -21.660929
31.359076 -21.600052
31.402428 -21.539078
31.445637 -21.478006
31.488701 -21.416838
31.531620 -21.355574
31.574394 -21.294214
31.617023 -21.232759
31.659508 -21.171209
31.701847 -21.109564
31.744041 -21.047823
31.786091 -20.985987
31.827995 -20.924057
31.869755 -20.862034
31.911369 -20.799917
31.952837 -20.737707
31.994158 -20.675404
32.035332 -20.613007
32.076359 -20.550516
32.117241 -20.487934
32.157974 -20.425261
32.198559 -20.362495
32.238995 -20.299639
32.279282 -20.236691
32.319420 -20.173651
32.359409 -20.110521
32.399250 -20.047302
32.438942 -19.983994
32.478485 -19.920595
32.517879 -19.857107
32.557125 -19.793530
32.596222 -19.729862
32.635170 -19.666107
32.673969 -19.602264
32.712620 -19.538334
32.751122 -19.474316
32.789474 -19.410210
32.827679 -19.346016
32.865734 -19.281736
32.903641 -19.217371
32.941399 -19.152920
32.979008 -19.088383
33.016468 -19.023760
33.053776 -18.959051
33.090931 -18.894257
33.127934 -18.829378
33.164783 -18.764416
33.201481 -18.699369
33.238026 -18.634239
33.274418 -18.569025
33.310658 -18.503727
33.346745 -18.438347
33.382679 -18.372885
33.418461 -18.307341
33.454090 -18.241714
33.489567 -18.176006
33.524891 -18.110216
33.560062 -18.044346
33.595081 -17.978395
33.629948 -17.912365
33.664661 -17.846254
33.699223 -17.780064
33.733631 -17.713793
33.767887 -17.647442
33.801991 -17.581013
33.835941 -17.514505
33.869736 -17.447920
33.903374 -17.381256
33.936855 -17.314514
33.970181 -17.247694
34.003349 -17.180798
34.036362 -17.113825
34.069218 -17.046776
34.101917 -16.979650
34.134460 -16.912449
34.166847 -16.845171
34.199078 -16.777819
34.231152 -16.710392
34.263069 -16.642891
34.294830 -16.575315
34.326435 -16.507666
34.357883 -16.439941
34.389175 -16.372143
34.420311 -16.304272
34.451290 -16.236328
34.482113 -16.168312
34.512779 -16.100224
34.543289 -16.032063
34.573643 -15.963830
34.603840 -15.895526
34.633881 -15.827151
34.663761 -15.758706
34.693481 -15.690190
34.723042 -15.621604
34.752441 -15.552948
34.781681 -15.484222
34.810760 -15.415427
34.839680 -15.346563
34.868439 -15.277631
34.897038 -15.208630
34.925476 -15.139561
34.953754 -15.070424
34.981873 -15.001220
35.009830 -14.931949
35.037628 -14.862611
35.065266 -14.793206
35.092743 -14.723736
35.120060 -14.654200
35.147217 -14.584598
35.174213 -14.514931
35.201050 -14.445199
35.227726 -14.375402
35.254242 -14.305542
35.280598 -14.235618
35.306793 -14.165629
35.332829 -14.095578
35.358704 -14.025464
35.384418 -13.955287
35.409969 -13.885048
35.435356 -13.814747
35.460579 -13.744384
35.485638 -13.673960
35.510532 -13.603475
35.535263 -13.532928
35.559830 -13.462322
35.584232 -13.391656
35.608471 -13.320930
35.632545 -13.250144
35.656456 -13.179299
35.680202 -13.108396
35.703785 -13.037434
35.727203 -12.966413
35.750458 -12.895335
35.773548 -12.824200
35.796474 -12.753007
35.819237 -12.681757
35.841835 -12.610451
35.864269 -12.539088
35.886539 -12.467669
35.908646 -12.396195
35.930588 -12.324666
35.952366 -12.253081
35.973980 -12.181442
35.995430 -12.109749
36.016716 -12.038001
36.037838 -11.966200
36.058792 -11.894345
36.079578 -11.822437
36.100197 -11.750477
36.120647 -11.678464
36.140930 -11.606399
36.161045 -11.534282
36.180992 -11.462113
36.200771 -11.389894
36.220383 -11.317623
36.239826 -11.245302
36.259102 -11.172931
36.278210 -11.100510
36.297150 -11.028039
36.315922 -10.955519
36.334526 -10.882950
36.352962 -10.810332
36.371231 -10.737666
36.389332 -10.664952
36.407265 -10.592191
36.425030 -10.519382
36.442627 -10.446526
36.460056 -10.373623
36.477318 -10.300673
36.494411 -10.227678
36.511337 -10.154637
36.528095 -10.081551
36.544685 -10.008419
36.561108 -9.935243
36.577362 -9.862021
36.593449 -9.788756
36.609367 -9.715447
36.625118 -9.642095
36.640697 -9.568699
36.656105 -9.495260
36.671341 -9.421779
36.686405 -9.348255
36.701298 -9.274690
36.716019 -9.201082
36.730568 -9.127434
36.744946 -9.053744
36.759151 -8.980014
36.773186 -8.906243
36.787048 -8.832433
36.800739 -8.758583
36.814259 -8.684694
36.827606 -8.610766
36.840782 -8.536800
36.853786 -8.462796
36.866619 -8.388754
36.879280 -8.314674
36.891769 -8.240558
36.904087 -8.166404
36.916233 -8.092214
36.928207 -8.017987
36.940010 -7.943725
36.951641 -7.869427
36.963100 -7.795094
36.974388 -7.720726
36.985504 -7.646324
36.996449 -7.571887
37.007221 -7.497416
37.017822 -7.422913
37.028252 -7.348375
37.038509 -7.273805
37.048595 -7.199203
37.058510 -7.124568
37.068249 -7.049901
37.077812 -6.975204
37.087200 -6.900475
37.096413 -6.825715
37.105450 -6.750924
37.114311 -6.676104
37.122997 -6.601253
37.131508 -6.526373
37.139843 -6.451464
37.148003 -6.376526
37.155987 -6.301559
37.163795 -6.226565
37.171429 -6.151543
37.178886 -6.076493
37.186169 -6.001417
37.193275 -5.926313
37.200207 -5.851184
37.206963 -5.776028
37.213543 -5.700847
37.219948 -5.625640
37.226177 -5.550408
37.232231 -5.475152
37.238110 -5.399871
37.243813 -5.324567
37.249340 -5.249238
37.254692 -5.173887
37.259869 -5.098512
37.264870 -5.023115
37.269695 -4.947696
37.274345 -4.872254
37.278820 -4.796792
37.283119 -4.721308
37.287243 -4.645803
37.291191 -4.570278
37.294964 -4.494732
37.298561 -4.419167
37.301983 -4.343582
37.305229 -4.267978
37.308300 -4.192356
37.311195 -4.116714
37.313911 -4.041055
37.316448 -3.965378
37.318806 -3.889684
37.320984 -3.813973
37.322983 -3.738245
37.324802 -3.662501
37.326443 -3.586740
37.327904 -3.510965
37.329185 -3.435174
37.330288 -3.359368
37.331211 -3.283548
37.331955 -3.207714
37.332520 -3.131866
37.332905 -3.056004
37.333111 -2.980130
37.333138 -2.904243
37.332985 -2.828343
37.332653 -2.752431
37.332142 -2.676508
37.331451 -2.600574
37.330582 -2.524628
37.329533 -2.448673
37.328304 -2.372706
37.326897 -2.296731
37.325310 -2.220745
37.323544 -2.144751
37.321598 -2.068747
37.319473 -1.992736
37.317169 -1.916716
37.314686 -1.840688
37.312023 -1.764653
37.309181 -1.688611
37.306160 -1.612562
37.302959 -1.536507
37.299580 -1.460446
37.296021 -1.384380
37.292282 -1.308308
37.288364 -1.232232
37.284267 -1.156151
37.279991 -1.080067
37.275536 -1.003978
37.270901 -0.927886
37.266087 -0.851792
37.261093 -0.775694
37.255920 -0.699595
37.250568 -0.623493
37.245037 -0.547390
37.239326 -0.471286
37.233437 -0.395181
37.227367 -0.319076
37.221115 -0.242971
37.214680 -0.166866
37.208061 -0.090762
37.201260 -0.014658
37.194275 0.061443
37.187107 0.137543
37.179756 0.213641
37.172222 0.289736
37.164505 0.365828
37.156605 0.441917
37.148521 0.518002
37.140255 0.594083
37.131805 0.670160
37.123173 0.746232
37.114357 0.822299
37.105358 0.898360
37.096176 0.974415
37.086811 1.050464
37.077263 1.126507
37.067532 1.202542
37.057617 1.278570
37.047520 1.354590
37.037239 1.430601
37.026775 1.506605
37.016129 1.582599
37.005299 1.658584
36.994286 1.734559
36.983089 1.810524
36.971710 1.886479
36.960148 1.962422
36.948402 2.038355
36.936474 2.114276
36.924362 2.190185
36.912067 2.266081
36.899590 2.341965
36.886929 2.417835
36.874084 2.493692
36.861057 2.569535
36.847847 2.645364
36.834454 2.721178
36.820877 2.796977
36.807117 2.872761
36.793175 2.948528
36.779049 3.024279
36.764740 3.100014
36.750248 3.175732
36.735573 3.251432
36.720715 3.327114
36.705673 3.402779
36.690449 3.478424
36.675041 3.554051
36.659451 3.629658
36.643677 3.705246
36.627720 3.780813
36.611580 3.856360
36.595257 3.931885
36.578751 4.007390
36.562061 4.082873
36.545189 4.158334
36.528133 4.233772
36.510895 4.309188
36.493473 4.384580
36.475868 4.459949
36.458080 4.535293
36.440109 4.610612
36.421955 4.685907
36.403618 4.761177
36.385098 4.836421
36.366394 4.911639
36.347507 4.986830
36.328438 5.061994
36.309185 5.137131
36.289749 5.212241
36.270130 5.287322
36.250328 5.362375
36.230343 5.437398
36.210175 5.512393
36.189823 5.587358
36.169289 5.662293
36.148571 5.737197
36.127670 5.812071
36.106586 5.886913
36.085320 5.961723
36.063869 6.036501
36.042236 6.111247
36.020420 6.185959
35.998421 6.260639
35.976234 6.335284
35.953861 6.409895
35.931301 6.484472
35.908554 6.559014
35.885620 6.633521
35.862499 6.707992
35.839191 6.782427
35.815697 6.856825
35.792015 6.931186
35.768147 7.005509
35.744091 7.079794
35.719849 7.154042
35.695419 7.228251
35.670803 7.302420
35.646000 7.376550
35.621010 7.450640
35.595833 7.524690
35.570469 7.598699
35.544918 7.672667
35.519180 7.746593
35.493256 7.820477
35.467144 7.894320
35.440845 7.968119
35.414360 8.041875
35.387688 8.115587
35.360828 8.189256
35.333782 8.262879
35.306549 8.336458
35.279129 8.409991
35.251522 8.483479
35.223728 8.556920
35.195747 8.630315
35.167580 8.703663
35.139225 8.776963
35.110683 8.850216
35.081955 8.923420
35.053040 8.996575
35.023937 9.069681
34.994648 9.142737
34.965172 9.215744
34.935509 9.288700
34.905659 9.361606
34.875622 9.434460
34.845398 9.507262
34.814987 9.580012
34.784389 9.652710
34.753605 9.725354
34.722633 9.797945
34.691475 9.870482
34.660130 9.942966
34.628597 10.015394
34.596878 10.087768
34.564972 10.160086
34.532879 10.232347
34.500599 10.304553
34.468132 10.376701
34.435478 10.448792
34.402637 10.520825
34.369614 10.592800
34.336407 10.664716
34.303017 10.736572
34.269444 10.808370
34.235687 10.880107
34.201748 10.951784
34.167625 11.023400
34.133320 11.094955
34.098831 11.166449
34.064159 11.237880
34.029305 11.309248
33.994267 11.380553
33.959045 11.451795
33.923641 11.522972
33.888054 11.594085
33.852283 11.665133
33.816330 11.736115
33.780193 11.807033
33.743874 11.877884
33.707371 11.948668
33.670685 12.019386
33.633816 12.090036
33.596764 12.160619
33.559528 12.231133
33.522110 12.301578
33.484509 12.371953
33.446724 12.442259
33.408756 12.512494
33.370605 12.582659
33.332272 12.652752
33.293755 12.722774
33.255054 12.792724
33.216171 12.862601
33.177105 12.932406
33.137856 13.002138
33.098423 13.071796
33.058807 13.141380
33.019009 13.210890
32.979027 13.280324
32.938862 13.349683
32.898514 13.418965
32.857983 13.488172
32.817268 13.557301
32.776371 13.626352
32.735291 13.695326
32.694027 13.764221
32.652580 13.833037
32.610950 13.901774
32.569138 13.970431
32.527142 14.039008
32.484962 14.107504
32.442600 14.175919
32.400055 14.244251
32.357327 14.312502
32.314415 14.380670
32.271320 14.448754
32.228043 14.516755
32.184582 14.584672
32.140938 14.652504
32.097111 14.720251
32.053101 14.787913
32.008907 14.855490
31.964533 14.922980
31.919977 14.990384
31.875240 15.057701
31.830322 15.124930
31.785223 15.192072
31.739943 15.259125
31.694481 15.326089
31.648838 15.392963
31.603014 15.459748
31.557009 15.526443
31.510822 15.593046
31.464455 15.659558
31.417906 15.725979
31.371176 15.792307
31.324265 15.858542
31.277172 15.924685
31.229898 15.990733
31.182444 16.056688
31.134808 16.122549
31.086990 16.188314
31.038992 16.253984
30.990812 16.319559
30.942453 16.385036
30.893915 16.450417
30.845198 16.515699
30.796301 16.580885
30.747225 16.645971
30.697969 16.710958
30.648535 16.775846
30.598921 16.840635
30.549128 16.905323
30.499155 16.969910
30.449003 17.034395
30.398672 17.098780
30.348162 17.163061
30.297472 17.227240
30.246603 17.291315
30.195555 17.355286
30.144327 17.419151
30.092920 17.482912
30.041336 17.546568
29.989574 17.610117
29.937635 17.673559
29.885519 17.736895
29.833225 17.800123
29.780754 17.863243
29.728106 17.926254
29.675280 17.989157
29.622276 18.051950
29.569096 18.114634
29.515738 18.177206
29.462202 18.239668
29.408489 18.302019
29.354599 18.364258
29.300531 18.426384
29.246288 18.488398
29.191870 18.550299
29.137276 18.612085
29.082506 18.673758
29.027561 18.735315
28.972441 18.796759
28.917145 18.858086
28.861673 18.919296
28.806026 18.980391
28.750204 19.041367
28.694206 19.102224
28.638033 19.162964
28.581684 19.223585
28.525162 19.284086
28.468466 19.344467
28.411596 19.404728
28.354553 19.464869
28.297337 19.524887
28.239946 19.584784
28.182383 19.644558
28.124645 19.704210
28.066734 19.763739
28.008650 19.823143
27.950392 19.882423
27.891960 19.941580
27.833357 20.000610
27.774582 20.059515
27.715635 20.118294
27.656517 20.176945
27.597227 20.235468
27.537766 20.293863
27.478132 20.352131
27.418327 20.410269
27.358351 20.468277
27.298203 20.526155
27.237883 20.583904
27.177393 20.641521
27.116734 20.699007
27.055904 20.756361
26.994905 20.813581
26.933737 20.870668
26.872398 20.927622
26.810890 20.984442
26.749212 21.041126
26.687365 21.097675
26.625347 21.154089
26.563162 21.210367
26.500809 21.266508
26.438288 21.322512
26.375599 21.378378
26.312742 21.434107
26.249718 21.489697
26.186525 21.545147
26.123165 21.600458
26.059637 21.655628
25.995941 21.710657
25.932079 21.765545
25.868052 21.820292
25.803858 21.874895
25.739498 21.929356
25.674973 21.983673
25.610281 22.037848
25.545424 22.091877
25.480400 22.145761
25.415213 22.199501
25.349861 22.253094
25.284346 22.306540
25.218666 22.359838
25.152822 22.412991
25.086815 22.465994
25.020643 22.518848
24.954308 22.571554
24.887808 22.624109
24.821146 22.676514
24.754322 22.728767
24.687336 22.780870
24.620188 22.832821
24.552877 22.884619
24.485405 22.936264
24.417770 22.987757
24.349976 23.039095
24.282021 23.090279
24.213905 23.141308
24.145630 23.192181
24.077194 23.242897
24.008598 23.293457
23.939842 23.343861
23.870926 23.394106
23.801851 23.444193
23.732618 23.494122
23.663227 23.543890
23.593678 23.593498
23.523970 23.642946
23.454103 23.692234
23.384079 23.741360
23.313898 23.790323
23.243561 23.839125
23.173067 23.887762
23.102417 23.936235
23.031610 23.984545
22.960648 24.032690
22.889528 24.080669
22.818254 24.128483
22.746826 24.176130
22.675243 24.223612
22.603506 24.270926
22.531614 24.318071
22.459568 24.365049
22.387369 24.411858
22.315018 24.458496
22.242514 24.504965
22.169857 24.551264
22.097048 24.597391
22.024086 24.643347
21.950972 24.689131
21.877707 24.734741
21.804291 24.780178
21.730724 24.825441
21.657007 24.870531
21.583139 24.915445
21.509121 24.960184
21.434954 25.004747
21.360638 25.049133
21.286173 25.093342
21.211559 25.137373
21.136797 25.181227
21.061888 25.224901
20.986832 25.268396
20.911629 25.311712
20.836279 25.354847
20.760782 25.397800
20.685139 25.440573
20.609350 25.483164
20.533417 25.525572
20.457338 25.567797
20.381115 25.609838
20.304747 25.651695
20.228235 25.693367
20.151581 25.734854
20.074783 25.776155
19.997843 25.817270
19.920759 25.858198
19.843533 25.898939
19.766165 25.939491
19.688656 25.979855
19.611006 26.020029
19.533215 26.060015
19.455282 26.099810
19.377211 26.139414
19.299000 26.178827
19.220650 26.218048
19.142160 26.257076
19.063532 26.295912
18.984766 26.334555
18.905863 26.373003
18.826822 26.411257
18.747644 26.449316
18.668329 26.487179
18.588879 26.524845
18.509293 26.562315
18.429571 26.599588
18.349714 26.636663
18.269724 26.673540
18.189600 26.710218
18.109343 26.746696
18.028952 26.782974
17.948427 26.819052
17.867771 26.854929
17.786983 26.890604
17.706064 26.926077
17.625013 26.961348
17.543831 26.996416
17.462519 27.031281
17.381077 27.065941
17.299505 27.100397
17.217804 27.134647
17.135975 27.168692
17.054018 27.202530
16.971933 27.236162
16.889721 27.269587
16.807383 27.302803
16.724918 27.335812
16.642328 27.368610
16.559612 27.401199
16.476770 27.433578
16.393805 27.465748
16.310715 27.497705
16.227501 27.529451
16.144163 27.560986
16.060703 27.592306
15.977121 27.623413
15.893417 27.654306
15.809592 27.684986
15.725646 27.715450
15.641580 27.745699
15.557393 27.775732
15.473087 27.805548
15.388662 27.835146
15.304119 27.864527
15.219458 27.893690
15.134679 27.922634
15.049784 27.951359
14.964772 27.979864
14.879645 28.008150
14.794403 28.036215
14.709046 28.064058
14.623575 28.091681
14.537991 28.119080
14.452292 28.146255
14.366482 28.173208
14.280559 28.199938
14.194524 28.226442
14.108377 28.252722
14.022120 28.278776
13.935754 28.304604
13.849277 28.330204
13.762692 28.355577
13.675999 28.380724
13.589197 28.405642
13.502288 28.430330
13.415272 28.454790
13.328149 28.479021
13.240920 28.503021
13.153586 28.526791
13.066148 28.550329
12.978605 28.573635
12.890959 28.596708
12.803209 28.619549
12.715358 28.642157
12.627404 28.664530
12.539350 28.686668
12.451194 28.708572
12.362938 28.730242
12.274583 28.751675
12.186129 28.772871
12.097576 28.793831
12.008925 28.814552
11.920177 28.835035
11.831333 28.855280
11.742393 28.875286
11.653357 28.895052
11.564226 28.914577
11.475001 28.933863
11.385683 28.952908
11.296271 28.971710
11.206767 28.990271
11.117171 29.008589
11.027484 29.026665
10.937706 29.044497
10.847838 29.062084
10.757881 29.079428
10.667835 29.096527
10.577702 29.113380
10.487480 29.129988
10.397172 29.146349
10.306778 29.162462
10.216298 29.178328
10.125733 29.193945
10.035085 29.209314
9.944352 29.224434
9.853537 29.239304
9.762639 29.253923
9.671659 29.268293
9.580599 29.282412
9.489458 29.296278
9.398237 29.309893
9.306937 29.323256
9.215559 29.336365
9.124104 29.349220
9.032571 29.361822
8.940962 29.374170
8.849277 29.386263
8.757518 29.398100
8.665684 29.409681
8.573776 29.421007
8.481796 29.432076
8.389744 29.442886
8.297620 29.453440
8.205425 29.463736
8.113161 29.473772
8.020827 29.483549
7.928425 29.493067
7.835955 29.502325
7.743417 29.511324
7.650814 29.520061
7.558144 29.528538
7.465410 29.536753
7.372611 29.544706
7.279749 29.552397
7.186824 29.559824
7.093837 29.566988
7.000788 29.573889
6.907679 29.580524
6.814510 29.586895
6.721282 29.593000
6.627995 29.598841
6.534650 29.604414
6.441248 29.609720
6.347791 29.614759
6.254278 29.619532
6.160710 29.624037
6.067088 29.628273
5.973413 29.632240
5.879686 29.635939
5.785908 29.639368
5.692078 29.642527
5.598198 29.645414
5.504270 29.648031
5.410292 29.650377
5.316267 29.652452
5.222195 29.654255
5.128077 29.655785
5.033914 29.657042
4.939706 29.658026
4.845454 29.658737
4.751160 29.659174
4.656823 29.659336
4.562445 29.659224
4.468027 29.658836
4.373569 29.658175
4.279072 29.657236
4.184537 29.656021
4.089965 29.654530
3.995357 29.652761
3.900713 29.650717
3.806034 29.648394
3.711322 29.645792
3.616577 29.642912
3.521800 29.639753
3.426991 29.636316
3.332152 29.632599
3.237283 29.628601
3.142386 29.624323
3.047460 29.619764
2.952508 29.614925
2.857529 29.609804
2.762526 29.604401
2.667497 29.598715
2.572445 29.592747
2.477371 29.586496
2.382274 29.579962
2.287156 29.573143
2.192019 29.566040
2.096862 29.558653
2.001687 29.550982
1.906495 29.543026
1.811286 29.534784
1.716061 29.526257
1.620822 29.517443
1.525569 29.508343
1.430303 29.498957
1.335025 29.489285
1.239735 29.479324
1.144436 29.469076
1.049128 29.458540
0.953811 29.447716
0.858486 29.436604
0.763156 29.425203
0.667819 29.413513
0.572478 29.401533
0.477133 29.389263
0.381786 29.376703
0.286436 29.363853
0.191086 29.350714
0.095735 29.337284
0.000386 29.323563
-0.094962 29.309549
-0.190306 29.295244
-0.285647 29.280647
-0.380983 29.265759
-0.476314 29.250578
-0.571637 29.235106
-0.666953 29.219339
-0.762261 29.203279
-0.857559 29.186926
-0.952846 29.170279
-1.048122 29.153337
-1.143385 29.136103
-1.238635 29.118574
-1.333870 29.100752
-1.429090 29.082634
-1.524294 29.064220
-1.619480 29.045511
-1.714648 29.026506
-1.809796 29.007206
-1.904924 28.987610
-2.000030 28.967718
-2.095114 28.947531
-2.190175 28.927048
-2.285212 28.906269
-2.380223 28.885193
-2.475207 28.863819
-2.570164 28.842148
-2.665093 28.820179
-2.759992 28.797913
-2.854861 28.775349
-2.949698 28.752487
-3.044503 28.729328
-3.139274 28.705872
-3.234011 28.682117
-3.328712 28.658066
-3.423376 28.633715
-3.518003 28.609064
-3.612591 28.584114
-3.707139 28.558865
-3.801646 28.533316
-3.896112 28.507467
-3.990535 28.481319
-4.084914 28.454872
-4.179247 28.428125
-4.273535 28.401079
-4.367775 28.373734
-4.461967 28.346088
-4.556110 28.318144
-4.650203 28.289900
-4.744244 28.261356
-4.838233 28.232512
-4.932168 28.203365
-5.026050 28.173918
-5.119875 28.144169
-5.213644 28.114119
-5.307354 28.083767
-5.401007 28.053114
-5.494599 28.022160
-5.588130 27.990904
-5.681599 27.959347
-5.775005 27.927488
-5.868346 27.895329
-5.961622 27.862867
-6.054832 27.830105
-6.147974 27.797041
-6.241047 27.763676
-6.334051 27.730009
-6.426984 27.696041
-6.519845 27.661772
-6.612632 27.627201
-6.705346 27.592329
-6.797984 27.557156
-6.890545 27.521681
-6.983030 27.485905
-7.075436 27.449827
-7.167762 27.413448
-7.260007 27.376768
-7.352171 27.339787
-7.444252 27.302504
-7.536248 27.264919
-7.628159 27.227034
-7.719983 27.188847
-7.811720 27.150358
-7.903368 27.111568
-7.994926 27.072477
-8.086394 27.033085
-8.177770 26.993391
-8.269052 26.953396
-8.360239 26.913099
-8.451331 26.872501
-8.542327 26.831602
-8.633225 26.790403
-8.724025 26.748905
-8.814724 26.707108
-8.905322 26.665010
-8.995818 26.622614
-9.086211 26.579918
-9.176499 26.536922
-9.266682 26.493628
-9.356757 26.450033
-9.446725 26.406139
-9.536584 26.361946
-9.626332 26.317453
-9.715969 26.272661
-9.805493 26.227570
-9.894904 26.182180
-9.984200 26.136494
-10.073380 26.090509
-10.162443 26.044228
-10.251388 25.997648
-10.340213 25.950771
-10.428917 25.903597
-10.517499 25.856125
-10.605958 25.808355
-10.694293 25.760288
-10.782503 25.711926
-10.870586 25.663267
-10.958542 25.614313
-11.046369 25.565063
-11.134066 25.515518
-11.221632 25.465677
-11.309066 25.415541
-11.396366 25.365108
-11.483532 25.314383
-11.570562 25.263363
-11.657455 25.212049
-11.744210 25.160442
-11.830826 25.108541
-11.917301 25.056347
-12.003635 25.003859
-12.089827 24.951078
-12.175874 24.898006
-12.261776 24.844643
-12.347532 24.790987
-12.433141 24.737040
-12.518600 24.682800
-12.603910 24.628271
-12.689070 24.573452
-12.774077 24.518343
-12.858932 24.462944
-12.943631 24.407255
-13.028175 24.351278
-13.112563 24.295013
-13.196794 24.238461
-13.280865 24.181620
-13.364776 24.124491
-13.448525 24.067076
-13.532113 24.009375
-13.615537 23.951387
-13.698795 23.893114
-13.781888 23.834555
-13.864814 23.775711
-13.947572 23.716583
-14.030160 23.657171
-14.112577 23.597475
-14.194823 23.537495
-14.276896 23.477232
-14.358795 23.416687
-14.440518 23.355860
-14.522065 23.294750
-14.603435 23.233360
-14.684626 23.171690
-14.765636 23.109739
-14.846466 23.047508
-14.927114 22.984999
-15.007578 22.922211
-15.087858 22.859144
-15.167953 22.795801
-15.247860 22.732182
-15.327579 22.668285
-15.407110 22.604113
-15.486451 22.539665
-15.565600 22.474943
-15.644557 22.409946
-15.723320 22.344675
-15.801888 22.279131
-15.880261 22.213314
-15.958437 22.147224
-16.036415 22.080864
-16.114195 22.014233
-16.191774 21.947330
-16.269152 21.880159
-16.346327 21.812719
-16.423298 21.745010
-16.500065 21.677034
-16.576626 21.608791
-16.652979 21.540281
-16.729124 21.471506
-16.805059 21.402466
-16.880785 21.333160
-16.956299 21.263592
-17.031599 21.193760
-17.106686 21.123665
-17.181557 21.053308
-17.256212 20.982691
-17.330650 20.911812
-17.404871 20.840673
-17.478872 20.769276
-17.552652 20.697618
-17.626211 20.625704
-17.699547 20.553532
-17.772659 20.481102
-17.845547 20.408417
-17.918209 20.335476
-17.990644 20.262281
-18.062851 20.188833
-18.134829 20.115131
-18.206575 20.041178
-18.278091 19.966972
-18.349375 19.892517
-18.420425 19.817812
-18.491241 19.742857
-18.561823 19.667654
-18.632168 19.592203
-18.702274 19.516506
-18.772142 19.440563
-18.841770 19.364374
-18.911158 19.287941
-18.980303 19.211264
-19.049206 19.134344
-19.117865 19.057182
-19.186279 18.979780
-19.254448 18.902138
-19.322371 18.824255
-19.390045 18.746134
-19.457470 18.667774
-19.524645 18.589178
-19.591568 18.510345
-19.658239 18.431278
-19.724657 18.351976
-19.790821 18.272442
-19.856730 18.192675
-19.922382 18.112675
-19.987778 18.032444
-20.052916 17.951982
-20.117794 17.871292
-20.182413 17.790373
-20.246771 17.709227
-20.310867 17.627853
-20.374701 17.546255
-20.438271 17.464432
-20.501575 17.382385
-20.564615 17.300116
-20.627388 17.217625
-20.689894 17.134912
-20.752131 17.051981
-20.814098 16.968830
-20.875795 16.885462
-20.937222 16.801876
-20.998375 16.718075
-21.059256 16.634058
-21.119862 16.549828
-21.180193 16.465384
-21.240248 16.380728
-21.300026 16.295860
-21.359526 16.210783
-21.418747 16.125496
-21.477688 16.040001
-21.536348 15.954299
-21.594727 15.868391
-21.652822 15.782278
-21.710636 15.695961
-21.768166 15.609441
-21.825411 15.522718
-21.882370 15.435796
-21.939043 15.348674
-21.995428 15.261353
-22.051525 15.173836
-22.107332 15.086122
-22.162849 14.998212
-22.218077 14.910108
-22.273012 14.821810
-22.327656 14.733320
-22.382006 14.644640
-22.436062 14.555770
-22.489822 14.466711
-22.543287 14.377464
-22.596457 14.288031
-22.649328 14.198411
-22.701902 14.108607
-22.754177 14.018620
-22.806152 13.928452
-22.857826 13.838101
-22.909199 13.747571
-22.960270 13.656862
-23.011038 13.565976
-23.061502 13.474914
-23.111664 13.383676
-23.161520 13.292263
-23.211071 13.200678
-23.260315 13.108921
-23.309252 13.016994
-23.357882 12.924896
-23.406202 12.832630
-23.454214 12.740197
-23.501915 12.647598
-23.549305 12.554834
-23.596384 12.461906
-23.643150 12.368816
-23.689604 12.275565
-23.735744 12.182154
-23.781570 12.088583
-23.827082 11.994855
-23.872278 11.900970
-23.917158 11.806931
-23.961721 11.712737
-24.005968 11.618391
-24.049896 11.523893
-24.093506 11.429245
-24.136797 11.334448
-24.179768 11.239503
-24.222418 11.144411
-24.264748 11.049174
-24.306755 10.953794
-24.348440 10.858270
-24.389803 10.762604
-24.430841 10.666798
-24.471556 10.570852
-24.511946 10.474769
-24.552011 10.378549
-24.591751 10.282193
-24.631165 10.185703
-24.670252 10.089081
-24.709011 9.992327
-24.747442 9.895442
-24.785545 9.798429
-24.823320 9.701287
-24.860765 9.604019
-24.897881 9.506626
-24.934666 9.409109
-24.971121 9.311469
-25.007244 9.213708
-25.043036 9.115827
-25.078495 9.017827
-25.113623 8.919710
-25.148417 8.821477
-25.182877 8.723129
-25.217003 8.624668
-25.250795 8.526094
-25.284252 8.427410
-25.317373 8.328616
-25.350159 8.229714
-25.382608 8.130706
-25.414722 8.031591
-25.446499 7.932373
-25.477938 7.833051
-25.509039 7.733627
-25.539803 7.634104
-25.570229 7.534481
-25.600315 7.434761
-25.630062 7.334944
-25.659470 7.235032
-25.688538 7.135027
-25.717266 7.034929
-25.745653 6.934741
-25.773699 6.834462
-25.801403 6.734096
-25.828766 6.633642
-25.855787 6.533103
-25.882467 6.432479
-25.908806 6.331773
-25.934801 6.230985
-25.960453 6.130116
-25.985762 6.029170
-26.010727 5.928145
-26.035349 5.827044
-26.059628 5.725868
-26.083563 5.624619
-26.107153 5.523298
-26.130398 5.421906
-26.153297 5.320445
-26.175852 5.218915
-26.198061 5.117319
-26.219925 5.015657
-26.241444 4.913931
-26.262617 4.812143
-26.283445 4.710294
-26.303926 4.608384
-26.324060 4.506416
-26.343847 4.404390
-26.363287 4.302309
-26.382380 4.200173
-26.401125 4.097985
-26.419523 3.995744
-26.437574 3.893454
-26.455278 3.791114
-26.472635 3.688727
-26.489645 3.586293
-26.506308 3.483814
-26.522623 3.381292
-26.538591 3.278727
-26.554213 3.176122
-26.569485 3.073477
-26.584408 2.970793
-26.598982 2.868073
-26.613207 2.765318
-26.627083 2.662528
-26.640610 2.559706
-26.653788 2.456852
-26.666616 2.353968
-26.679096 2.251056
-26.691227 2.148116
-26.703009 2.045150
-26.714441 1.942160
-26.725525 1.839146
-26.736259 1.736110
-26.746645 1.633054
-26.756681 1.529979
-26.766369 1.426886
-26.775707 1.323776
-26.784697 1.220652
-26.793337 1.117513
-26.801628 1.014362
-26.809570 0.911200
-26.817163 0.808028
-26.824409 0.704848
-26.831308 0.601661
-26.837860 0.498468
-26.844065 0.395270
-26.849922 0.292070
-26.855433 0.188868
-26.860596 0.085665
-26.865412 -0.017537
-26.869881 -0.120736
-26.874002 -0.223932
-26.877777 -0.327122
-26.881205 -0.430307
-26.884285 -0.533484
-26.887018 -0.636651
-26.889404 -0.739809
-26.891445 -0.842955
-26.893141 -0.946088
-26.894491 -1.049207
-26.895496 -1.152311
-26.896156 -1.255397
-26.896471 -1.358466
-26.896441 -1.461515
-26.896065 -1.564543
-26.895344 -1.667549
-26.894278 -1.770532
-26.892868 -1.873490
-26.891115 -1.976423
-26.889019 -2.079327
-26.886580 -2.182204
-26.883797 -2.285050
-26.880671 -2.387865
-26.877201 -2.490648
-26.873390 -2.593397
-26.869238 -2.696110
-26.864744 -2.798788
-26.859909 -2.901428
-26.854733 -3.004029
-26.849215 -3.106590
-26.843355 -3.209109
-26.837156 -3.311586
-26.830618 -3.414018
-26.823740 -3.516405
-26.816523 -3.618746
-26.808966 -3.721039
-26.801069 -3.823282
-26.792835 -3.925476
-26.784264 -4.027617
-26.775354 -4.129706
-26.766108 -4.231741
-26.756523 -4.333721
-26.746603 -4.435644
-26.736347 -4.537509
-26.725756 -4.639316
-26.714828 -4.741062
-26.703566 -4.842746
-26.691969 -4.944368
-26.680038 -5.045926
-26.667774 -5.147418
-26.655176 -5.248844
-26.642246 -5.350203
-26.628984 -5.451492
-26.615391 -5.552712
-26.601465 -5.653861
-26.587208 -5.754937
-26.572620 -5.855939
-26.557703 -5.956867
-26.542456 -6.057719
-26.526878 -6.158494
-26.510973 -6.259191
-26.494740 -6.359807
-26.478178 -6.460344
-26.461288 -6.560798
-26.444073 -6.661170
-26.426531 -6.761456
-26.408663 -6.861658
-26.390469 -6.961773
-26.371950 -7.061800
-26.353107 -7.161738
-26.333941 -7.261586
-26.314449 -7.361342
-26.294636 -7.461007
-26.274500 -7.560577
-26.254042 -7.660053
-26.233263 -7.759433
-26.212164 -7.858716
-26.190744 -7.957901
-26.169004 -8.056987
-26.146946 -8.155972
-26.124569 -8.254855
-26.101873 -8.353636
-26.078861 -8.452312
-26.055532 -8.550884
-26.031887 -8.649350
-26.007927 -8.747709
-25.983652 -8.845961
-25.959063 -8.944103
-25.934160 -9.042135
-25.908945 -9.140056
-25.883417 -9.237864
-25.857576 -9.335558
-25.831425 -9.433138
-25.804962 -9.530602
-25.778189 -9.627951
-25.751106 -9.725182
-25.723715 -9.822293
-25.696014 -9.919285
-25.668007 -10.016155
-25.639692 -10.112904
-25.611071 -10.209529
-25.582144 -10.306030
-25.552912 -10.402407
-25.523375 -10.498657
-25.493534 -10.594781
-25.463390 -10.690777
-25.432943 -10.786644
-25.402195 -10.882381
-25.371145 -10.977988
-25.339796 -11.073462
-25.308147 -11.168803
-25.276199 -11.264009
-25.243954 -11.359080
-25.211411 -11.454015
-25.178570 -11.548812
-25.145433 -11.643471
-25.112001 -11.737990
-25.078274 -11.832370
-25.044252 -11.926608
-25.009937 -12.020704
-24.975330 -12.114657
-24.940432 -12.208467
-24.905241 -12.302131
-24.869761 -12.395649
-24.833990 -12.489020
-24.797930 -12.582244
-24.761581 -12.675319
-24.724945 -12.768244
-24.688023 -12.861018
-24.650814 -12.953641
-24.613319 -13.046111
-24.575541 -13.138428
-24.537477 -13.230591
-24.499132 -13.322599
-24.460505 -13.414453
-24.421595 -13.506149
-24.382404 -13.597689
-24.342934 -13.689070
-24.303185 -13.780292
-24.263157 -13.871353
-24.222851 -13.962254
-24.182268 -14.052992
-24.141409 -14.143567
-24.100275 -14.233978
-24.058867 -14.324225
-24.017183 -14.414308
-23.975227 -14.504224
-23.932999 -14.593973
-23.890499 -14.683555
-23.847729 -14.772967
-23.804689 -14.862210
-23.761381 -14.951283
-23.717804 -15.040184
-23.673960 -15.128914
-23.629848 -15.217471
-23.585472 -15.305855
-23.540831 -15.394064
-23.495924 -15.482098
-23.450754 -15.569956
-23.405321 -15.657638
-23.359627 -15.745142
-23.313671 -15.832468
-23.267456 -15.919615
-23.220982 -16.006582
-23.174248 -16.093369
-23.127256 -16.179974
-23.080008 -16.266397
-23.032503 -16.352638
-22.984743 -16.438696
-22.936729 -16.524569
-22.888462 -16.610256
-22.839943 -16.695759
-22.791172 -16.781075
-22.742149 -16.866203
-22.692877 -16.951143
-22.643354 -17.035894
-22.593584 -17.120457
-22.543566 -17.204828
-22.493301 -17.289009
-22.442791 -17.372999
-22.392036 -17.456797
-22.341038 -17.540401
-22.289795 -17.623814
-22.238310 -17.707031
-22.186583 -17.790054
-22.134615 -17.872881
-22.082407 -17.955511
-22.029961 -18.037945
-21.977276 -18.120180
-21.924355 -18.202217
-21.871197 -18.284056
-21.817804 -18.365694
-21.764177 -18.447132
-21.710316 -18.528370
-21.656221 -18.609406
-21.601894 -18.690239
-21.547337 -18.770870
-21.492548 -18.851297
-21.437531 -18.931520
-21.382284 -19.011539
-21.326811 -19.091354
-21.271111 -19.170963
-21.215185 -19.250366
-21.159035 -19.329563
-21.102659 -19.408552
-21.046061 -19.487333
-20.989239 -19.565907
-20.932196 -19.644270
-20.874931 -19.722424
-20.817448 -19.800367
-20.759745 -19.878099
-20.701824 -19.955620
-20.643686 -20.032928
-20.585333 -20.110025
-20.526764 -20.186909
-20.467981 -20.263578
-20.408985 -20.340034
-20.349777 -20.416275
-20.290358 -20.492300
-20.230726 -20.568110
-20.170885 -20.643703
-20.110834 -20.719080
-20.050575 -20.794239
-19.990108 -20.869181
-19.929436 -20.943905
-19.868557 -21.018410
-19.807474 -21.092695
-19.746187 -21.166761
-19.684698 -21.240608
-19.623007 -21.314234
-19.561115 -21.387638
-19.499023 -21.460821
-19.436733 -21.533783
-19.374245 -21.606522
-19.311558 -21.679037
-19.248674 -21.751329
-19.185595 -21.823399
-19.122320 -21.895243
-19.058851 -21.966862
-18.995190 -22.038256
-18.931335 -22.109425
-18.867290 -22.180367
-18.803055 -22.251081
-18.738630 -22.321569
-18.674017 -22.391830
-18.609217 -22.461864
-18.544230 -22.531670
-18.479057 -22.601246
-18.413700 -22.670593
-18.348160 -22.739712
-18.282436 -22.808599
-18.216530 -22.877256
-18.150442 -22.945683
-18.084173 -23.013878
-18.017725 -23.081842
-17.951097 -23.149574
-17.884293 -23.217073
-17.817310 -23.284340
-17.750153 -23.351374
-17.682819 -23.418175
-17.615313 -23.484741
-17.547632 -23.551073
-17.479780 -23.617170
-17.411757 -23.683033
-17.343563 -23.748661
-17.275200 -23.814054
-17.206669 -23.879211
-17.137970 -23.944132
-17.069103 -24.008816
-17.000071 -24.073263
-16.930872 -24.137474
-16.861509 -24.201448
-16.791983 -24.265184
-16.722294 -24.328682
-16.652443 -24.391941
-16.582432 -24.454962
-16.512260 -24.517744
-16.441931 -24.580288
-16.371443 -24.642591
-16.300798 -24.704655
-16.229998 -24.766478
-16.159042 -24.828060
-16.087933 -24.889402
-16.016670 -24.950504
-15.945255 -25.011366
-15.873689 -25.071985
-15.801971 -25.132362
-15.730104 -25.192497
-15.658089 -25.252390
-15.585925 -25.312040
-15.513615 -25.371449
-15.441157 -25.430614
-15.368554 -25.489536
-15.295806 -25.548214
-15.222914 -25.606647
-15.149879 -25.664837
-15.076701 -25.722782
-15.003383 -25.780483
-14.929924 -25.837940
-14.856326 -25.895153
-14.782590 -25.952120
-14.708716 -26.008841
-14.634706 -26.065315
-14.560561 -26.121544
-14.486280 -26.177526
-14.411865 -26.233263
-14.337317 -26.288754
-14.262635 -26.343998
-14.187822 -26.398996
-14.112879 -26.453749
-14.037806 -26.508253
-13.962604 -26.562510
-13.887274 -26.616518
-13.811817 -26.670279
-13.736235 -26.723791
-13.660526 -26.777056
-13.584693 -26.830072
-13.508736 -26.882841
-13.432655 -26.935362
-13.356453 -26.987635
-13.280129 -27.039660
-13.203686 -27.091434
-13.127123 -27.142960
-13.050442 -27.194235
-12.973643 -27.245260
-12.896728 -27.296036
-12.819695 -27.346561
-12.742548 -27.396837
-12.665286 -27.446863
-12.587911 -27.496639
-12.510423 -27.546165
-12.432823 -27.595442
-12.355113 -27.644468
-12.277293 -27.693245
-12.199365 -27.741772
-12.121327 -27.790047
-12.043182 -27.838070
-11.964931 -27.885841
-11.886573 -27.933361
-11.808110 -27.980629
-11.729544 -28.027645
-11.650874 -28.074409
-11.572103 -28.120922
-11.493229 -28.167183
-11.414254 -28.213192
-11.335179 -28.258949
-11.256005 -28.304455
-11.176733 -28.349709
-11.097363 -28.394711
-11.017898 -28.439461
-10.938336 -28.483959
-10.858680 -28.528206
-10.778929 -28.572201
-10.699084 -28.615944
-10.619147 -28.659435
-10.539119 -28.702675
-10.459000 -28.745663
-10.378791 -28.788399
-10.298492 -28.830881
-10.218105 -28.873110
-10.137630 -28.915085
-10.057069 -28.956806
-9.976421 -28.998274
-9.895689 -29.039488
-9.814873 -29.080448
-9.733973 -29.121155
-9.652989 -29.161608
-9.571924 -29.201807
-9.490778 -29.241753
-9.409552 -29.281445
-9.328246 -29.320883
-9.246861 -29.360067
-9.165399 -29.398998
-9.083858 -29.437675
-9.002242 -29.476099
-8.920550 -29.514269
-8.838784 -29.552185
-8.756945 -29.589848
-8.675032 -29.627256
-8.593046 -29.664412
-8.510989 -29.701313
-8.428862 -29.737961
-8.346664 -29.774355
-8.264398 -29.810495
-8.182062 -29.846382
-8.099659 -29.882015
-8.017189 -29.917395
-7.934653 -29.952520
-7.852052 -29.987392
-7.769387 -30.022011
-7.686657 -30.056376
-7.603865 -30.090487
-7.521011 -30.124344
-7.438095 -30.157948
-7.355119 -30.191298
-7.272083 -30.224394
-7.188988 -30.257236
-7.105834 -30.289825
-7.022624 -30.322161
-6.939356 -30.354242
-6.856032 -30.386070
-6.772654 -30.417645
-6.689220 -30.448965
-6.605733 -30.480034
-6.522193 -30.510851
-6.438601 -30.541416
-6.354958 -30.571730
-6.271264 -30.601791
-6.187520 -30.631601
-6.103727 -30.661160
-6.019885 -30.690466
-5.935996 -30.719521
-5.852059 -30.748323
-5.768077 -30.776875
-5.684049 -30.805174
-5.599977 -30.833221
-5.515860 -30.861017
-5.431700 -30.888561
-5.347498 -30.915854
-5.263254 -30.942894
-5.178968 -30.969683
-5.094643 -30.996220
-5.010278 -31.022505
-4.925875 -31.048538
-4.841433 -31.074320
-4.756954 -31.099850
-4.672439 -31.125128
-4.587887 -31.150154
-4.503301 -31.174929
-4.418680 -31.199453
-4.334025 -31.223728
-4.249337 -31.247753
-4.164617 -31.271528
-4.079865 -31.295053
-3.995083 -31.318329
-3.910271 -31.341354
-3.825429 -31.364130
-3.740559 -31.386656
-3.655660 -31.408932
-3.570735 -31.430958
-3.485782 -31.452734
-3.400804 -31.474260
-3.315800 -31.495537
-3.230772 -31.516563
-3.145720 -31.537340
-3.060645 -31.557867
-2.975548 -31.578146
-2.890428 -31.598177
-2.805288 -31.617960
-2.720128 -31.637495
-2.634948 -31.656782
-2.549749 -31.675821
-2.464532 -31.694613
-2.379297 -31.713156
-2.294045 -31.731451
-2.208778 -31.749498
-2.123494 -31.767298
-2.038196 -31.784849
-1.952884 -31.802153
-1.867559 -31.819210
-1.782220 -31.836021
-1.696870 -31.852587
-1.611508 -31.868906
-1.526135 -31.884979
-1.440753 -31.900806
-1.355361 -31.916388
-1.269960 -31.931723
-1.184551 -31.946812
-1.099135 -31.961655
-1.013712 -31.976252
-0.928283 -31.990602
-0.842849 -32.004707
-0.757410 -32.018566
-0.671967 -32.032181
-0.586520 -32.045551
-0.501071 -32.058678
-0.415620 -32.071560
-0.330167 -32.084198
-0.244714 -32.096592
-0.159260 -32.108742
-0.073807 -32.120647
0.011646 -32.132309
0.097096 -32.143726
0.182544 -32.154900
0.267988 -32.165829
0.353429 -32.176514
0.438866 -32.186954
0.524298 -32.197151
0.609724 -32.207108
0.695143 -32.216824
0.780556 -32.226299
0.865961 -32.235535
0.951358 -32.244530
1.036747 -32.253284
1.122126 -32.261799
1.207494 -32.270073
1.292852 -32.278107
1.378199 -32.285900
1.463534 -32.293453
1.548856 -32.300766
1.634165 -32.307838
1.719460 -32.314671
1.804741 -32.321262
1.890006 -32.327614
1.975256 -32.333725
2.060490 -32.339596
2.145707 -32.345226
2.230907 -32.350620
2.316088 -32.355778
2.401251 -32.360699
2.486394 -32.365383
2.571517 -32.369831
2.656620 -32.374043
2.741702 -32.378017
2.826762 -32.381756
2.911799 -32.385258
2.996814 -32.388523
3.081805 -32.391552
3.166772 -32.394344
3.251714 -32.396900
3.336631 -32.399220
3.421521 -32.401302
3.506386 -32.403149
3.591223 -32.404758
3.676033 -32.406132
3.760814 -32.407272
3.845566 -32.408180
3.930289 -32.408855
4.014981 -32.409298
4.099643 -32.409508
4.184274 -32.409485
4.268873 -32.409229
4.353440 -32.408741
4.437973 -32.408020
4.522474 -32.407066
4.606940 -32.405880
4.691372 -32.404461
4.775768 -32.402809
4.860129 -32.400925
4.944453 -32.398808
5.028741 -32.396458
5.112991 -32.393879
5.197203 -32.391071
5.281376 -32.388035
5.365510 -32.384769
5.449605 -32.381275
5.533659 -32.377552
5.617671 -32.373600
5.701643 -32.369419
5.785573 -32.365009
5.869460 -32.360371
5.953304 -32.355503
6.037104 -32.350407
6.120860 -32.345081
6.204571 -32.339527
6.288237 -32.333744
6.371857 -32.327736
6.455431 -32.321503
6.538958 -32.315044
6.622437 -32.308361
6.705869 -32.301453
6.789251 -32.294319
6.872585 -32.286961
6.955869 -32.279377
7.039103 -32.271568
7.122286 -32.263535
7.205418 -32.255276
7.288498 -32.246792
7.371526 -32.238083
7.454501 -32.229149
7.537423 -32.219990
7.620290 -32.210609
7.703104 -32.201008
7.785862 -32.191185
7.868565 -32.181141
7.951212 -32.170876
8.033803 -32.160389
8.116337 -32.149681
8.198813 -32.138752
8.281232 -32.127602
8.363592 -32.116230
8.445893 -32.104637
8.528135 -32.092823
8.610317 -32.080788
8.692438 -32.068531
8.774498 -32.056057
8.856496 -32.043365
8.938432 -32.030457
9.020305 -32.017330
9.102115 -32.003986
9.183861 -31.990425
9.265543 -31.976646
9.347160 -31.962650
9.428713 -31.948437
9.510200 -31.934006
9.591620 -31.919359
9.672975 -31.904497
9.754262 -31.889420
9.835482 -31.874126
9.916634 -31.858618
9.997717 -31.842894
10.078732 -31.826954
10.159677 -31.810801
10.240551 -31.794434
10.321355 -31.777853
10.402087 -31.761059
10.482748 -31.744051
10.563336 -31.726830
10.643852 -31.709396
10.724295 -31.691751
10.804664 -31.673895
10.884958 -31.655827
10.965178 -31.637547
11.045323 -31.619055
11.125393 -31.600351
11.205386 -31.581438
11.285303 -31.562315
11.365143 -31.542982
11.444905 -31.523439
11.524590 -31.503687
11.604196 -31.483725
11.683722 -31.463554
11.763170 -31.443176
11.842538 -31.422590
11.921825 -31.401796
12.001033 -31.380795
12.080159 -31.359585
12.159204 -31.338167
12.238168 -31.316544
12.317049 -31.294714
12.395847 -31.272678
12.474563 -31.250437
12.553194 -31.227989
12.631742 -31.205336
12.710204 -31.182478
12.788582 -31.159416
12.866874 -31.136150
12.945080 -31.112680
13.023199 -31.089006
13.101232 -31.065128
13.179176 -31.041048
13.257033 -31.016766
13.334802 -30.992281
13.412481 -30.967594
13.490072 -30.942705
13.567574 -30.917614
13.644985 -30.892323
13.722306 -30.866831
13.799537 -30.841139
13.876676 -30.815247
13.953723 -30.789154
14.030678 -30.762861
14.107540 -30.736370
14.184309 -30.709681
14.260984 -30.682793
14.337565 -30.655706
14.414052 -30.628422
14.490444 -30.600939
14.566741 -30.573259
14.642942 -30.545383
14.719048 -30.517311
14.795056 -30.489042
14.870968 -30.460577
14.946782 -30.431915
15.022498 -30.403059
15.098116 -30.374008
15.173635 -30.344763
15.249056 -30.315323
15.324377 -30.285688
15.399598 -30.255859
15.474719 -30.225838
15.549739 -30.195623
15.624658 -30.165216
15.699475 -30.134617
15.774191 -30.103825
15.848804 -30.072840
15.923315 -30.041664
15.997723 -30.010298
16.072027 -29.978741
16.146227 -29.946993
16.220322 -29.915054
16.294312 -29.882925
16.368196 -29.850607
16.441977 -29.818100
16.515650 -29.785404
16.589216 -29.752520
16.662676 -29.719446
16.736029 -29.686184
16.809275 -29.652735
16.882412 -29.619099
16.955441 -29.585276
17.028360 -29.551266
17.101171 -29.517069
17.173874 -29.482685
17.246466 -29.448116
17.318947 -29.413363
17.391317 -29.378424
17.463577 -29.343300
17.535727 -29.307991
17.607763 -29.272499
17.679688 -29.236824
17.751499 -29.200966
17.823198 -29.164925
17.894783 -29.128700
17.966253 -29.092293
18.037609 -29.055704
18.108850 -29.018934
18.179977 -28.981983
18.250988 -28.944851
18.321882 -28.907537
18.392660 -28.870043
18.463322 -28.832369
18.533867 -28.794516
18.604294 -28.756483
18.674603 -28.718271
18.744793 -28.679880
18.814865 -28.641312
18.884819 -28.602566
18.954655 -28.563643
19.024370 -28.524542
19.093966 -28.485264
19.163441 -28.445808
19.232796 -28.406178
19.302031 -28.366371
19.371143 -28.326389
19.440134 -28.286232
19.509003 -28.245899
19.577749 -28.205393
19.646374 -28.164713
19.714874 -28.123859
19.783251 -28.082832
19.851503 -28.041632
19.919632 -28.000257
19.987637 -27.958712
20.055515 -27.916994
20.123268 -27.875105
20.190895 -27.833044
20.258396 -27.790812
20.325771 -27.748407
20.393021 -27.705833
20.460142 -27.663090
20.527136 -27.620176
20.594002 -27.577093
20.660740 -27.533840
20.727350 -27.490419
20.793831 -27.446831
20.860182 -27.403074
20.926403 -27.359150
20.992495 -27.315058
21.058456 -27.270800
21.124289 -27.226376
21.189989 -27.181786
21.255558 -27.137030
21.320995 -27.092108
21.386301 -27.047020
21.451475 -27.001768
21.516516 -26.956352
21.581423 -26.910772
21.646196 -26.865028
21.710836 -26.819120
21.775343 -26.773050
21.839716 -26.726818
21.903954 -26.680424
21.968056 -26.633867
22.032022 -26.587149
22.095854 -26.540268
22.159550 -26.493227
22.223110 -26.446026
22.286533 -26.398664
22.349819 -26.351143
22.412968 -26.303461
22.475979 -26.255621
22.538853 -26.207623
22.601587 -26.159466
22.664183 -26.111151
22.726639 -26.062677
22.788956 -26.014048
22.851133 -25.965261
22.913172 -25.916319
22.975069 -25.867220
23.036825 -25.817965
23.098440 -25.768553
23.159914 -25.718987
23.221247 -25.669266
23.282438 -25.619390
23.343487 -25.569361
23.404392 -25.519176
23.465155 -25.468840
23.525774 -25.418350
23.586250 -25.367708
23.646584 -25.316914
23.706772 -25.265966
23.766815 -25.214869
23.826714 -25.163620
23.886467 -25.112221
23.946075 -25.060671
24.005539 -25.008970
24.064857 -24.957121
24.124029 -24.905123
24.183054 -24.852976
24.241932 -24.800680
24.300663 -24.748236
24.359247 -24.695642
24.417685 -24.642902
24.475973 -24.590015
24.534113 -24.536982
24.592104 -24.483801
24.649946 -24.430473
24.707640 -24.377001
24.765184 -24.323383
24.822578 -24.269621
24.879822 -24.215714
24.936914 -24.161661
24.993856 -24.107466
25.050648 -24.053127
25.107288 -23.998646
25.163778 -23.944021
25.220116 -23.889254
25.276300 -23.834345
25.332333 -23.779295
25.388212 -23.724104
25.443939 -23.668772
25.499514 -23.613298
25.554934 -23.557686
25.610199 -23.501934
25.665310 -23.446043
25.720266 -23.390013
25.775068 -23.333843
25.829716 -23.277534
25.884209 -23.221088
25.938545 -23.164505
25.992725 -23.107784
26.046749 -23.050926
26.100616 -22.993931
26.154327 -22.936800
26.207882 -22.879534
26.261278 -22.822132
26.314516 -22.764595
26.367596 -22.706923
26.420517 -22.649117
26.473280 -22.591177
26.525885 -22.533104
26.578331 -22.474897
26.630617 -22.416557
26.682743 -22.358086
26.734709 -22.299482
26.786514 -22.240747
26.838160 -22.181881
26.889645 -22.122883
26.940969 -22.063755
26.992132 -22.004498
27.043133 -21.945110
27.093971 -21.885593
27.144648 -21.825947
27.195162 -21.766172
27.245514 -21.706270
27.295704 -21.646240
27.345730 -21.586082
27.395592 -21.525797
27.445290 -21.465385
27.494823 -21.404848
27.544193 -21.344185
27.593399 -21.283396
27.642441 -21.222481
27.691317 -21.161442
27.740026 -21.100279
27.788570 -21.038992
27.836948 -20.977581
27.885160 -20.916046
27.933207 -20.854389
27.981087 -20.792610
28.028801 -20.730709
28.076347 -20.668686
28.123726 -20.606541
28.170937 -20.544275
28.217979 -20.481890
28.264854 -20.419384
28.311562 -20.356758
28.358101 -20.294012
28.404470 -20.231148
28.450670 -20.168165
28.496700 -20.105064
28.542561 -20.041845
28.588251 -19.978508
28.633772 -19.915054
28.679123 -19.851484
28.724304 -19.787798
28.769314 -19.723995
28.814152 -19.660076
28.858818 -19.596043
28.903313 -19.531895
28.947636 -19.467632
28.991787 -19.403255
29.035767 -19.338764
29.079573 -19.274160
29.123205 -19.209444
29.166664 -19.144615
29.209949 -19.079674
29.253061 -19.014622
29.296000 -18.949459
29.338764 -18.884186
29.381355 -18.818802
29.423771 -18.753307
29.466011 -18.687704
29.508076 -18.621992
29.549965 -18.556171
29.591679 -18.490242
29.633217 -18.424204
29.674580 -18.358059
29.715767 -18.291807
29.756777 -18.225449
29.797609 -18.158983
29.838264 -18.092411
29.878742 -18.025734
29.919043 -17.958952
29.959166 -17.892065
29.999111 -17.825073
30.038879 -17.757977
30.078468 -17.690777
30.117878 -17.623474
30.157108 -17.556068
30.196159 -17.488560
30.235031 -17.420950
30.273724 -17.353239
30.312237 -17.285427
30.350571 -17.217514
30.388725 -17.149500
30.426699 -17.081387
30.464491 -17.013174
30.502102 -16.944862
30.539532 -16.876451
30.576780 -16.807941
30.613848 -16.739334
30.650734 -16.670630
30.687439 -16.601828
30.723961 -16.532928
30.760300 -16.463932
30.796455 -16.394840
30.832428 -16.325653
30.868217 -16.256371
30.903824 -16.186993
30.939247 -16.117521
30.974487 -16.047956
31.009544 -15.978298
31.044416 -15.908546
31.079103 -15.838702
31.113605 -15.768765
31.147923 -15.698737
31.182055 -15.628617
31.216002 -15.558406
31.249763 -15.488104
31.283340 -15.417711
31.316732 -15.347229
31.349937 -15.276657
31.382956 -15.205997
31.415787 -15.135247
31.448431 -15.064409
31.480888 -14.993484
31.513159 -14.922470
31.545242 -14.851370
31.577139 -14.780183
31.608849 -14.708910
31.640369 -14.637551
31.671701 -14.566108
31.702845 -14.494579
31.733799 -14.422966
31.764565 -14.351269
31.795141 -14.279488
31.825529 -14.207623
31.855728 -14.135676
31.885738 -14.063647
31.915558 -13.991536
31.945187 -13.919343
31.974625 -13.847069
32.003872 -13.774714
32.032928 -13.702278
32.061794 -13.629763
32.090469 -13.557168
32.118954 -13.484494
32.147247 -13.411742
32.175350 -13.338912
32.203262 -13.266004
32.230984 -13.193018
32.258514 -13.119955
32.285854 -13.046816
32.313004 -12.973600
32.339958 -12.900310
32.366718 -12.826943
32.393284 -12.753502
32.419655 -12.679986
32.445831 -12.606396
32.471813 -12.532732
32.497601 -12.458995
32.523193 -12.385185
32.548592 -12.311303
32.573795 -12.237350
32.598804 -12.163324
32.623619 -12.089229
32.648239 -12.015062
32.672665 -11.940825
32.696896 -11.866519
32.720932 -11.792143
32.744774 -11.717698
32.768421 -11.643185
32.791874 -11.568604
32.815132 -11.493955
32.838192 -11.419239
32.861053 -11.344457
32.883717 -11.269608
32.906181 -11.194693
32.928448 -11.119712
32.950516 -11.044666
32.972385 -10.969556
32.994057 -10.894382
33.015530 -10.819143
33.036804 -10.743842
33.057880 -10.668478
33.078758 -10.593052
33.099438 -10.517564
33.119919 -10.442014
33.140202 -10.366403
33.160286 -10.290730
33.180172 -10.214998
33.199860 -10.139206
33.219349 -10.063354
33.238640 -9.987444
33.257732 -9.911475
33.276627 -9.835448
33.295319 -9.759364
33.313808 -9.683223
33.332096 -9.607025
33.350182 -9.530771
33.368065 -9.454461
33.385746 -9.378096
33.403225 -9.301675
33.420502 -9.225200
33.437576 -9.148670
33.454449 -9.072087
33.471119 -8.995451
33.487587 -8.918762
33.503853 -8.842021
33.519917 -8.765228
33.535778 -8.688384
33.551437 -8.611489
33.566895 -8.534544
33.582150 -8.457549
33.597202 -8.380505
33.612053 -8.303411
33.626701 -8.226268
33.641148 -8.149076
33.655392 -8.071837
33.669430 -7.994551
33.683262 -7.917218
33.696888 -7.839839
33.710308 -7.762414
33.723522 -7.684943
33.736530 -7.607427
33.749332 -7.529866
33.761929 -7.452261
33.774319 -7.374612
33.786503 -7.296919
33.798481 -7.219184
33.810253 -7.141406
33.821819 -7.063586
33.833179 -6.985725
33.844334 -6.907823
33.855282 -6.829880
33.866024 -6.751897
33.876560 -6.673874
33.886890 -6.595813
33.897015 -6.517713
33.906933 -6.439574
33.916645 -6.361398
33.926151 -6.283185
33.935452 -6.204935
33.944546 -6.126649
33.953434 -6.048327
33.962112 -5.969970
33.970581 -5.891578
33.978840 -5.813151
33.986889 -5.734691
33.994728 -5.656198
34.002357 -5.577671
34.009777 -5.499112
34.016987 -5.420520
34.023987 -5.341896
34.030777 -5.263241
34.037357 -5.184555
34.043728 -5.105838
34.049889 -5.027091
34.055840 -4.948315
34.061581 -4.869509
34.067112 -4.790675
34.072433 -4.711813
34.077545 -4.632923
34.082447 -4.554006
34.087139 -4.475062
34.091621 -4.396092
34.095894 -4.317097
34.099957 -4.238076
34.103809 -4.159030
34.107452 -4.079960
34.110886 -4.000866
34.114109 -3.921749
34.117123 -3.842609
34.119923 -3.763447
34.122509 -3.684264
34.124882 -3.605059
34.127041 -3.525833
34.128986 -3.446588
34.130718 -3.367322
34.132236 -3.288037
34.133541 -3.208733
34.134632 -3.129411
34.135509 -3.050071
34.136173 -2.970714
34.136623 -2.891340
34.136860 -2.811949
34.136883 -2.732542
34.136692 -2.653120
34.136288 -2.573683
34.135670 -2.494231
34.134838 -2.414765
34.133793 -2.335285
34.132534 -2.255793
34.131062 -2.176288
34.129375 -2.096770
34.127476 -2.017241
34.125362 -1.937701
34.123035 -1.858150
34.120495 -1.778589
34.117741 -1.699019
34.114773 -1.619439
34.111591 -1.539851
34.108196 -1.460255
34.104588 -1.380651
34.100765 -1.301040
34.096729 -1.221422
34.092480 -1.141798
34.088013 -1.062169
34.083328 -0.982534
34.078426 -0.902895
34.073307 -0.823252
34.067970 -0.743605
34.062416 -0.663955
34.056644 -0.584302
34.050655 -0.504647
34.044449 -0.424991
34.038025 -0.345333
34.031384 -0.265675
34.024525 -0.186017
34.017448 -0.106359
34.010155 -0.026702
34.002644 0.052953
33.994915 0.132607
33.986969 0.212258
33.978806 0.291906
33.970425 0.371551
33.961826 0.451191
33.953011 0.530827
33.943977 0.610459
33.934727 0.690084
33.925259 0.769704
33.915573 0.849317
33.905670 0.928923
33.895550 1.008522
33.885212 1.088112
33.874657 1.167694
33.863884 1.247267
33.852894 1.326830
33.841686 1.406383
33.830261 1.485925
33.818619 1.565456
33.806759 1.644975
33.794682 1.724482
33.782387 1.803976
33.769875 1.883457
33.757145 1.962925
33.744198 2.042377
33.731033 2.121815
33.717651 2.201238
33.704052 2.280644
33.690235 2.360034
33.676201 2.439408
33.661945 2.518763
33.647469 2.598101
33.632771 2.677420
33.617851 2.756720
33.602711 2.836000
33.587349 2.915260
33.571766 2.994500
33.555962 3.073718
33.539936 3.152914
33.523689 3.232089
33.507221 3.311240
33.490532 3.390368
33.473621 3.469472
33.456490 3.548552
33.439137 3.627607
33.421562 3.706636
33.403767 3.785640
33.385750 3.864616
33.367512 3.943566
33.349052 4.022487
33.330372 4.101380
33.311470 4.180245
33.292347 4.259080
33.273003 4.337886
33.253437 4.416661
33.233650 4.495405
33.213642 4.574117
33.193413 4.652798
33.172962 4.731446
33.152290 4.810061
33.131397 4.888641
33.110283 4.967188
33.088947 5.045700
33.067390 5.124176
33.045612 5.202617
33.023613 5.281021
33.001392 5.359388
32.978951 5.437718
32.956287 5.516009
32.933403 5.594262
32.910297 5.672476
32.886971 5.750650
32.863422 5.828784
32.839653 5.906876
32.815662 5.984927
32.791451 6.062936
32.767017 6.140903
32.742363 6.218826
32.717487 6.296706
32.692390 6.374541
32.667072 6.452331
32.641533 6.530076
32.615772 6.607775
32.589790 6.685428
32.563587 6.763033
32.537163 6.840590
32.510517 6.918100
32.483650 6.995561
32.456562 7.072972
32.429253 7.150333
32.401722 7.227643
32.373970 7.304903
32.345997 7.382111
32.317802 7.459267
32.289387 7.536369
32.260750 7.613419
32.231892 7.690414
32.202812 7.767355
32.173512 7.844241
32.143990 7.921071
32.114246 7.997844
32.084282 8.074561
32.054096 8.151220
32.023689 8.227821
31.993061 8.304363
31.962212 8.380846
31.931141 8.457269
31.899849 8.533631
31.868336 8.609933
31.836601 8.686172
31.804646 8.762350
31.772469 8.838465
31.740070 8.914516
31.707451 8.990504
31.674610 9.066427
31.641548 9.142285
31.608265 9.218078
31.574760 9.293803
31.541035 9.369462
31.507088 9.445053
31.472919 9.520576
31.438530 9.596031
31.403919 9.671416
31.369087 9.746732
31.334034 9.821977
31.298759 9.897150
31.263264 9.972252
31.227547 10.047281
31.191608 10.122238
31.155449 10.197122
31.119068 10.271931
31.082466 10.346665
31.045643 10.421325
31.008598 10.495908
30.971333 10.570415
30.933846 10.644844
30.896137 10.719195
30.858208 10.793468
30.820057 10.867662
30.781685 10.941777
30.743092 11.015812
30.704277 11.089766
30.665241 11.163638
30.625984 11.237429
30.586506 11.311136
30.546806 11.384761
30.506886 11.458302
30.466743 11.531757
30.426380 11.605128
30.385798 11.678413
30.344995 11.751612
30.303974 11.824723
30.262733 11.897747
30.221273 11.970682
30.179594 12.043529
30.137695 12.116285
30.095577 12.188951
30.053240 12.261527
30.010683 12.334011
29.967907 12.406403
29.924911 12.478702
29.881697 12.550907
29.838263 12.623018
29.794609 12.695035
29.750736 12.766956
29.706644 12.838781
29.662333 12.910510
29.617802 12.982141
29.573051 13.053675
29.528082 13.125110
29.482893 13.196445
29.437485 13.267681
29.391857 13.338817
29.346010 13.409851
29.299946 13.480783
29.253664 13.551614
29.207165 13.622341
29.160448 13.692965
29.113514 13.763484
29.066362 13.833899
29.018993 13.904207
28.971407 13.974410
28.923603 14.044506
28.875582 14.114494
28.827343 14.184375
28.778887 14.254147
28.730213 14.323809
28.681322 14.393361
28.632214 14.462803
28.582888 14.532133
28.533344 14.601352
28.483585 14.670458
28.433611 14.739450
28.383421 14.808330
28.333015 14.877094
28.282394 14.945744
28.231558 15.014277
28.180506 15.082693
28.129238 15.150992
28.077755 15.219173
28.026056 15.287236
27.974142 15.355180
27.922012 15.423003
27.869667 15.490706
27.817106 15.558289
27.764332 15.625749
27.711344 15.693086
27.658142 15.760300
27.604727 15.827390
27.551098 15.894355
27.497255 15.961195
27.443199 16.027908
27.388929 16.094496
27.334446 16.160955
27.279749 16.227287
27.224838 16.293491
27.169714 16.359566
27.114378 16.425510
27.058830 16.491323
27.003071 16.557005
26.947100 16.622555
26.890917 16.687971
26.834522 16.753254
26.777916 16.818403
26.721098 16.883417
26.664068 16.948296
26.606827 17.013039
26.549376 17.077644
26.491714 17.142113
26.433844 17.206444
26.375763 17.270636
26.317472 17.334688
26.258972 17.398600
26.200262 17.462370
26.141342 17.525999
26.082212 17.589485
26.022873 17.652828
25.963326 17.716028
25.903570 17.779083
25.843607 17.841993
25.783436 17.904758
25.723057 17.967377
25.662470 18.029848
25.601675 18.092171
25.540672 18.154345
25.479462 18.216370
25.418045 18.278244
25.356422 18.339968
25.294594 18.401541
25.232559 18.462961
25.170319 18.524229
25.107872 18.585344
25.045219 18.646305
24.982361 18.707111
24.919298 18.767761
24.856031 18.828255
24.792561 18.888592
24.728886 18.948771
24.665007 19.008791
24.600924 19.068653
24.536636 19.128355
24.472147 19.187897
24.407455 19.247276
24.342562 19.306494
24.277466 19.365549
24.212168 19.424440
24.146667 19.483168
24.080965 19.541731
24.015062 19.600128
23.948959 19.658360
23.882656 19.716423
23.816153 19.774319
23.749449 19.832047
23.682545 19.889605
23.615440 19.946993
23.548138 20.004211
23.480637 20.061258
23.412937 20.118134
23.345039 20.174835
23.276943 20.231363
23.208649 20.287718
23.140158 20.343897
23.071470 20.399900
23.002586 20.455729
22.933506 20.511379
22.864229 20.566853
22.794756 20.622147
22.725088 20.677261
22.655226 20.732197
22.585169 20.786951
22.514917 20.841524
22.444471 20.895916
22.373831 20.950125
22.302998 21.004150
22.231972 21.057991
22.160753 21.111647
22.089342 21.165117
22.017738 21.218401
21.945944 21.271498
21.873959 21.324406
21.801783 21.377125
21.729416 21.429655
21.656858 21.481995
21.584110 21.534143
21.511173 21.586102
21.438047 21.637867
21.364733 21.689440
21.291229 21.740818
21.217537 21.792002
21.143658 21.842991
21.069592 21.893784
20.995338 21.944380
20.920898 21.994778
20.846272 22.044977
20.771460 22.094978
20.696463 22.144779
20.621281 22.194380
20.545914 22.243780
20.470364 22.292978
20.394630 22.341974
20.318714 22.390766
20.242615 22.439354
20.166332 22.487738
20.089869 22.535915
20.013224 22.583887
19.936398 22.631651
19.859390 22.679207
19.782204 22.726555
19.704838 22.773693
19.627293 22.820621
19.549568 22.867340
19.471664 22.913847
19.393583 22.960142
19.315325 23.006224
19.236889 23.052092
19.158276 23.097746
19.079487 23.143185
19.000523 23.188408
18.921383 23.233414
18.842068 23.278202
18.762579 23.322773
18.682917 23.367125
18.603081 23.411257
18.523071 23.455168
18.442890 23.498857
18.362537 23.542326
18.282013 23.585571
18.201317 23.628593
18.120451 23.671391
18.039415 23.713963
17.958210 23.756310
17.876835 23.798429
17.795292 23.840322
17.713581 23.881989
17.631702 23.923426
17.549658 23.964634
17.467447 24.005611
17.385071 24.046358
17.302528 24.086874
17.219822 24.127157
17.136951 24.167208
17.053917 24.207024
16.970720 24.246605
16.887362 24.285952
16.803841 24.325062
16.720158 24.363935
16.636314 24.402571
16.552311 24.440968
16.468147 24.479126
16.383825 24.517044
16.299345 24.554722
16.214706 24.592159
16.129911 24.629354
16.044960 24.666307
15.959852 24.703016
15.874589 24.739481
15.789170 24.775702
15.703597 24.811676
15.617870 24.847404
15.531990 24.882885
15.445957 24.918118
15.359773 24.953102
15.273437 24.987837
15.186950 25.022322
15.100313 25.056557
15.013527 25.090540
14.926592 25.124271
14.839509 25.157749
14.752278 25.190973
14.664901 25.223944
14.577377 25.256659
14.489708 25.289118
14.401894 25.321320
14.313935 25.353264
14.225833 25.384951
14.137588 25.416378
14.049200 25.447546
13.960671 25.478455
13.872002 25.509102
13.783192 25.539488
13.694242 25.569611
13.605154 25.599470
13.515927 25.629066
13.426563 25.658398
13.337063 25.687464
13.247426 25.716263
13.157654 25.744795
13.067747 25.773060
12.977707 25.801056
12.887533 25.828783
12.797227 25.856241
12.706789 25.883429
12.616220 25.910345
12.525521 25.936989
12.434692 25.963360
12.343735 25.989458
12.252649 26.015282
12.161436 26.040831
12.070096 26.066105
11.978630 26.091103
11.887039 26.115824
11.795324 26.140266
11.703485 26.164431
11.611524 26.188316
11.519440 26.211922
11.427235 26.235247
11.334909 26.258291
11.242465 26.281054
11.149901 26.303534
11.057220 26.325731
10.964420 26.347645
10.871505 26.369274
10.778474 26.390617
10.685328 26.411674
10.592070 26.432446
10.498697 26.452929
10.405212 26.473124
10.311616 26.493031
10.217909 26.512648
10.124092 26.531975
10.030167 26.551012
9.936133 26.569757
9.841993 26.588211
9.747746 26.606373
9.653394 26.624241
9.558936 26.641815
9.464375 26.659094
9.369710 26.676077
9.274943 26.692764
9.180076 26.709154
9.085108 26.725246
8.990041 26.741041
8.894876 26.756536
8.799613 26.771732
8.704254 26.786629
8.608800 26.801224
8.513251 26.815517
8.417609 26.829510
8.321875 26.843199
8.226048 26.856585
8.130129 26.869667
8.034120 26.882444
7.938021 26.894917
7.841835 26.907084
7.745561 26.918943
7.649200 26.930496
7.552755 26.941742
7.456225 26.952679
7.359612 26.963306
7.262916 26.973625
7.166138 26.983633
7.069280 26.993330
6.972342 27.002716
6.875326 27.011789
6.778232 27.020550
6.681061 27.028997
6.583815 27.037130
6.486494 27.044949
6.389099 27.052452
6.291632 27.059639
6.194094 27.066509
6.096485 27.073063
5.998806 27.079300
5.901059 27.085218
5.803244 27.090818
5.705363 27.096100
5.607417 27.101061
5.509407 27.105701
5.411333 27.110022
5.313197 27.114019
5.215000 27.117695
5.116743 27.121048
5.018426 27.124077
4.920052 27.126781
4.821621 27.129162
4.723134 27.131218
4.624592 27.132948
4.525997 27.134352
4.427350 27.135429
4.328650 27.136179
4.229901 27.136600
4.131103 27.136694
4.032257 27.136459
3.933363 27.135895
3.834424 27.135000
3.735440 27.133776
3.636413 27.132221
3.537343 27.130335
3.438232 27.128117
3.339081 27.125566
3.239891 27.122683
3.140662 27.119465
3.041398 27.115913
2.942097 27.112028
2.842762 27.107807
2.743395 27.103251
2.643995 27.098358
2.544564 27.093130
2.445104 27.087564
2.345616 27.081661
2.246100 27.075420
2.146558 27.068842
2.046992 27.061924
1.947402 27.054667
1.847789 27.047070
1.748156 27.039133
1.648502 27.030857
1.548829 27.022240
1.449139 27.013281
1.349433 27.003981
1.249711 26.994339
1.149976 26.984354
1.050228 26.974026
0.950468 26.963354
0.850699 26.952339
0.750921 26.940981
0.651134 26.929277
0.551342 26.917229
0.451545 26.904835
0.351743 26.892096
0.251940 26.879011
0.152135 26.865580
0.052330 26.851801
-0.047474 26.837675
-0.147275 26.823202
-0.247072 26.808382
-0.346864 26.793213
-0.446650 26.777695
-0.546427 26.761827
-0.646196 26.745611
-0.745954 26.729046
-0.845700 26.712132
-0.945433 26.694866
-1.045152 26.677250
-1.144855 26.659283
-1.244541 26.640965
-1.344208 26.622295
-1.443856 26.603275
-1.543482 26.583902
-1.643086 26.564177
-1.742666 26.544098
-1.842221 26.523666
-1.941750 26.502882
-2.041250 26.481745
-2.140721 26.460255
-2.240162 26.438410
-2.339570 26.416210
-2.438945 26.393656
-2.538285 26.370747
-2.637589 26.347483
-2.736856 26.323864
-2.836083 26.299891
-2.935270 26.275562
-3.034415 26.250879
-3.133518 26.225840
-3.232575 26.200443
-3.331587 26.174690
-3.430551 26.148581
-3.529467 26.122114
-3.628332 26.095291
-3.727145 26.068111
-3.825905 26.040575
-3.924611 26.012682
-4.023260 25.984432
-4.121852 25.955826
-4.220386 25.926863
-4.318860 25.897541
-4.417272 25.867861
-4.515620 25.837822
-4.613904 25.807425
-4.712121 25.776669
-4.810271 25.745554
-4.908352 25.714081
-5.006362 25.682249
-5.104300 25.650059
-5.202165 25.617510
-5.299954 25.584602
-5.397668 25.551336
-5.495304 25.517712
-5.592860 25.483728
-5.690336 25.449387
-5.787729 25.414686
-5.885038 25.379627
-5.982262 25.344210
-6.079399 25.308434
-6.176447 25.272299
-6.273407 25.235806
-6.370275 25.198954
-6.467050 25.161743
-6.563730 25.124174
-6.660315 25.086246
-6.756803 25.047960
-6.853191 25.009315
-6.949480 24.970312
-7.045667 24.930950
-7.141750 24.891230
-7.237728 24.851151
-7.333600 24.810713
-7.429364 24.769917
-7.525019 24.728762
-7.620562 24.687248
-7.715993 24.645376
-7.811310 24.603148
-7.906511 24.560562
-8.001595 24.517620
-8.096560 24.474321
-8.191404 24.430666
-8.286127 24.386654
-8.380727 24.342285
-8.475202 24.297560
-8.569550 24.252478
-8.663770 24.207039
-8.757860 24.161243
-8.851820 24.115093
-8.945647 24.068588
-9.039340 24.021729
-9.132897 23.974514
-9.226317 23.926945
-9.319598 23.879021
-9.412739 23.830742
-9.505737 23.782108
-9.598592 23.733122
-9.691301 23.683783
-9.783864 23.634090
-9.876279 23.584045
-9.968544 23.533648
-10.060658 23.482897
-10.152618 23.431795
-10.244425 23.380342
-10.336075 23.328539
-10.427567 23.276384
-10.518901 23.223879
-10.610073 23.171024
-10.701083 23.117821
-10.791929 23.064268
-10.882609 23.010366
-10.973123 22.956116
-11.063467 22.901518
-11.153642 22.846573
-11.243645 22.791281
-11.333474 22.735641
-11.423129 22.679655
-11.512608 22.623323
-11.601908 22.566647
-11.691029 22.509624
-11.779968 22.452257
-11.868725 22.394547
-11.957297 22.336493
-12.045684 22.278095
-12.133883 22.219357
-12.221892 22.160276
-12.309711 22.100855
-12.397338 22.041092
-12.484771 21.980989
-12.572008 21.920547
-12.659049 21.859766
-12.745892 21.798647
-12.832534 21.737190
-12.918975 21.675396
-13.005213 21.613266
-13.091246 21.550800
-13.177073 21.487999
-13.262691 21.424862
-13.348102 21.361391
-13.433301 21.297586
-13.518288 21.233450
-13.603061 21.168982
-13.687618 21.104181
-13.771958 21.039051
-13.856080 20.973591
-13.939981 20.907801
-14.023662 20.841682
-14.107119 20.775236
-14.190351 20.708462
-14.273356 20.641361
-14.356134 20.573935
-14.438684 20.506184
-14.521002 20.438108
-14.603087 20.369709
-14.684939 20.300987
-14.766556 20.231943
-14.847936 20.162579
-14.929077 20.092894
-15.009978 20.022890
-15.090638 19.952568
-15.171055 19.881927
-15.251227 19.810970
-15.331154 19.739697
-15.410832 19.668108
-15.490262 19.596205
-15.569441 19.523989
-15.648368 19.451460
-15.727041 19.378620
-15.805460 19.305470
-15.883622 19.232010
-15.961527 19.158241
-16.039173 19.084166
-16.116558 19.009783
-16.193680 18.935095
-16.270538 18.860102
-16.347132 18.784805
-16.423458 18.709206
-16.499516 18.633305
-16.575304 18.557102
-16.650822 18.480600
-16.726067 18.403799
-16.801037 18.326700
-16.875732 18.249304
-16.950151 18.171612
-17.024292 18.093624
-17.098152 18.015343
-17.171732 17.936768
-17.245029 17.857901
-17.318043 17.778744
-17.390772 17.699297
-17.463215 17.619562
-17.535370 17.539539
-17.607235 17.459230
-17.678810 17.378635
-17.750093 17.297756
-17.821083 17.216595
-17.891777 17.135151
-17.962175 17.053427
-18.032276 16.971424
-18.102077 16.889143
-18.171579 16.806585
-18.240780 16.723751
-18.309677 16.640642
-18.378271 16.557261
-18.446560 16.473606
-18.514542 16.389681
-18.582216 16.305487
-18.649582 16.221024
-18.716637 16.136293
-18.783379 16.051298
-18.849808 15.966038
-18.915922 15.880514
-18.981720 15.794728
-19.047201 15.708681
-19.112364 15.622375
-19.177208 15.535810
-19.241732 15.448987
-19.305933 15.361909
-19.369812 15.274576
-19.433367 15.186991
-19.496595 15.099154
-19.559498 15.011065
-19.622072 14.922729
-19.684317 14.834144
-19.746231 14.745313
-19.807814 14.656237
-19.869064 14.566917
-19.929981 14.477356
-19.990562 14.387554
-20.050808 14.297513
-20.110716 14.207234
-20.170286 14.116719
-20.229517 14.025970
-20.288406 13.934986
-20.346954 13.843771
-20.405159 13.752325
-20.463020 13.660650
-20.520536 13.568748
-20.577705 13.476619
-20.634527 13.384265
-20.691000 13.291688
-20.747124 13.198889
-20.802896 13.105869
-20.858318 13.012630
-20.913387 12.919174
-20.968103 12.825502
-21.022465 12.731616
-21.076471 12.637517
-21.130121 12.543206
-21.183413 12.448686
-21.236345 12.353957
-21.288918 12.259022
-21.341129 12.163881
-21.392979 12.068538
-21.444466 11.972992
-21.495588 11.877246
-21.546347 11.781301
-21.596739 11.685158
-21.646765 11.588820
-21.696424 11.492287
-21.745716 11.395561
-21.794640 11.298645
-21.843193 11.201540
-21.891376 11.104247
-21.939188 11.006768
-21.986628 10.909105
-22.033693 10.811259
-22.080385 10.713232
-22.126701 10.615026
-22.172642 10.516641
-22.218206 10.418079
-22.263393 10.319344
-22.308203 10.220435
-22.352633 10.121355
-22.396683 10.022105
-22.440353 9.922688
-22.483643 9.823104
-22.526550 9.723355
-22.569075 9.623444
-22.611216 9.523371
-22.652973 9.423139
-22.694345 9.322749
-22.735332 9.222203
-22.775932 9.121503
-22.816145 9.020650
-22.855970 8.919646
-22.895407 8.818494
-22.934454 8.717194
-22.973112 8.615747
-23.011379 8.514157
-23.049255 8.412425
-23.086740 8.310553
-23.123833 8.208541
-23.160532 8.106392
-23.196838 8.004107
-23.232752 7.901690
-23.268270 7.799140
-23.303394 7.696460
-23.338123 7.593652
-23.372456 7.490718
-23.406391 7.387659
-23.439930 7.284476
-23.473072 7.181173
-23.505816 7.077750
-23.538160 6.974209
-23.570107 6.870552
-23.601654 6.766781
-23.632801 6.662898
-23.663548 6.558904
-23.693893 6.454802
-23.723839 6.350592
-23.753382 6.246276
-23.782522 6.141858
-23.811260 6.037337
-23.839596 5.932717
-23.867529 5.827999
-23.895058 5.723185
-23.922182 5.618276
-23.948902 5.513274
-23.975218 5.408182
-24.001129 5.303000
-24.026636 5.197731
-24.051737 5.092377
-24.076431 4.986938
-24.100719 4.881418
-24.124601 4.775818
-24.148077 4.670139
-24.171146 4.564384
-24.193810 4.458555
-24.216064 4.352652
-24.237911 4.246678
-24.259350 4.140635
-24.280380 4.034525
-24.301003 3.928350
-24.321217 3.822110
-24.341022 3.715809
-24.360420 3.609447
-24.379410 3.503027
-24.397991 3.396550
-24.416164 3.290019
-24.433928 3.183435
-24.451281 3.076799
-24.468224 2.970114
-24.484756 2.863382
-24.500879 2.756604
-24.516592 2.649782
-24.531895 2.542917
-24.546787 2.436013
-24.561270 2.329070
-24.575342 2.222090
-24.589005 2.115076
-24.602257 2.008029
-24.615099 1.900950
-24.627531 1.793841
-24.639553 1.686706
-24.651165 1.579544
-24.662367 1.472358
-24.673159 1.365150
-24.683540 1.257921
-24.693512 1.150674
-24.703074 1.043410
-24.712225 0.936130
-24.720966 0.828837
-24.729298 0.721533
-24.737221 0.614219
-24.744736 0.506897
-24.751842 0.399569
-24.758541 0.292236
-24.764832 0.184900
-24.770714 0.077564
-24.776188 -0.029771
-24.781254 -0.137104
-24.785912 -0.244433
-24.790161 -0.351755
-24.794003 -0.459069
-24.797438 -0.566374
-24.800467 -0.673667
-24.803089 -0.780947
-24.805305 -0.888212
-24.807116 -0.995461
-24.808519 -1.102690
-24.809517 -1.209900
-24.810108 -1.317088
-24.810295 -1.424252
-24.810078 -1.531391
-24.809456 -1.638503
-24.808430 -1.745586
-24.806999 -1.852638
-24.805164 -1.959659
-24.802927 -2.066645
-24.800287 -2.173595
-24.797245 -2.280508
-24.793800 -2.387382
-24.789953 -2.494215
-24.785706 -2.601005
-24.781057 -2.707752
-24.776009 -2.814452
-24.770559 -2.921105
-24.764709 -3.027708
-24.758461 -3.134260
-24.751814 -3.240760
-24.744768 -3.347205
-24.737324 -3.453595
-24.729483 -3.559926
-24.721245 -3.666198
-24.712610 -3.772410
-24.703579 -3.878558
-24.694153 -3.984643
-24.684332 -4.090661
-24.674116 -4.196612
-24.663506 -4.302494
-24.652502 -4.408305
-24.641106 -4.514043
-24.629316 -4.619708
-24.617136 -4.725297
-24.604565 -4.830809
-24.591602 -4.936242
-24.578251 -5.041594
-24.564510 -5.146864
-24.550381 -5.252051
-24.535862 -5.357153
-24.520956 -5.462168
-24.505663 -5.567094
-24.489983 -5.671931
-24.473917 -5.776676
-24.457466 -5.881328
-24.440630 -5.985885
-24.423410 -6.090346
-24.405807 -6.194710
-24.387821 -6.298974
-24.369453 -6.403138
-24.350704 -6.507199
-24.331575 -6.611156
-24.312067 -6.715008
-24.292179 -6.818753
-24.271914 -6.922390
-24.251270 -7.025917
-24.230249 -7.129332
-24.208853 -7.232635
-24.187080 -7.335823
-24.164934 -7.438895
-24.142414 -7.541850
-24.119520 -7.644686
-24.096254 -7.747402
-24.072617 -7.849996
-24.048609 -7.952467
-24.024231 -8.054814
-23.999483 -8.157035
-23.974367 -8.259128
-23.948883 -8.361092
-23.923033 -8.462925
-23.896816 -8.564627
-23.870234 -8.666195
-23.843287 -8.767629
-23.815975 -8.868926
-23.788301 -8.970086
-23.760265 -9.071108
-23.731869 -9.171989
-23.703112 -9.272730
-23.673996 -9.373327
-23.644522 -9.473781
-23.614689 -9.574088
-23.584499 -9.674249
-23.553953 -9.774261
-23.523052 -9.874125
-23.491796 -9.973837
-23.460188 -10.073397
-23.428226 -10.172803
-23.395914 -10.272055
-23.363251 -10.371150
-23.330238 -10.470088
-23.296877 -10.568867
-23.263168 -10.667485
-23.229113 -10.765943
-23.194712 -10.864237
-23.159966 -10.962367
-23.124876 -11.060332
-23.089443 -11.158131
-23.053669 -11.255761
-23.017553 -11.353223
-22.981098 -11.450515
-22.944304 -11.547635
-22.907171 -11.644583
-22.869701 -11.741357
-22.831896 -11.837955
-22.793755 -11.934378
-22.755280 -12.030622
-22.716471 -12.126689
-22.677330 -12.222575
-22.637857 -12.318280
-22.598055 -12.413803
-22.557922 -12.509143
-22.517462 -12.604299
-22.476673 -12.699268
-22.435558 -12.794051
-22.394117 -12.888646
-22.352352 -12.983052
-22.310265 -13.077269
-22.267855 -13.171293
-22.225124 -13.265125
-22.182074 -13.358764
-22.138704 -13.452208
-22.095016 -13.545456
-22.051012 -13.638508
-22.006691 -13.731362
-21.962055 -13.824018
-21.917105 -13.916472
-21.871841 -14.008726
-21.826267 -14.100778
-21.780382 -14.192626
-21.734188 -14.284270
-21.687685 -14.375710
-21.640875 -14.466943
-21.593758 -14.557969
-21.546335 -14.648787
-21.498610 -14.739397
-21.450581 -14.829797
-21.402250 -14.919985
-21.353619 -15.009960
-21.304688 -15.099722
-21.255457 -15.189269
-21.205929 -15.278601
-21.156105 -15.367716
-21.105986 -15.456614
-21.055573 -15.545293
-21.004866 -15.633753
-20.953867 -15.721992
-20.902576 -15.810011
-20.850996 -15.897807
-20.799128 -15.985381
-20.746971 -16.072731
-20.694529 -16.159857
-20.641800 -16.246758
-20.588787 -16.333431
-20.535492 -16.419878
-20.481915 -16.506096
-20.428057 -16.592085
-20.373919 -16.677845
-20.319502 -16.763374
-20.264809 -16.848673
-20.209839 -16.933739
-20.154594 -17.018572
-20.099075 -17.103170
-20.043283 -17.187534
-19.987221 -17.271662
-19.930887 -17.355553
-19.874285 -17.439207
-19.817413 -17.522623
-19.760275 -17.605801
-19.702871 -17.688738
-19.645203 -17.771435
-19.587271 -17.853891
-19.529076 -17.936106
-19.470619 -18.018078
-19.411903 -18.099806
-19.352928 -18.181290
-19.293695 -18.262529
-19.234205 -18.343523
-19.174459 -18.424271
-19.114460 -18.504770
-19.054207 -18.585022
-18.993702 -18.665026
-18.932947 -18.744780
-18.871943 -18.824284
-18.810690 -18.903538
-18.749189 -18.982540
-18.687443 -19.061291
-18.625452 -19.139790
-18.563217 -19.218035
-18.500740 -19.296026
-18.438021 -19.373764
-18.375061 -19.451246
-18.311863 -19.528473
-18.248426 -19.605444
-18.184753 -19.682158
-18.120846 -19.758614
-18.056704 -19.834812
-17.992329 -19.910751
-17.927721 -19.986431
-17.862883 -20.061852
-17.797815 -20.137011
-17.732519 -20.211908
-17.666996 -20.286545
-17.601246 -20.360918
-17.535271 -20.435028
-17.469072 -20.508875
-17.402651 -20.582457
-17.336008 -20.655773
-17.269146 -20.728825
-17.202065 -20.801611
-17.134766 -20.874130
-17.067249 -20.946383
-16.999517 -21.018368
-16.931572 -21.090084
-16.863413 -21.161531
-16.795042 -21.232710
-16.726461 -21.303619
-16.657671 -21.374258
-16.588673 -21.444626
-16.519466 -21.514723
-16.450054 -21.584549
-16.380438 -21.654102
-16.310617 -21.723383
-16.240595 -21.792391
-16.170370 -21.861126
-16.099945 -21.929586
-16.029322 -21.997772
-15.958501 -22.065683
-15.887484 -22.133320
-15.816271 -22.200682
-15.744864 -22.267767
-15.673264 -22.334576
-15.601472 -22.401108
-15.529490 -22.467363
-15.457317 -22.533340
-15.384956 -22.599039
-15.312408 -22.664459
-15.239675 -22.729601
-15.166756 -22.794464
-15.093653 -22.859047
-15.020368 -22.923349
-14.946901 -22.987371
-14.873255 -23.051113
-14.799429 -23.114574
-14.725425 -23.177753
-14.651244 -23.240650
-14.576888 -23.303265
-14.502357 -23.365597
-14.427653 -23.427647
-14.352777 -23.489414
-14.277731 -23.550898
-14.202515 -23.612097
-14.127130 -23.673012
-14.051577 -23.733643
-13.975858 -23.793989
-13.899974 -23.854052
-13.823926 -23.913828
-13.747715 -23.973318
-13.671342 -24.032522
-13.594809 -24.091440
-13.518116 -24.150072
-13.441265 -24.208418
-13.364257 -24.266478
-13.287092 -24.324249
-13.209773 -24.381733
-13.132300 -24.438929
-13.054675 -24.495836
-12.976898 -24.552456
-12.898971 -24.608788
-12.820894 -24.664831
-12.742670 -24.720587
-12.664299 -24.776052
-12.585782 -24.831228
-12.507120 -24.886114
-12.428315 -24.940710
-12.349368 -24.995016
-12.270280 -25.049032
-12.191051 -25.102758
-12.111684 -25.156195
-12.032178 -25.209341
-11.952536 -25.262196
-11.872758 -25.314758
-11.792846 -25.367029
-11.712800 -25.419008
-11.632622 -25.470695
-11.552312 -25.522091
-11.471872 -25.573195
-11.391304 -25.624006
-11.310608 -25.674526
-11.229785 -25.724754
-11.148836 -25.774691
-11.067762 -25.824335
-10.986566 -25.873686
-10.905247 -25.922743
-10.823807 -25.971506
-10.742247 -26.019976
-10.660567 -26.068151
-10.578770 -26.116034
-10.496855 -26.163622
-10.414824 -26.210917
-10.332680 -26.257917
-10.250422 -26.304625
-10.168051 -26.351038
-10.085568 -26.397158
-10.002975 -26.442984
-9.920273 -26.488516
-9.837462 -26.533754
-9.754545 -26.578699
-9.671522 -26.623350
-9.588394 -26.667707
-9.505162 -26.711771
-9.421827 -26.755541
-9.338390 -26.799017
-9.254852 -26.842197
-9.171214 -26.885082
-9.087478 -26.927671
-9.003644 -26.969965
-8.919714 -27.011963
-8.835689 -27.053665
-8.751569 -27.095072
-8.667356 -27.136183
-8.583050 -27.176998
-8.498652 -27.217518
-8.414165 -27.257742
-8.329588 -27.297670
-8.244924 -27.337303
-8.160172 -27.376640
-8.075336 -27.415682
-7.990414 -27.454428
-7.905408 -27.492878
-7.820319 -27.531033
-7.735148 -27.568892
-7.649897 -27.606455
-7.564565 -27.643723
-7.479155 -27.680695
-7.393667 -27.717371
-7.308103 -27.753752
-7.222462 -27.789837
-7.136747 -27.825626
-7.050958 -27.861120
-6.965096 -27.896318
-6.879162 -27.931221
-6.793158 -27.965828
-6.707084 -28.000139
-6.620941 -28.034155
-6.534731 -28.067877
-6.448454 -28.101305
-6.362111 -28.134439
-6.275703 -28.167280
-6.189232 -28.199827
-6.102697 -28.232080
-6.016101 -28.264040
-5.929445 -28.295706
-5.842729 -28.327078
-5.755954 -28.358156
-5.669121 -28.388941
-5.582232 -28.419432
-5.495287 -28.449629
-5.408287 -28.479532
-5.321233 -28.509142
-5.234127 -28.538458
-5.146968 -28.567480
-5.059758 -28.596209
-4.972498 -28.624643
-4.885190 -28.652784
-4.797832 -28.680632
-4.710428 -28.708185
-4.622978 -28.735445
-4.535482 -28.762413
-4.447942 -28.789089
-4.360358 -28.815474
-4.272732 -28.841566
-4.185065 -28.867367
-4.097357 -28.892876
-4.009609 -28.918093
-3.921823 -28.943018
-3.833999 -28.967651
-3.746139 -28.991993
-3.658242 -29.016043
-3.570311 -29.039801
-3.482346 -29.063267
-3.394348 -29.086441
-3.306318 -29.109325
-3.218256 -29.131920
-3.130164 -29.154224
-3.042043 -29.176239
-2.953893 -29.197964
-2.865716 -29.219398
-2.777513 -29.240543
-2.689283 -29.261398
-2.601029 -29.281963
-2.512751 -29.302238
-2.424450 -29.322224
-2.336127 -29.341919
-2.247783 -29.361326
-2.159418 -29.380445
-2.071034 -29.399277
-1.982632 -29.417820
-1.894212 -29.436075
-1.805775 -29.454042
-1.717322 -29.471722
-1.628855 -29.489113
-1.540373 -29.506216
-1.451878 -29.523031
-1.363371 -29.539560
-1.274853 -29.555803
-1.186323 -29.571760
-1.097784 -29.587431
-1.009237 -29.602816
-0.920681 -29.617914
-0.832118 -29.632727
-0.743549 -29.647253
-0.654975 -29.661493
-0.566396 -29.675449
-0.477813 -29.689121
-0.389228 -29.702509
-0.300640 -29.715612
-0.212052 -29.728432
-0.123463 -29.740967
-0.034875 -29.753218
0.053711 -29.765184
0.142296 -29.776869
0.230877 -29.788271
0.319454 -29.799391
0.408027 -29.810228
0.496594 -29.820784
0.585154 -29.831057
0.673707 -29.841047
0.762252 -29.850756
0.850788 -29.860184
0.939315 -29.869331
1.027830 -29.878199
1.116335 -29.886786
1.204827 -29.895092
1.293306 -29.903118
1.381771 -29.910864
1.470222 -29.918329
1.558657 -29.925516
1.647075 -29.932425
1.735477 -29.939054
1.823861 -29.945406
1.912226 -29.951479
2.000571 -29.957273
2.088897 -29.962790
2.177201 -29.968029
2.265483 -29.972992
2.353743 -29.977678
2.441979 -29.982088
2.530191 -29.986221
2.618378 -29.990078
2.706540 -29.993658
2.794674 -29.996964
2.882781 -29.999994
2.970860 -30.002750
3.058910 -30.005232
3.146931 -30.007439
3.234921 -30.009371
3.322879 -30.011030
3.410806 -30.012417
3.498699 -30.013531
3.586560 -30.014372
3.674385 -30.014940
3.762176 -30.015236
3.849931 -30.015259
3.937649 -30.015011
4.025331 -30.014492
4.112974 -30.013702
4.200578 -30.012642
4.288143 -30.011311
4.375668 -30.009708
4.463151 -30.007837
4.550592 -30.005697
4.637991 -30.003288
4.725347 -30.000610
4.812659 -29.997663
4.899926 -29.994448
4.987147 -29.990965
5.074323 -29.987215
5.161451 -29.983198
5.248531 -29.978914
5.335563 -29.974363
5.422546 -29.969545
5.509479 -29.964462
5.596361 -29.959114
5.683191 -29.953501
5.769970 -29.947622
5.856696 -29.941479
5.943368 -29.935070
6.029986 -29.928398
6.116549 -29.921463
6.203056 -29.914265
6.289507 -29.906803
6.375901 -29.899078
6.462237 -29.891090
6.548515 -29.882841
6.634734 -29.874331
6.720893 -29.865559
6.806992 -29.856525
6.893030 -29.847231
6.979005 -29.837677
7.064919 -29.827864
7.150768 -29.817791
7.236554 -29.807459
7.322276 -29.796867
7.407932 -29.786016
7.493522 -29.774908
7.579046 -29.763542
7.664502 -29.751919
7.749890 -29.740038
7.835210 -29.727900
7.920460 -29.715506
8.005641 -29.702856
8.090751 -29.689951
8.175789 -29.676790
8.260756 -29.663374
8.345650 -29.649704
8.430470 -29.635780
8.515217 -29.621603
8.599889 -29.607172
8.684485 -29.592487
8.769006 -29.577551
8.853450 -29.562363
8.937817 -29.546923
9.022105 -29.531231
9.106316 -29.515287
9.190447 -29.499092
9.274498 -29.482647
9.358469 -29.465952
9.442359 -29.449007
9.526167 -29.431812
9.609893 -29.414368
9.693536 -29.396675
9.777095 -29.378735
9.860570 -29.360546
9.943960 -29.342110
10.027265 -29.323425
10.110483 -29.304495
10.193615 -29.285318
10.276659 -29.265896
10.359615 -29.246227
10.442483 -29.226313
10.525261 -29.206154
10.607949 -29.185751
10.690547 -29.165104
10.773053 -29.144213
10.855468 -29.123077
10.937790 -29.101700
11.020020 -29.080080
11.102156 -29.058218
11.184197 -29.036114
11.266145 -29.013767
11.347997 -28.991180
11.429752 -28.968353
11.511412 -28.945286
11.592974 -28.921978
11.674438 -28.898432
11.755805 -28.874647
11.837072 -28.850624
11.918241 -28.826363
11.999309 -28.801863
12.080276 -28.777126
12.161141 -28.752153
12.241905 -28.726944
12.322567 -28.701498
12.403126 -28.675816
12.483581 -28.649899
12.563931 -28.623747
12.644177 -28.597361
12.724319 -28.570740
12.804354 -28.543884
12.884282 -28.516796
12.964104 -28.489475
13.043818 -28.461922
13.123424 -28.434135
13.202921 -28.406118
13.282309 -28.377871
13.361587 -28.349392
13.440754 -28.320683
13.519811 -28.291742
13.598756 -28.262573
13.677588 -28.233175
13.756309 -28.203548
13.834915 -28.173693
13.913408 -28.143608
13.991787 -28.113297
14.070051 -28.082758
14.148200 -28.051992
14.226233 -28.021000
14.304149 -27.989782
14.381948 -27.958340
14.459629 -27.926672
14.537192 -27.894779
14.614637 -27.862661
14.691963 -27.830320
14.769169 -27.797756
14.846254 -27.764969
14.923219 -27.731958
15.000062 -27.698727
15.076783 -27.665274
15.153382 -27.631599
15.229858 -27.597704
15.306211 -27.563587
15.382439 -27.529251
15.458542 -27.494696
15.534520 -27.459921
15.610373 -27.424927
15.686099 -27.389715
15.761699 -27.354286
15.837172 -27.318640
15.912517 -27.282776
15.987734 -27.246695
16.062822 -27.210398
16.137781 -27.173885
16.212610 -27.137157
16.287310 -27.100214
16.361877 -27.063057
16.436314 -27.025686
16.510618 -26.988102
16.584791 -26.950304
16.658831 -26.912294
16.732737 -26.874073
16.806509 -26.835640
16.880148 -26.796995
16.953651 -26.758139
17.027020 -26.719072
17.100252 -26.679796
17.173349 -26.640310
17.246309 -26.600615
17.319132 -26.560711
17.391817 -26.520599
17.464365 -26.480280
17.536774 -26.439753
17.609043 -26.399019
17.681173 -26.358080
17.753164 -26.316935
17.825014 -26.275583
17.896723 -26.234026
17.968290 -26.192265
18.039717 -26.150299
18.111000 -26.108130
18.182140 -26.065756
18.253138 -26.023180
18.323992 -25.980402
18.394701 -25.937422
18.465265 -25.894239
18.535685 -25.850857
18.605959 -25.807274
18.676086 -25.763491
18.746067 -25.719507
18.815901 -25.675325
18.885588 -25.630945
18.955126 -25.586367
19.024515 -25.541590
19.093756 -25.496614
19.162848 -25.451443
19.231789 -25.406075
19.300579 -25.360510
19.369219 -25.314749
19.437708 -25.268793
19.506044 -25.222643
19.574228 -25.176298
19.642260 -25.129759
19.710138 -25.083027
19.777863 -25.036102
19.845432 -24.988985
19.912848 -24.941675
19.980108 -24.894175
20.047213 -24.846483
20.114161 -24.798601
20.180952 -24.750528
20.247587 -24.702267
20.314066 -24.653816
20.380386 -24.605177
20.446548 -24.556349
20.512552 -24.507334
20.578398 -24.458132
20.644083 -24.408743
20.709608 -24.359167
20.774973 -24.309404
20.840178 -24.259457
20.905222 -24.209324
20.970104 -24.159006
21.034824 -24.108503
21.099382 -24.057817
21.163778 -24.006948
21.228010 -23.955896
21.292078 -23.904661
21.355982 -23.853245
21.419722 -23.801647
21.483297 -23.749868
21.546707 -23.697908
21.609951 -23.645769
21.673029 -23.593451
21.735941 -23.540953
21.798685 -23.488276
21.861261 -23.435421
21.923670 -23.382389
21.985910 -23.329180
22.047983 -23.275793
22.109886 -23.222231
22.171619 -23.168493
22.233183 -23.114580
22.294577 -23.060492
22.355799 -23.006229
22.416849 -22.951794
22.477728 -22.897184
22.538435 -22.842402
22.598970 -22.787447
22.659332 -22.732321
22.719521 -22.677023
22.779535 -22.621553
22.839376 -22.565914
22.899044 -22.510105
22.958536 -22.454126
23.017853 -22.397978
23.076994 -22.341661
23.135960 -22.285177
23.194750 -22.228525
23.253363 -22.171705
23.311798 -22.114719
23.370056 -22.057568
23.428137 -22.000250
23.486040 -21.942766
23.543764 -21.885118
23.601309 -21.827307
23.658674 -21.769331
23.715860 -21.711191
23.772867 -21.652889
23.829693 -21.594425
23.886337 -21.535799
23.942801 -21.477011
23.999083 -21.418062
24.055183 -21.358953
24.111101 -21.299685
24.166836 -21.240255
24.222387 -21.180668
24.277756 -21.120922
24.332941 -21.061018
24.387941 -21.000957
24.442757 -20.940741
24.497387 -20.880367
24.551832 -20.819838
24.606092 -20.759153
24.660166 -20.698315
24.714052 -20.637321
24.767752 -20.576174
24.821264 -20.514874
24.874590 -20.453421
24.927727 -20.391815
24.980675 -20.330057
25.033434 -20.268148
25.086004 -20.206089
25.138386 -20.143879
25.190578 -20.081518
25.242580 -20.019009
25.294392 -19.956350
25.346012 -19.893543
25.397442 -19.830587
25.448681 -19.767485
25.499727 -19.704235
25.550581 -19.640839
25.601242 -19.577295
25.651711 -19.513607
25.701986 -19.449774
25.752069 -19.385796
25.801958 -19.321674
25.851652 -19.257410
25.901152 -19.193003
25.950457 -19.128452
25.999567 -19.063761
26.048481 -18.998928
26.097198 -18.933954
26.145720 -18.868839
26.194044 -18.803585
26.242172 -18.738192
26.290104 -18.672659
26.337837 -18.606987
26.385372 -18.541178
26.432709 -18.475231
26.479847 -18.409147
26.526787 -18.342926
26.573526 -18.276569
26.620066 -18.210077
26.666405 -18.143450
26.712543 -18.076689
26.758482 -18.009794
26.804220 -17.942766
26.849756 -17.875605
26.895090 -17.808311
26.940222 -17.740887
26.985151 -17.673330
27.029879 -17.605642
27.074404 -17.537825
27.118725 -17.469877
27.162842 -17.401800
27.206755 -17.333595
27.250463 -17.265263
27.293968 -17.196802
27.337269 -17.128214
27.380363 -17.059500
27.423252 -16.990660
27.465935 -16.921694
27.508411 -16.852602
27.550682 -16.783386
27.592747 -16.714046
27.634604 -16.644583
27.676252 -16.574997
27.717693 -16.505289
27.758926 -16.435459
27.799952 -16.365507
27.840769 -16.295435
27.881376 -16.225243
27.921774 -16.154930
27.961962 -16.084497
28.001940 -16.013947
28.041708 -15.943277
28.081266 -15.872491
28.120615 -15.801587
28.159752 -15.730567
28.198677 -15.659431
28.237391 -15.588179
28.275892 -15.516811
28.314182 -15.445330
28.352261 -15.373734
28.390125 -15.302024
28.427776 -15.230201
28.465214 -15.158265
28.502438 -15.086218
28.539448 -15.014059
28.576244 -14.941790
28.612827 -14.869410
28.649195 -14.796920
28.685347 -14.724320
28.721283 -14.651612
28.757004 -14.578796
28.792509 -14.505873
28.827799 -14.432842
28.862871 -14.359705
28.897726 -14.286462
28.932364 -14.213113
28.966784 -14.139659
29.000986 -14.066100
29.034971 -13.992437
29.068739 -13.918672
29.102287 -13.844803
29.135616 -13.770832
29.168726 -13.696759
29.201616 -13.622585
29.234287 -13.548310
29.266739 -13.473935
29.298971 -13.399461
29.330982 -13.324887
29.362772 -13.250216
29.394341 -13.175446
29.425688 -13.100578
29.456814 -13.025614
29.487719 -12.950553
29.518402 -12.875397
29.548862 -12.800145
29.579100 -12.724799
29.609114 -12.649359
29.638905 -12.573825
29.668472 -12.498198
29.697817 -12.422478
29.726938 -12.346666
29.755835 -12.270763
29.784506 -12.194770
29.812952 -12.118686
29.841173 -12.042512
29.869169 -11.966249
29.896940 -11.889898
29.924486 -11.813459
29.951805 -11.736933
29.978897 -11.660319
30.005762 -11.583619
30.032400 -11.506833
30.058811 -11.429962
30.084995 -11.353006
30.110952 -11.275967
30.136683 -11.198843
30.162184 -11.121636
30.187456 -11.044348
30.212500 -10.966977
30.237314 -10.889525
30.261900 -10.811993
30.286257 -10.734380
30.310385 -10.656688
30.334284 -10.578917
30.357952 -10.501067
30.381390 -10.423140
30.404596 -10.345135
30.427572 -10.267053
30.450317 -10.188894
30.472832 -10.110661
30.495115 -10.032351
30.517168 -9.953968
30.538988 -9.875510
30.560575 -9.796979
30.581930 -9.718375
30.603052 -9.639699
30.623941 -9.560951
30.644598 -9.482132
30.665022 -9.403242
30.685213 -9.324283
30.705170 -9.245254
30.724892 -9.166156
30.744379 -9.086990
30.763632 -9.007757
30.782650 -8.928457
30.801434 -8.849091
30.819983 -8.769658
30.838297 -8.690161
30.856375 -8.610599
30.874216 -8.530972
30.891821 -8.451283
30.909189 -8.371530
30.926321 -8.291715
30.943216 -8.211838
30.959875 -8.131900
30.976297 -8.051901
30.992483 -7.971842
31.008430 -7.891723
31.024139 -7.811546
31.039610 -7.731310
31.054842 -7.651017
31.069836 -7.570667
31.084591 -7.490260
31.099108 -7.409798
31.113386 -7.329280
31.127426 -7.248707
31.141226 -7.168081
31.154785 -7.087401
31.168104 -7.006668
31.181183 -6.925883
31.194021 -6.845046
31.206619 -6.764158
31.218977 -6.683220
31.231094 -6.602232
31.242971 -6.521194
31.254606 -6.440108
31.265999 -6.358974
31.277149 -6.277792
31.288057 -6.196563
31.298723 -6.115288
31.309147 -6.033967
31.319328 -5.952601
31.329268 -5.871191
31.338964 -5.789736
31.348419 -5.708239
31.357630 -5.626698
31.366596 -5.545116
31.375319 -5.463493
31.383797 -5.381828
31.392031 -5.300124
31.400021 -5.218379
31.407766 -5.136596
31.415268 -5.054775
31.422525 -4.972916
31.429539 -4.891019
31.436306 -4.809086
31.442827 -4.727118
31.449102 -4.645113
31.455132 -4.563075
31.460915 -4.481002
31.466452 -4.398896
31.471743 -4.316757
31.476788 -4.234586
31.481586 -4.152383
31.486139 -4.070150
31.490446 -3.987886
31.494505 -3.905593
31.498316 -3.823271
31.501879 -3.740920
31.505194 -3.658541
31.508261 -3.576136
31.511080 -3.493704
31.513651 -3.411246
31.515974 -3.328763
31.518049 -3.246255
31.519876 -3.163724
31.521456 -3.081169
31.522785 -2.998592
31.523865 -2.915992
31.524694 -2.833371
31.525274 -2.750730
31.525604 -2.668068
31.525684 -2.585387
31.525515 -2.502687
31.525095 -2.419969
31.524426 -2.337233
31.523506 -2.254480
31.522337 -2.171711
31.520918 -2.088927
31.519249 -2.006128
31.517328 -1.923314
31.515156 -1.840486
31.512732 -1.757646
31.510056 -1.674793
31.507128 -1.591929
31.503948 -1.509053
31.500517 -1.426167
31.496834 -1.343271
31.492899 -1.260366
31.488712 -1.177453
31.484274 -1.094532
31.479584 -1.011604
31.474642 -0.928669
31.469446 -0.845729
31.463997 -0.762783
31.458294 -0.679833
31.452337 -0.596880
31.446127 -0.513923
31.439663 -0.430963
31.432945 -0.348002
31.425974 -0.265040
31.418749 -0.182077
31.411270 -0.099114
31.403538 -0.016152
31.395552 0.066808
31.387312 0.149766
31.378819 0.232722
31.370071 0.315673
31.361069 0.398621
31.351810 0.481563
31.342297 0.564500
31.332527 0.647431
31.322502 0.730355
31.312222 0.813271
31.301685 0.896179
31.290894 0.979078
31.279846 1.061967
31.268543 1.144846
31.256985 1.227714
31.245171 1.310570
31.233101 1.393414
31.220776 1.476245
31.208195 1.559062
31.195358 1.641864
31.182266 1.724651
31.168919 1.807423
31.155313 1.890177
31.141451 1.972915
31.127331 2.055635
31.112953 2.138336
31.098318 2.221017
31.083426 2.303679
31.068275 2.386320
31.052868 2.468939
31.037203 2.551537
31.021280 2.634111
31.005100 2.716662
30.988663 2.799188
30.971968 2.881690
30.955015 2.964165
30.937805 3.046614
30.920338 3.129036
30.902613 3.211431
30.884630 3.293796
30.866390 3.376132
30.847893 3.458438
30.829138 3.540714
30.810125 3.622958
30.790855 3.705169
30.771326 3.787348
30.751537 3.869493
30.731489 3.951604
30.711182 4.033680
30.690615 4.115721
30.669788 4.197725
30.648703 4.279692
30.627357 4.361621
30.605753 4.443511
30.583889 4.525363
30.561766 4.607174
30.539383 4.688945
30.516741 4.770674
30.493839 4.852360
30.470678 4.934004
30.447258 5.015604
30.423578 5.097159
30.399639 5.178669
30.375441 5.260133
30.350983 5.341551
30.326265 5.422921
30.301289 5.504243
30.276052 5.585516
30.250557 5.666740
30.224802 5.747913
30.198788 5.829035
30.172514 5.910105
30.145981 5.991122
30.119188 6.072086
30.092136 6.152997
30.064825 6.233852
30.037254 6.314651
30.009424 6.395395
29.981335 6.476081
29.952986 6.556709
29.924377 6.637279
29.895510 6.717789
29.866383 6.798239
29.836996 6.878628
29.807350 6.958956
29.777445 7.039221
29.747280 7.119422
29.716856 7.199560
29.686172 7.279633
29.655230 7.359641
29.624027 7.439582
29.592566 7.519456
29.560844 7.599262
29.528864 7.679000
29.496624 7.758668
29.464125 7.838266
29.431366 7.917793
29.398348 7.997248
29.365070 8.076631
29.331533 8.155940
29.297737 8.235175
29.263681 8.314336
29.229366 8.393421
29.194792 8.472430
29.159958 8.551362
29.124865 8.630216
29.089512 8.708990
29.053900 8.787685
29.018028 8.866301
28.981897 8.944835
28.945507 9.023287
28.908857 9.101656
28.871948 9.179941
28.834780 9.258142
28.797352 9.336259
28.759665 9.414289
28.721718 9.492233
28.683512 9.570089
28.645046 9.647857
28.606321 9.725535
28.567337 9.803124
28.528093 9.880623
28.488590 9.958030
28.448828 10.035344
28.408806 10.112565
28.368525 10.189692
28.327984 10.266724
28.287184 10.343660
28.246124 10.420501
28.204805 10.497244
28.163227 10.573889
28.121389 10.650434
28.079292 10.726880
28.036938 10.803226
27.994326 10.879470
27.951456 10.955612
27.908329 11.031651
27.864944 11.107587
27.821302 11.183417
27.777403 11.259142
27.733246 11.334760
27.688831 11.410271
27.644159 11.485674
27.599230 11.560968
27.554043 11.636153
27.508598 11.711227
27.462896 11.786190
27.416937 11.861040
27.370720 11.935777
27.324245 12.010400
27.277514 12.084908
27.230524 12.159302
27.183279 12.233579
27.135778 12.307738
27.088022 12.381780
27.040010 12.455702
26.991743 12.529504
26.943220 12.603185
26.894442 12.676744
26.845407 12.750182
26.796118 12.823497
26.746572 12.896688
26.696772 12.969753
26.646715 13.042693
26.596403 13.115506
26.545835 13.188191
26.495014 13.260748
26.443939 13.333175
26.392611 13.405472
26.341028 13.477638
26.289192 13.549673
26.237103 13.621575
26.184759 13.693344
26.132162 13.764978
26.079311 13.836477
26.026207 13.907840
25.972849 13.979065
25.919239 14.050152
25.865377 14.121099
25.811264 14.191907
25.756899 14.262574
25.702282 14.333100
25.647413 14.403484
25.592293 14.473725
25.536921 14.543822
25.481297 14.613774
25.425421 14.683580
25.369295 14.753240
25.312920 14.822751
25.256294 14.892114
25.199419 14.961327
25.142294 15.030389
25.084919 15.099299
25.027294 15.168057
24.969419 15.236662
24.911295 15.305113
24.852922 15.373409
24.794302 15.441550
24.735434 15.509535
24.676317 15.577362
24.616953 15.645031
24.557341 15.712541
24.497480 15.779890
24.437374 15.847078
24.377022 15.914104
24.316423 15.980968
24.255579 16.047667
24.194489 16.114201
24.133152 16.180569
24.071569 16.246771
24.009741 16.312805
23.947668 16.378672
23.885351 16.444368
23.822790 16.509895
23.759985 16.575251
23.696936 16.640434
23.633642 16.705444
23.570107 16.770281
23.506329 16.834942
23.442308 16.899427
23.378046 16.963736
23.313541 17.027866
23.248795 17.091818
23.183807 17.155590
23.118580 17.219181
23.053112 17.282591
22.987404 17.345818
22.921455 17.408861
22.855267 17.471720
22.788839 17.534393
22.722174 17.596880
22.655270 17.659180
22.588127 17.721291
22.520746 17.783213
22.453127 17.844944
22.385271 17.906485
22.317179 17.967833
22.248850 18.028988
22.180285 18.089949
22.111483 18.150715
22.042446 18.211285
21.973175 18.271658
21.903669 18.331833
21.833929 18.391809
21.763954 18.451586
21.693747 18.511162
21.623306 18.570538
21.552633 18.629711
21.481728 18.688683
21.410589 18.747450
21.339220 18.806013
21.267620 18.864370
21.195789 18.922522
21.123728 18.980465
21.051437 19.038198
20.978918 19.095722
20.906170 19.153034
20.833193 19.210135
20.759987 19.267021
20.686554 19.323694
20.612894 19.380152
20.539007 19.436394
20.464893 19.492418
20.390554 19.548225
20.315990 19.603813
20.241201 19.659182
20.166187 19.714329
20.090950 19.769255
20.015490 19.823957
19.939806 19.878437
19.863899 19.932692
19.787771 19.986721
19.711422 20.040524
19.634851 20.094099
19.558060 20.147446
19.481049 20.200563
19.403818 20.253450
19.326368 20.306107
19.248701 20.358530
19.170816 20.410721
19.092714 20.462677
19.014395 20.514399
18.935860 20.565884
18.857109 20.617132
18.778143 20.668142
18.698963 20.718914
18.619570 20.769445
18.539963 20.819736
18.460142 20.869785
18.380110 20.919592
18.299866 20.969154
18.219410 21.018473
18.138744 21.067545
18.057869 21.116371
17.976784 21.164949
17.895491 21.213280
17.813990 21.261360
17.732281 21.309191
17.650366 21.356770
17.568245 21.404097
17.485918 21.451170
17.403385 21.497990
17.320648 21.544554
17.237707 21.590862
17.154562 21.636913
17.071215 21.682707
16.987665 21.728241
16.903915 21.773514
16.819965 21.818525
16.735815 21.863274
16.651466 21.907759
16.566919 21.951979
16.482174 21.995934
16.397232 22.039621
16.312094 22.083042
16.226759 22.126194
16.141230 22.169077
16.055506 22.211689
15.969588 22.254030
15.883478 22.296099
15.797175 22.337894
15.710681 22.379416
15.623996 22.420662
15.537121 22.461632
15.450056 22.502325
15.362803 22.542740
15.275361 22.582876
15.187733 22.622732
15.099918 22.662308
15.011918 22.701601
14.923733 22.740612
14.835363 22.779339
14.746811 22.817781
14.658076 22.855938
14.569160 22.893808
14.480062 22.931391
14.390783 22.968685
14.301326 23.005690
14.211690 23.042404
14.121877 23.078827
14.031887 23.114958
13.941721 23.150795
13.851379 23.186338
13.760863 23.221586
13.670174 23.256538
13.579311 23.291193
13.488277 23.325550
13.397073 23.359608
13.305698 23.393366
13.214155 23.426823
13.122444 23.459978
13.030565 23.492830
12.938519 23.525379
12.846308 23.557623
12.753931 23.589561
12.661390 23.621193
12.568686 23.652517
12.475821 23.683533
12.382793 23.714239
12.289606 23.744635
12.196259 23.774719
12.102755 23.804491
12.009092 23.833950
11.915274 23.863094
11.821300 23.891924
11.727171 23.920437
11.632889 23.948633
11.538454 23.976511
11.443868 24.004070
11.349131 24.031309
11.254244 24.058228
11.159208 24.084824
11.064025 24.111097
10.968695 24.137047
10.873219 24.162672
10.777597 24.187971
10.681833 24.212944
10.585927 24.237589
10.489880 24.261906
10.393692 24.285892
10.297365 24.309549
10.200900 24.332874
10.104298 24.355867
10.007559 24.378527
9.910685 24.400852
9.813677 24.422842
9.716537 24.444496
9.619265 24.465813
9.521862 24.486792
9.424330 24.507431
9.326669 24.527731
9.228880 24.547691
9.130965 24.567310
9.032926 24.586588
8.934762 24.605522
8.836475 24.624113
8.738067 24.642359
8.639538 24.660259
8.540890 24.677813
8.442123 24.695019
8.343240 24.711876
8.244241 24.728384
8.145127 24.744541
8.045900 24.760347
7.946561 24.775803
7.847111 24.790905
7.747551 24.805655
7.647883 24.820049
7.548107 24.834089
7.448225 24.847773
7.348238 24.861099
7.248147 24.874067
7.147954 24.886677
7.047660 24.898928
6.947267 24.910818
6.846774 24.922348
6.746184 24.933516
6.645499 24.944321
6.544718 24.954762
6.443844 24.964838
6.342878 24.974550
6.241822 24.983896
6.140676 24.992876
6.039441 25.001488
5.938120 25.009731
5.836713 25.017607
5.735222 25.025112
5.633648 25.032248
5.531993 25.039011
5.430257 25.045403
5.328443 25.051422
5.226552 25.057068
5.124584 25.062340
5.022542 25.067236
4.920426 25.071756
4.818239 25.075901
4.715981 25.079668
4.613653 25.083057
4.511258 25.086067
4.408797 25.088697
4.306271 25.090948
4.203681 25.092817
4.101029 25.094305
3.998317 25.095411
3.895547 25.096134
3.792718 25.096474
3.689834 25.096428
3.586895 25.095997
3.483903 25.095181
3.380860 25.093977
3.277766 25.092386
3.174624 25.090408
3.071434 25.088041
2.968200 25.085285
2.864921 25.082140
2.761600 25.078604
2.658237 25.074677
2.554836 25.070358
2.451396 25.065647
2.347920 25.060543
2.244410 25.055046
2.140866 25.049154
2.037290 25.042868
1.933685 25.036186
1.830051 25.029108
1.726390 25.021633
1.622704 25.013762
1.518994 25.005493
1.415262 24.996826
1.311509 24.987761
1.207738 24.978296
1.103949 24.968431
1.000144 24.958166
0.896326 24.947500
0.792495 24.936434
0.688654 24.924965
0.584804 24.913094
0.480946 24.900820
0.377082 24.888144
0.273214 24.875063
0.169344 24.861578
0.065474 24.847689
-0.038396 24.833395
-0.142263 24.818695
-0.246126 24.803589
-0.349982 24.788076
-0.453831 24.772158
-0.557670 24.755831
-0.661497 24.739096
-0.765312 24.721952
-0.869112 24.704401
-0.972896 24.686440
-1.076661 24.668068
-1.180406 24.649286
-1.284130 24.630095
-1.387830 24.610493
-1.491505 24.590479
-1.595153 24.570053
-1.698772 24.549215
-1.802360 24.527966
-1.905916 24.506304
-2.009438 24.484230
-2.112924 24.461742
-2.216372 24.438841
-2.319780 24.415525
-2.423147 24.391796
-2.526471 24.367653
-2.629749 24.343096
-2.732981 24.318125
-2.836164 24.292738
-2.939296 24.266935
-3.042376 24.240717
-3.145401 24.214083
-3.248370 24.187033
-3.351282 24.159567
-3.454133 24.131685
-3.556923 24.103388
-3.659649 24.074675
-3.762309 24.045544
-3.864902 24.015995
-3.967426 23.986029
-4.069878 23.955645
-4.172257 23.924843
-4.274562 23.893623
-4.376790 23.861986
-4.478939 23.829931
-4.581007 23.797459
-4.682993 23.764568
-4.784894 23.731260
-4.886710 23.697535
-4.988437 23.663391
-5.090074 23.628830
-5.191618 23.593851
-5.293068 23.558455
-5.394422 23.522640
-5.495677 23.486408
-5.596832 23.449759
-5.697886 23.412691
-5.798835 23.375206
-5.899678 23.337303
-6.000414 23.298983
-6.101040 23.260244
-6.201554 23.221088
-6.301954 23.181515
-6.402238 23.141523
-6.502404 23.101114
-6.602451 23.060287
-6.702376 23.019043
-6.802177 22.977381
-6.901852 22.935301
-7.001400 22.892803
-7.100817 22.849888
-7.200103 22.806557
-7.299255 22.762810
-7.398272 22.718647
-7.497150 22.674068
-7.595889 22.629074
-7.694486 22.583664
-7.792939 22.537838
-7.891246 22.491596
-7.989405 22.444939
-8.087415 22.397867
-8.185272 22.350382
-8.282976 22.302483
-8.380524 22.254169
-8.477913 22.205442
-8.575142 22.156301
-8.672209 22.106749
-8.769112 22.056784
-8.865849 22.006407
-8.962418 21.955618
-9.058817 21.904417
-9.155044 21.852806
-9.251096 21.800785
-9.346972 21.748354
-9.442669 21.695513
-9.538186 21.642263
-9.633521 21.588606
-9.728672 21.534540
-9.823636 21.480066
-9.918411 21.425186
-10.012996 21.369900
-10.107388 21.314207
-10.201585 21.258108
-10.295586 21.201605
-10.389388 21.144697
-10.482989 21.087385
-10.576387 21.029671
-10.669580 20.971554
-10.762567 20.913034
-10.855344 20.854115
-10.947910 20.794794
-11.040264 20.735073
-11.132402 20.674953
-11.224323 20.614435
-11.316025 20.553518
-11.407505 20.492205
-11.498762 20.430494
-11.589794 20.368389
-11.680599 20.305889
-11.771175 20.242994
-11.861520 20.179707
-11.951631 20.116026
-12.041506 20.051954
-12.131144 19.987492
-12.220542 19.922638
-12.309699 19.857395
-12.398613 19.791763
-12.487282 19.725744
-12.575704 19.659338
-12.663876 19.592546
-12.751796 19.525370
-12.839462 19.457809
-12.926873 19.389866
-13.014027 19.321541
-13.100921 19.252834
-13.187553 19.183748
-13.273923 19.114283
-13.360027 19.044439
-13.445865 18.974218
-13.531433 18.903622
-13.616730 18.832649
-13.701753 18.761303
-13.786500 18.689583
-13.870970 18.617491
-13.955160 18.545027
-14.039069 18.472193
-14.122695 18.398991
-14.206036 18.325420
-14.289089 18.251484
-14.371854 18.177181
-14.454328 18.102514
-14.536509 18.027485
-14.618395 17.952093
-14.699985 17.876341
-14.781276 17.800230
-14.862267 17.723761
-14.942955 17.646935
-15.023339 17.569752
-15.103417 17.492214
-15.183187 17.414324
-15.262648 17.336081
-15.341796 17.257486
-15.420630 17.178543
-15.499149 17.099253
-15.577351 17.019615
-15.655232 16.939632
-15.732794 16.859306
-15.810033 16.778637
-15.886948 16.697626
-15.963536 16.616276
-16.039797 16.534588
-16.115726 16.452562
-16.191324 16.370201
-16.266588 16.287506
-16.341516 16.204479
-16.416107 16.121120
-16.490358 16.037432
-16.564268 15.953415
-16.637835 15.869071
-16.711058 15.784402
-16.783936 15.699409
-16.856466 15.614095
-16.928648 15.528460
-17.000479 15.442506
-17.071957 15.356235
-17.143080 15.269648
-17.213846 15.182747
-17.284254 15.095533
-17.354303 15.008009
-17.423992 14.920176
-17.493319 14.832034
-17.562281 14.743587
-17.630877 14.654835
-17.699104 14.565781
-17.766962 14.476425
-17.834450 14.386770
-17.901566 14.296818
-17.968307 14.206570
-18.034674 14.116028
-18.100662 14.025193
-18.166271 13.934068
-18.231501 13.842653
-18.296349 13.750952
-18.360813 13.658965
-18.424892 13.566695
-18.488585 13.474144
-18.551889 13.381313
-18.614805 13.288204
-18.677330 13.194818
-18.739462 13.101158
-18.801201 13.007225
-18.862545 12.913021
-18.923492 12.818548
-18.984041 12.723808
-19.044191 12.628803
-19.103941 12.533535
-19.163288 12.438005
-19.222231 12.342216
-19.280769 12.246170
-19.338902 12.149868
-19.396626 12.053312
-19.453941 11.956505
-19.510847 11.859447
-19.567341 11.762143
-19.623423 11.664594
-19.679090 11.566801
-19.734343 11.468767
-19.789179 11.370494
-19.843597 11.271983
-19.897596 11.173237
-19.951176 11.074257
-20.004333 10.975045
-20.057068 10.875605
-20.109379 10.775937
-20.161264 10.676044
-20.212725 10.575929
-20.263758 10.475592
-20.314362 10.375035
-20.364536 10.274262
-20.414280 10.173275
-20.463593 10.072075
-20.512472 9.970664
-20.560919 9.869045
-20.608931 9.767220
-20.656506 9.665192
-20.703644 9.562961
-20.750343 9.460530
-20.796604 9.357903
-20.842424 9.255079
-20.887804 9.152062
-20.932741 9.048855
-20.977236 8.945458
-21.021286 8.841875
-21.064892 8.738107
-21.108051 8.634156
-21.150764 8.530025
-21.193031 8.425716
-21.234850 8.321232
-21.276220 8.216574
-21.317141 8.111744
-21.357611 8.006745
-21.397629 7.901580
-21.437195 7.796250
-21.476309 7.690758
-21.514969 7.585105
-21.553175 7.479295
-21.590925 7.373330
-21.628220 7.267211
-21.665058 7.160941
-21.701439 7.054523
-21.737362 6.947958
-21.772827 6.841249
-21.807833 6.734397
-21.842379 6.627407
-21.876465 6.520278
-21.910089 6.413015
-21.943253 6.305620
-21.975954 6.198093
-22.008192 6.090439
-22.039967 5.982658
-22.071278 5.874754
-22.102125 5.766729
-22.132507 5.658586
-22.162424 5.550325
-22.191875 5.441950
-22.220861 5.333463
-22.249380 5.224866
-22.277431 5.116162
-22.305016 5.007353
-22.332132 4.898441
-22.358780 4.789429
-22.384958 4.680319
-22.410667 4.571113
-22.435907 4.461813
-22.460678 4.352422
-22.484980 4.242943
-22.508810 4.133377
-22.532169 4.023727
-22.555058 3.913996
-22.577475 3.804185
-22.599421 3.694297
-22.620895 3.584334
-22.641899 3.474299
-22.662432 3.364193
-22.682491 3.254020
-22.702078 3.143781
-22.721191 3.033479
-22.739832 2.923116
-22.757999 2.812695
-22.775694 2.702218
-22.792915 2.591686
-22.809664 2.481104
-22.825939 2.370472
-22.841742 2.259793
-22.857071 2.149069
-22.871927 2.038304
-22.886311 1.927498
-22.900221 1.816655
-22.913658 1.705776
-22.926622 1.594865
-22.939114 1.483923
-22.951132 1.372952
-22.962677 1.261956
-22.973749 1.150935
-22.984348 1.039894
-22.994474 0.928833
-23.004128 0.817755
-23.013308 0.706662
-23.022015 0.595558
-23.030251 0.484443
-23.038015 0.373321
-23.045309 0.262193
-23.052132 0.151062
-23.058483 0.039931
-23.064363 -0.071200
-23.069773 -0.182326
-23.074711 -0.293447
-23.079180 -0.404559
-23.083179 -0.515661
-23.086710 -0.626751
-23.089771 -0.737825
-23.092363 -0.848882
-23.094486 -0.959920
-23.096142 -1.070936
-23.097330 -1.181928
-23.098051 -1.292894
-23.098305 -1.403831
-23.098091 -1.514738
-23.097412 -1.625612
-23.096268 -1.736452
-23.094658 -1.847253
-23.092583 -1.958016
-23.090044 -2.068737
-23.087042 -2.179414
-23.083576 -2.290045
-23.079647 -2.400628
-23.075256 -2.511160
-23.070404 -2.621640
-23.065090 -2.732066
-23.059315 -2.842434
-23.053080 -2.952744
-23.046385 -3.062993
-23.039230 -3.173179
-23.031618 -3.283299
-23.023548 -3.393352
-23.015020 -3.503335
-23.006037 -3.613246
-22.996597 -3.723084
-22.986702 -3.832846
-22.976353 -3.942529
-22.965549 -4.052133
-22.954292 -4.161654
-22.942583 -4.271091
-22.930422 -4.380442
-22.917810 -4.489705
-22.904749 -4.598876
-22.891237 -4.707956
-22.877277 -4.816941
-22.862869 -4.925829
-22.848015 -5.034619
-22.832714 -5.143309
-22.816967 -5.251895
-22.800776 -5.360378
-22.784140 -5.468753
-22.767061 -5.577020
-22.749540 -5.685176
-22.731579 -5.793220
-22.713177 -5.901149
-22.694336 -6.008962
-22.675056 -6.116657
-22.655338 -6.224231
-22.635183 -6.331684
-22.614592 -6.439012
-22.593565 -6.546213
-22.572104 -6.653286
-22.550209 -6.760230
-22.527882 -6.867041
-22.505123 -6.973718
-22.481934 -7.080260
-22.458315 -7.186665
-22.434267 -7.292931
-22.409792 -7.399055
-22.384890 -7.505036
-22.359562 -7.610873
-22.333811 -7.716562
-22.307636 -7.822103
-22.281040 -7.927494
-22.254023 -8.032732
-22.226585 -8.137816
-22.198729 -8.242745
-22.170454 -8.347517
-22.141762 -8.452129
-22.112654 -8.556581
-22.083132 -8.660869
-22.053196 -8.764992
-22.022848 -8.868949
-21.992088 -8.972738
-21.960918 -9.076358
-21.929338 -9.179806
-21.897350 -9.283080
-21.864956 -9.386180
-21.832155 -9.489103
-21.798950 -9.591848
-21.765343 -9.694413
-21.731333 -9.796797
-21.696922 -9.898997
-21.662111 -10.001013
-21.626902 -10.102842
-21.591295 -10.204484
-21.555292 -10.305936
-21.518894 -10.407196
-21.482103 -10.508264
-21.444920 -10.609137
-21.407345 -10.709814
-21.369381 -10.810294
-21.331028 -10.910575
-21.292288 -11.010655
-21.253160 -11.110534
-21.213648 -11.210208
-21.173752 -11.309677
-21.133472 -11.408939
-21.092812 -11.507994
-21.051771 -11.606838
-21.010353 -11.705472
-20.968557 -11.803893
-20.926386 -11.902101
-20.883841 -12.000093
-20.840921 -12.097867
-20.797630 -12.195423
-20.753969 -12.292759
-20.709938 -12.389874
-20.665539 -12.486766
-20.620773 -12.583434
-20.575642 -12.679877
-20.530146 -12.776093
-20.484287 -12.872082
-20.438068 -12.967840
-20.391489 -13.063368
-20.344551 -13.158664
-20.297256 -13.253726
-20.249605 -13.348554
-20.201599 -13.443145
-20.153240 -13.537498
-20.104530 -13.631614
-20.055470 -13.725489
-20.006060 -13.819122
-19.956303 -13.912514
-19.906200 -14.005661
-19.855753 -14.098563
-19.804962 -14.191219
-19.753830 -14.283628
-19.702358 -14.375787
-19.650547 -14.467696
-19.598398 -14.559355
-19.545914 -14.650761
-19.493095 -14.741913
-19.439943 -14.832810
-19.386459 -14.923452
-19.332645 -15.013838
-19.278503 -15.103965
-19.224033 -15.193832
-19.169237 -15.283440
-19.114117 -15.372786
-19.058674 -15.461869
-19.002909 -15.550689
-18.946823 -15.639243
-18.890419 -15.727531
-18.833698 -15.815553
-18.776661 -15.903306
-18.719309 -15.990790
-18.661644 -16.078005
-18.603668 -16.164948
-18.545382 -16.251617
-18.486786 -16.338015
-18.427883 -16.424137
-18.368675 -16.509985
-18.309164 -16.595556
-18.249350 -16.680851
-18.189234 -16.765867
-18.128819 -16.850605
-18.068106 -16.935062
-18.007095 -17.019239
-17.945789 -17.103134
-17.884190 -17.186747
-17.822298 -17.270075
-17.760117 -17.353119
-17.697645 -17.435877
-17.634886 -17.518349
-17.571840 -17.600533
-17.508511 -17.682428
-17.444897 -17.764034
-17.381001 -17.845350
-17.316824 -17.926376
-17.252369 -18.007111
-17.187637 -18.087553
-17.122629 -18.167702
-17.057346 -18.247557
-16.991791 -18.327116
-16.925964 -18.406380
-16.859869 -18.485348
-16.793505 -18.564018
-16.726873 -18.642391
-16.659977 -18.720465
-16.592817 -18.798239
-16.525396 -18.875713
-16.457714 -18.952887
-16.389772 -19.029758
-16.321573 -19.106327
-16.253119 -19.182592
-16.184408 -19.258554
-16.115444 -19.334211
-16.046228 -19.409563
-15.976763 -19.484610
-15.907048 -19.559349
-15.837087 -19.633781
-15.766879 -19.707907
-15.696427 -19.781723
-15.625733 -19.855230
-15.554798 -19.928429
-15.483624 -20.001316
-15.412210 -20.073893
-15.340561 -20.146158
-15.268676 -20.218111
-15.196557 -20.289751
-15.124207 -20.361078
-15.051625 -20.432091
-14.978815 -20.502789
-14.905777 -20.573172
-14.832513 -20.643240
-14.759024 -20.712992
-14.685311 -20.782427
-14.611378 -20.851545
-14.537224 -20.920345
-14.462852 -20.988827
-14.388262 -21.056990
-14.313457 -21.124834
-14.238437 -21.192358
-14.163204 -21.259562
-14.087760 -21.326445
-14.012106 -21.393007
-13.936244 -21.459248
-13.860175 -21.525166
-13.783901 -21.590761
-13.707423 -21.656034
-13.630743 -21.720984
-13.553862 -21.785608
-13.476781 -21.849909
-13.399502 -21.913885
-13.322026 -21.977537
-13.244356 -22.040863
-13.166492 -22.103863
-13.088437 -22.166536
-13.010191 -22.228884
-12.931756 -22.290905
-12.853133 -22.352598
-12.774324 -22.413963
-12.695331 -22.475000
-12.616154 -22.535709
-12.536795 -22.596090
-12.457255 -22.656141
-12.377537 -22.715862
-12.297641 -22.775253
-12.217568 -22.834314
-12.137321 -22.893045
-12.056901 -22.951447
-11.976309 -23.009516
-11.895546 -23.067253
-11.814614 -23.124659
-11.733515 -23.181732
-11.652249 -23.238474
-11.570820 -23.294884
-11.489227 -23.350962
-11.407474 -23.406706
-11.325560 -23.462116
-11.243487 -23.517193
-11.161258 -23.571936
-11.078872 -23.626345
-10.996331 -23.680420
-10.913637 -23.734161
-10.830791 -23.787569
-10.747795 -23.840641
-10.664650 -23.893377
-10.581357 -23.945778
-10.497918 -23.997843
-10.414334 -24.049572
-10.330607 -24.100965
-10.246738 -24.152023
-10.162729 -24.202745
-10.078581 -24.253132
-9.994295 -24.303183
-9.909873 -24.352898
-9.825316 -24.402277
-9.740626 -24.451319
-9.655804 -24.500023
-9.570850 -24.548389
-9.485767 -24.596418
-9.400557 -24.644110
-9.315219 -24.691463
-9.229756 -24.738480
-9.144170 -24.785158
-9.058461 -24.831499
-8.972631 -24.877502
-8.886682 -24.923168
-8.800613 -24.968496
-8.714428 -25.013487
-8.628127 -25.058140
-8.541712 -25.102455
-8.455183 -25.146433
-8.368543 -25.190073
-8.281792 -25.233376
-8.194932 -25.276340
-8.107965 -25.318968
-8.020890 -25.361258
-7.933711 -25.403210
-7.846428 -25.444824
-7.759043 -25.486101
-7.671557 -25.527040
-7.583971 -25.567642
-7.496287 -25.607906
-7.408505 -25.647833
-7.320628 -25.687422
-7.232656 -25.726673
-7.144592 -25.765587
-7.056435 -25.804163
-6.968188 -25.842402
-6.879851 -25.880302
-6.791427 -25.917866
-6.702915 -25.955091
-6.614318 -25.991980
-6.525638 -26.028530
-6.436874 -26.064743
-6.348029 -26.100618
-6.259103 -26.136156
-6.170099 -26.171356
-6.081017 -26.206219
-5.991858 -26.240744
-5.902624 -26.274931
-5.813316 -26.308781
-5.723936 -26.342293
-5.634484 -26.375467
-5.544962 -26.408304
-5.455371 -26.440804
-5.365713 -26.472965
-5.275988 -26.504789
-5.186197 -26.536276
-5.096343 -26.567425
-5.006426 -26.598236
-4.916448 -26.628710
-4.826410 -26.658848
-4.736312 -26.688650
-4.646157 -26.718117
-4.555945 -26.747248
-4.465678 -26.776043
-4.375357 -26.804502
-4.284982 -26.832626
-4.194556 -26.860415
-4.104080 -26.887867
-4.013554 -26.914984
-3.922980 -26.941765
-3.832360 -26.968210
-3.741693 -26.994320
-3.650982 -27.020096
-3.560227 -27.045538
-3.469431 -27.070646
-3.378593 -27.095421
-3.287715 -27.119862
-3.196799 -27.143969
-3.105846 -27.167742
-3.014856 -27.191181
-2.923831 -27.214287
-2.832772 -27.237059
-2.741681 -27.259499
-2.650558 -27.281607
-2.559405 -27.303383
-2.468222 -27.324827
-2.377011 -27.345940
-2.285773 -27.366720
-2.194510 -27.387169
-2.103221 -27.407286
-2.011909 -27.427071
-1.920575 -27.446526
-1.829220 -27.465651
-1.737844 -27.484446
-1.646449 -27.502911
-1.555036 -27.521046
-1.463607 -27.538851
-1.372162 -27.556326
-1.280702 -27.573471
-1.189229 -27.590288
-1.097744 -27.606777
-1.006247 -27.622938
-0.914740 -27.638771
-0.823225 -27.654276
-0.731701 -27.669453
-0.640171 -27.684301
-0.548634 -27.698824
-0.457094 -27.713020
-0.365549 -27.726891
-0.274003 -27.740435
-0.182454 -27.753653
-0.090906 -27.766544
0.000642 -27.779110
0.092188 -27.791351
0.183731 -27.803268
0.275270 -27.814861
0.366804 -27.826130
0.458331 -27.837074
0.549852 -27.847694
0.641365 -27.857992
0.732868 -27.867968
0.824361 -27.877621
0.915842 -27.886951
1.007311 -27.895960
1.098767 -27.904646
1.190208 -27.913012
1.281634 -27.921057
1.373043 -27.928782
1.464435 -27.936186
1.555808 -27.943270
1.647161 -27.950033
1.738494 -27.956478
1.829805 -27.962605
1.921094 -27.968412
2.012359 -27.973902
2.103599 -27.979073
2.194813 -27.983927
2.286001 -27.988464
2.377161 -27.992685
2.468292 -27.996590
2.559394 -28.000177
2.650465 -28.003448
2.741504 -28.006405
2.832511 -28.009047
2.923484 -28.011374
3.014422 -28.013386
3.105325 -28.015083
3.196191 -28.016468
3.287020 -28.017540
3.377810 -28.018299
3.468561 -28.018745
3.559271 -28.018879
3.649940 -28.018702
3.740566 -28.018213
3.831149 -28.017414
3.921687 -28.016304
4.012181 -28.014883
4.102628 -28.013153
4.193028 -28.011114
4.283381 -28.008766
4.373683 -28.006109
4.463936 -28.003143
4.554138 -27.999870
4.644288 -27.996290
4.734385 -27.992403
4.824428 -27.988209
4.914417 -27.983709
5.004350 -27.978905
5.094227 -27.973795
5.184047 -27.968380
5.273809 -27.962660
5.363512 -27.956636
5.453154 -27.950310
5.542736 -27.943680
5.632255 -27.936747
5.721712 -27.929510
5.811104 -27.921972
5.900433 -27.914133
5.989696 -27.905993
6.078892 -27.897551
6.168022 -27.888809
6.257083 -27.879768
6.346075 -27.870428
6.434997 -27.860788
6.523849 -27.850851
6.612628 -27.840616
6.701336 -27.830084
6.789970 -27.819254
6.878530 -27.808126
6.967014 -27.796703
7.055422 -27.784985
7.143754 -27.772970
7.232008 -27.760660
7.320183 -27.748056
7.408279 -27.735159
7.496294 -27.721968
7.584229 -27.708483
7.672081 -27.694706
7.759851 -27.680637
7.847537 -27.666277
7.935139 -27.651625
8.022655 -27.636683
8.110086 -27.621450
8.197431 -27.605928
8.284687 -27.590117
8.371855 -27.574017
8.458933 -27.557629
8.545920 -27.540953
8.632817 -27.523989
8.719623 -27.506737
8.806335 -27.489199
8.892955 -27.471375
8.979480 -27.453264
9.065909 -27.434868
9.152243 -27.416187
9.238480 -27.397223
9.324619 -27.377974
9.410661 -27.358440
9.496603 -27.338625
9.582445 -27.318527
9.668186 -27.298147
9.753826 -27.277487
9.839364 -27.256546
9.924799 -27.235325
10.010130 -27.213823
10.095356 -27.192043
10.180476 -27.169985
10.265491 -27.147648
10.350398 -27.125032
10.435198 -27.102140
10.519889 -27.078972
10.604470 -27.055527
10.688942 -27.031805
10.773303 -27.007809
10.857553 -26.983538
10.941689 -26.958992
11.025713 -26.934172
11.109623 -26.909079
11.193419 -26.883713
11.277099 -26.858074
11.360662 -26.832163
11.444110 -26.805981
11.527440 -26.779528
11.610652 -26.752804
11.693745 -26.725811
11.776717 -26.698549
11.859570 -26.671019
11.942301 -26.643219
12.024910 -26.615152
12.107396 -26.586819
12.189759 -26.558218
12.271998 -26.529350
12.354113 -26.500217
12.436101 -26.470819
12.517963 -26.441156
12.599699 -26.411230
12.681307 -26.381041
12.762786 -26.350588
12.844136 -26.319872
12.925357 -26.288895
13.006447 -26.257656
13.087405 -26.226156
13.168232 -26.194395
13.248926 -26.162374
13.329487 -26.130095
13.409913 -26.097555
13.490205 -26.064758
13.570361 -26.031704
13.650381 -25.998392
13.730265 -25.964823
13.810011 -25.930998
13.889619 -25.896917
13.969088 -25.862581
14.048417 -25.827991
14.127606 -25.793148
14.206655 -25.758051
14.285562 -25.722700
14.364326 -25.687098
14.442948 -25.651243
14.521427 -25.615137
14.599762 -25.578781
14.677952 -25.542175
14.755996 -25.505320
14.833894 -25.468214
14.911645 -25.430861
14.989248 -25.393259
15.066704 -25.355410
15.144011 -25.317314
15.221168 -25.278973
15.298175 -25.240385
15.375031 -25.201551
15.451736 -25.162474
15.528290 -25.123152
15.604691 -25.083586
15.680938 -25.043777
15.757031 -25.003727
15.832971 -24.963434
15.908754 -24.922899
15.984383 -24.882124
16.059855 -24.841108
16.135170 -24.799852
16.210327 -24.758358
16.285326 -24.716625
16.360167 -24.674654
16.434847 -24.632444
16.509367 -24.589998
16.583727 -24.547316
16.657925 -24.504396
16.731960 -24.461243
16.805834 -24.417854
16.879543 -24.374231
16.953089 -24.330376
17.026470 -24.286287
17.099686 -24.241966
17.172735 -24.197412
17.245619 -24.152628
17.318336 -24.107613
17.390886 -24.062366
17.463268 -24.016891
17.535482 -23.971188
17.607527 -23.925255
17.679401 -23.879095
17.751106 -23.832708
17.822639 -23.786095
17.894001 -23.739254
17.965191 -23.692188
18.036207 -23.644897
18.107050 -23.597382
18.177719 -23.549643
18.248215 -23.501680
18.318535 -23.453495
18.388680 -23.405088
18.458649 -23.356461
18.528440 -23.307611
18.598055 -23.258541
18.667492 -23.209251
18.736750 -23.159742
18.805828 -23.110014
18.874727 -23.060068
18.943447 -23.009905
19.011986 -22.959524
19.080343 -22.908928
19.148520 -22.858116
19.216513 -22.807089
19.284323 -22.755848
19.351950 -22.704393
19.419392 -22.652725
19.486649 -22.600843
19.553720 -22.548750
19.620607 -22.496445
19.687307 -22.443928
19.753820 -22.391201
19.820147 -22.338264
19.886284 -22.285118
19.952232 -22.231764
20.017992 -22.178202
20.083563 -22.124432
20.148943 -22.070456
20.214132 -22.016273
20.279131 -21.961885
20.343939 -21.907291
20.408554 -21.852493
20.472977 -21.797491
20.537207 -21.742285
20.601242 -21.686876
20.665083 -21.631266
20.728729 -21.575453
20.792181 -21.519440
20.855436 -21.463226
20.918495 -21.406813
20.981358 -21.350201
21.044024 -21.293390
21.106491 -21.236382
21.168760 -21.179176
21.230831 -21.121775
21.292702 -21.064177
21.354372 -21.006384
21.415842 -20.948397
21.477112 -20.890215
21.538179 -20.831841
21.599045 -20.773273
21.659708 -20.714514
21.720169 -20.655561
21.780426 -20.596418
21.840479 -20.537085
21.900328 -20.477560
21.959972 -20.417847
22.019411 -20.357944
22.078644 -20.297853
22.137671 -20.237576
22.196491 -20.177111
22.255104 -20.116459
22.313509 -20.055622
22.371706 -19.994600
22.429695 -19.933393
22.487474 -19.872004
22.545044 -19.810431
22.602404 -19.748674
22.659554 -19.686737
22.716492 -19.624619
22.773218 -19.562319
22.829733 -19.499840
22.886036 -19.437181
22.942125 -19.374344
22.998001 -19.311329
23.053663 -19.248137
23.109112 -19.184767
23.164345 -19.121222
23.219362 -19.057501
23.274164 -18.993605
23.328751 -18.929535
23.383120 -18.865292
23.437271 -18.800875
23.491205 -18.736286
23.544922 -18.671526
23.598419 -18.606594
23.651697 -18.541492
23.704756 -18.476221
23.757595 -18.410780
23.810213 -18.345171
23.862610 -18.279394
23.914785 -18.213449
23.966740 -18.147339
24.018471 -18.081062
24.069979 -18.014620
24.121264 -17.948013
24.172325 -17.881243
24.223164 -17.814308
24.273777 -17.747211
24.324165 -17.679953
24.374329 -17.612532
24.424267 -17.544950
24.473978 -17.477209
24.523462 -17.409307
24.572720 -17.341248
24.621750 -17.273029
24.670553 -17.204653
24.719128 -17.136120
24.767473 -17.067430
24.815590 -16.998585
24.863478 -16.929585
24.911135 -16.860430
24.958561 -16.791121
25.005756 -16.721659
25.052721 -16.652044
25.099455 -16.582277
25.145956 -16.512360
25.192225 -16.442291
25.238260 -16.372072
25.284063 -16.301704
25.329632 -16.231188
25.374966 -16.160522
25.420065 -16.089710
25.464930 -16.018751
25.509560 -15.947646
25.553953 -15.876396
25.598110 -15.805001
25.642031 -15.733462
25.685715 -15.661780
25.729162 -15.589955
25.772371 -15.517988
25.815342 -15.445880
25.858074 -15.373631
25.900568 -15.301241
25.942822 -15.228712
25.984835 -15.156044
26.026608 -15.083238
26.068140 -15.010294
26.109432 -14.937214
26.150482 -14.863997
26.191290 -14.790646
26.231855 -14.717159
26.272179 -14.643538
26.312260 -14.569784
26.352097 -14.495897
26.391689 -14.421878
26.431038 -14.347727
26.470142 -14.273445
26.509003 -14.199034
26.547617 -14.124493
26.585985 -14.049823
26.624107 -13.975025
26.661983 -13.900100
26.699614 -13.825047
26.736996 -13.749869
26.774130 -13.674566
26.811016 -13.599138
26.847654 -13.523586
26.884045 -13.447911
26.920187 -13.372113
26.956079 -13.296193
26.991722 -13.220152
27.027115 -13.143991
27.062258 -13.067709
27.097151 -12.991308
27.131792 -12.914789
27.166182 -12.838152
27.200319 -12.761397
27.234205 -12.684526
27.267839 -12.607540
27.301220 -12.530438
27.334347 -12.453222
27.367220 -12.375893
27.399839 -12.298450
27.432205 -12.220896
27.464317 -12.143229
27.496174 -12.065453
27.527775 -11.987565
27.559120 -11.909568
27.590210 -11.831462
27.621044 -11.753248
27.651621 -11.674927
27.681940 -11.596498
27.712002 -11.517964
27.741806 -11.439325
27.771353 -11.360581
27.800642 -11.281734
27.829672 -11.202783
27.858442 -11.123730
27.886953 -11.044575
27.915205 -10.965319
27.943197 -10.885962
27.970930 -10.806507
27.998402 -10.726953
28.025612 -10.647300
28.052561 -10.567550
28.079248 -10.487703
28.105675 -10.407761
28.131838 -10.327723
28.157738 -10.247590
28.183374 -10.167364
28.208748 -10.087045
28.233858 -10.006633
28.258705 -9.926129
28.283287 -9.845535
28.307604 -9.764851
28.331656 -9.684076
28.355442 -9.603213
28.378963 -9.522263
28.402220 -9.441224
28.425211 -9.360099
28.447935 -9.278888
28.470392 -9.197592
28.492582 -9.116211
28.514505 -9.034746
28.536161 -8.953198
28.557550 -8.871569
28.578671 -8.789857
28.599522 -8.708064
28.620104 -8.626191
28.640417 -8.544239
28.660461 -8.462209
28.680237 -8.380100
28.699741 -8.297915
28.718975 -8.215652
28.737938 -8.133315
28.756630 -8.050902
28.775051 -7.968416
28.793201 -7.885856
28.811081 -7.803223
28.828688 -7.720519
28.846022 -7.637743
28.863083 -7.554897
28.879871 -7.471981
28.896387 -7.388996
28.912630 -7.305943
28.928600 -7.222823
28.944296 -7.139636
28.959717 -7.056383
28.974863 -6.973064
28.989735 -6.889682
29.004332 -6.806236
29.018654 -6.722727
29.032701 -6.639156
29.046473 -6.555523
29.059967 -6.471830
29.073185 -6.388078
29.086126 -6.304266
29.098791 -6.220396
29.111179 -6.136468
29.123291 -6.052484
29.135124 -5.968444
29.146679 -5.884348
29.157955 -5.800199
29.168953 -5.715995
29.179672 -5.631738
29.190113 -5.547430
29.200275 -5.463069
29.210157 -5.378659
29.219759 -5.294199
29.229080 -5.209689
29.238121 -5.125132
29.246881 -5.040527
29.255362 -4.955875
29.263561 -4.871178
29.271481 -4.786436
29.279118 -4.701649
29.286472 -4.616818
29.293545 -4.531945
29.300335 -4.447030
29.306843 -4.362074
29.313068 -4.277077
29.319012 -4.192041
29.324673 -4.106966
29.330050 -4.021853
29.335142 -3.936703
29.339951 -3.851516
29.344475 -3.766294
29.348715 -3.681037
29.352671 -3.595747
29.356342 -3.510423
29.359730 -3.425067
29.362833 -3.339679
29.365650 -3.254261
29.368181 -3.168812
29.370426 -3.083335
29.372385 -2.997829
29.374058 -2.912296
29.375444 -2.826736
29.376545 -2.741151
29.377359 -2.655540
29.377888 -2.569905
29.378128 -2.484247
29.378080 -2.398566
29.377745 -2.312863
29.377121 -2.227139
29.376209 -2.141396
29.375010 -2.055633
29.373522 -1.969851
29.371746 -1.884052
29.369682 -1.798236
29.367331 -1.712404
29.364689 -1.626557
29.361757 -1.540696
29.358536 -1.454821
29.355024 -1.368934
29.351223 -1.283035
29.347132 -1.197124
29.342751 -1.111204
29.338079 -1.025275
29.333118 -0.939336
29.327868 -0.853391
29.322325 -0.767438
29.316490 -0.681480
29.310364 -0.595517
29.303946 -0.509549
29.297235 -0.423578
29.290234 -0.337605
29.282940 -0.251630
29.275354 -0.165654
29.267477 -0.079678
29.259308 0.006297
29.250847 0.092270
29.242092 0.178240
29.233044 0.264207
29.223701 0.350170
29.214066 0.436127
29.204136 0.522079
29.193913 0.608023
29.183395 0.693959
29.172585 0.779887
29.161480 0.865805
29.150082 0.951712
29.138390 1.037609
29.126404 1.123493
29.114124 1.209363
29.101549 1.295220
29.088678 1.381062
29.075512 1.466889
29.062050 1.552698
29.048292 1.638491
29.034239 1.724264
29.019890 1.810019
29.005245 1.895753
28.990305 1.981467
28.975069 2.067158
28.959538 2.152826
28.943710 2.238471
28.927588 2.324090
28.911169 2.409685
28.894455 2.495253
28.877445 2.580793
28.860138 2.666306
28.842533 2.751789
28.824631 2.837242
28.806431 2.922664
28.787933 3.008054
28.769138 3.093411
28.750046 3.178735
28.730656 3.264024
28.710968 3.349277
28.690983 3.434494
28.670700 3.519674
28.650120 3.604815
28.629242 3.689917
28.608067 3.774978
28.586594 3.859999
28.564823 3.944978
28.542755 4.029914
28.520390 4.114806
28.497726 4.199653
28.474766 4.284454
28.451508 4.369208
28.427950 4.453915
28.404093 4.538573
28.379936 4.623182
28.355480 4.707740
28.330725 4.792246
28.305670 4.876700
28.280315 4.961101
28.254662 5.045447
28.228708 5.129738
28.202456 5.213973
28.175903 5.298151
28.149052 5.382270
28.121901 5.466330
28.094450 5.550330
28.066700 5.634269
28.038651 5.718146
28.010302 5.801960
27.981653 5.885711
27.952705 5.969396
27.923458 6.053016
27.893911 6.136569
27.864065 6.220054
27.833920 6.303470
27.803474 6.386817
27.772730 6.470093
27.741686 6.553298
27.710342 6.636430
27.678699 6.719489
27.646757 6.802474
27.614515 6.885383
27.581974 6.968215
27.549133 7.050971
27.515993 7.133647
27.482553 7.216244
27.448814 7.298760
27.414776 7.381195
27.380438 7.463547
27.345800 7.545815
27.310863 7.628000
27.275627 7.710099
27.240091 7.792111
27.204256 7.874036
27.168121 7.955873
27.131687 8.037620
27.094954 8.119276
27.057920 8.200841
27.020588 8.282313
26.982956 8.363692
26.945024 8.444977
26.906794 8.526166
26.868263 8.607259
26.829433 8.688254
26.790304 8.769152
26.750875 8.849949
26.711147 8.930645
26.671120 9.011239
26.630793 9.091730
26.590166 9.172117
26.549240 9.252399
26.508015 9.332576
26.466492 9.412645
26.424671 9.492607
26.382553 9.572460
26.340137 9.652204
26.297424 9.731835
26.254414 9.811355
26.211105 9.890760
26.167500 9.970052
26.123596 10.049228
26.079395 10.128287
26.034897 10.207230
25.990101 10.286054
25.945007 10.364758
25.899616 10.443342
25.853928 10.521804
25.807941 10.600142
25.761658 10.678357
25.715076 10.756447
25.668198 10.834411
25.621023 10.912248
25.573553 10.989957
25.525787 11.067536
25.477726 11.144985
25.429369 11.222302
25.380716 11.299487
25.331768 11.376538
25.282524 11.453455
25.232985 11.530236
25.183149 11.606881
25.133018 11.683388
25.082592 11.759755
25.031872 11.835982
24.980858 11.912068
24.929550 11.988012
24.877949 12.063813
24.826054 12.139469
24.773865 12.214979
24.721382 12.290342
24.668606 12.365558
24.615536 12.440624
24.562172 12.515541
24.508516 12.590306
24.454569 12.664919
24.400330 12.739378
24.345798 12.813683
24.290976 12.887832
24.235861 12.961824
24.180454 13.035659
24.124756 13.109334
24.068766 13.182849
24.012486 13.256203
23.955915 13.329394
23.899055 13.402422
23.841906 13.475285
23.784466 13.547981
23.726736 13.620511
23.668716 13.692873
23.610409 13.765066
23.551813 13.837089
23.492929 13.908939
23.433758 13.980618
23.374298 14.052122
23.314550 14.123452
23.254515 14.194606
23.194193 14.265582
23.133585 14.336380
23.072691 14.406999
23.011511 14.477436
22.950045 14.547691
22.888292 14.617764
22.826256 14.687652
22.763935 14.757355
22.701330 14.826871
22.638441 14.896199
22.575268 14.965339
22.511810 15.034288
22.448071 15.103046
22.384048 15.171612
22.319744 15.239984
22.255157 15.308161
22.190289 15.376143
22.125139 15.443927
22.059710 15.511513
21.993999 15.578899
21.928009 15.646086
21.861738 15.713070
21.795189 15.779851
21.728361 15.846428
21.661255 15.912800
21.593870 15.978965
21.526207 16.044922
21.458267 16.110670
21.390051 16.176208
21.321558 16.241535
21.252789 16.306650
21.183744 16.371552
21.114426 16.436237
21.044832 16.500708
20.974964 16.564960
20.904821 16.628994
20.834406 16.692808
20.763718 16.756401
20.692757 16.819771
20.621523 16.882917
20.550018 16.945839
20.478243 17.008535
20.406197 17.071005
20.333879 17.133245
20.261293 17.195257
20.188438 17.257038
20.115314 17.318586
20.041924 17.379902
19.968266 17.440983
19.894341 17.501827
19.820148 17.562435
19.745691 17.622805
19.670969 17.682936
19.595982 17.742826
19.520729 17.802475
19.445213 17.861881
19.369434 17.921043
19.293392 17.979959
19.217089 18.038630
19.140524 18.097052
19.063698 18.155224
18.986612 18.213146
18.909267 18.270817
18.831663 18.328234
18.753801 18.385397
18.675682 18.442305
18.597305 18.498955
18.518673 18.555347
18.439785 18.611481
18.360641 18.667355
18.281244 18.722967
18.201593 18.778316
18.121689 18.833403
18.041533 18.888224
17.961124 18.942778
17.880465 18.997065
17.799555 19.051083
17.718395 19.104830
17.636986 19.158306
17.555328 19.211510
17.473423 19.264439
17.391270 19.317093
17.308870 19.369471
17.226225 19.421570
17.143335 19.473391
17.060202 19.524931
16.976824 19.576189
16.893204 19.627165
16.809341 19.677856
16.725239 19.728262
16.640896 19.778381
16.556313 19.828213
16.471491 19.877754
16.386431 19.927006
16.301134 19.975965
16.215601 20.024632
16.129831 20.073004
16.043827 20.121080
15.957589 20.168859
15.871118 20.216341
15.784413 20.263523
15.697477 20.310404
15.610311 20.356983
15.522914 20.403259
15.435288 20.449232
15.347435 20.494900
15.259355 20.540260
15.171048 20.585314
15.082517 20.630058
14.993761 20.674492
14.904781 20.718615
14.815578 20.762424
14.726153 20.805920
14.636507 20.849100
14.546640 20.891964
14.456554 20.934509
14.366250 20.976736
14.275728 21.018642
14.184990 21.060226
14.094036 21.101488
14.002868 21.142426
13.911486 21.183037
13.819891 21.223322
13.728086 21.263279
13.636070 21.302906
13.543846 21.342203
13.451414 21.381168
13.358775 21.419800
13.265930 21.458097
13.172880 21.496059
13.079626 21.533684
12.986169 21.570971
12.892509 21.607918
12.798649 21.644526
12.704589 21.680792
12.610331 21.716715
12.515875 21.752295
12.421223 21.787529
12.326375 21.822416
12.231333 21.856956
12.136098 21.891148
12.040671 21.924988
11.945054 21.958477
11.849247 21.991613
11.753251 22.024395
11.657068 22.056822
11.560699 22.088892
11.464146 22.120605
11.367408 22.151960
11.270488 22.182955
11.173387 22.213589
11.076105 22.243860
10.978644 22.273767
10.881006 22.303310
10.783192 22.332487
10.685202 22.361296
10.587038 22.389736
10.488702 22.417807
10.390194 22.445507
10.291516 22.472836
10.192670 22.499790
10.093656 22.526371
9.994475 22.552576
9.895130 22.578403
9.795622 22.603853
9.695951 22.628923
9.596120 22.653614
9.496129 22.677923
9.395980 22.701849
9.295674 22.725391
9.195213 22.748549
9.094599 22.771320
8.993832 22.793705
8.892914 22.815701
8.791846 22.837307
8.690631 22.858522
8.589269 22.879347
8.487761 22.899778
8.386110 22.919815
8.284317 22.939457
8.182383 22.958702
8.080309 22.977551
7.978097 22.996000
7.875750 23.014050
7.773267 23.031698
7.670650 23.048944
7.567902 23.065788
7.465024 23.082228
7.362016 23.098263
7.258882 23.113892
7.155621 23.129112
7.052237 23.143925
6.948730 23.158327
6.845101 23.172319
6.741354 23.185900
6.637489 23.199068
6.533507 23.211823
6.429411 23.224163
6.325202 23.236088
6.220882 23.247595
6.116453 23.258684
6.011915 23.269354
5.907270 23.279604
5.802522 23.289433
5.697670 23.298840
5.592717 23.307823
5.487665 23.316383
5.382514 23.324518
5.277268 23.332228
5.171927 23.339510
5.066494 23.346365
4.960969 23.352791
4.855355 23.358788
4.749654 23.364353
4.643867 23.369488
4.537997 23.374189
4.432044 23.378458
4.326011 23.382292
4.219900 23.385691
4.113712 23.388653
4.007450 23.391178
3.901114 23.393265
3.794707 23.394913
3.688231 23.396120
3.581688 23.396887
3.475079 23.397211
3.368407 23.397093
3.261672 23.396530
3.154878 23.395523
3.048026 23.394072
2.941118 23.392174
2.834156 23.389830
2.727142 23.387037
2.620077 23.383797
2.512964 23.380106
2.405806 23.375965
2.298602 23.371374
2.191357 23.366331
2.084071 23.360836
1.976747 23.354887
1.869387 23.348484
1.761992 23.341627
1.654566 23.334314
1.547109 23.326546
1.439624 23.318319
1.332113 23.309635
1.224578 23.300493
1.117021 23.290892
1.009444 23.280830
0.901849 23.270309
0.794239 23.259327
0.686614 23.247883
0.578979 23.235977
0.471334 23.223608
0.363682 23.210775
0.256024 23.197479
0.148364 23.183718
0.040703 23.169491
-0.066957 23.154799
-0.174614 23.139639
-0.282264 23.124012
-0.389907 23.107918
-0.497540 23.091354
-0.605160 23.074322
-0.712766 23.056820
-0.820356 23.038849
-0.927926 23.020407
-1.035475 23.001493
-1.143001 22.982109
-1.250502 22.962254
-1.357974 22.941925
-1.465416 22.921124
-1.572826 22.899849
-1.680201 22.878101
-1.787539 22.855879
-1.894838 22.833181
-2.002096 22.810009
-2.109309 22.786362
-2.216476 22.762239
-2.323595 22.737642
-2.430663 22.712568
-2.537678 22.687017
-2.644637 22.660990
-2.751538 22.634485
-2.858379 22.607504
-2.965157 22.580046
-3.071870 22.552109
-3.178516 22.523693
-3.285092 22.494799
-3.391596 22.465425
-3.498025 22.435574
-3.604378 22.405243
-3.710650 22.374434
-3.816842 22.343145
-3.922949 22.311378
-4.028969 22.279131
-4.134900 22.246403
-4.240740 22.213194
-4.346486 22.179504
-4.452135 22.145334
-4.557686 22.110683
-4.663136 22.075552
-4.768481 22.039940
-4.873721 22.003847
-4.978851 21.967274
-5.083871 21.930220
-5.188777 21.892685
-5.293567 21.854670
-5.398238 21.816174
-5.502788 21.777197
-5.607214 21.737740
-5.711514 21.697802
-5.815685 21.657383
-5.919725 21.616484
-6.023632 21.575104
-6.127402 21.533245
-6.231034 21.490908
-6.334524 21.448092
-6.437871 21.404797
-6.541070 21.361023
-6.644122 21.316771
-6.747021 21.272039
-6.849767 21.226830
-6.952356 21.181141
-7.054786 21.134975
-7.157054 21.088333
-7.259158 21.041214
-7.361095 20.993618
-7.462863 20.945545
-7.564459 20.896996
-7.665881 20.847971
-7.767125 20.798471
-7.868190 20.748497
-7.969072 20.698048
-8.069770 20.647125
-8.170280 20.595730
-8.270599 20.543861
-8.370727 20.491520
-8.470658 20.438707
-8.570393 20.385424
-8.669927 20.331669
-8.769258 20.277443
-8.868382 20.222748
-8.967299 20.167583
-9.066006 20.111950
-9.164498 20.055849
-9.262775 19.999281
-9.360834 19.942245
-9.458672 19.884745
-9.556285 19.826778
-9.653672 19.768349
-9.750831 19.709455
-9.847757 19.650099
-9.944450 19.590281
-10.040907 19.530001
-10.137124 19.469261
-10.233099 19.408062
-10.328830 19.346405
-10.424314 19.284290
-10.519547 19.221718
-10.614530 19.158689
-10.709257 19.095205
-10.803727 19.031267
-10.897937 18.966875
-10.991884 18.902031
-11.085567 18.836735
-11.178981 18.770988
-11.272125 18.704792
-11.364997 18.638147
-11.457593 18.571056
-11.549911 18.503519
-11.641950 18.435537
-11.733705 18.367111
-11.825174 18.298243
-11.916356 18.228933
-12.007247 18.159184
-12.097845 18.088995
-12.188148 18.018368
-12.278152 17.947304
-12.367855 17.875805
-12.457255 17.803871
-12.546350 17.731504
-12.635136 17.658707
-12.723611 17.585478
-12.811773 17.511820
-12.899620 17.437735
-12.987148 17.363224
-13.074356 17.288288
-13.161241 17.212929
-13.247800 17.137148
-13.334031 17.060947
-13.419932 16.984327
-13.505501 16.907290
-13.590734 16.829836
-13.675629 16.751968
-13.760183 16.673687
-13.844396 16.594994
-13.928263 16.515890
-14.011783 16.436378
-14.094953 16.356461
-14.177771 16.276138
-14.260234 16.195412
-14.342340 16.114283
-14.424088 16.032753
-14.505473 15.950825
-14.586494 15.868500
-14.667150 15.785780
-14.747437 15.702667
-14.827353 15.619164
-14.906896 15.535270
-14.986063 15.450988
-15.064853 15.366320
-15.143263 15.281267
-15.221291 15.195832
-15.298934 15.110017
-15.376191 15.023823
-15.453059 14.937252
-15.529536 14.850307
-15.605620 14.762988
-15.681309 14.675299
-15.756599 14.587240
-15.831491 14.498815
-15.905979 14.410024
-15.980063 14.320869
-16.053741 14.231355
-16.127010 14.141481
-16.199869 14.051251
-16.272316 13.960667
-16.344349 13.869729
-16.415966 13.778440
-16.487164 13.686804
-16.557940 13.594821
-16.628292 13.502494
-16.698219 13.409824
-16.767719 13.316815
-16.836790 13.223469
-16.905430 13.129786
-16.973637 13.035771
-17.041409 12.941425
-17.108744 12.846750
-17.175640 12.751749
-17.242096 12.656424
-17.308109 12.560777
-17.373678 12.464810
-17.438801 12.368526
-17.503475 12.271928
-17.567699 12.175016
-17.631472 12.077795
-17.694790 11.980266
-17.757652 11.882431
-17.820057 11.784293
-17.882004 11.685855
-17.943491 11.587118
-18.004517 11.488086
-18.065079 11.388761
-18.125175 11.289145
-18.184805 11.189240
-18.243965 11.089050
-18.302654 10.988577
-18.360872 10.887823
-18.418617 10.786791
-18.475887 10.685483
-18.532681 10.583902
-18.588995 10.482051
-18.644829 10.379931
-18.700182 10.277547
-18.755053 10.174900
-18.809439 10.071993
-18.863338 9.968828
-18.916752 9.865409
-18.969677 9.761738
-19.022112 9.657817
-19.074055 9.553649
-19.125505 9.449237
-19.176462 9.344584
-19.226923 9.239692
-19.276888 9.134563
-19.326355 9.029202
-19.375322 8.923609
-19.423790 8.817788
-19.471756 8.711742
-19.519218 8.605474
-19.566177 8.498987
-19.612631 8.392282
-19.658577 8.285363
-19.704016 8.178232
-19.748945 8.070892
-19.793365 7.963346
-19.837275 7.855597
-19.880672 7.747648
-19.923557 7.639502
-19.965927 7.531160
-20.007782 7.422627
-20.049120 7.313906
-20.089941 7.204998
-20.130243 7.095907
-20.170027 6.986636
-20.209290 6.877188
-20.248032 6.767565
-20.286253 6.657770
-20.323952 6.547807
-20.361128 6.437677
-20.397779 6.327385
-20.433907 6.216932
-20.469507 6.106322
-20.504581 5.995558
-20.539129 5.884642
-20.573149 5.773577
-20.606640 5.662366
-20.639603 5.551012
-20.672035 5.439518
-20.703938 5.327887
-20.735310 5.216121
-20.766150 5.104225
-20.796457 4.992200
-20.826233 4.880050
-20.855474 4.767777
-20.884182 4.655385
-20.912355 4.542875
-20.939995 4.430252
-20.967098 4.317518
-20.993666 4.204677
-21.019697 4.091730
-21.045193 3.978682
-21.070152 3.865534
-21.094576 3.752290
-21.118462 3.638953
-21.141809 3.525526
-21.164619 3.412011
-21.186892 3.298412
-21.208626 3.184731
-21.229822 3.070972
-21.250481 2.957138
-21.270599 2.843230
-21.290178 2.729253
-21.309217 2.615210
-21.327717 2.501102
-21.345676 2.386933
-21.363096 2.272707
-21.379976 2.158425
-21.396317 2.044091
-21.412117 1.929708
-21.427378 1.815279
-21.442099 1.700806
-21.456280 1.586293
-21.469921 1.471742
-21.483023 1.357156
-21.495584 1.242539
-21.507607 1.127893
-21.519089 1.013221
-21.530031 0.898526
-21.540436 0.783811
-21.550303 0.669078
-21.559631 0.554331
-21.568422 0.439572
-21.576675 0.324805
-21.584391 0.210032
-21.591568 0.095256
-21.598207 -0.019520
-21.604311 -0.134293
-21.609879 -0.249061
-21.614910 -0.363820
-21.619406 -0.478568
-21.623365 -0.593302
-21.626791 -0.708018
-21.629683 -0.822715
-21.632040 -0.937390
-21.633863 -1.052039
-21.635155 -1.166660
-21.635914 -1.281249
-21.636141 -1.395805
-21.635836 -1.510325
-21.635000 -1.624805
-21.633635 -1.739243
-21.631739 -1.853636
-21.629314 -1.967982
-21.626362 -2.082277
-21.622881 -2.196519
-21.618874 -2.310706
-21.614340 -2.424833
-21.609280 -2.538900
-21.603695 -2.652902
-21.597586 -2.766838
-21.590954 -2.880704
-21.583799 -2.994498
-21.576122 -3.108218
-21.567924 -3.221860
-21.559206 -3.335423
-21.549969 -3.448902
-21.540213 -3.562296
-21.529940 -3.675602
-21.519150 -3.788817
-21.507843 -3.901940
-21.496021 -4.014966
-21.483685 -4.127894
-21.470835 -4.240721
-21.457472 -4.353444
-21.443598 -4.466062
-21.429213 -4.578570
-21.414318 -4.690968
-21.398914 -4.803252
-21.383003 -4.915420
-21.366587 -5.027469
-21.349665 -5.139397
-21.332239 -5.251202
-21.314310 -5.362880
-21.295879 -5.474429
-21.276947 -5.585847
-21.257515 -5.697132
-21.237585 -5.808281
-21.217157 -5.919291
-21.196234 -6.030161
-21.174814 -6.140888
-21.152901 -6.251470
-21.130495 -6.361903
-21.107597 -6.472187
-21.084209 -6.582317
-21.060331 -6.692293
-21.035965 -6.802112
-21.011112 -6.911770
-20.985773 -7.021267
-20.959949 -7.130599
-20.933643 -7.239765
-20.906857 -7.348762
-20.879589 -7.457587
-20.851843 -7.566239
-20.823620 -7.674716
-20.794920 -7.783015
-20.765745 -7.891133
-20.736097 -7.999070
-20.705976 -8.106822
-20.675385 -8.214388
-20.644323 -8.321765
-20.612795 -8.428951
-20.580799 -8.535944
-20.548338 -8.642741
-20.515413 -8.749341
-20.482027 -8.855742
-20.448179 -8.961941
-20.413872 -9.067936
-20.379107 -9.173725
-20.343885 -9.279306
-20.308210 -9.384678
-20.272081 -9.489838
-20.235500 -9.594784
-20.198469 -9.699514
-20.160990 -9.804028
-20.123064 -9.908320
-20.084692 -10.012391
-20.045876 -10.116238
-20.006617 -10.219858
-19.966917 -10.323251
-19.926779 -10.426414
-19.886204 -10.529345
-19.845192 -10.632042
-19.803745 -10.734504
-19.761866 -10.836728
-19.719555 -10.938713
-19.676815 -11.040457
-19.633648 -11.141958
-19.590054 -11.243216
-19.546034 -11.344227
-19.501591 -11.444990
-19.456726 -11.545504
-19.411442 -11.645765
-19.365740 -11.745773
-19.319622 -11.845527
-19.273090 -11.945024
-19.226147 -12.044262
-19.178791 -12.143240
-19.131025 -12.241956
-19.082851 -12.340408
-19.034271 -12.438596
-18.985287 -12.536516
-18.935900 -12.634169
-18.886112 -12.731551
-18.835926 -12.828662
-18.785343 -12.925499
-18.734365 -13.022061
-18.682995 -13.118347
-18.631231 -13.214355
-18.579077 -13.310084
-18.526533 -13.405532
-18.473602 -13.500697
-18.420286 -13.595578
-18.366587 -13.690174
-18.312506 -13.784483
-18.258045 -13.878504
-18.203207 -13.972235
-18.147993 -14.065675
-18.092405 -14.158822
-18.036446 -14.251676
-17.980116 -14.344234
-17.923418 -14.436495
-17.866354 -14.528458
-17.808926 -14.620121
-17.751135 -14.711483
-17.692982 -14.802543
-17.634468 -14.893299
-17.575596 -14.983750
-17.516367 -15.073895
-17.456783 -15.163733
-17.396847 -15.253263
-17.336559 -15.342482
-17.275923 -15.431390
-17.214939 -15.519985
-17.153610 -15.608267
-17.091938 -15.696234
-17.029924 -15.783884
-16.967571 -15.871217
-16.904881 -15.958231
-16.841854 -16.044926
-16.778494 -16.131300
-16.714802 -16.217352
-16.650780 -16.303082
-16.586430 -16.388487
-16.521753 -16.473566
-16.456753 -16.558319
-16.391430 -16.642744
-16.325787 -16.726841
-16.259825 -16.810608
-16.193546 -16.894045
-16.126953 -16.977150
-16.060047 -17.059923
-15.992830 -17.142363
-15.925304 -17.224468
-15.857471 -17.306238
-15.789333 -17.387671
-15.720892 -17.468765
-15.652148 -17.549522
-15.583104 -17.629940
-15.513762 -17.710018
-15.444122 -17.789755
-15.374188 -17.869150
-15.303962 -17.948202
-15.233444 -18.026911
-15.162638 -18.105274
-15.091544 -18.183292
-15.020165 -18.260963
-14.948503 -18.338287
-14.876560 -18.415262
-14.804338 -18.491888
-14.731837 -18.568165
-14.659061 -18.644091
-14.586012 -18.719666
-14.512691 -18.794888
-14.439099 -18.869757
-14.365240 -18.944273
-14.291115 -19.018435
-14.216725 -19.092241
-14.142074 -19.165691
-14.067162 -19.238785
-13.991991 -19.311522
-13.916564 -19.383900
-13.840882 -19.455919
-13.764948 -19.527580
-13.688763 -19.598881
-13.612329 -19.669821
-13.535647 -19.740400
-13.458720 -19.810617
-13.381549 -19.880472
-13.304135 -19.949965
-13.226481 -20.019093
-13.148589 -20.087856
-13.070460 -20.156256
-12.992097 -20.224289
-12.913501 -20.291956
-12.834674 -20.359257
-12.755618 -20.426191
-12.676335 -20.492758
-12.596828 -20.558956
-12.517097 -20.624786
-12.437144 -20.690248
-12.356973 -20.755341
-12.276584 -20.820063
-12.195978 -20.884415
-12.115158 -20.948397
-12.034125 -21.012007
-11.952882 -21.075245
-11.871429 -21.138111
-11.789770 -21.200605
-11.707906 -21.262726
-11.625838 -21.324472
-11.543570 -21.385845
-11.461102 -21.446844
-11.378435 -21.507469
-11.295572 -21.567719
-11.212515 -21.627592
-11.129265 -21.687090
-11.045824 -21.746212
-10.962194 -21.804958
-10.878378 -21.863327
-10.794376 -21.921318
-10.710192 -21.978931
-10.625825 -22.036167
-10.541278 -22.093025
-10.456553 -22.149506
-10.371651 -22.205608
-10.286574 -22.261332
-10.201325 -22.316675
-10.115905 -22.371639
-10.030314 -22.426224
-9.944556 -22.480429
-9.858632 -22.534254
-9.772544 -22.587700
-9.686294 -22.640766
-9.599883 -22.693451
-9.513313 -22.745754
-9.426586 -22.797676
-9.339704 -22.849216
-9.252667 -22.900375
-9.165480 -22.951153
-9.078141 -23.001549
-8.990654 -23.051563
-8.903020 -23.101196
-8.815241 -23.150448
-8.727319 -23.199318
-8.639255 -23.247805
-8.551050 -23.295908
-8.462708 -23.343628
-8.374228 -23.390965
-8.285614 -23.437918
-8.196866 -23.484488
-8.107986 -23.530674
-8.018977 -23.576477
-7.929840 -23.621897
-7.840576 -23.666933
-7.751187 -23.711586
-7.661675 -23.755856
-7.572042 -23.799742
-7.482288 -23.843245
-7.392417 -23.886364
-7.302429 -23.929100
-7.212326 -23.971453
-7.122109 -24.013422
-7.031781 -24.055008
-6.941342 -24.096210
-6.850796 -24.137030
-6.760142 -24.177465
-6.669384 -24.217518
-6.578521 -24.257187
-6.487557 -24.296473
-6.396492 -24.335375
-6.305329 -24.373894
-6.214069 -24.412029
-6.122713 -24.449781
-6.031263 -24.487150
-5.939721 -24.524136
-5.848088 -24.560738
-5.756366 -24.596956
-5.664557 -24.632792
-5.572661 -24.668243
-5.480681 -24.703312
-5.388618 -24.737997
-5.296474 -24.772299
-5.204249 -24.806219
-5.111947 -24.839758
-5.019568 -24.872915
-4.927114 -24.905691
-4.834587 -24.938086
-4.741987 -24.970098
-4.649317 -25.001730
-4.556578 -25.032980
-4.463772 -25.063848
-4.370900 -25.094336
-4.277963 -25.124441
-4.184964 -25.154165
-4.091903 -25.183508
-3.998782 -25.212471
-3.905603 -25.241055
-3.812367 -25.269258
-3.719075 -25.297083
-3.625730 -25.324528
-3.532333 -25.351593
-3.438884 -25.378279
-3.345387 -25.404585
-3.251841 -25.430511
-3.158249 -25.456060
-3.064611 -25.481232
-2.970931 -25.506025
-2.877208 -25.530441
-2.783444 -25.554480
-2.689642 -25.578140
-2.595802 -25.601423
-2.501925 -25.624329
-2.408014 -25.646858
-2.314070 -25.669012
-2.220093 -25.690790
-2.126086 -25.712193
-2.032050 -25.733219
-1.937986 -25.753870
-1.843896 -25.774145
-1.749781 -25.794046
-1.655643 -25.813574
-1.561482 -25.832727
-1.467301 -25.851507
-1.373101 -25.869913
-1.278882 -25.887945
-1.184647 -25.905605
-1.090397 -25.922894
-0.996134 -25.939810
-0.901857 -25.956354
-0.807570 -25.972527
-0.713274 -25.988327
-0.618968 -26.003757
-0.524656 -26.018818
-0.430339 -26.033508
-0.336017 -26.047829
-0.241692 -26.061779
-0.147366 -26.075361
-0.053040 -26.088575
0.041286 -26.101421
0.135608 -26.113899
0.229927 -26.126009
0.324241 -26.137751
0.418549 -26.149126
0.512849 -26.160135
0.607139 -26.170778
0.701420 -26.181055
0.795688 -26.190968
0.889944 -26.200516
0.984185 -26.209700
1.078411 -26.218519
1.172620 -26.226974
1.266811 -26.235067
1.360982 -26.242798
1.455133 -26.250166
1.549262 -26.257172
1.643367 -26.263815
1.737449 -26.270098
1.831504 -26.276020
1.925532 -26.281582
2.019533 -26.286783
2.113503 -26.291626
2.207443 -26.296110
2.301352 -26.300236
2.395226 -26.304003
2.489067 -26.307411
2.582872 -26.310463
2.676640 -26.313158
2.770370 -26.315496
2.864060 -26.317478
2.957710 -26.319105
3.051318 -26.320377
3.144883 -26.321295
3.238404 -26.321857
3.331880 -26.322067
3.425309 -26.321924
3.518691 -26.321428
3.612024 -26.320580
3.705307 -26.319380
3.798538 -26.317829
3.891717 -26.315928
3.984842 -26.313675
4.077913 -26.311073
4.170928 -26.308123
4.263885 -26.304823
4.356784 -26.301174
4.449624 -26.297178
4.542403 -26.292835
4.635120 -26.288145
4.727775 -26.283110
4.820365 -26.277729
4.912890 -26.272003
5.005349 -26.265932
5.097740 -26.259518
5.190063 -26.252760
5.282316 -26.245659
5.374498 -26.238214
5.466609 -26.230429
5.558646 -26.222301
5.650609 -26.213833
5.742497 -26.205025
5.834309 -26.195877
5.926043 -26.186390
6.017699 -26.176563
6.109275 -26.166399
6.200770 -26.155897
6.292184 -26.145058
6.383514 -26.133883
6.474761 -26.122372
6.565923 -26.110525
6.656998 -26.098343
6.747986 -26.085827
6.838886 -26.072977
6.929697 -26.059793
7.020418 -26.046278
7.111047 -26.032431
7.201583 -26.018251
7.292027 -26.003740
7.382375 -25.988899
7.472629 -25.973728
7.562785 -25.958227
7.652844 -25.942398
7.742804 -25.926241
7.832664 -25.909756
7.922424 -25.892944
8.012082 -25.875807
8.101637 -25.858343
8.191088 -25.840553
8.280434 -25.822439
8.369674 -25.804001
8.458807 -25.785238
8.547832 -25.766153
8.636749 -25.746746
8.725556 -25.727016
8.814253 -25.706966
8.902838 -25.686596
8.991310 -25.665905
9.079669 -25.644896
9.167913 -25.623568
9.256042 -25.601921
9.344055 -25.579958
9.431951 -25.557678
9.519728 -25.535082
9.607386 -25.512171
9.694923 -25.488945
9.782340 -25.465405
9.869635 -25.441549
9.956806 -25.417381
10.043854 -25.392900
10.130776 -25.368107
10.217573 -25.343002
10.304243 -25.317587
10.390785 -25.291861
10.477199 -25.265825
10.563482 -25.239481
10.649635 -25.212828
10.735657 -25.185867
10.821546 -25.158600
10.907301 -25.131025
10.992922 -25.103146
11.078407 -25.074961
11.163756 -25.046471
11.248968 -25.017677
11.334042 -24.988581
11.418976 -24.959181
11.503770 -24.929480
11.588423 -24.899477
11.672934 -24.869173
11.757301 -24.838570
11.841525 -24.807667
11.925604 -24.776464
12.009538 -24.744965
12.093326 -24.713167
12.176967 -24.681072
12.260460 -24.648682
12.343804 -24.615995
12.426999 -24.583014
12.510043 -24.549738
12.592936 -24.516169
12.675675 -24.482307
12.758262 -24.448154
12.840693 -24.413710
12.922971 -24.378975
13.005093 -24.343950
13.087058 -24.308636
13.168866 -24.273033
13.250516 -24.237143
13.332006 -24.200964
13.413337 -24.164499
13.494506 -24.127748
13.575513 -24.090712
13.656358 -24.053391
13.737040 -24.015785
13.817557 -23.977896
13.897910 -23.939724
13.978097 -23.901270
14.058117 -23.862534
14.137969 -23.823517
14.217653 -23.784220
14.297169 -23.744644
14.376514 -23.704790
14.455689 -23.664658
14.534693 -23.624249
14.613523 -23.583563
14.692182 -23.542601
14.770666 -23.501364
14.848976 -23.459852
14.927111 -23.418066
15.005069 -23.376007
15.082850 -23.333675
15.160453 -23.291073
15.237878 -23.248199
15.315124 -23.205055
15.392189 -23.161642
15.469073 -23.117960
15.545776 -23.074009
15.622297 -23.029791
15.698635 -22.985306
15.774789 -22.940554
15.850758 -22.895536
15.926541 -22.850254
16.002138 -22.804708
16.077547 -22.758900
16.152769 -22.712828
16.227802 -22.666494
16.302647 -22.619900
16.377300 -22.573044
16.451763 -22.525928
16.526035 -22.478554
16.600115 -22.430922
16.674002 -22.383032
16.747694 -22.334885
16.821192 -22.286482
16.894495 -22.237823
16.967602 -22.188910
17.040512 -22.139742
17.113226 -22.090321
17.185741 -22.040648
17.258059 -21.990723
17.330175 -21.940546
17.402092 -21.890120
17.473808 -21.839443
17.545322 -21.788517
17.616634 -21.737343
17.687744 -21.685921
17.758650 -21.634253
17.829351 -21.582338
17.899847 -21.530178
17.970137 -21.477774
18.040220 -21.425125
18.110096 -21.372232
18.179764 -21.319098
18.249224 -21.265720
18.318474 -21.212103
18.387514 -21.158245
18.456345 -21.104147
18.524963 -21.049810
18.593370 -20.995235
18.661566 -20.940424
18.729548 -20.885376
18.797316 -20.830091
18.864868 -20.774572
18.932205 -20.718819
18.999327 -20.662830
19.066231 -20.606609
19.132917 -20.550156
19.199387 -20.493471
19.265636 -20.436556
19.331667 -20.379410
19.397478 -20.322035
19.463068 -20.264431
19.528437 -20.206600
19.593584 -20.148542
19.658508 -20.090258
19.723209 -20.031748
19.787687 -19.973013
19.851940 -19.914055
19.915968 -19.854874
19.979771 -19.795469
20.043346 -19.735844
20.106695 -19.675997
20.169817 -19.615931
20.232710 -19.555645
20.295374 -19.495140
20.357809 -19.434418
20.420013 -19.373478
20.481987 -19.312323
20.543730 -19.250952
20.605240 -19.189365
20.666517 -19.127565
20.727562 -19.065552
20.788372 -19.003326
20.848948 -18.940889
20.909288 -18.878241
20.969393 -18.815382
21.029261 -18.752314
21.088892 -18.689037
21.148287 -18.625553
21.207443 -18.561861
21.266361 -18.497963
21.325041 -18.433859
21.383480 -18.369551
21.441679 -18.305038
21.499638 -18.240322
21.557354 -18.175404
21.614828 -18.110283
21.672060 -18.044962
21.729048 -17.979441
21.785791 -17.913719
21.842291 -17.847799
21.898546 -17.781681
21.954556 -17.715366
22.010319 -17.648855
22.065836 -17.582148
22.121105 -17.515245
22.176126 -17.448149
22.230900 -17.380859
22.285423 -17.313377
22.339697 -17.245703
22.393721 -17.177837
22.447495 -17.109781
22.501017 -17.041536
22.554287 -16.973103
22.607306 -16.904482
22.660070 -16.835674
22.712582 -16.766680
22.764839 -16.697500
22.816843 -16.628136
22.868591 -16.558588
22.920084 -16.488857
22.971321 -16.418943
23.022301 -16.348848
23.073023 -16.278572
23.123487 -16.208117
23.173695 -16.137482
23.223642 -16.066669
23.273331 -15.995680
23.322760 -15.924514
23.371927 -15.853172
23.420834 -15.781656
23.469479 -15.709966
23.517862 -15.638102
23.565983 -15.566065
23.613840 -15.493856
23.661434 -15.421477
23.708765 -15.348928
23.755831 -15.276210
23.802631 -15.203322
23.849167 -15.130267
23.895435 -15.057045
23.941437 -14.983657
23.987171 -14.910104
24.032639 -14.836387
24.077837 -14.762506
24.122766 -14.688461
24.167427 -14.614255
24.211819 -14.539887
24.255939 -14.465360
24.299789 -14.390673
24.343369 -14.315827
24.386677 -14.240825
24.429712 -14.165665
24.472475 -14.090348
24.514965 -14.014876
24.557182 -13.939250
24.599125 -13.863470
24.640793 -13.787538
24.682186 -13.711453
24.723303 -13.635219
24.764143 -13.558833
24.804707 -13.482298
24.844994 -13.405614
24.885002 -13.328782
24.924732 -13.251803
24.964184 -13.174679
25.003357 -13.097409
25.042252 -13.019996
25.080866 -12.942438
25.119200 -12.864738
25.157253 -12.786895
25.195026 -12.708911
25.232517 -12.630787
25.269726 -12.552524
25.306652 -12.474122
25.343296 -12.395583
25.379656 -12.316908
25.415731 -12.238096
25.451523 -12.159149
25.487030 -12.080068
25.522251 -12.000853
25.557186 -11.921505
25.591835 -11.842026
25.626198 -11.762416
25.660273 -11.682676
25.694059 -11.602808
25.727558 -11.522812
25.760769 -11.442689
25.793692 -11.362439
25.826324 -11.282063
25.858667 -11.201563
25.890720 -11.120938
25.922483 -11.040191
25.953955 -10.959321
25.985134 -10.878330
26.016022 -10.797219
26.046618 -10.715989
26.076921 -10.634641
26.106932 -10.553175
26.136648 -10.471593
26.166071 -10.389894
26.195200 -10.308081
26.224033 -10.226152
26.252571 -10.144111
26.280813 -10.061956
26.308760 -9.979691
26.336411 -9.897314
26.363764 -9.814828
26.390820 -9.732233
26.417578 -9.649530
26.444038 -9.566721
26.470200 -9.483806
26.496061 -9.400785
26.521624 -9.317661
26.546886 -9.234434
26.571850 -9.151104
26.596512 -9.067672
26.620872 -8.984138
26.644932 -8.900505
26.668690 -8.816772
26.692146 -8.732942
26.715300 -8.649014
26.738150 -8.564989
26.760696 -8.480869
26.782940 -8.396655
26.804880 -8.312347
26.826515 -8.227947
26.847845 -8.143456
26.868870 -8.058873
26.889589 -7.974201
26.910004 -7.889441
26.930111 -7.804592
26.949911 -7.719656
26.969404 -7.634634
26.988590 -7.549527
27.007469 -7.464335
27.026041 -7.379060
27.044304 -7.293703
27.062258 -7.208263
27.079903 -7.122744
27.097239 -7.037144
27.114265 -6.951466
27.130981 -6.865710
27.147387 -6.779878
27.163481 -6.693969
27.179264 -6.607986
27.194736 -6.521929
27.209896 -6.435799
27.224743 -6.349597
27.239277 -6.263323
27.253498 -6.176980
27.267406 -6.090568
27.281002 -6.004087
27.294283 -5.917539
27.307249 -5.830925
27.319901 -5.744246
27.332237 -5.657502
27.344259 -5.570694
27.355967 -5.483825
27.367357 -5.396894
27.378431 -5.309902
27.389189 -5.222850
27.399630 -5.135740
27.409754 -5.048573
27.419561 -4.961348
27.429050 -4.874068
27.438221 -4.786733
27.447073 -4.699344
27.455606 -4.611902
27.463821 -4.524408
27.471718 -4.436863
27.479294 -4.349268
27.486549 -4.261624
27.493484 -4.173933
27.500099 -4.086195
27.506393 -3.998411
27.512367 -3.910583
27.518021 -3.822710
27.523352 -3.734795
27.528360 -3.646837
27.533047 -3.558839
27.537411 -3.470801
27.541452 -3.382724
27.545172 -3.294609
27.548567 -3.206457
27.551638 -3.118269
27.554384 -3.030046
27.556807 -2.941789
27.558905 -2.853500
27.560678 -2.765178
27.562128 -2.676826
27.563251 -2.588444
27.564049 -2.500033
27.564520 -2.411595
27.564665 -2.323129
27.564484 -2.234638
27.563976 -2.146122
27.563143 -2.057582
27.561983 -1.969020
27.560495 -1.880436
27.558680 -1.791832
27.556536 -1.703208
27.554064 -1.614565
27.551264 -1.525905
27.548136 -1.437229
27.544680 -1.348537
27.540895 -1.259831
27.536781 -1.171112
27.532337 -1.082381
27.527563 -0.993638
27.522459 -0.904885
27.517025 -0.816123
27.511261 -0.727353
27.505167 -0.638576
27.498743 -0.549793
27.491987 -0.461006
27.484900 -0.372214
27.477480 -0.283420
27.469728 -0.194624
27.461645 -0.105828
27.453230 -0.017032
27.444483 0.071762
27.435404 0.160554
27.425993 0.249342
27.416248 0.338125
27.406170 0.426902
27.395758 0.515673
27.385012 0.604435
27.373932 0.693188
27.362518 0.781931
27.350771 0.870662
27.338690 0.959381
27.326275 1.048087
27.313526 1.136778
27.300444 1.225453
27.287025 1.314112
27.273272 1.402752
27.259182 1.491374
27.244757 1.579975
27.229996 1.668555
27.214899 1.757113
27.199467 1.845647
27.183699 1.934157
27.167595 2.022641
27.151155 2.111098
27.134380 2.199527
27.117270 2.287927
27.099821 2.376297
27.082035 2.464636
27.063911 2.552942
27.045450 2.641215
27.026651 2.729452
27.007515 2.817654
26.988041 2.905819
26.968229 2.993946
26.948080 3.082033
26.927593 3.170080
26.906769 3.258085
26.885607 3.346047
26.864107 3.433966
26.842270 3.521839
26.820095 3.609666
26.797581 3.697446
26.774727 3.785177
26.751534 3.872859
26.728001 3.960489
26.704128 4.048068
26.679916 4.135593
26.655365 4.223064
26.630474 4.310479
26.605244 4.397838
26.579674 4.485138
26.553764 4.572379
26.527515 4.659560
26.500927 4.746680
26.473999 4.833737
26.446732 4.920730
26.419125 5.007658
26.391178 5.094521
26.362892 5.181315
26.334267 5.268042
26.305302 5.354698
26.275997 5.441283
26.246353 5.527795
26.216370 5.614234
26.186047 5.700599
26.155384 5.786887
26.124382 5.873098
26.093040 5.959231
26.061359 6.045285
26.029339 6.131258
25.996979 6.217148
25.964279 6.302956
25.931240 6.388679
25.897861 6.474316
25.864143 6.559866
25.830086 6.645328
25.795689 6.730700
25.760952 6.815982
25.725876 6.901172
25.690460 6.986269
25.654705 7.071271
25.618610 7.156178
25.582176 7.240988
25.545403 7.325699
25.508289 7.410311
25.470837 7.494823
25.433044 7.579232
25.394913 7.663538
25.356441 7.747739
25.317631 7.831834
25.278481 7.915823
25.238991 7.999702
25.199162 8.083473
25.158993 8.167133
25.118484 8.250681
25.077637 8.334115
25.036449 8.417435
24.994923 8.500638
24.953056 8.583724
24.910851 8.666692
24.868305 8.749539
24.825420 8.832266
24.782196 8.914869
24.738632 8.997349
24.694729 9.079703
24.650486 9.161931
24.605904 9.244031
24.560984 9.326002
24.515726 9.407843
24.470131 9.489552
24.424198 9.571127
24.377928 9.652568
24.331320 9.733873
24.284374 9.815042
24.237091 9.896071
24.189470 9.976961
24.141512 10.057710
24.093216 10.138316
24.044582 10.218779
23.995611 10.299096
23.946304 10.379267
23.896662 10.459290
23.846684 10.539164
23.796370 10.618887
23.745720 10.698459
23.694735 10.777877
23.643414 10.857141
23.591757 10.936248
23.539764 11.015198
23.487436 11.093989
23.434774 11.172621
23.381779 11.251091
23.328449 11.329398
23.274786 11.407541
23.220789 11.485518
23.166458 11.563329
23.111794 11.640970
23.056795 11.718442
23.001465 11.795742
22.945803 11.872869
22.889809 11.949823
22.833483 12.026602
22.776825 12.103204
22.719835 12.179627
22.662514 12.255872
22.604862 12.331935
22.546881 12.407816
22.488569 12.483513
22.429928 12.559025
22.370956 12.634350
22.311655 12.709487
22.252026 12.784434
22.192068 12.859191
22.131783 12.933755
22.071169 13.008125
22.010227 13.082300
21.948957 13.156279
21.887362 13.230059
21.825439 13.303639
21.763191 13.377019
21.700617 13.450196
21.637716 13.523170
21.574492 13.595938
21.510942 13.668499
21.447069 13.740852
21.382872 13.812996
21.318350 13.884929
21.253506 13.956649
21.188339 14.028155
21.122850 14.099446
21.057039 14.170520
20.990908 14.241375
20.924456 14.312010
20.857683 14.382423
20.790590 14.452614
20.723179 14.522580
20.655449 14.592320
20.587400 14.661834
20.519033 14.731118
20.450350 14.800173
20.381350 14.868996
20.312033 14.937585
20.242399 15.005939
20.172451 15.074058
20.102188 15.141938
20.031610 15.209579
19.960718 15.276980
19.889513 15.344139
19.817995 15.411054
19.746164 15.477723
19.674023 15.544146
19.601570 15.610320
19.528807 15.676245
19.455732 15.741919
19.382349 15.807340
19.308657 15.872506
19.234655 15.937417
19.160347 16.002071
19.085732 16.066467
19.010809 16.130602
18.935581 16.194475
18.860048 16.258085
18.784210 16.321430
18.708069 16.384508
18.631624 16.447317
18.554876 16.509857
18.477827 16.572126
18.400476 16.634123
18.322826 16.695845
18.244877 16.757290
18.166628 16.818459
18.088081 16.879349
18.009237 16.939959
17.930096 17.000286
17.850658 17.060329
17.770926 17.120089
17.690899 17.179562
17.610579 17.238747
17.529964 17.297642
17.449059 17.356245
17.367861 17.414557
17.286373 17.472574
17.204596 17.530296
17.122528 17.587721
17.040173 17.644846
16.957529 17.701670
16.874599 17.758192
16.791384 17.814411
16.707884 17.870325
16.624100 17.925932
16.540033 17.981230
16.455685 18.036219
16.371054 18.090897
16.286142 18.145262
16.200951 18.199312
16.115480 18.253046
16.029732 18.306461
15.943707 18.359558
15.857406 18.412334
15.770830 18.464788
15.683981 18.516918
15.596859 18.568722
15.509465 18.620199
15.421801 18.671349
15.333866 18.722168
15.245663 18.772655
15.157191 18.822809
15.068453 18.872627
14.979448 18.922110
14.890179 18.971254
14.800645 19.020060
14.710848 19.068523
14.620789 19.116644
14.530469 19.164419
14.439890 19.211849
14.349052 19.258932
14.257957 19.305666
14.166606 19.352049
14.074999 19.398079
13.983138 19.443756
13.891025 19.489079
13.798659 19.534044
13.706043 19.578651
13.613177 19.622898
13.520063 19.666782
13.426702 19.710304
13.333096 19.753462
13.239244 19.796253
13.145148 19.838676
13.050811 19.880730
12.956232 19.922413
12.861414 19.963724
12.766357 20.004662
12.671063 20.045223
12.575534 20.085407
12.479770 20.125212
12.383772 20.164637
12.287542 20.203680
12.191082 20.242340
12.094392 20.280615
11.997474 20.318502
11.900329 20.356003
11.802958 20.393114
11.705364 20.429834
11.607548 20.466162
11.509510 20.502094
11.411253 20.537632
11.312778 20.572773
11.214086 20.607515
11.115178 20.641857
11.016057 20.675797
10.916723 20.709333
10.817179 20.742466
10.717424 20.775192
10.617462 20.807510
10.517293 20.839418
10.416919 20.870916
10.316341 20.902002
10.215562 20.932674
10.114582 20.962931
10.013404 20.992769
9.912028 21.022190
9.810457 21.051191
9.708693 21.079771
9.606735 21.107927
9.504587 21.135660
9.402250 21.162968
9.299726 21.189848
9.197015 21.216299
9.094120 21.242321
8.991043 21.267912
8.887785 21.293070
8.784348 21.317793
8.680733 21.342079
8.576942 21.365929
8.472979 21.389339
8.368843 21.412310
8.264537 21.434837
8.160062 21.456923
8.055420 21.478563
7.950613 21.499758
7.845643 21.520506
7.740512 21.540806
7.635221 21.560656
7.529773 21.580053
7.424169 21.598999
7.318411 21.617491
7.212501 21.635527
7.106440 21.653105
7.000231 21.670225
6.893876 21.686886
6.787376 21.703085
6.680734 21.718822
6.573952 21.734097
6.467031 21.748905
6.359974 21.763248
6.252782 21.777124
6.145458 21.790531
6.038004 21.803467
5.930421 21.815931
5.822712 21.827923
5.714879 21.839439
5.606924 21.850481
5.498848 21.861046
5.390655 21.871132
5.282345 21.880739
5.173922 21.889866
5.065387 21.898510
4.956743 21.906672
4.847991 21.914349
4.739134 21.921541
4.630174 21.928247
4.521113 21.934465
4.411953 21.940195
4.302698 21.945435
4.193348 21.950182
4.083906 21.954437
3.974375 21.958199
3.864756 21.961466
3.755052 21.964237
3.645266 21.966511
3.535399 21.968287
3.425454 21.969563
3.315433 21.970339
3.205339 21.970613
3.095173 21.970387
2.984939 21.969656
2.874639 21.968420
2.764275 21.966679
2.653849 21.964430
2.543364 21.961674
2.432823 21.958408
2.322227 21.954634
2.211579 21.950348
2.100882 21.945551
1.990138 21.940241
1.879350 21.934418
1.768520 21.928080
1.657650 21.921227
1.546744 21.913857
1.435804 21.905970
1.324831 21.897564
1.213830 21.888639
1.102802 21.879194
0.991750 21.869228
0.880676 21.858742
0.769584 21.847733
0.658475 21.836201
0.547353 21.824144
0.436220 21.811563
0.325078 21.798456
0.213931 21.784822
0.102781 21.770662
-0.008369 21.755974
-0.119517 21.740757
-0.230659 21.725012
-0.341794 21.708736
-0.452918 21.691931
-0.564029 21.674593
-0.675124 21.656723
-0.786200 21.638321
-0.897255 21.619387
-1.008285 21.599918
-1.119287 21.579916
-1.230260 21.559380
-1.341200 21.538307
-1.452104 21.516699
-1.562970 21.494555
-1.673795 21.471872
-1.784575 21.448652
-1.895309 21.424894
-2.005992 21.400599
-2.116623 21.375763
-2.227198 21.350388
-2.337715 21.324472
-2.448170 21.298018
-2.558561 21.271023
-2.668884 21.243486
-2.779137 21.215408
-2.889317 21.186789
-2.999421 21.157627
-3.109446 21.127924
-3.219388 21.097679
-3.329246 21.066893
-3.439015 21.035563
-3.548694 21.003689
-3.658278 20.971272
-3.767766 20.938311
-3.877153 20.904806
-3.986437 20.870758
-4.095614 20.836166
-4.204683 20.801031
-4.313639 20.765352
-4.422480 20.729130
-4.531203 20.692364
-4.639804 20.655054
-4.748281 20.617201
-4.856629 20.578804
-4.964848 20.539864
-5.072932 20.500380
-5.180879 20.460352
-5.288686 20.419781
-5.396350 20.378666
-5.503868 20.337008
-5.611237 20.294806
-5.718452 20.252060
-5.825512 20.208771
-5.932414 20.164938
-6.039153 20.120564
-6.145727 20.075647
-6.252132 20.030190
-6.358366 19.984190
-6.464426 19.937649
-6.570308 19.890566
-6.676008 19.842943
-6.781525 19.794781
-6.886854 19.746078
-6.991992 19.696836
-7.096937 19.647055
-7.201684 19.596735
-7.306232 19.545877
-7.410576 19.494482
-7.514714 19.442551
-7.618642 19.390083
-7.722357 19.337080
-7.825856 19.283543
-7.929136 19.229471
-8.032193 19.174866
-8.135025 19.119728
-8.237628 19.064058
-8.339999 19.007856
-8.442135 18.951124
-8.544032 18.893862
-8.645687 18.836071
-8.747097 18.777752
-8.848259 18.718904
-8.949169 18.659531
-9.049825 18.599630
-9.150223 18.539206
-9.250360 18.478256
-9.350232 18.416784
-9.449837 18.354790
-9.549170 18.292274
-9.648231 18.229240
-9.747013 18.165688
-9.845515 18.101618
-9.943734 18.037031
-10.041666 17.971930
-10.139308 17.906313
-10.236657 17.840183
-10.333710 17.773542
-10.430463 17.706390
-10.526914 17.638729
-10.623058 17.570560
-10.718894 17.501884
-10.814418 17.432703
-10.909626 17.363018
-11.004516 17.292831
-11.099084 17.222143
-11.193327 17.150955
-11.287242 17.079269
-11.380826 17.007088
-11.474076 16.934410
-11.566989 16.861238
-11.659561 16.787575
-11.751790 16.713421
-11.843673 16.638779
-11.935205 16.563650
-12.026385 16.488035
-12.117209 16.411936
-12.207675 16.335354
-12.297778 16.258291
-12.387516 16.180750
-12.476886 16.102732
-12.565885 16.024239
-12.654510 15.945272
-12.742758 15.865835
-12.830626 15.785929
-12.918110 15.705555
-13.005208 15.624716
-13.091917 15.543413
-13.178234 15.461649
-13.264156 15.379425
-13.349681 15.296743
-13.434805 15.213606
-13.519526 15.130014
-13.603840 15.045972
-13.687745 14.961480
-13.771238 14.876541
-13.854317 14.791157
-13.936977 14.705330
-14.019217 14.619062
-14.101034 14.532356
-14.182425 14.445214
-14.263386 14.357638
-14.343915 14.269630
-14.424009 14.181193
-14.503666 14.092329
-14.582882 14.003040
-14.661654 13.913329
-14.739981 13.823198
-14.817859 13.732650
-14.895286 13.641686
-14.972259 13.550311
-15.048775 13.458526
-15.124832 13.366333
-15.200428 13.273735
-15.275559 13.180735
-15.350224 13.087335
-15.424418 12.993538
-15.498141 12.899346
-15.571389 12.804763
-15.644160 12.709790
-15.716452 12.614431
-15.788261 12.518689
-15.859587 12.422565
-15.930426 12.326063
-16.000776 12.229185
-16.070635 12.131934
-16.139999 12.034313
-16.208868 11.936325
-16.277239 11.837973
-16.345108 11.739259
-16.412474 11.640186
-16.479334 11.540758
-16.545687 11.440977
-16.611530 11.340846
-16.676863 11.240368
-16.741680 11.139546
-16.805981 11.038384
-16.869762 10.936885
-16.933023 10.835051
-16.995762 10.732884
-17.057976 10.630389
-17.119663 10.527569
-17.180822 10.424426
-17.241451 10.320964
-17.301548 10.217185
-17.361111 10.113093
-17.420137 10.008692
-17.478626 9.903983
-17.536575 9.798971
-17.593983 9.693659
-17.650846 9.588049
-17.707165 9.482145
-17.762936 9.375951
-17.818157 9.269469
-17.872828 9.162704
-17.926945 9.055657
-17.980507 8.948334
-18.033512 8.840735
-18.085958 8.732866
-18.137846 8.624729
-18.189173 8.516328
-18.239937 8.407665
-18.290136 8.298745
-18.339769 8.189571
-18.388836 8.080147
-18.437334 7.970475
-18.485262 7.860559
-18.532618 7.750403
-18.579401 7.640010
-18.625610 7.529383
-18.671244 7.418526
-18.716299 7.307443
-18.760777 7.196136
-18.804674 7.084610
-18.847992 6.972867
-18.890728 6.860912
-18.932880 6.748747
-18.974449 6.636377
-19.015432 6.523805
-19.055830 6.411034
-19.095640 6.298068
-19.134861 6.184910
-19.173492 6.071565
-19.211533 5.958035
-19.248981 5.844324
-19.285837 5.730435
-19.322100 5.616374
-19.357767 5.502141
-19.392839 5.387743
-19.427317 5.273181
-19.461197 5.158461
-19.494480 5.043584
-19.527164 4.928555
-19.559250 4.813377
-19.590736 4.698055
-19.621622 4.582591
-19.651907 4.466989
-19.681591 4.351252
-19.710672 4.235385
-19.739151 4.119391
-19.767027 4.003273
-19.794300 3.887036
-19.820969 3.770683
-19.847033 3.654217
-19.872492 3.537642
-19.897346 3.420962
-19.921597 3.304181
-19.945240 3.187301
-19.968277 3.070327
-19.990707 2.953262
-20.012531 2.836110
-20.033749 2.718874
-20.054359 2.601558
-20.074364 2.484166
-20.093761 2.366701
-20.112553 2.249167
-20.130735 2.131568
-20.148310 2.013906
-20.165276 1.896186
-20.181633 1.778412
-20.197382 1.660586
-20.212523 1.542713
-20.227057 1.424796
-20.240984 1.306838
-20.254305 1.188844
-20.267019 1.070816
-20.279127 0.952759
-20.290628 0.834675
-20.301523 0.716569
-20.311811 0.598444
-20.321493 0.480304
-20.330568 0.362151
-20.339039 0.243990
-20.346905 0.125825
-20.354166 0.007657
-20.360823 -0.110508
-20.366875 -0.228667
-20.372324 -0.346817
-20.377171 -0.464955
-20.381414 -0.583076
-20.385057 -0.701178
-20.388100 -0.819257
-20.390541 -0.937310
-20.392382 -1.055332
-20.393623 -1.173321
-20.394266 -1.291273
-20.394310 -1.409185
-20.393757 -1.527053
-20.392607 -1.644875
-20.390862 -1.762645
-20.388521 -1.880362
-20.385586 -1.998022
-20.382057 -2.115622
-20.377935 -2.233157
-20.373222 -2.350626
-20.367918 -2.468023
-20.362024 -2.585347
-20.355541 -2.702594
-20.348471 -2.819760
-20.340813 -2.936843
-20.332569 -3.053838
-20.323740 -3.170743
-20.314327 -3.287555
-20.304331 -3.404270
-20.293753 -3.520885
-20.282593 -3.637397
-20.270853 -3.753803
-20.258535 -3.870099
-20.245640 -3.986282
-20.232168 -4.102349
-20.218121 -4.218297
-20.203499 -4.334124
-20.188305 -4.449824
-20.172539 -4.565397
-20.156202 -4.680838
-20.139297 -4.796144
-20.121824 -4.911313
-20.103785 -5.026340
-20.085180 -5.141225
-20.066013 -5.255962
-20.046284 -5.370550
-20.025993 -5.484985
-20.005144 -5.599265
-19.983736 -5.713386
-19.961771 -5.827345
-19.939251 -5.941140
-19.916178 -6.054768
-19.892553 -6.168225
-19.868378 -6.281509
-19.843653 -6.394617
-19.818380 -6.507546
-19.792562 -6.620294
-19.766201 -6.732857
-19.739296 -6.845233
-19.711849 -6.957418
-19.683863 -7.069411
-19.655338 -7.181209
-19.626278 -7.292808
-19.596684 -7.404205
-19.566557 -7.515399
-19.535900 -7.626387
-19.504713 -7.737165
-19.472998 -7.847732
-19.440756 -7.958084
-19.407990 -8.068219
-19.374701 -8.178135
-19.340891 -8.287828
-19.306562 -8.397297
-19.271717 -8.506538
-19.236357 -8.615550
-19.200483 -8.724329
-19.164099 -8.832873
-19.127205 -8.941180
-19.089804 -9.049247
-19.051897 -9.157071
-19.013487 -9.264650
-18.974575 -9.371983
-18.935163 -9.479065
-18.895254 -9.585896
-18.854849 -9.692472
-18.813950 -9.798791
-18.772558 -9.904851
-18.730677 -10.010650
-18.688307 -10.116185
-18.645451 -10.221455
-18.602110 -10.326456
-18.558287 -10.431187
-18.513983 -10.535645
-18.469200 -10.639828
-18.423941 -10.743733
-18.378206 -10.847360
-18.331999 -10.950705
-18.285320 -11.053766
-18.238174 -11.156542
-18.190563 -11.259029
-18.142488 -11.361227
-18.093952 -11.463133
-18.044956 -11.564745
-17.995502 -11.666061
-17.945593 -11.767080
-17.895229 -11.867799
-17.844414 -11.968215
-17.793148 -12.068327
-17.741436 -12.168133
-17.689280 -12.267631
-17.636681 -12.366818
-17.583641 -12.465694
-17.530163 -12.564257
-17.476248 -12.662503
-17.421898 -12.760432
-17.367117 -12.858042
-17.311907 -12.955331
-17.256269 -13.052298
-17.200207 -13.148940
-17.143721 -13.245256
-17.086813 -13.341245
-17.029488 -13.436903
-16.971746 -13.532230
-16.913591 -13.627225
-16.855024 -13.721885
-16.796047 -13.816208
-16.736662 -13.910193
-16.676872 -14.003839
-16.616680 -14.097144
-16.556087 -14.190106
-16.495096 -14.282724
-16.433708 -14.374996
-16.371925 -14.466921
-16.309752 -14.558496
-16.247189 -14.649721
-16.184238 -14.740594
-16.120903 -14.831113
-16.057184 -14.921277
-15.993085 -15.011085
-15.928608 -15.100534
-15.863755 -15.189625
-15.798529 -15.278355
-15.732931 -15.366722
-15.666965 -15.454726
-15.600632 -15.542366
-15.533935 -15.629640
-15.466875 -15.716546
-15.399456 -15.803083
-15.331679 -15.889251
-15.263548 -15.975047
-15.195064 -16.060471
-15.126228 -16.145521
-15.057045 -16.230196
-14.987515 -16.314495
-14.917643 -16.398417
-14.847428 -16.481960
-14.776875 -16.565125
-14.705986 -16.647907
-14.634762 -16.730309
-14.563206 -16.812326
-14.491320 -16.893961
-14.419106 -16.975210
-14.346568 -17.056074
-14.273706 -17.136551
-14.200524 -17.216639
-14.127024 -17.296337
-14.053207 -17.375645
-13.979077 -17.454561
-13.904635 -17.533085
-13.829885 -17.611216
-13.754827 -17.688951
-13.679464 -17.766293
-13.603800 -17.843237
-13.527836 -17.919785
-13.451574 -17.995934
-13.375017 -18.071684
-13.298167 -18.147036
-13.221026 -18.221987
-13.143598 -18.296537
-13.065883 -18.370686
-12.987884 -18.444431
-12.909603 -18.517773
-12.831043 -18.590710
-12.752206 -18.663242
-12.673094 -18.735369
-12.593709 -18.807089
-12.514054 -18.878401
-12.434132 -18.949305
-12.353943 -19.019800
-12.273491 -19.089886
-12.192778 -19.159561
-12.111805 -19.228827
-12.030576 -19.297680
-11.949092 -19.366121
-11.867356 -19.434151
-11.785371 -19.501766
-11.703137 -19.568968
-11.620659 -19.635756
-11.537937 -19.702127
-11.454974 -19.768084
-11.371773 -19.833624
-11.288335 -19.898746
-11.204662 -19.963451
-11.120758 -20.027739
-11.036624 -20.091608
-10.952262 -20.155058
-10.867675 -20.218088
-10.782865 -20.280699
-10.697833 -20.342890
-10.612583 -20.404659
-10.527117 -20.466007
-10.441436 -20.526934
-10.355542 -20.587439
-10.269439 -20.647522
-10.183127 -20.707182
-10.096610 -20.766418
-10.009890 -20.825232
-9.922968 -20.883621
-9.835847 -20.941587
-9.748528 -20.999128
-9.661016 -21.056244
-9.573310 -21.112934
-9.485414 -21.169199
-9.397328 -21.225039
-9.309057 -21.280453
-9.220602 -21.335442
-9.131965 -21.390003
-9.043147 -21.444138
-8.954152 -21.497845
-8.864982 -21.551125
-8.775638 -21.603977
-8.686122 -21.656403
-8.596437 -21.708401
-8.506584 -21.759972
-8.416567 -21.811115
-8.326386 -21.861830
-8.236045 -21.912115
-8.145544 -21.961971
-8.054887 -22.011398
-7.964075 -22.060396
-7.873110 -22.108965
-7.781994 -22.157104
-7.690730 -22.204815
-7.599319 -22.252096
-7.507764 -22.298948
-7.416067 -22.345371
-7.324229 -22.391365
-7.232253 -22.436930
-7.140140 -22.482065
-7.047893 -22.526772
-6.955513 -22.571049
-6.863004 -22.614897
-6.770366 -22.658316
-6.677601 -22.701305
-6.584713 -22.743866
-6.491701 -22.785997
-6.398570 -22.827700
-6.305320 -22.868973
-6.211954 -22.909817
-6.118473 -22.950232
-6.024880 -22.990217
-5.931176 -23.029774
-5.837364 -23.068901
-5.743444 -23.107599
-5.649421 -23.145868
-5.555295 -23.183708
-5.461068 -23.221119
-5.366742 -23.258101
-5.272320 -23.294653
-5.177803 -23.330776
-5.083192 -23.366470
-4.988491 -23.401735
-4.893701 -23.436571
-4.798823 -23.470978
-4.703860 -23.504957
-4.608813 -23.538509
-4.513685 -23.571634
-4.418478 -23.604332
-4.323192 -23.636602
-4.227829 -23.668446
-4.132393 -23.699862
-4.036884 -23.730850
-3.941304 -23.761412
-3.845656 -23.791546
-3.749941 -23.821255
-3.654161 -23.850538
-3.558317 -23.879396
-3.462413 -23.907829
-3.366449 -23.935837
-3.270427 -23.963419
-3.174349 -23.990576
-3.078217 -24.017307
-2.982032 -24.043615
-2.885797 -24.069500
-2.789513 -24.094961
-2.693182 -24.119999
-2.596806 -24.144613
-2.500387 -24.168804
-2.403925 -24.192574
-2.307424 -24.215921
-2.210885 -24.238848
-2.114309 -24.261353
-2.017698 -24.283436
-1.921054 -24.305098
-1.824379 -24.326340
-1.727674 -24.347162
-1.630942 -24.367565
-1.534184 -24.387548
-1.437401 -24.407112
-1.340595 -24.426258
-1.243768 -24.444986
-1.146923 -24.463297
-1.050059 -24.481190
-0.953180 -24.498665
-0.856286 -24.515724
-0.759380 -24.532368
-0.662463 -24.548595
-0.565536 -24.564407
-0.468602 -24.579803
-0.371662 -24.594786
-0.274718 -24.609354
-0.177771 -24.623508
-0.080823 -24.637249
0.016124 -24.650578
0.113070 -24.663494
0.210011 -24.675999
0.306947 -24.688091
0.403876 -24.699774
0.500796 -24.711046
0.597706 -24.721909
0.694604 -24.732361
0.791489 -24.742405
0.888358 -24.752041
0.985211 -24.761269
1.082046 -24.770088
1.178861 -24.778502
1.275655 -24.786509
1.372427 -24.794109
1.469173 -24.801304
1.565894 -24.808094
1.662587 -24.814480
1.759252 -24.820461
1.855886 -24.826038
1.952488 -24.831213
2.049056 -24.835985
2.145589 -24.840355
2.242085 -24.844324
2.338543 -24.847893
2.434962 -24.851061
2.531340 -24.853828
2.627675 -24.856197
2.723965 -24.858168
2.820211 -24.859739
2.916409 -24.860914
3.012559 -24.861692
3.108659 -24.862074
3.204707 -24.862059
3.300703 -24.861649
3.396644 -24.860844
3.492529 -24.859644
3.588357 -24.858051
3.684126 -24.856066
3.779836 -24.853687
3.875484 -24.850918
3.971068 -24.847757
4.066589 -24.844206
4.162044 -24.840265
4.257431 -24.835936
4.352750 -24.831217
4.447999 -24.826111
4.543176 -24.820618
4.638280 -24.814737
4.733310 -24.808472
4.828265 -24.801821
4.923143 -24.794785
5.017943 -24.787365
5.112664 -24.779562
5.207303 -24.771376
5.301860 -24.762808
5.396333 -24.753859
5.490722 -24.744528
5.585024 -24.734818
5.679238 -24.724728
5.773364 -24.714258
5.867399 -24.703411
5.961342 -24.692186
6.055193 -24.680584
6.148949 -24.668606
6.242610 -24.656252
6.336174 -24.643522
6.429640 -24.630419
6.523006 -24.616941
6.616271 -24.603090
6.709435 -24.588867
6.802495 -24.574272
6.895451 -24.559307
6.988300 -24.543972
7.081043 -24.528267
7.173677 -24.512194
7.266201 -24.495752
7.358615 -24.478943
7.450916 -24.461767
7.543104 -24.444225
7.635177 -24.426317
7.727134 -24.408045
7.818974 -24.389408
7.910696 -24.370409
8.002297 -24.351048
8.093779 -24.331324
8.185138 -24.311239
8.276374 -24.290794
8.367485 -24.269989
8.458470 -24.248825
8.549329 -24.227303
8.640059 -24.205423
8.730660 -24.183187
8.821131 -24.160595
8.911469 -24.137648
9.001676 -24.114346
9.091747 -24.090691
9.181684 -24.066683
9.271483 -24.042322
9.361146 -24.017611
9.450670 -23.992548
9.540054 -23.967136
9.629297 -23.941376
9.718398 -23.915266
9.807356 -23.888809
9.896170 -23.862005
9.984838 -23.834856
10.073359 -23.807362
10.161732 -23.779522
10.249956 -23.751339
10.338031 -23.722813
10.425954 -23.693945
10.513724 -23.664736
10.601341 -23.635185
10.688804 -23.605295
10.776111 -23.575066
10.863261 -23.544498
10.950254 -23.513594
11.037088 -23.482351
11.123762 -23.450773
11.210275 -23.418859
11.296625 -23.386612
11.382812 -23.354031
11.468836 -23.321115
11.554694 -23.287868
11.640386 -23.254290
11.725909 -23.220381
11.811264 -23.186142
11.896449 -23.151575
11.981463 -23.116680
12.066306 -23.081457
12.150976 -23.045908
12.235473 -23.010033
12.319795 -22.973833
12.403941 -22.937309
12.487911 -22.900463
12.571703 -22.863295
12.655315 -22.825804
12.738748 -22.787992
12.821999 -22.749861
12.905067 -22.711411
12.987953 -22.672642
13.070655 -22.633556
13.153172 -22.594154
13.235502 -22.554436
13.317646 -22.514402
13.399602 -22.474054
13.481369 -22.433393
13.562946 -22.392420
13.644333 -22.351135
13.725528 -22.309540
13.806530 -22.267633
13.887339 -22.225418
13.967953 -22.182894
14.048371 -22.140062
14.128593 -22.096924
14.208618 -22.053480
14.288445 -22.009731
14.368072 -21.965677
14.447498 -21.921320
14.526724 -21.876659
14.605747 -21.831697
14.684567 -21.786434
14.763184 -21.740871
14.841595 -21.695009
14.919800 -21.648849
14.997798 -21.602392
15.075588 -21.555639
15.153170 -21.508591
15.230541 -21.461246
15.307702 -21.413609
15.384651 -21.365677
15.461388 -21.317453
15.537910 -21.268938
15.614219 -21.220133
15.690311 -21.171038
15.766188 -21.121655
15.841846 -21.071983
15.917287 -21.022024
15.992508 -20.971779
16.067509 -20.921247
16.142288 -20.870432
16.216846 -20.819332
16.291182 -20.767950
16.365294 -20.716286
16.439180 -20.664341
16.512842 -20.612116
16.586279 -20.559612
16.659489 -20.506830
16.732471 -20.453772
16.805225 -20.400436
16.877750 -20.346825
16.950045 -20.292938
17.022108 -20.238777
17.093939 -20.184343
17.165537 -20.129637
17.236900 -20.074659
17.308029 -20.019411
17.378923 -19.963894
17.449581 -19.908108
17.520002 -19.852055
17.590185 -19.795734
17.660130 -19.739149
17.729834 -19.682299
17.799297 -19.625185
17.868521 -19.567808
17.937502 -19.510168
18.006241 -19.452267
18.074736 -19.394104
18.142986 -19.335682
18.210991 -19.277000
18.278749 -19.218061
18.346262 -19.158865
18.413527 -19.099413
18.480543 -19.039705
18.547310 -18.979744
18.613827 -18.919529
18.680094 -18.859062
18.746109 -18.798344
18.811872 -18.737375
18.877382 -18.676157
18.942638 -18.614691
19.007641 -18.552977
19.072388 -18.491016
19.136879 -18.428810
19.201113 -18.366360
19.265089 -18.303665
19.328806 -18.240728
19.392263 -18.177549
19.455462 -18.114130
19.518398 -18.050470
19.581074 -17.986572
19.643488 -17.922436
19.705639 -17.858061
19.767527 -17.793449
19.829149 -17.728601
19.890507 -17.663519
19.951599 -17.598202
20.012424 -17.532652
20.072983 -17.466869
20.133272 -17.400856
20.193293 -17.334612
20.253044 -17.268139
20.312525 -17.201437
20.371735 -17.134508
20.430674 -17.067352
20.489340 -16.999971
20.547733 -16.932365
20.605852 -16.864536
20.663696 -16.796484
20.721266 -16.728210
20.778559 -16.659716
20.835575 -16.591002
20.892315 -16.522068
20.948776 -16.452917
21.004959 -16.383549
21.060862 -16.313965
21.116484 -16.244165
21.171825 -16.174152
21.226885 -16.103926
21.281662 -16.033487
21.336157 -15.962838
21.390368 -15.891979
21.444294 -15.820911
21.497936 -15.749636
21.551292 -15.678153
21.604362 -15.606464
21.657146 -15.534571
21.709642 -15.462473
21.761850 -15.390172
21.813770 -15.317669
21.865400 -15.244965
21.916740 -15.172060
21.967789 -15.098956
22.018545 -15.025654
22.069010 -14.952154
22.119181 -14.878458
22.169058 -14.804566
22.218641 -14.730480
22.267929 -14.656200
22.316921 -14.581728
22.365618 -14.507064
22.414017 -14.432209
22.462118 -14.357164
22.509922 -14.281932
22.557426 -14.206512
22.604631 -14.130907
22.651537 -14.055117
22.698141 -13.979142
22.744444 -13.902985
22.790445 -13.826645
22.836143 -13.750124
22.881538 -13.673423
22.926630 -13.596542
22.971418 -13.519484
23.015902 -13.442247
23.060080 -13.364835
23.103952 -13.287247
23.147518 -13.209484
23.190777 -13.131548
23.233728 -13.053439
23.276371 -12.975159
23.318705 -12.896708
23.360729 -12.818089
23.402443 -12.739303
23.443846 -12.660349
23.484938 -12.581229
23.525717 -12.501945
23.566183 -12.422496
23.606337 -12.342884
23.646177 -12.263110
23.685703 -12.183175
23.724915 -12.103080
23.763811 -12.022825
23.802391 -11.942412
23.840654 -11.861843
23.878601 -11.781118
23.916229 -11.700239
23.953539 -11.619206
23.990530 -11.538021
24.027203 -11.456684
24.063555 -11.375196
24.099586 -11.293559
24.135298 -11.211773
24.170687 -11.129839
24.205753 -11.047759
24.240498 -10.965534
24.274920 -10.883165
24.309017 -10.800653
24.342791 -10.717999
24.376240 -10.635204
24.409363 -10.552269
24.442160 -10.469194
24.474630 -10.385982
24.506775 -10.302632
24.538591 -10.219148
24.570080 -10.135529
24.601240 -10.051776
24.632072 -9.967891
24.662575 -9.883874
24.692747 -9.799726
24.722589 -9.715449
24.752100 -9.631044
24.781279 -9.546513
24.810125 -9.461855
24.838640 -9.377072
24.866821 -9.292166
24.894669 -9.207136
24.922182 -9.121984
24.949362 -9.036713
24.976206 -8.951322
25.002714 -8.865812
25.028887 -8.780186
25.054724 -8.694443
25.080223 -8.608584
25.105385 -8.522613
25.130209 -8.436528
25.154696 -8.350332
25.178843 -8.264026
25.202650 -8.177609
25.226118 -8.091084
25.249247 -8.004453
25.272034 -7.917715
25.294479 -7.830872
25.316584 -7.743925
25.338346 -7.656875
25.359766 -7.569723
25.380842 -7.482471
25.401575 -7.395120
25.421965 -7.307670
25.442009 -7.220123
25.461708 -7.132481
25.481062 -7.044743
25.500071 -6.956912
25.518732 -6.868988
25.537046 -6.780972
25.555014 -6.692866
25.572634 -6.604671
25.589907 -6.516388
25.606831 -6.428019
25.623405 -6.339563
25.639631 -6.251023
25.655508 -6.162399
25.671034 -6.073693
25.686209 -5.984906
25.701033 -5.896039
25.715506 -5.807093
25.729628 -5.718070
25.743397 -5.628970
25.756813 -5.539794
25.769876 -5.450545
25.782587 -5.361223
25.794943 -5.271830
25.806944 -5.182365
25.818590 -5.092832
25.829882 -5.003230
25.840818 -4.913560
25.851398 -4.823825
25.861622 -4.734025
25.871489 -4.644162
25.880999 -4.554236
25.890152 -4.464250
25.898947 -4.374203
25.907383 -4.284097
25.915461 -4.193934
25.923180 -4.103714
25.930540 -4.013440
25.937540 -3.923112
25.944180 -3.832731
25.950459 -3.742299
25.956377 -3.651816
25.961935 -3.561284
25.967131 -3.470705
25.971964 -3.380079
25.976435 -3.289408
25.980543 -3.198693
25.984289 -3.107935
25.987673 -3.017135
25.990692 -2.926295
25.993347 -2.835416
25.995638 -2.744499
25.997564 -2.653545
25.999126 -2.562556
26.000324 -2.471532
26.001156 -2.380476
26.001621 -2.289388
26.001720 -2.198269
26.001453 -2.107121
26.000820 -2.015946
25.999819 -1.924744
25.998449 -1.833516
25.996712 -1.742264
25.994606 -1.650990
25.992132 -1.559693
25.989290 -1.468377
25.986080 -1.377041
25.982500 -1.285688
25.978550 -1.194318
25.974230 -1.102934
25.969540 -1.011535
25.964479 -0.920123
25.959049 -0.828701
25.953247 -0.737268
25.947073 -0.645826
25.940527 -0.554377
25.933609 -0.462923
25.926319 -0.371463
25.918657 -0.280000
25.910624 -0.188534
25.902218 -0.097068
25.893438 -0.005602
25.884285 0.085862
25.874758 0.177323
25.864857 0.268780
25.854582 0.360231
25.843933 0.451675
25.832911 0.543111
25.821512 0.634536
25.809738 0.725951
25.797588 0.817353
25.785063 0.908742
25.772161 1.000116
25.758884 1.091473
25.745232 1.182812
25.731203 1.274132
25.716799 1.365432
25.702017 1.456710
25.686857 1.547964
25.671320 1.639194
25.655405 1.730398
25.639112 1.821575
25.622442 1.912723
25.605394 2.003841
25.587969 2.094928
25.570166 2.185982
25.551985 2.277001
25.533424 2.367985
25.514484 2.458932
25.495165 2.549840
25.475466 2.640709
25.455387 2.731536
25.434929 2.822321
25.414091 2.913062
25.392874 3.003757
25.371277 3.094406
25.349300 3.185006
25.326944 3.275557
25.304209 3.366057
25.281092 3.456505
25.257593 3.546898
25.233713 3.637236
25.209452 3.727518
25.184809 3.817741
25.159784 3.907905
25.134378 3.998008
25.108591 4.088048
25.082422 4.178023
25.055872 4.267934
25.028940 4.357778
25.001627 4.447553
24.973932 4.537259
24.945856 4.626894
24.917398 4.716456
24.888559 4.805943
24.859339 4.895355
24.829737 4.984690
24.799753 5.073946
24.769388 5.163121
24.738642 5.252215
24.707514 5.341227
24.676003 5.430153
24.644108 5.518994
24.611830 5.607747
24.579168 5.696410
24.546124 5.784983
24.512695 5.873464
24.478884 5.961852
24.444689 6.050144
24.410110 6.138340
24.375149 6.226438
24.339804 6.314435
24.304075 6.402332
24.267963 6.490127
24.231468 6.577816
24.194590 6.665401
24.157328 6.752877
24.119682 6.840245
24.081654 6.927503
24.043242 7.014648
24.004446 7.101680
23.965267 7.188597
23.925707 7.275397
23.885765 7.362079
23.845442 7.448641
23.804737 7.535081
23.763651 7.621399
23.722183 7.707592
23.680334 7.793659
23.638103 7.879599
23.595491 7.965409
23.552498 8.051088
23.509123 8.136636
23.465366 8.222049
23.421228 8.307326
23.376709 8.392467
23.331808 8.477468
23.286526 8.562328
23.240862 8.647047
23.194817 8.731622
23.148390 8.816051
23.101583 8.900334
23.054398 8.984468
23.006832 9.068453
22.958887 9.152286
22.910563 9.235965
22.861858 9.319489
22.812775 9.402856
22.763311 9.486065
22.713469 9.569114
22.663246 9.652000
22.612644 9.734724
22.561665 9.817283
22.510307 9.899674
22.458572 9.981897
22.406460 10.063951
22.353970 10.145832
22.301102 10.227540
22.247856 10.309072
22.194233 10.390429
22.140234 10.471606
22.085859 10.552604
22.031109 10.633419
21.975983 10.714051
21.920481 10.794498
21.864603 10.874759
21.808350 10.954830
21.751722 11.034711
21.694721 11.114400
21.637346 11.193895
21.579597 11.273195
21.521475 11.352298
21.462978 11.431201
21.404110 11.509904
21.344870 11.588405
21.285257 11.666701
21.225273 11.744792
21.164917 11.822675
21.104191 11.900349
21.043095 11.977812
20.981628 12.055062
20.919792 12.132098
20.857586 12.208918
20.795012 12.285519
20.732069 12.361899
20.668758 12.438059
20.605080 12.513995
20.541035 12.589706
20.476624 12.665191
20.411846 12.740446
20.346703 12.815471
20.281195 12.890263
20.215322 12.964821
20.149086 13.039144
20.082485 13.113229
20.015522 13.187075
19.948196 13.260679
19.880508 13.334041
19.812458 13.407157
19.744047 13.480026
19.675276 13.552647
19.606144 13.625017
19.536654 13.697136
19.466805 13.769001
19.396597 13.840611
19.326033 13.911963
19.255112 13.983055
19.183834 14.053886
19.112202 14.124454
19.040215 14.194757
18.967873 14.264793
18.895178 14.334560
18.822130 14.404057
18.748730 14.473281
18.674978 14.542232
18.600876 14.610907
18.526423 14.679304
18.451620 14.747422
18.376469 14.815259
18.300968 14.882812
18.225121 14.950081
18.148926 15.017062
18.072386 15.083755
17.995501 15.150156
17.918270 15.216265
17.840696 15.282079
17.762779 15.347596
17.684521 15.412815
17.605921 15.477734
17.526979 15.542350
17.447699 15.606662
17.368078 15.670668
17.288120 15.734365
17.207825 15.797753
17.127193 15.860829
17.046227 15.923592
16.964926 15.986038
16.883291 16.048168
16.801325 16.109980
16.719027 16.171471
16.636396 16.232639
16.553436 16.293484
16.470146 16.354002
16.386528 16.414192
16.302584 16.474052
16.218313 16.533581
16.133718 16.592775
16.048800 16.651634
15.963557 16.710155
15.877993 16.768337
15.792107 16.826178
15.705900 16.883675
15.619375 16.940826
15.532533 16.997631
15.445374 17.054087
15.357899 17.110191
15.270109 17.165943
15.182006 17.221340
15.093591 17.276381
15.004865 17.331062
14.915829 17.385384
14.826484 17.439342
14.736831 17.492937
14.646872 17.546165
14.556607 17.599026
14.466039 17.651516
14.375167 17.703634
14.283994 17.755379
14.192520 17.806747
14.100747 17.857738
14.008677 17.908350
13.916309 17.958580
13.823647 18.008427
13.730690 18.057886
13.637441 18.106956
13.543900 18.155636
13.450070 18.203922
13.355952 18.251814
13.261547 18.299309
13.166856 18.346405
13.071880 18.393101
12.976622 18.439394
12.881082 18.485283
12.785261 18.530766
12.689162 18.575840
12.592786 18.620504
12.496134 18.664757
12.399208 18.708595
12.302010 18.752018
12.204540 18.795023
12.106801 18.837608
12.008794 18.879772
11.910521 18.921513
11.811982 18.962828
11.713181 19.003716
11.614118 19.044174
11.514794 19.084202
11.415213 19.123796
11.315374 19.162956
11.215281 19.201679
11.114935 19.239964
11.014337 19.277807
10.913488 19.315208
10.812392 19.352165
10.711050 19.388676
10.609463 19.424740
10.507632 19.460356
10.405560 19.495522
10.303249 19.530235
10.200701 19.564495
10.097917 19.598299
9.994899 19.631645
9.891649 19.664532
9.788170 19.696957
9.684463 19.728918
9.580529 19.760414
9.476372 19.791443
9.371992 19.822002
9.267392 19.852091
9.162574 19.881706
9.057539 19.910847
8.952290 19.939510
8.846828 19.967695
8.741155 19.995399
8.635273 20.022621
8.529185 20.049358
8.422894 20.075609
8.316400 20.101372
8.209705 20.126646
8.102813 20.151430
7.995724 20.175722
7.888442 20.199520
7.780968 20.222822
7.673305 20.245626
7.565455 20.267931
7.457420 20.289734
7.349202 20.311033
7.240804 20.331827
7.132228 20.352114
7.023477 20.371893
6.914551 20.391163
6.805455 20.409922
6.696189 20.428167
6.586758 20.445898
6.477162 20.463112
6.367404 20.479807
6.257488 20.495981
6.147414 20.511635
6.037186 20.526766
5.926806 20.541372
5.816276 20.555452
5.705599 20.569004
5.594778 20.582026
5.483815 20.594517
5.372712 20.606476
5.261472 20.617901
5.150097 20.628790
5.038591 20.639141
4.926955 20.648952
4.815193 20.658224
4.703306 20.666954
4.591298 20.675140
4.479171 20.682781
4.366929 20.689877
4.254572 20.696424
4.142106 20.702423
4.029531 20.707870
3.916851 20.712767
3.804069 20.717110
3.691188 20.720898
3.578209 20.724129
3.465137 20.726803
3.351973 20.728918
3.238722 20.730473
3.125384 20.731466
3.011965 20.731897
2.898465 20.731764
2.784889 20.731064
2.671239 20.729797
2.557518 20.727962
2.443729 20.725557
2.329875 20.722582
2.215958 20.719034
2.101983 20.714914
1.987952 20.710220
1.873868 20.704950
1.759733 20.699104
1.645552 20.692680
1.531327 20.685678
1.417062 20.678097
1.302759 20.669933
1.188422 20.661188
1.074053 20.651859
0.959656 20.641947
0.845235 20.631449
0.730791 20.620365
0.616329 20.608694
0.501852 20.596436
0.387363 20.583588
0.272864 20.570150
0.158361 20.556122
0.043855 20.541502
-0.070650 20.526289
-0.185151 20.510483
-0.299644 20.494081
-0.414126 20.477085
-0.528593 20.459492
-0.643043 20.441301
-0.757472 20.422514
-0.871876 20.403128
-0.986253 20.383142
-1.100598 20.362558
-1.214908 20.341373
-1.329180 20.319588
-1.443410 20.297201
-1.557595 20.274212
-1.671732 20.250620
-1.785816 20.226425
-1.899845 20.201626
-2.013814 20.176222
-2.127721 20.150213
-2.241562 20.123600
-2.355333 20.096380
-2.469030 20.068554
-2.582650 20.040121
-2.696190 20.011082
-2.809645 19.981434
-2.923013 19.951178
-3.036289 19.920313
-3.149471 19.888840
-3.262553 19.856758
-3.375533 19.824068
-3.488407 19.790770
-3.601171 19.756861
-3.713821 19.722342
-3.826354 19.687212
-3.938766 19.651472
-4.051054 19.615122
-4.163213 19.578161
-4.275240 19.540590
-4.387132 19.502409
-4.498883 19.463617
-4.610491 19.424215
-4.721952 19.384203
-4.833261 19.343580
-4.944416 19.302347
-5.055412 19.260504
-5.166245 19.218050
-5.276912 19.174988
-5.387408 19.131317
-5.497731 19.087038
-5.607875 19.042150
-5.717838 18.996655
-5.827616 18.950550
-5.937204 18.903839
-6.046599 18.856522
-6.155797 18.808598
-6.264794 18.760067
-6.373587 18.710930
-6.482171 18.661188
-6.590542 18.610842
-6.698697 18.559891
-6.806632 18.508337
-6.914342 18.456181
-7.021824 18.403421
-7.129075 18.350061
-7.236089 18.296101
-7.342863 18.241539
-7.449394 18.186378
-7.555677 18.130619
-7.661708 18.074263
-7.767484 18.017309
-7.873001 17.959761
-7.978254 17.901617
-8.083240 17.842880
-8.187954 17.783550
-8.292394 17.723629
-8.396554 17.663116
-8.500431 17.602015
-8.604021 17.540323
-8.707320 17.478045
-8.810325 17.415180
-8.913031 17.351730
-9.015434 17.287697
-9.117532 17.223082
-9.219319 17.157885
-9.320793 17.092108
-9.421948 17.025753
-9.522781 16.958822
-9.623288 16.891315
-9.723465 16.823235
-9.823308 16.754581
-9.922813 16.685358
-10.021977 16.615566
-10.120796 16.545206
-10.219266 16.474279
-10.317383 16.402788
-10.415143 16.330734
-10.512543 16.258120
-10.609578 16.184946
-10.706245 16.111216
-10.802541 16.036930
-10.898460 15.962091
-10.994000 15.886702
-11.089157 15.810762
-11.183927 15.734276
-11.278305 15.657244
-11.372289 15.579668
-11.465874 15.501551
-11.559056 15.422894
-11.651834 15.343699
-11.744202 15.263970
-11.836157 15.183708
-11.927695 15.102915
-12.018813 15.021593
-12.109507 14.939745
-12.199772 14.857373
-12.289606 14.774480
-12.379005 14.691068
-12.467966 14.607139
-12.556484 14.522696
-12.644557 14.437740
-12.732181 14.352276
-12.819351 14.266305
-12.906066 14.179830
-12.992321 14.092853
-13.078113 14.005377
-13.163438 13.917405
-13.248293 13.828939
-13.332674 13.739983
-13.416578 13.650537
-13.500002 13.560607
-13.582942 13.470194
-13.665395 13.379301
-13.747357 13.287931
-13.828826 13.196088
-13.909798 13.103773
-13.990269 13.010990
-14.070236 12.917742
-14.149697 12.824032
-14.228648 12.729863
-14.307086 12.635239
-14.385008 12.540161
-14.462410 12.444634
-14.539289 12.348661
-14.615644 12.252245
-14.691469 12.155389
-14.766764 12.058096
-14.841523 11.960370
-14.915745 11.862214
-14.989426 11.763631
-15.062563 11.664624
-15.135154 11.565198
-15.207195 11.465355
-15.278685 11.365099
-15.349619 11.264433
-15.419995 11.163361
-15.489811 11.061886
-15.559063 10.960011
-15.627748 10.857741
-15.695866 10.755079
-15.763412 10.652029
-15.830383 10.548594
-15.896778 10.444777
-15.962594 10.340582
-16.027828 10.236013
-16.092478 10.131075
-16.156540 10.025770
-16.220013 9.920103
-16.282894 9.814077
-16.345182 9.707697
-16.406874 9.600965
-16.467966 9.493887
-16.528458 9.386465
-16.588346 9.278704
-16.647629 9.170607
-16.706303 9.062178
-16.764366 8.953421
-16.821817 8.844339
-16.878654 8.734938
-16.934875 8.625219
-16.990479 8.515189
-17.045462 8.404851
-17.099823 8.294209
-17.153561 8.183266
-17.206673 8.072027
-17.259157 7.960497
-17.311012 7.848679
-17.362236 7.736577
-17.412827 7.624195
-17.462782 7.511538
-17.512100 7.398610
-17.560780 7.285414
-17.608818 7.171956
-17.656214 7.058239
-17.702967 6.944267
-17.749075 6.830045
-17.794537 6.715577
-17.839350 6.600867
-17.883514 6.485920
-17.927029 6.370739
-17.969891 6.255330
-18.012098 6.139695
-18.053652 6.023839
-18.094549 5.907767
-18.134789 5.791482
-18.174370 5.674990
-18.213291 5.558295
-18.251553 5.441401
-18.289152 5.324312
-18.326090 5.207033
-18.362364 5.089568
-18.397972 4.971921
-18.432915 4.854097
-18.467192 4.736100
-18.500801 4.617934
-18.533743 4.499604
-18.566015 4.381114
-18.597618 4.262469
-18.628550 4.143672
-18.658810 4.024729
-18.688398 3.905644
-18.717314 3.786420
-18.745556 3.667063
-18.773125 3.547576
-18.800020 3.427965
-18.826241 3.308233
-18.851786 3.188385
-18.876656 3.068425
-18.900850 2.948358
-18.924370 2.828188
-18.947212 2.707919
-18.969378 2.587556
-18.990866 2.467103
-19.011677 2.346565
-19.031811 2.225945
-19.051268 2.105249
-19.070047 1.984481
-19.088150 1.863644
-19.105576 1.742744
-19.122324 1.621785
-19.138395 1.500770
-19.153790 1.379705
-19.168507 1.258594
-19.182547 1.137440
-19.195910 1.016249
-19.208595 0.895025
-19.220606 0.773771
-19.231941 0.652493
-19.242601 0.531194
-19.252586 0.409878
-19.261896 0.288551
-19.270531 0.167217
-19.278492 0.045879
-19.285780 -0.075459
-19.292395 -0.196791
-19.298338 -0.318114
-19.303610 -0.439423
-19.308210 -0.560715
-19.312141 -0.681985
-19.315403 -0.803229
-19.317995 -0.924442
-19.319920 -1.045622
-19.321177 -1.166762
-19.321768 -1.287860
-19.321693 -1.408911
-19.320953 -1.529911
-19.319550 -1.650857
-19.317482 -1.771743
-19.314753 -1.892566
-19.311361 -2.013321
-19.307310 -2.134006
-19.302601 -2.254615
-19.297234 -2.375145
-19.291210 -2.495592
-19.284531 -2.615952
-19.277197 -2.736220
-19.269209 -2.856394
-19.260569 -2.976468
-19.251278 -3.096439
-19.241337 -3.216303
-19.230747 -3.336056
-19.219511 -3.455695
-19.207630 -3.575215
-19.195105 -3.694613
-19.181936 -3.813885
-19.168127 -3.933027
-19.153679 -4.052035
-19.138592 -4.170906
-19.122868 -4.289635
-19.106508 -4.408220
-19.089516 -4.526656
-19.071892 -4.644939
-19.053637 -4.763066
-19.034752 -4.881034
-19.015240 -4.998838
-18.995102 -5.116476
-18.974340 -5.233943
-18.952957 -5.351236
-18.930954 -5.468351
-18.908333 -5.585285
-18.885096 -5.702034
-18.861244 -5.818595
-18.836781 -5.934964
-18.811705 -6.051138
-18.786018 -6.167114
-18.759724 -6.282888
-18.732822 -6.398456
-18.705317 -6.513815
-18.677210 -6.628963
-18.648504 -6.743894
-18.619202 -6.858607
-18.589304 -6.973098
-18.558813 -7.087364
-18.527731 -7.201401
-18.496059 -7.315207
-18.463800 -7.428778
-18.430956 -7.542110
-18.397528 -7.655202
-18.363518 -7.768049
-18.328928 -7.880649
-18.293762 -7.992999
-18.258022 -8.105095
-18.221710 -8.216934
-18.184828 -8.328514
-18.147377 -8.439832
-18.109360 -8.550883
-18.070780 -8.661666
-18.031639 -8.772177
-17.991940 -8.882413
-17.951683 -8.992372
-17.910872 -9.102050
-17.869509 -9.211445
-17.827597 -9.320554
-17.785137 -9.429374
-17.742132 -9.537902
-17.698586 -9.646136
-17.654499 -9.754074
-17.609875 -9.861712
-17.564714 -9.969049
-17.519022 -10.076079
-17.472799 -10.182802
-17.426048 -10.289215
-17.378773 -10.395315
-17.330975 -10.501100
-17.282656 -10.606566
-17.233820 -10.711713
-17.184469 -10.816536
-17.134605 -10.921034
-17.084232 -11.025204
-17.033352 -11.129044
-16.981966 -11.232551
-16.930079 -11.335723
-16.877691 -11.438558
-16.824806 -11.541053
-16.771427 -11.643206
-16.717556 -11.745014
-16.663195 -11.846477
-16.608347 -11.947590
-16.553015 -12.048352
-16.497202 -12.148762
-16.440910 -12.248816
-16.384142 -12.348512
-16.326900 -12.447848
-16.269188 -12.546824
-16.211006 -12.645434
-16.152359 -12.743679
-16.093248 -12.841556
-16.033678 -12.939062
-15.973650 -13.036197
-15.913167 -13.132957
-15.852232 -13.229342
-15.790848 -13.325350
-15.729017 -13.420978
-15.666742 -13.516224
-15.604026 -13.611087
-15.540871 -13.705564
-15.477280 -13.799655
-15.413256 -13.893356
-15.348802 -13.986667
-15.283920 -14.079584
-15.218614 -14.172107
-15.152884 -14.264234
-15.086736 -14.355963
-15.020170 -14.447292
-14.953191 -14.538220
-14.885800 -14.628746
-14.818002 -14.718867
-14.749798 -14.808582
-14.681191 -14.897890
-14.612185 -14.986789
-14.542780 -15.075276
-14.472980 -15.163352
-14.402789 -15.251014
-14.332209 -15.338261
-14.261242 -15.425091
-14.189892 -15.511503
-14.118161 -15.597496
-14.046053 -15.683068
-13.973570 -15.768218
-13.900714 -15.852944
-13.827488 -15.937245
-13.753895 -16.021120
-13.679937 -16.104567
-13.605618 -16.187584
-13.530941 -16.270172
-13.455908 -16.352329
-13.380522 -16.434053
-13.304786 -16.515345
-13.228703 -16.596201
-13.152274 -16.676620
-13.075503 -16.756603
-12.998393 -16.836147
-12.920946 -16.915253
-12.843165 -16.993917
-12.765054 -17.072140
-12.686614 -17.149920
-12.607849 -17.227255
-12.528762 -17.304146
-12.449354 -17.380590
-12.369629 -17.456589
-12.289589 -17.532139
-12.209237 -17.607241
-12.128576 -17.681892
-12.047609 -17.756094
-11.966339 -17.829844
-11.884768 -17.903141
-11.802899 -17.975985
-11.720735 -18.048374
-11.638277 -18.120310
-11.555530 -18.191790
-11.472495 -18.262814
-11.389176 -18.333380
-11.305575 -18.403488
-11.221695 -18.473139
-11.137538 -18.542330
-11.053107 -18.611061
-10.968406 -18.679331
-10.883436 -18.747139
-10.798201 -18.814486
-10.712702 -18.881369
-10.626943 -18.947788
-10.540926 -19.013744
-10.454655 -19.079235
-10.368131 -19.144260
-10.281357 -19.208820
-10.194336 -19.272915
-10.107071 -19.336542
-10.019564 -19.399702
-9.931817 -19.462395
-9.843834 -19.524620
-9.755617 -19.586376
-9.667169 -19.647663
-9.578491 -19.708481
-9.489588 -19.768829
-9.400461 -19.828707
-9.311113 -19.888113
-9.221547 -19.947048
-9.131765 -20.005512
-9.041771 -20.063505
-8.951566 -20.121025
-8.861153 -20.178072
-8.770535 -20.234646
-8.679713 -20.290747
-8.588692 -20.346375
-8.497473 -20.401529
-8.406058 -20.456209
-8.314451 -20.510414
-8.222654 -20.564144
-8.130670 -20.617399
-8.038500 -20.670179
-7.946147 -20.722485
-7.853615 -20.774315
-7.760905 -20.825670
-7.668020 -20.876551
-7.574962 -20.926954
-7.481734 -20.976881
-7.388339 -21.026331
-7.294778 -21.075304
-7.201055 -21.123800
-7.107171 -21.171820
-7.013130 -21.219362
-6.918933 -21.266428
-6.824583 -21.313017
-6.730083 -21.359129
-6.635434 -21.404764
-6.540639 -21.449923
-6.445701 -21.494604
-6.350623 -21.538809
-6.255406 -21.582537
-6.160053 -21.625788
-6.064567 -21.668562
-5.968950 -21.710859
-5.873204 -21.752680
-5.777331 -21.794024
-5.681334 -21.834890
-5.585214 -21.875280
-5.488975 -21.915194
-5.392619 -21.954630
-5.296147 -21.993589
-5.199564 -22.032072
-5.102870 -22.070078
-5.006068 -22.107607
-4.909160 -22.144659
-4.812149 -22.181236
-4.715037 -22.217339
-4.617826 -22.252966
-4.520519 -22.288118
-4.423117 -22.322796
-4.325624 -22.356998
-4.228040 -22.390726
-4.130369 -22.423979
-4.032613 -22.456757
-3.934773 -22.489061
-3.836853 -22.520893
-3.738854 -22.552252
-3.640779 -22.583138
-3.542630 -22.613550
-3.444409 -22.643490
-3.346117 -22.672956
-3.247759 -22.701952
-3.149334 -22.730476
-3.050847 -22.758530
-2.952299 -22.786112
-2.853691 -22.813223
-2.755027 -22.839863
-2.656309 -22.866034
-2.557538 -22.891735
-2.458716 -22.916967
-2.359846 -22.941730
-2.260930 -22.966024
-2.161970 -22.989849
-2.062968 -23.013206
-1.963926 -23.036097
-1.864846 -23.058519
-1.765731 -23.080475
-1.666581 -23.101965
-1.567400 -23.122990
-1.468190 -23.143549
-1.368952 -23.163643
-1.269689 -23.183271
-1.170402 -23.202436
-1.071094 -23.221138
-0.971767 -23.239376
-0.872422 -23.257151
-0.773062 -23.274464
-0.673689 -23.291315
-0.574304 -23.307705
-0.474910 -23.323633
-0.375508 -23.339102
-0.276101 -23.354111
-0.176691 -23.368660
-0.077279 -23.382751
0.022132 -23.396385
0.121541 -23.409561
0.220945 -23.422279
0.320343 -23.434542
0.419733 -23.446348
0.519113 -23.457699
0.618481 -23.468596
0.717835 -23.479038
0.817173 -23.489027
0.916493 -23.498562
1.015793 -23.507645
1.115072 -23.516275
1.214328 -23.524454
1.313558 -23.532183
1.412762 -23.539461
1.511936 -23.546289
1.611080 -23.552670
1.710191 -23.558601
1.809267 -23.564085
1.908307 -23.569122
2.007310 -23.573713
2.106272 -23.577858
2.205193 -23.581558
2.304070 -23.584814
2.402901 -23.587626
2.501686 -23.589994
2.600421 -23.591921
2.699106 -23.593405
2.797738 -23.594448
2.896317 -23.595051
2.994839 -23.595213
3.093303 -23.594936
3.191708 -23.594221
3.290052 -23.593069
3.388333 -23.591480
3.486549 -23.589455
3.584699 -23.586994
3.682781 -23.584099
3.780794 -23.580769
3.878734 -23.577005
3.976602 -23.572809
4.074395 -23.568182
4.172111 -23.563124
4.269749 -23.557634
4.367308 -23.551716
4.464785 -23.545368
4.562179 -23.538593
4.659488 -23.531391
4.756711 -23.523762
4.853845 -23.515707
4.950890 -23.507227
5.047843 -23.498323
5.144704 -23.488997
5.241470 -23.479246
5.338140 -23.469074
5.434711 -23.458481
5.531184 -23.447468
5.627556 -23.436035
5.723825 -23.424183
5.819990 -23.411913
5.916049 -23.399225
6.012002 -23.386122
6.107845 -23.372602
6.203578 -23.358669
6.299198 -23.344322
6.394705 -23.329561
6.490098 -23.314388
6.585373 -23.298803
6.680531 -23.282808
6.775569 -23.266403
6.870486 -23.249590
6.965280 -23.232368
7.059950 -23.214739
7.154495 -23.196703
7.248913 -23.178261
7.343202 -23.159414
7.437360 -23.140163
7.531387 -23.120510
7.625281 -23.100454
7.719041 -23.079998
7.812665 -23.059141
7.906151 -23.037884
7.999498 -23.016228
8.092706 -22.994173
8.185771 -22.971722
8.278693 -22.948874
8.371470 -22.925631
8.464102 -22.901993
8.556585 -22.877962
8.648920 -22.853539
8.741104 -22.828724
8.833137 -22.803518
8.925015 -22.777924
9.016740 -22.751940
9.108309 -22.725569
9.199720 -22.698811
9.290974 -22.671665
9.382067 -22.644135
9.472999 -22.616219
9.563767 -22.587919
9.654372 -22.559237
9.744812 -22.530172
9.835085 -22.500727
9.925190 -22.470901
10.015125 -22.440697
10.104890 -22.410114
10.194483 -22.379154
10.283902 -22.347818
10.373147 -22.316107
10.462215 -22.284021
10.551106 -22.251562
10.639819 -22.218731
10.728352 -22.185528
10.816703 -22.151955
10.904872 -22.118011
10.992857 -22.083700
11.080657 -22.049021
11.168271 -22.013975
11.255697 -21.978563
11.342935 -21.942787
11.429982 -21.906647
11.516838 -21.870144
11.603501 -21.833279
11.689971 -21.796053
11.776245 -21.758467
11.862323 -21.720522
11.948203 -21.682219
12.033884 -21.643559
12.119365 -21.604542
12.204644 -21.565170
12.289721 -21.525444
12.374595 -21.485365
12.459263 -21.444933
12.543725 -21.404150
12.627980 -21.363016
12.712027 -21.321533
12.795863 -21.279701
12.879489 -21.237522
12.962903 -21.194996
13.046103 -21.152124
13.129089 -21.108910
13.211860 -21.065351
13.294414 -21.021452
13.376749 -20.977211
13.458865 -20.932631
13.540761 -20.887711
13.622436 -20.842453
13.703888 -20.796858
13.785116 -20.750927
13.866119 -20.704660
13.946897 -20.658060
14.027447 -20.611126
14.107769 -20.563860
14.187861 -20.516262
14.267723 -20.468334
14.347353 -20.420076
14.426750 -20.371490
14.505914 -20.322578
14.584843 -20.273340
14.663535 -20.223778
14.741990 -20.173891
14.820207 -20.123682
14.898184 -20.073151
14.975921 -20.022299
15.053416 -19.971127
15.130670 -19.919636
15.207680 -19.867826
15.284445 -19.815701
15.360964 -19.763260
15.437236 -19.710505
15.513260 -19.657436
15.589035 -19.604055
15.664560 -19.550364
15.739835 -19.496361
15.814857 -19.442049
15.889627 -19.387428
15.964144 -19.332500
16.038404 -19.277267
16.112410 -19.221729
16.186157 -19.165888
16.259647 -19.109743
16.332878 -19.053297
16.405849 -18.996550
16.478559 -18.939503
16.551006 -18.882156
16.623190 -18.824512
16.695108 -18.766573
16.766762 -18.708338
16.838148 -18.649809
16.909267 -18.590986
16.980118 -18.531872
17.050699 -18.472466
17.121010 -18.412769
17.191050 -18.352785
17.260817 -18.292513
17.330311 -18.231955
17.399530 -18.171110
17.468475 -18.109982
17.537144 -18.048569
17.605536 -17.986874
17.673649 -17.924898
17.741484 -17.862642
17.809038 -17.800108
17.876312 -17.737295
17.943304 -17.674206
18.010014 -17.610840
18.076439 -17.547199
18.142580 -17.483286
18.208435 -17.419100
18.274004 -17.354643
18.339285 -17.289915
18.404278 -17.224918
18.468981 -17.159653
18.533394 -17.094120
18.597517 -17.028322
18.661348 -16.962259
18.724888 -16.895933
18.788134 -16.829344
18.851086 -16.762493
18.913742 -16.695383
18.976103 -16.628014
19.038166 -16.560387
19.099932 -16.492502
19.161398 -16.424362
19.222565 -16.355968
19.283430 -16.287321
19.343994 -16.218422
19.404255 -16.149271
19.464212 -16.079870
19.523867 -16.010221
19.583216 -15.940325
19.642260 -15.870181
19.700996 -15.799792
19.759426 -15.729159
19.817547 -15.658283
19.875359 -15.587165
19.932859 -15.515805
19.990049 -15.444206
20.046928 -15.372369
20.103495 -15.300294
20.159748 -15.227983
20.215687 -15.155437
20.271311 -15.082657
20.326618 -15.009645
20.381609 -14.936400
20.436283 -14.862926
20.490639 -14.789222
20.544676 -14.715290
20.598392 -14.641131
20.651789 -14.566747
20.704863 -14.492138
20.757614 -14.417306
20.810043 -14.342252
20.862148 -14.266976
20.913929 -14.191482
20.965384 -14.115768
21.016512 -14.039838
21.067314 -13.963691
21.117788 -13.887328
21.167934 -13.810752
21.217751 -13.733963
21.267237 -13.656962
21.316393 -13.579751
21.365217 -13.502331
21.413710 -13.424703
21.461868 -13.346868
21.509693 -13.268827
21.557184 -13.190583
21.604340 -13.112136
21.651159 -13.033486
21.697641 -12.954637
21.743786 -12.875587
21.789593 -12.796340
21.835060 -12.716895
21.880188 -12.637255
21.924974 -12.557420
21.969419 -12.477391
22.013523 -12.397171
22.057283 -12.316760
22.100700 -12.236159
22.143774 -12.155370
22.186502 -12.074393
22.228886 -11.993231
22.270922 -11.911883
22.312611 -11.830353
22.353952 -11.748640
22.394945 -11.666746
22.435589 -11.584672
22.475883 -11.502419
22.515827 -11.419990
22.555420 -11.337383
22.594662 -11.254602
22.633551 -11.171648
22.672087 -11.088521
22.710268 -11.005223
22.748095 -10.921756
22.785566 -10.838120
22.822681 -10.754316
22.859440 -10.670347
22.895842 -10.586213
22.931885 -10.501916
22.967569 -10.417457
23.002895 -10.332836
23.037861 -10.248056
23.072466 -10.163118
23.106710 -10.078023
23.140593 -9.992772
23.174112 -9.907367
23.207270 -9.821808
23.240063 -9.736097
23.272491 -9.650236
23.304556 -9.564225
23.336254 -9.478066
23.367586 -9.391761
23.398552 -9.305309
23.429150 -9.218714
23.459379 -9.131975
23.489241 -9.045095
23.518732 -8.958076
23.547853 -8.870916
23.576605 -8.783620
23.604984 -8.696187
23.632992 -8.608619
23.660627 -8.520917
23.687889 -8.433083
23.714777 -8.345118
23.741291 -8.257023
23.767429 -8.168799
23.793192 -8.080449
23.818579 -7.991973
23.843590 -7.903372
23.868223 -7.814649
23.892479 -7.725803
23.916357 -7.636837
23.939856 -7.547752
23.962975 -7.458549
23.985714 -7.369230
24.008072 -7.279796
24.030048 -7.190248
24.051643 -7.100588
24.072857 -7.010817
24.093687 -6.920936
24.114134 -6.830947
24.134197 -6.740851
24.153875 -6.650650
24.173168 -6.560344
24.192076 -6.469936
24.210598 -6.379427
24.228733 -6.288817
24.246481 -6.198109
24.263842 -6.107304
24.280813 -6.016402
24.297396 -5.925406
24.313589 -5.834318
24.329393 -5.743137
24.344807 -5.651867
24.359829 -5.560508
24.374460 -5.469061
24.388700 -5.377529
24.402548 -5.285913
24.416002 -5.194213
24.429064 -5.102431
24.441732 -5.010569
24.454006 -4.918628
24.465885 -4.826609
24.477369 -4.734513
24.488457 -4.642343
24.499147 -4.550099
24.509441 -4.457784
24.519339 -4.365397
24.528839 -4.272942
24.537941 -4.180419
24.546644 -4.087831
24.554949 -3.995178
24.562855 -3.902462
24.570360 -3.809684
24.577465 -3.716846
24.584169 -3.623949
24.590473 -3.530994
24.596375 -3.437984
24.601873 -3.344920
24.606970 -3.251803
24.611664 -3.158634
24.615953 -3.065416
24.619839 -2.972149
24.623320 -2.878835
24.626396 -2.785475
24.629068 -2.692072
24.631334 -2.598626
24.633194 -2.505139
24.634647 -2.411613
24.635695 -2.318049
24.636335 -2.224449
24.636568 -2.130813
24.636393 -2.037145
24.635809 -1.943444
24.634817 -1.849713
24.633415 -1.755953
24.631603 -1.662166
24.629381 -1.568353
24.626749 -1.474516
24.623707 -1.380656
24.620255 -1.286775
24.616390 -1.192874
24.612114 -1.098955
24.607426 -1.005020
24.602325 -0.911069
24.596813 -0.817105
24.590887 -0.723130
24.584547 -0.629144
24.577793 -0.535149
24.570625 -0.441147
24.563044 -0.347140
24.555048 -0.253128
24.546637 -0.159115
24.537809 -0.065100
24.528566 0.028914
24.518908 0.122925
24.508833 0.216933
24.498343 0.310935
24.487434 0.404929
24.476109 0.498915
24.464365 0.592891
24.452204 0.686854
24.439625 0.780804
24.426628 0.874739
24.413214 0.968656
24.399380 1.062556
24.385126 1.156435
24.370453 1.250292
24.355360 1.344126
24.339848 1.437935
24.323915 1.531717
24.307564 1.625471
24.290791 1.719195
24.273596 1.812887
24.255980 1.906545
24.237942 2.000169
24.219482 2.093756
24.200602 2.187304
24.181299 2.280813
24.161575 2.374280
24.141430 2.467703
24.120861 2.561081
24.099869 2.654413
24.078453 2.747696
24.056614 2.840929
24.034351 2.934110
24.011665 3.027237
23.988556 3.120309
23.965023 3.213324
23.941067 3.306280
23.916687 3.399176
23.891884 3.492009
23.866655 3.584778
23.841002 3.677482
23.814922 3.770118
23.788418 3.862685
23.761488 3.955181
23.734133 4.047604
23.706352 4.139953
23.678146 4.232225
23.649515 4.324419
23.620459 4.416533
23.590977 4.508566
23.561069 4.600516
23.530737 4.692380
23.499979 4.784158
23.468796 4.875847
23.437187 4.967446
23.405153 5.058952
23.372694 5.150364
23.339809 5.241680
23.306499 5.332899
23.272764 5.424017
23.238602 5.515035
23.204012 5.605949
23.168995 5.696758
23.133551 5.787461
23.097679 5.878055
23.061380 5.968538
23.024654 6.058908
22.987501 6.149165
22.949921 6.239305
22.911913 6.329328
22.873478 6.419230
22.834616 6.509012
22.795328 6.598670
22.755615 6.688202
22.715477 6.777607
22.674913 6.866883
22.633924 6.956028
22.592510 7.045039
22.550671 7.133916
22.508406 7.222656
22.465715 7.311257
22.422600 7.399717
22.379059 7.488035
22.335093 7.576209
22.290701 7.664236
22.245884 7.752114
22.200642 7.839843
22.154974 7.927419
22.108881 8.014841
22.062363 8.102107
22.015419 8.189215
21.968052 8.276162
21.920261 8.362947
21.872047 8.449569
21.823410 8.536024
21.774349 8.622312
21.724865 8.708429
21.674957 8.794375
21.624626 8.880148
21.573872 8.965745
21.522694 9.051165
21.471094 9.136405
21.419073 9.221463
21.366631 9.306337
21.313766 9.391026
21.260481 9.475526
21.206774 9.559836
21.152645 9.643955
21.098097 9.727880
21.043129 9.811610
20.987741 9.895142
20.931934 9.978473
20.875708 10.061602
20.819061 10.144526
20.761997 10.227245
20.704515 10.309756
20.646616 10.392057
20.588299 10.474146
20.529564 10.556020
20.470413 10.637677
20.410847 10.719116
20.350864 10.800335
20.290466 10.881330
20.229652 10.962101
20.168425 11.042645
20.106783 11.122959
20.044727 11.203043
19.982258 11.282893
19.919376 11.362508
19.856083 11.441885
19.792377 11.521023
19.728260 11.599919
19.663733 11.678572
19.598795 11.756978
19.533447 11.835136
19.467691 11.913045
19.401527 11.990701
19.334955 12.068102
19.267975 12.145247
19.200588 12.222133
19.132795 12.298758
19.064596 12.375119
18.995993 12.451216
18.926985 12.527044
18.857573 12.602603
18.787758 12.677890
18.717541 12.752903
18.646921 12.827640
18.575901 12.902098
18.504480 12.976275
18.432659 13.050170
18.360439 13.123779
18.287821 13.197102
18.214806 13.270134
18.141394 13.342875
18.067585 13.415321
17.993382 13.487473
17.918783 13.559325
17.843792 13.630877
17.768408 13.702127
17.692631 13.773072
17.616463 13.843710
17.539904 13.914038
17.462955 13.984054
17.385618 14.053756
17.307894 14.123141
17.229782 14.192208
17.151285 14.260955
17.072403 14.329378
16.993137 14.397476
16.913488 14.465247
16.833456 14.532688
16.753042 14.599797
16.672249 14.666572
16.591076 14.733009
16.509525 14.799109
16.427597 14.864866
16.345293 14.930281
16.262613 14.995349
16.179560 15.060069
16.096132 15.124439
16.012333 15.188457
15.928163 15.252119
15.843622 15.315424
15.758713 15.378369
15.673435 15.440953
15.587791 15.503173
15.501782 15.565026
15.415409 15.626511
15.328672 15.687624
15.241574 15.748364
15.154116 15.808729
15.066298 15.868716
14.978121 15.928323
14.889587 15.987547
14.800698 16.046387
14.711454 16.104839
14.621858 16.162903
14.531909 16.220575
14.441610 16.277853
14.350963 16.334734
14.259968 16.391216
14.168627 16.447298
14.076941 16.502975
13.984911 16.558247
13.892539 16.613110
13.799827 16.667562
13.706776 16.721603
13.613387 16.775229
13.519663 16.828436
13.425604 16.881224
13.331212 16.933590
13.236488 16.985531
13.141435 17.037045
13.046053 17.088129
12.950344 17.138783
12.854310 17.189003
12.757953 17.238787
12.661274 17.288132
12.564275 17.337036
12.466957 17.385498
12.369323 17.433516
12.271374 17.481085
12.173112 17.528204
12.074538 17.574871
11.975655 17.621084
11.876463 17.666840
11.776965 17.712135
11.677163 17.756969
11.577059 17.801340
11.476654 17.845245
11.375951 17.888681
11.274951 17.931646
11.173656 17.974138
11.072069 18.016155
10.970191 18.057695
10.868024 18.098755
10.765570 18.139332
10.662830 18.179424
10.559808 18.219030
10.456504 18.258148
10.352921 18.296774
10.249063 18.334906
10.144929 18.372541
10.040523 18.409679
9.935845 18.446318
9.830900 18.482452
9.725689 18.518082
9.620214 18.553204
9.514477 18.587816
9.408481 18.621918
9.302227 18.655506
9.195719 18.688578
9.088958 18.721130
8.981947 18.753162
8.874688 18.784672
8.767184 18.815657
8.659437 18.846115
8.551450 18.876045
8.443224 18.905443
8.334763 18.934307
8.226068 18.962635
8.117142 18.990425
8.007987 19.017675
7.898606 19.044384
7.789002 19.070549
7.679178 19.096169
7.569135 19.121239
7.458876 19.145758
7.348404 19.169724
7.237722 19.193134
7.126833 19.215988
7.015738 19.238283
6.904442 19.260017
6.792946 19.281189
6.681253 19.301796
6.569366 19.321836
6.457288 19.341309
6.345021 19.360210
6.232569 19.378538
6.119935 19.396290
6.007120 19.413464
5.894129 19.430058
5.780963 19.446070
5.667627 19.461498
5.554122 19.476341
5.440453 19.490597
5.326622 19.504263
5.212631 19.517338
5.098485 19.529819
4.984186 19.541706
4.869737 19.552996
4.755141 19.563686
4.640401 19.573776
4.525522 19.583263
4.410505 19.592148
4.295354 19.600428
4.180072 19.608101
4.064663 19.615166
3.949130 19.621620
3.833476 19.627462
3.717705 19.632690
3.601819 19.637302
3.485822 19.641296
3.369718 19.644670
3.253510 19.647425
3.137201 19.649557
3.020794 19.651066
2.904294 19.651949
2.787703 19.652205
2.671026 19.651831
2.554265 19.650827
2.437424 19.649193
2.320507 19.646925
2.203517 19.644022
2.086458 19.640482
1.969334 19.636305
1.852147 19.631489
1.734903 19.626032
1.617604 19.619932
1.500255 19.613190
1.382859 19.605803
1.265419 19.597769
1.147941 19.589088
1.030426 19.579760
0.912879 19.569780
0.795305 19.559151
0.677706 19.547869
0.560087 19.535933
0.442452 19.523342
0.324804 19.510096
0.207148 19.496193
0.089486 19.481632
-0.028175 19.466413
-0.145834 19.450535
-0.263485 19.433994
-0.381125 19.416792
-0.498749 19.398926
-0.616354 19.380396
-0.733936 19.361200
-0.851490 19.341339
-0.969012 19.320812
-1.086498 19.299618
-1.203945 19.277756
-1.321347 19.255224
-1.438701 19.232023
-1.556002 19.208153
-1.673247 19.183611
-1.790431 19.158398
-1.907550 19.132513
-2.024599 19.105955
-2.141574 19.078724
-2.258472 19.050819
-2.375287 19.022240
-2.492016 18.992985
-2.608653 18.963055
-2.725195 18.932449
-2.841638 18.901167
-2.957976 18.869207
-3.074206 18.836571
-3.190323 18.803257
-3.306322 18.769266
-3.422200 18.734598
-3.537951 18.699253
-3.653572 18.663231
-3.769057 18.626530
-3.884403 18.589149
-3.999604 18.551090
-4.114657 18.512352
-4.229557 18.472935
-4.344298 18.432838
-4.458878 18.392063
-4.573291 18.350611
-4.687532 18.308481
-4.801597 18.265675
-4.915482 18.222191
-5.029181 18.178030
-5.142691 18.133192
-5.256006 18.087677
-5.369122 18.041485
-5.482035 17.994617
-5.594739 17.947075
-5.707230 17.898857
-5.819504 17.849964
-5.931555 17.800398
-6.043380 17.750158
-6.154973 17.699245
-6.266329 17.647661
-6.377445 17.595406
-6.488316 17.542479
-6.598936 17.488882
-6.709301 17.434616
-6.819406 17.379683
-6.929246 17.324081
-7.038818 17.267815
-7.148117 17.210882
-7.257136 17.153286
-7.365873 17.095026
-7.474321 17.036104
-7.582477 16.976522
-7.690336 16.916281
-7.797893 16.855381
-7.905143 16.793825
-8.012081 16.731613
-8.118704 16.668747
-8.225006 16.605228
-8.330983 16.541058
-8.436630 16.476236
-8.541943 16.410767
-8.646915 16.344650
-8.751544 16.277889
-8.855824 16.210484
-8.959749 16.142435
-9.063316 16.073746
-9.166520 16.004417
-9.269357 15.934452
-9.371821 15.863852
-9.473909 15.792618
-9.575616 15.720753
-9.676936 15.648258
-9.777865 15.575136
-9.878399 15.501390
-9.978533 15.427020
-10.078262 15.352030
-10.177583 15.276421
-10.276489 15.200195
-10.374978 15.123356
-10.473044 15.045905
-10.570683 14.967845
-10.667891 14.889178
-10.764662 14.809907
-10.860992 14.730034
-10.956878 14.649561
-11.052314 14.568491
-11.147296 14.486827
-11.241819 14.404572
-11.335880 14.321727
-11.429474 14.238296
-11.522595 14.154281
-11.615241 14.069685
-11.707406 13.984511
-11.799087 13.898763
-11.890278 13.812442
-11.980976 13.725552
-12.071177 13.638095
-12.160875 13.550076
-12.250069 13.461496
-12.338752 13.372360
-12.426921 13.282671
-12.514572 13.192431
-12.601701 13.101645
-12.688303 13.010314
-12.774375 12.918443
-12.859912 12.826035
-12.944910 12.733092
-13.029366 12.639620
-13.113275 12.545621
-13.196633 12.451098
-13.279438 12.356056
-13.361685 12.260498
-13.443370 12.164428
-13.524489 12.067849
-13.605040 11.970765
-13.685017 11.873179
-13.764417 11.775096
-13.843236 11.676518
-13.921471 11.577451
-13.999117 11.477897
-14.076171 11.377861
-14.152630 11.277348
-14.228490 11.176360
-14.303747 11.074903
-14.378399 10.972979
-14.452441 10.870593
-14.525870 10.767750
-14.598683 10.664453
-14.670877 10.560706
-14.742447 10.456514
-14.813392 10.351882
-14.883707 10.246813
-14.953390 10.141312
-15.022438 10.035382
-15.090847 9.929029
-15.158614 9.822257
-15.225737 9.715070
-15.292212 9.607472
-15.358036 9.499469
-15.423207 9.391064
-15.487722 9.282262
-15.551579 9.173068
-15.614773 9.063486
-15.677302 8.953521
-15.739164 8.843177
-15.800356 8.732459
-15.860874 8.621372
-15.920717 8.509921
-15.979882 8.398110
-16.038366 8.285945
-16.096167 8.173429
-16.153282 8.060569
-16.209709 7.947368
-16.265446 7.833831
-16.320490 7.719963
-16.374840 7.605770
-16.428493 7.491255
-16.481447 7.376425
-16.533699 7.261283
-16.585247 7.145836
-16.636089 7.030087
-16.686224 6.914042
-16.735649 6.797706
-16.784363 6.681083
-16.832363 6.564179
-16.879648 6.447000
-16.926216 6.329549
-16.972065 6.211832
-17.017193 6.093854
-17.061600 5.975621
-17.105284 5.857137
-17.148243 5.738408
-17.190475 5.619438
-17.231979 5.500233
-17.272755 5.380797
-17.312799 5.261137
-17.352112 5.141257
-17.390692 5.021162
-17.428537 4.900858
-17.465647 4.780350
-17.502020 4.659643
-17.537655 4.538742
-17.572552 4.417653
-17.606709 4.296381
-17.640125 4.174930
-17.672800 4.053306
-17.704733 3.931514
-17.735922 3.809560
-17.766367 3.687449
-17.796068 3.565186
-17.825024 3.442776
-17.853233 3.320225
-17.880697 3.197538
-17.907413 3.074720
-17.933382 2.951777
-17.958603 2.828712
-17.983076 2.705532
-18.006802 2.582242
-18.029778 2.458847
-18.052004 2.335352
-18.073481 2.211763
-18.094208 2.088085
-18.114185 1.964323
-18.133413 1.840482
-18.151892 1.716568
-18.169621 1.592585
-18.186600 1.468539
-18.202829 1.344435
-18.218309 1.220278
-18.233040 1.096074
-18.247021 0.971826
-18.260254 0.847542
-18.272739 0.723225
-18.284477 0.598882
-18.295467 0.474516
-18.305710 0.350133
-18.315207 0.225739
-18.323957 0.101338
-18.331963 -0.023065
-18.339224 -0.147464
-18.345741 -0.271855
-18.351515 -0.396232
-18.356546 -0.520591
-18.360836 -0.644926
-18.364386 -0.769233
-18.367195 -0.893506
-18.369267 -1.017741
-18.370600 -1.141932
-18.371197 -1.266075
-18.371058 -1.390165
-18.370184 -1.514197
-18.368576 -1.638166
-18.366236 -1.762067
-18.363165 -1.885896
-18.359364 -2.009647
-18.354834 -2.133315
-18.349575 -2.256897
-18.343590 -2.380387
-18.336880 -2.503780
-18.329447 -2.627072
-18.321291 -2.750258
-18.312414 -2.873333
-18.302818 -2.996293
-18.292505 -3.119133
-18.281477 -3.241848
-18.269733 -3.364434
-18.257277 -3.486887
-18.244108 -3.609200
-18.230230 -3.731372
-18.215645 -3.853395
-18.200354 -3.975267
-18.184359 -4.096983
-18.167662 -4.218538
-18.150265 -4.339928
-18.132170 -4.461148
-18.113379 -4.582195
-18.093893 -4.703063
-18.073715 -4.823749
-18.052847 -4.944247
-18.031290 -5.064555
-18.009047 -5.184667
-17.986118 -5.304579
-17.962507 -5.424288
-17.938217 -5.543789
-17.913250 -5.663079
-17.887608 -5.782152
-17.861292 -5.901005
-17.834305 -6.019634
-17.806650 -6.138035
-17.778330 -6.256203
-17.749346 -6.374135
-17.719700 -6.491827
-17.689394 -6.609275
-17.658432 -6.726475
-17.626816 -6.843423
-17.594547 -6.960116
-17.561630 -7.076549
-17.528067 -7.192719
-17.493858 -7.308622
-17.459009 -7.424254
-17.423521 -7.539612
-17.387396 -7.654692
-17.350637 -7.769490
-17.313248 -7.884003
-17.275230 -7.998227
-17.236588 -8.112158
-17.197321 -8.225793
-17.157434 -8.339128
-17.116930 -8.452162
-17.075811 -8.564889
-17.034081 -8.677306
-16.991741 -8.789411
-16.948795 -8.901198
-16.905247 -9.012667
-16.861097 -9.123812
-16.816351 -9.234631
-16.771009 -9.345120
-16.725077 -9.455277
-16.678555 -9.565099
-16.631447 -9.674582
-16.583755 -9.783722
-16.535484 -9.892517
-16.486635 -10.000964
-16.437212 -10.109060
-16.387217 -10.216803
-16.336653 -10.324188
-16.285524 -10.431213
-16.233833 -10.537875
-16.181583 -10.644171
-16.128777 -10.750097
-16.075417 -10.855652
-16.021507 -10.960833
-15.967052 -11.065637
-15.912052 -11.170061
-15.856512 -11.274103
-15.800434 -11.377760
-15.743822 -11.481029
-15.686679 -11.583907
-15.629007 -11.686393
-15.570811 -11.788483
-15.512094 -11.890175
-15.452857 -11.991467
-15.393105 -12.092355
-15.332840 -12.192838
-15.272066 -12.292912
-15.210787 -12.392577
-15.149005 -12.491829
-15.086723 -12.590666
-15.023946 -12.689086
-14.960675 -12.787086
-14.896914 -12.884665
-14.832667 -12.981821
-14.767937 -13.078550
-14.702726 -13.174851
-14.637039 -13.270722
-14.570878 -13.366161
-14.504247 -13.461165
-14.437148 -13.555733
-14.369586 -13.649861
-14.301563 -13.743549
-14.233084 -13.836795
-14.164150 -13.929596
-14.094766 -14.021951
-14.024934 -14.113857
-13.954658 -14.205314
-13.883941 -14.296318
-13.812786 -14.386868
-13.741198 -14.476963
-13.669178 -14.566600
-13.596731 -14.655778
-13.523860 -14.744495
-13.450567 -14.832750
-13.376857 -14.920541
-13.302732 -15.007866
-13.228195 -15.094724
-13.153251 -15.181112
-13.077902 -15.267031
-13.002151 -15.352477
-12.926003 -15.437450
-12.849461 -15.521949
-12.772527 -15.605970
-12.695205 -15.689514
-12.617497 -15.772579
-12.539409 -15.855164
-12.460941 -15.937266
-12.382099 -16.018887
-12.302885 -16.100021
-12.223303 -16.180670
-12.143355 -16.260832
-12.063046 -16.340506
-11.982379 -16.419689
-11.901356 -16.498383
-11.819981 -16.576584
-11.738256 -16.654291
-11.656187 -16.731504
-11.573775 -16.808222
-11.491024 -16.884443
-11.407937 -16.960167
-11.324517 -17.035393
-11.240768 -17.110119
-11.156693 -17.184345
-11.072295 -17.258070
-10.987577 -17.331293
-10.902543 -17.404013
-10.817196 -17.476229
-10.731539 -17.547939
-10.645575 -17.619144
-10.559307 -17.689842
-10.472739 -17.760033
-10.385874 -17.829714
-10.298715 -17.898886
-10.211265 -17.967548
-10.123527 -18.035700
-10.035504 -18.103340
-9.947201 -18.170467
-9.858619 -18.237082
-9.769762 -18.303183
-9.680634 -18.368769
-9.591236 -18.433840
-9.501573 -18.498396
-9.411647 -18.562435
-9.321462 -18.625957
-9.231020 -18.688963
-9.140325 -18.751451
-9.049379 -18.813421
-8.958187 -18.874872
-8.866751 -18.935804
-8.775073 -18.996218
-8.683158 -19.056110
-8.591008 -19.115482
-8.498627 -19.174334
-8.406016 -19.232664
-8.313180 -19.290474
-8.220121 -19.347761
-8.126843 -19.404526
-8.033349 -19.460768
-7.939641 -19.516487
-7.845722 -19.571684
-7.751596 -19.626358
-7.657265 -19.680508
-7.562733 -19.734133
-7.468001 -19.787233
-7.373075 -19.839809
-7.277955 -19.891861
-7.182646 -19.943388
-7.087150 -19.994390
-6.991469 -20.044868
-6.895608 -20.094822
-6.799570 -20.144251
-6.703356 -20.193153
-6.606970 -20.241529
-6.510415 -20.289379
-6.413693 -20.336702
-6.316808 -20.383499
-6.219762 -20.429770
-6.122558 -20.475513
-6.025199 -20.520731
-5.927689 -20.565422
-5.830029 -20.609587
-5.732222 -20.653225
-5.634272 -20.696337
-5.536181 -20.738922
-5.437952 -20.780981
-5.339587 -20.822514
-5.241089 -20.863522
-5.142462 -20.904005
-5.043708 -20.943964
-4.944830 -20.983398
-4.845830 -21.022308
-4.746711 -21.060694
-4.647477 -21.098555
-4.548129 -21.135891
-4.448670 -21.172703
-4.349103 -21.208990
-4.249432 -21.244753
-4.149657 -21.279993
-4.049783 -21.314711
-3.949811 -21.348906
-3.849745 -21.382578
-3.749586 -21.415728
-3.649338 -21.448355
-3.549004 -21.480459
-3.448585 -21.512043
-3.348084 -21.543106
-3.247505 -21.573648
-3.146850 -21.603670
-3.046120 -21.633171
-2.945320 -21.662151
-2.844451 -21.690613
-2.743517 -21.718555
-2.642519 -21.745979
-2.541460 -21.772884
-2.440342 -21.799271
-2.339169 -21.825140
-2.237942 -21.850492
-2.136665 -21.875328
-2.035339 -21.899647
-1.933968 -21.923450
-1.832553 -21.946739
-1.731097 -21.969513
-1.629602 -21.991772
-1.528072 -22.013517
-1.426508 -22.034750
-1.324913 -22.055470
-1.223289 -22.075676
-1.121639 -22.095371
-1.019964 -22.114555
-0.918269 -22.133228
-0.816554 -22.151392
-0.714823 -22.169046
-0.613077 -22.186192
-0.511319 -22.202829
-0.409552 -22.218960
-0.307777 -22.234583
-0.205997 -22.249699
-0.104215 -22.264309
-0.002432 -22.278414
0.099349 -22.292013
0.201125 -22.305109
0.302895 -22.317701
0.404656 -22.329790
0.506406 -22.341377
0.608143 -22.352463
0.709863 -22.363049
0.811566 -22.373135
0.913249 -22.382721
1.014910 -22.391809
1.116545 -22.400400
1.218154 -22.408493
1.319734 -22.416090
1.421283 -22.423191
1.522799 -22.429796
1.624278 -22.435907
1.725721 -22.441525
1.827123 -22.446650
1.928483 -22.451283
2.029799 -22.455423
2.131068 -22.459074
2.232290 -22.462234
2.333461 -22.464907
2.434579 -22.467091
2.535642 -22.468788
2.636648 -22.469999
2.737595 -22.470724
