1.047198 0.000000 0.000000 0.000000
1.047106 -0.009120 0.000092 0.009185
1.046924 -0.018239 0.000276 0.018378
1.046650 -0.027359 0.000551 0.027586
1.046286 -0.036478 0.000920 0.036817
1.045830 -0.045609 0.001383 0.046317
1.045282 -0.054741 0.001941 0.055855
1.044643 -0.063884 0.002598 0.065676
1.043913 -0.073028 0.003354 0.075551
1.043091 -0.082183 0.004211 0.085723
1.042178 -0.091350 0.005173 0.096199
1.041172 -0.100529 0.006243 0.106987
1.040075 -0.109720 0.007424 0.118092
1.038886 -0.118923 0.008719 0.129523
1.037605 -0.128138 0.010132 0.141283
1.036231 -0.137365 0.011666 0.153381
1.034765 -0.146616 0.013326 0.166056
1.033206 -0.155878 0.015117 0.179079
1.031554 -0.165164 0.017044 0.192690
1.029810 -0.174463 0.019110 0.206660
1.027972 -0.183785 0.021323 0.221226
1.026041 -0.193131 0.023687 0.236394
1.024016 -0.202501 0.026208 0.252165
1.021897 -0.211895 0.028894 0.268546
1.019683 -0.221312 0.031749 0.285537
1.017376 -0.230753 0.034780 0.303144
1.014974 -0.240219 0.037994 0.321369
1.012477 -0.249708 0.041396 0.340215
1.009884 -0.259233 0.044995 0.359910
1.007197 -0.268781 0.048798 0.380230
1.004413 -0.278366 0.052812 0.401402
1.001533 -0.287974 0.057044 0.423202
0.998557 -0.297612 0.061500 0.445635
0.995484 -0.307286 0.066189 0.468921
0.992314 -0.316989 0.071120 0.493060
0.989047 -0.326729 0.076300 0.518052
0.985682 -0.336498 0.081738 0.543789
0.982219 -0.346303 0.087442 0.570378
0.978658 -0.356144 0.093420 0.597817
0.974997 -0.366020 0.099681 0.626108
0.971238 -0.375932 0.106234 0.655248
0.967379 -0.385880 0.113086 0.685236
0.963421 -0.395870 0.120248 0.716176
0.959362 -0.405896 0.127728 0.747962
0.955202 -0.415957 0.135533 0.780591
0.950941 -0.426060 0.143675 0.814165
0.946579 -0.436199 0.152161 0.848578
0.942116 -0.446379 0.161000 0.883931
0.937550 -0.456601 0.170202 0.920221
0.932881 -0.466859 0.179776 0.957344
0.928109 -0.477159 0.189730 0.995401
0.923234 -0.487494 0.200073 1.034285
0.918256 -0.497872 0.210814 1.074097
0.913173 -0.508291 0.221962 1.114832
0.907985 -0.518745 0.233526 1.156390
0.902693 -0.529242 0.245515 1.198866
0.897295 -0.539774 0.257936 1.242162
0.891792 -0.550348 0.270800 1.286373
0.886182 -0.560957 0.284114 1.331398
0.880466 -0.571609 0.297887 1.377332
0.874643 -0.582296 0.312128 1.424077
0.868713 -0.593019 0.326844 1.471636
0.862675 -0.603777 0.342044 1.520005
0.856529 -0.614572 0.357736 1.569182
0.850275 -0.625402 0.373928 1.619169
0.843913 -0.636262 0.390627 1.669875
0.837441 -0.647157 0.407841 1.721388
0.830860 -0.658083 0.425577 1.773620
0.824170 -0.669038 0.443842 1.826572
0.817370 -0.680023 0.462645 1.880246
0.810459 -0.691032 0.481990 1.934555
0.803439 -0.702065 0.501886 1.989505
0.796308 -0.713122 0.522336 2.045095
0.789066 -0.724202 0.543350 2.101326
0.781713 -0.735307 0.564932 2.158207
0.774248 -0.746429 0.587088 2.215660
0.766673 -0.757563 0.609824 2.273601
0.758985 -0.768715 0.633146 2.332121
0.751187 -0.779879 0.657057 2.391142
0.743276 -0.791049 0.681563 2.450591
0.735254 -0.802225 0.706668 2.510476
0.727120 -0.813407 0.732376 2.570802
0.718874 -0.824589 0.758691 2.631497
0.710516 -0.835764 0.785616 2.692497
0.702047 -0.846934 0.813154 2.753812
0.693466 -0.858098 0.841308 2.815449
0.684774 -0.869250 0.870082 2.877343
0.675970 -0.880384 0.899476 2.939433
0.667055 -0.891501 0.929493 3.001732
0.658029 -0.902593 0.960135 3.064173
0.648892 -0.913656 0.991402 3.126699
0.639645 -0.924689 1.023295 3.189319
0.630288 -0.935680 1.055814 3.251910
0.620822 -0.946629 1.088959 3.314495
0.611247 -0.957537 1.122730 3.377080
0.601563 -0.968391 1.157126 3.439546
0.591771 -0.979191 1.192145 3.501904
0.581872 -0.989932 1.227786 3.564107
0.571866 -1.000607 1.264047 3.626108
0.561754 -1.011211 1.300925 3.687847
0.551536 -1.021737 1.338418 3.749287
0.541214 -1.032180 1.376522 3.810370
0.530789 -1.042533 1.415232 3.871059
0.520261 -1.052791 1.454545 3.931308
0.509632 -1.062948 1.494456 3.991067
0.498902 -1.072997 1.534959 4.050303
0.488072 -1.082933 1.576049 4.108965
0.477145 -1.092747 1.617719 4.166985
0.466121 -1.102436 1.659962 4.224360
0.455001 -1.111990 1.702772 4.281008
0.443787 -1.121405 1.746141 4.336894
0.432480 -1.130673 1.790061 4.391980
0.421082 -1.139787 1.834523 4.446197
0.409595 -1.148739 1.879518 4.499507
0.398019 -1.157522 1.925037 4.551840
0.386358 -1.166132 1.971069 4.603195
0.374612 -1.174560 2.017603 4.653490
0.362784 -1.182798 2.064630 4.702687
0.350876 -1.190838 2.112138 4.750729
0.338889 -1.198676 2.160114 4.797602
0.326826 -1.206303 2.208546 4.843211
0.314689 -1.213712 2.257421 4.887533
0.302480 -1.220897 2.306726 4.930544
0.290202 -1.227853 2.356448 4.972196
0.277856 -1.234570 2.406573 5.012441
0.265446 -1.241043 2.457085 5.051231
0.252973 -1.247266 2.507970 5.088520
0.240441 -1.253231 2.559213 5.124283
0.227851 -1.258932 2.610798 5.158472
0.215208 -1.264364 2.662708 5.191040
0.202512 -1.269521 2.714928 5.221963
0.189768 -1.274397 2.767440 5.251193
0.176979 -1.278986 2.820227 5.278730
0.164146 -1.283285 2.873272 5.304527
0.151273 -1.287289 2.926558 5.328560
0.138363 -1.290992 2.980066 5.350780
0.125419 -1.294391 3.033777 5.371165
0.112444 -1.297481 3.087675 5.389714
0.099442 -1.300260 3.141738 5.406380
0.086414 -1.302724 3.195950 5.421162
0.073366 -1.304870 3.250290 5.434036
0.060299 -1.306695 3.304740 5.444980
0.047217 -1.308197 3.359280 5.453992
0.034123 -1.309376 3.413891 5.461049
0.021021 -1.310228 3.468552 5.466151
0.007913 -1.310753 3.523245 5.469298
-0.005196 -1.310951 3.577950 5.470490
-0.018305 -1.310821 3.632647 5.469704
-0.031408 -1.310363 3.687317 5.466962
-0.044504 -1.309579 3.741939 5.462265
-0.057589 -1.308468 3.796495 5.455613
-0.070659 -1.307033 3.850965 5.447006
-0.083712 -1.305275 3.905330 5.436444
-0.096744 -1.303195 3.959570 5.423975
-0.109752 -1.300798 4.013665 5.409551
-0.122733 -1.298084 4.067598 5.393267
-0.135683 -1.295058 4.121349 5.375099
-0.148600 -1.291722 4.174900 5.355072
-0.161481 -1.288082 4.228232 5.333233
-0.174323 -1.284140 4.281328 5.309582
-0.187122 -1.279902 4.334169 5.284166
-0.199875 -1.275373 4.386739 5.256987
-0.212581 -1.270555 4.439020 5.228090
-0.225235 -1.265456 4.490995 5.197525
-0.237836 -1.260081 4.542648 5.165291
-0.250381 -1.254438 4.593963 5.131483
-0.262866 -1.248530 4.644924 5.096054
-0.275289 -1.242360 4.695515 5.059099
-0.287649 -1.235938 4.745721 5.020618
-0.299942 -1.229271 4.795527 4.980659
-0.312165 -1.222366 4.844921 4.939318
-0.324318 -1.215228 4.893887 4.896593
-0.336396 -1.207864 4.942412 4.852533
-0.348399 -1.200283 4.990484 4.807186
-0.360324 -1.192486 5.038089 4.760551
-0.372169 -1.184487 5.085217 4.712772
-0.383932 -1.176289 5.131855 4.663801
-0.395611 -1.167899 5.177992 4.613733
-0.407204 -1.159328 5.223619 4.562616
-0.418710 -1.150581 5.268723 4.510498
-0.430126 -1.141664 5.313297 4.457378
-0.441452 -1.132584 5.357331 4.403353
-0.452686 -1.123348 5.400815 4.348469
-0.463825 -1.113963 5.443743 4.292727
-0.474870 -1.104438 5.486105 4.236269
-0.485817 -1.094776 5.527896 4.179049
-0.496667 -1.084986 5.569108 4.121161
-0.507418 -1.075074 5.609734 4.062605
-0.518069 -1.065052 5.649769 4.003525
-0.528618 -1.054919 5.689208 3.943872
-0.539065 -1.044685 5.728045 3.883743
-0.549408 -1.034349 5.766276 3.823137
-0.559647 -1.023924 5.803898 3.762150
-0.569781 -1.013416 5.840906 3.700781
-0.579810 -1.002830 5.877297 3.639126
-0.589732 -0.992173 5.913069 3.577232
-0.599546 -0.981450 5.948221 3.515148
-0.609253 -0.970662 5.982749 3.452826
-0.618851 -0.959820 6.016653 3.390408
-0.628340 -0.948924 6.049932 3.327847
-0.637720 -0.937980 6.082584 3.265238
-0.646990 -0.926995 6.114610 3.202629
-0.656150 -0.915974 6.146011 3.140068
-0.665199 -0.904918 6.176786 3.077507
-0.674137 -0.893831 6.206936 3.015041
-0.682964 -0.882721 6.236464 2.952719
-0.691680 -0.871593 6.265370 2.890635
-0.700285 -0.860447 6.293657 2.828741
-0.708778 -0.849289 6.321328 2.767086
-0.717159 -0.838119 6.348385 2.705669
-0.725428 -0.826943 6.374831 2.644587
-0.733586 -0.815761 6.400669 2.583790
-0.741632 -0.804579 6.425902 2.523375
-0.749566 -0.793403 6.450537 2.463436
-0.757388 -0.782233 6.474576 2.403927
-0.765099 -0.771070 6.498024 2.344847
-0.772698 -0.759917 6.520887 2.286243
-0.780186 -0.748777 6.543169 2.228165
-0.787562 -0.737655 6.564875 2.170658
-0.794828 -0.726551 6.586012 2.113724
-0.801982 -0.715464 6.606586 2.057362
-0.809026 -0.704402 6.626602 2.001619
-0.815960 -0.693363 6.646068 1.946545
-0.822783 -0.682348 6.664989 1.892090
-0.829497 -0.671357 6.683371 1.838255
-0.836101 -0.660396 6.701222 1.785135
-0.842596 -0.649464 6.718550 1.732779
-0.848981 -0.638562 6.735362 1.681137
-0.855258 -0.627697 6.751665 1.630306
-0.861427 -0.616860 6.767467 1.580191
-0.867487 -0.606060 6.782775 1.530886
-0.873440 -0.595295 6.797599 1.482391
-0.879286 -0.584567 6.811946 1.434708
-0.885025 -0.573874 6.825825 1.387835
-0.890657 -0.563216 6.839242 1.341772
-0.896183 -0.552595 6.852208 1.296520
-0.901603 -0.542015 6.864729 1.252174
-0.906918 -0.531471 6.876816 1.208639
-0.912127 -0.520968 6.888476 1.166010
-0.917232 -0.510502 6.899718 1.124191
-0.922233 -0.500077 6.910551 1.083326
-0.927130 -0.489694 6.920985 1.043367
-0.931924 -0.479347 6.931027 1.004219
-0.936614 -0.469041 6.940687 0.966024
-0.941202 -0.458771 6.949974 0.928640
-0.945687 -0.448543 6.958896 0.892210
-0.950071 -0.438356 6.967463 0.856686
-0.954353 -0.428206 6.975683 0.822020
-0.958534 -0.418097 6.983566 0.788307
-0.962614 -0.408024 6.991120 0.755405
-0.966594 -0.397992 6.998354 0.723457
-0.970474 -0.387996 7.005278 0.692368
-0.974254 -0.378036 7.011899 0.662136
-0.977935 -0.368112 7.018227 0.632763
-0.981518 -0.358230 7.024271 0.604343
-0.985001 -0.348383 7.030038 0.576735
-0.988387 -0.338572 7.035538 0.549984
-0.991675 -0.328791 7.040778 0.523996
-0.994866 -0.319046 7.045766 0.498867
-0.997959 -0.309336 7.050512 0.474596
-1.000955 -0.299656 7.055023 0.451040
-1.003856 -0.290012 7.059306 0.428343
-1.006660 -0.280392 7.063369 0.406265
-1.009368 -0.270808 7.067219 0.385046
-1.011980 -0.261247 7.070864 0.364447
-1.014497 -0.251722 7.074311 0.344706
-1.016919 -0.242221 7.077567 0.325584
-1.019247 -0.232756 7.080640 0.307322
-1.021480 -0.223315 7.083537 0.289679
-1.023619 -0.213897 7.086263 0.272655
-1.025664 -0.204504 7.088826 0.256252
-1.027616 -0.195134 7.091230 0.240469
-1.029473 -0.185788 7.093483 0.225258
-1.031238 -0.176466 7.095590 0.210667
-1.032910 -0.167155 7.097554 0.196457
-1.034488 -0.157869 7.099382 0.182819
-1.035974 -0.148606 7.101080 0.169754
-1.037368 -0.139356 7.102651 0.157070
-1.038669 -0.130117 7.104098 0.144720
-1.039878 -0.120902 7.105427 0.132942
-1.040995 -0.111699 7.106642 0.121498
-1.042020 -0.102508 7.107746 0.110388
-1.042953 -0.093329 7.108742 0.099564
-1.043795 -0.084162 7.109632 0.089073
-1.044545 -0.075006 7.110421 0.078869
-1.045204 -0.065863 7.111111 0.068998
-1.045771 -0.056720 7.111703 0.059175
-1.046247 -0.047588 7.112199 0.049639
-1.046631 -0.038457 7.112601 0.040150
-1.046925 -0.029337 7.112910 0.030899
-1.047127 -0.020218 7.113127 0.021696
-1.047238 -0.011098 7.113252 0.012493
-1.047258 -0.001979 7.113285 0.003290
-1.047186 0.007141 7.113225 -0.005913
-1.047024 0.016260 7.113074 -0.015116
-1.046770 0.025380 7.112831 -0.024319
-1.046425 0.034499 7.112496 -0.033522
-1.045989 0.043619 7.112068 -0.042772
-1.045461 0.052750 7.111545 -0.052309
-1.044842 0.061882 7.110926 -0.061893
-1.044132 0.071025 7.110209 -0.071764
-1.043330 0.080180 7.109389 -0.081921
-1.042437 0.089347 7.108466 -0.092363
-1.041452 0.098526 7.107434 -0.103140
-1.040375 0.107718 7.106292 -0.114202
-1.039205 0.116920 7.105036 -0.125599
-1.037944 0.126135 7.103663 -0.137329
-1.036590 0.135362 7.102169 -0.149393
-1.035144 0.144601 7.100551 -0.161791
-1.033606 0.153863 7.098804 -0.174761
-1.031974 0.163138 7.096922 -0.188112
-1.030250 0.172436 7.094902 -0.202036
-1.028432 0.181758 7.092736 -0.216579
-1.026521 0.191092 7.090421 -0.231504
-1.024517 0.200450 7.087951 -0.247002
-1.022419 0.209832 7.085320 -0.263119
-1.020226 0.219238 7.082521 -0.279856
-1.017940 0.228667 7.079549 -0.297213
-1.015558 0.238132 7.076396 -0.315380
-1.013082 0.247622 7.073054 -0.334167
-1.010511 0.257134 7.069518 -0.353575
-1.007844 0.266671 7.065782 -0.373650
-1.005082 0.276244 7.061836 -0.394535
-1.002223 0.285840 7.057675 -0.416088
-0.999268 0.295472 7.053291 -0.438452
-0.996217 0.305134 7.048674 -0.461674
-0.993069 0.314832 7.043818 -0.485659
-0.989823 0.324559 7.038713 -0.510406
-0.986480 0.334322 7.033354 -0.535965
-0.983039 0.344121 7.027730 -0.562382
-0.979499 0.353956 7.021833 -0.589657
-0.975861 0.363827 7.015656 -0.617790
-0.972124 0.373733 7.009188 -0.646782
-0.968287 0.383675 7.002421 -0.676632
-0.964350 0.393653 6.995348 -0.707293
-0.960314 0.403672 6.987959 -0.738907
-0.956176 0.413728 6.980246 -0.771379
-0.951938 0.423819 6.972198 -0.804710
-0.947599 0.433952 6.963809 -0.838947
-0.943157 0.444120 6.955069 -0.874043
-0.938614 0.454330 6.945968 -0.910091
-0.933968 0.464582 6.936497 -0.947046
-0.929220 0.474870 6.926649 -0.984859
-0.924368 0.485200 6.916413 -1.023579
-0.919412 0.495571 6.905780 -1.063251
-0.914352 0.505978 6.894743 -1.103735
-0.909188 0.516427 6.883292 -1.145124
-0.903919 0.526911 6.871418 -1.187372
-0.898544 0.537437 6.859113 -1.230526
-0.893064 0.547999 6.846368 -1.274490
-0.887478 0.558603 6.833174 -1.319361
-0.881786 0.569242 6.819524 -1.365042
-0.875987 0.579917 6.805408 -1.411533
-0.870080 0.590634 6.790819 -1.458931
-0.864066 0.601387 6.775748 -1.507139
-0.857945 0.612175 6.760186 -1.556158
-0.851715 0.622994 6.744127 -1.605892
-0.845376 0.633848 6.727563 -1.656437
-0.838929 0.644732 6.710486 -1.707697
-0.832372 0.655651 6.692888 -1.759768
-0.825706 0.666600 6.674763 -1.812553
-0.818931 0.677580 6.656102 -1.866055
-0.812045 0.688583 6.636900 -1.920223
-0.805049 0.699615 6.617149 -1.975107
-0.797942 0.710672 6.596843 -2.030611
-0.790725 0.721747 6.575976 -2.086687
-0.783396 0.732845 6.554542 -2.143431
-0.775956 0.743961 6.532534 -2.200747
-0.768405 0.755095 6.509948 -2.258635
-0.760743 0.766242 6.486778 -2.316999
-0.752969 0.777400 6.463019 -2.375841
-0.745083 0.788569 6.438667 -2.435207
-0.737086 0.799745 6.413717 -2.495003
-0.728977 0.810927 6.388165 -2.555227
-0.720756 0.822109 6.362007 -2.615833
-0.712423 0.833285 6.335239 -2.676725
-0.703978 0.844461 6.307859 -2.738047
-0.695422 0.855625 6.279863 -2.799606
-0.686754 0.866777 6.251249 -2.861404
-0.677975 0.877917 6.222014 -2.923489
-0.669085 0.889033 6.192157 -2.985668
-0.660083 0.900131 6.161676 -3.048086
-0.650971 0.911200 6.130570 -3.110600
-0.641749 0.922239 6.098838 -3.173208
-0.632416 0.933242 6.066480 -3.235817
-0.622974 0.944203 6.033496 -3.298426
-0.613423 0.955123 5.999886 -3.361034
-0.603763 0.965989 5.965651 -3.423500
-0.593995 0.976801 5.930792 -3.485870
-0.584120 0.987554 5.895311 -3.548098
-0.574137 0.998241 5.859210 -3.610086
-0.564049 1.008856 5.822492 -3.671837
-0.553855 1.019400 5.785158 -3.733349
-0.543556 1.029861 5.747213 -3.794479
-0.533154 1.040232 5.708661 -3.855228
-0.522649 1.050514 5.669505 -3.915596
-0.512042 1.060694 5.629750 -3.975487
-0.501334 1.070768 5.589402 -4.034853
-0.490527 1.080728 5.548465 -4.093647
-0.479621 1.090571 5.506947 -4.151821
-0.468618 1.100290 5.464853 -4.209375
-0.457520 1.109874 5.422192 -4.266167
-0.446326 1.119322 5.378969 -4.322243
-0.435040 1.128623 5.335194 -4.377508
-0.423662 1.137772 5.290875 -4.431915
-0.412195 1.146761 5.246021 -4.485416
-0.400639 1.155582 5.200641 -4.537964
-0.388997 1.164231 5.154746 -4.589510
-0.377270 1.172701 5.108346 -4.640055
-0.365460 1.180983 5.061450 -4.689503
-0.353569 1.189068 5.014072 -4.737806
-0.341600 1.196954 4.966223 -4.784966
-0.329553 1.204631 4.917914 -4.830885
-0.317432 1.212090 4.869159 -4.875517
-0.305239 1.219326 4.819971 -4.918814
-0.292976 1.226333 4.770363 -4.960775
-0.280645 1.233104 4.720349 -5.001354
-0.268248 1.239634 4.669944 -5.040503
-0.255789 1.245913 4.619163 -5.078125
-0.243270 1.251936 4.568021 -5.114222
-0.230693 1.257697 4.516533 -5.148745
-0.218061 1.263189 4.464716 -5.181694
-0.205377 1.268409 4.412586 -5.213022
-0.192643 1.273349 4.360160 -5.242634
-0.179863 1.278004 4.307454 -5.270576
-0.167040 1.282370 4.254487 -5.296755
-0.154175 1.286441 4.201275 -5.321169
-0.141273 1.290213 4.147837 -5.343819
-0.128336 1.293680 4.094191 -5.364609
-0.115368 1.296841 4.040355 -5.383587
-0.102371 1.299690 3.986348 -5.400681
-0.089349 1.302224 3.932189 -5.415893
-0.076304 1.304442 3.877897 -5.429196
-0.063241 1.306339 3.823491 -5.440593
-0.050162 1.307915 3.768991 -5.450034
-0.037070 1.309166 3.714415 -5.457544
-0.023969 1.310092 3.659784 -5.463099
-0.010862 1.310691 3.605117 -5.466700
0.002247 1.310962 3.550434 -5.468321
0.015356 1.310906 3.495754 -5.467987
0.028462 1.310522 3.441097 -5.465674
0.041560 1.309811 3.386483 -5.461407
0.054647 1.308774 3.331932 -5.455184
0.067721 1.307411 3.277462 -5.447006
0.080779 1.305725 3.223093 -5.436897
0.093816 1.303717 3.168844 -5.424857
0.106830 1.301391 3.114735 -5.410886
0.119817 1.298748 3.060785 -5.395031
0.132775 1.295791 3.007012 -5.377293
0.145700 1.292524 2.953435 -5.357695
0.158590 1.288952 2.900072 -5.336261
0.171441 1.285078 2.846942 -5.313015
0.184250 1.280905 2.794062 -5.287981
0.197014 1.276439 2.741451 -5.261183
0.209731 1.271686 2.689124 -5.232668
0.222398 1.266649 2.637099 -5.202460
0.235011 1.261336 2.585393 -5.170584
0.247568 1.255751 2.534022 -5.137110
0.260067 1.249899 2.483002 -5.102038
0.272505 1.243788 2.432348 -5.065417
0.284879 1.237422 2.382075 -5.027270
0.297188 1.230809 2.332199 -4.987645
0.309427 1.223958 2.282732 -4.946613
0.321596 1.216871 2.233691 -4.904175
0.333691 1.209557 2.185087 -4.860401
0.345712 1.202023 2.136934 -4.815316
0.357654 1.194274 2.089244 -4.768968
0.369518 1.186320 2.042030 -4.721427
0.381299 1.178166 1.995302 -4.672718
0.392997 1.169822 1.949073 -4.622912
0.404610 1.161289 1.903353 -4.571998
0.416136 1.152581 1.858152 -4.520094
0.427573 1.143700 1.813480 -4.467189
0.438920 1.134655 1.769347 -4.413354
0.450174 1.125452 1.725761 -4.358637
0.461335 1.116100 1.682730 -4.303098
0.472401 1.106605 1.640262 -4.246771
0.483371 1.096973 1.598365 -4.189706
0.494243 1.087213 1.557045 -4.131961
0.505016 1.077330 1.516309 -4.073584
0.515690 1.067328 1.476164 -4.014587
0.526262 1.057220 1.436613 -3.955066
0.536732 1.047003 1.397663 -3.895009
0.547099 1.036692 1.359318 -3.834522
0.557362 1.026291 1.321581 -3.773642
0.567520 1.015800 1.284458 -3.712356
0.577572 1.005232 1.247950 -3.650773
0.587518 0.994587 1.212061 -3.588879
0.597357 0.983876 1.176793 -3.526783
0.607088 0.973099 1.142148 -3.464472
0.616710 0.962269 1.108128 -3.402066
0.626224 0.951385 1.074732 -3.339541
0.635629 0.940454 1.041963 -3.276956
0.644924 0.929475 1.009820 -3.214300
0.654108 0.918460 0.978303 -3.151691
0.663182 0.907409 0.947412 -3.089112
0.672146 0.896329 0.917146 -3.026623
0.680998 0.885224 0.887503 -2.964288
0.689739 0.874096 0.858482 -2.902091
0.698368 0.862950 0.830081 -2.840090
0.706886 0.851792 0.802297 -2.778351
0.715292 0.840622 0.775129 -2.716869
0.723587 0.829446 0.748572 -2.655703
0.731770 0.818264 0.722623 -2.594841
0.739840 0.807083 0.697280 -2.534354
0.747799 0.795907 0.672537 -2.474320
0.755647 0.784731 0.648390 -2.414638
0.763382 0.773567 0.624835 -2.355468
0.771007 0.762415 0.601867 -2.296805
0.778519 0.751275 0.579481 -2.238643
0.785921 0.740147 0.557671 -2.180970
0.793211 0.729036 0.536433 -2.123868
0.800391 0.717944 0.515759 -2.067333
0.807459 0.706875 0.495645 -2.011445
0.814418 0.695831 0.476083 -1.956198
0.821266 0.684810 0.457067 -1.901591
0.828004 0.673813 0.438591 -1.847622
0.834632 0.662845 0.420647 -1.794374
0.841151 0.651908 0.403229 -1.741847
0.847561 0.641000 0.386328 -1.690039
0.853863 0.630122 0.369939 -1.638949
0.860055 0.619280 0.354052 -1.588666
0.866140 0.608474 0.338660 -1.539195
0.872117 0.597697 0.323756 -1.490441
0.877987 0.586957 0.309331 -1.442495
0.883749 0.576252 0.295377 -1.395360
0.889405 0.565588 0.281886 -1.349130
0.894955 0.554961 0.268849 -1.303715
0.900398 0.544369 0.256257 -1.259115
0.905737 0.533819 0.244103 -1.215428
0.910970 0.523305 0.232378 -1.172559
0.916098 0.512832 0.221072 -1.130608
0.921122 0.502396 0.210177 -1.089478
0.926042 0.492001 0.199684 -1.049270
0.930858 0.481647 0.189584 -1.009987
0.935572 0.471330 0.179869 -0.971533
0.940182 0.461054 0.170529 -0.934011
0.944690 0.450820 0.161555 -0.897421
0.949097 0.440621 0.152938 -0.861666
0.953401 0.430465 0.144669 -0.826849
0.957605 0.420344 0.136741 -0.792871
0.961707 0.410265 0.129142 -0.759839
0.965710 0.400221 0.121866 -0.727648
0.969612 0.390220 0.114902 -0.696407
0.973414 0.380254 0.108242 -0.666011
0.977118 0.370324 0.101877 -0.636463
0.980722 0.360429 0.095799 -0.607763
0.984228 0.350571 0.090000 -0.579914
0.987635 0.340748 0.084471 -0.552915
0.990945 0.330961 0.079203 -0.526768
0.994157 0.321209 0.074189 -0.501473
0.997272 0.311488 0.069419 -0.476923
1.000290 0.301796 0.064888 -0.453115
1.003211 0.292146 0.060586 -0.430271
1.006036 0.282526 0.056504 -0.408170
1.008766 0.272930 0.052637 -0.386698
1.011399 0.263369 0.048976 -0.366078
1.013938 0.253832 0.045515 -0.346085
1.016381 0.244331 0.042246 -0.326942
1.018729 0.234854 0.039162 -0.308420
1.020983 0.225401 0.036256 -0.290518
1.023143 0.215971 0.033524 -0.273232
1.025209 0.206566 0.030959 -0.256559
1.027181 0.197184 0.028554 -0.240496
1.029059 0.187826 0.026303 -0.225039
1.030844 0.178492 0.024201 -0.210185
1.032536 0.169182 0.022242 -0.195928
1.034135 0.159895 0.020419 -0.182266
1.035641 0.150621 0.018730 -0.168960
1.037055 0.141370 0.017167 -0.156239
1.038376 0.132132 0.015729 -0.143863
1.039605 0.122905 0.014411 -0.131827
1.040742 0.113702 0.013207 -0.120359
1.041787 0.104511 0.012115 -0.109219
1.042740 0.095332 0.011131 -0.098399
1.043602 0.086164 0.010252 -0.087894
1.044372 0.077009 0.009475 -0.077696
1.045051 0.067854 0.008799 -0.067562
1.045638 0.058711 0.008222 -0.057722
1.046134 0.049579 0.007740 -0.048168
1.046538 0.040448 0.007354 -0.038655
1.046851 0.031328 0.007060 -0.029414
1.047073 0.022209 0.006858 -0.020200
1.047204 0.013089 0.006748 -0.011005
1.047244 0.003970 0.006729 -0.001820
1.047192 -0.005150 0.006803 0.007361
1.047050 -0.014269 0.006968 0.016547
1.046816 -0.023389 0.007226 0.025744
1.046491 -0.032508 0.007576 0.034962
1.046075 -0.041628 0.008018 0.044206
1.045567 -0.050759 0.008555 0.053724
1.044968 -0.059891 0.009188 0.063284
1.044278 -0.069034 0.009919 0.073131
1.043496 -0.078189 0.010752 0.083273
1.042622 -0.087345 0.011687 0.093479
1.041657 -0.096512 0.012726 0.103994
1.040600 -0.105691 0.013875 0.114824
1.039451 -0.114882 0.015134 0.125976
1.038211 -0.124097 0.016511 0.137692
1.036877 -0.133324 0.018009 0.149741
1.035452 -0.142562 0.019630 0.162131
1.033933 -0.151825 0.021381 0.175101
1.032322 -0.161099 0.023265 0.188422
1.030618 -0.170398 0.025289 0.202333
1.028821 -0.179708 0.027455 0.216607
1.026931 -0.189042 0.029769 0.231479
1.024947 -0.198400 0.032239 0.246955
1.022869 -0.207782 0.034869 0.263037
1.020697 -0.217187 0.037667 0.279730
1.018431 -0.226617 0.040637 0.297036
1.016070 -0.236070 0.043787 0.314959
1.013615 -0.245547 0.047122 0.333503
1.011064 -0.255060 0.050651 0.352894
1.008418 -0.264597 0.054380 0.372910
1.005677 -0.274158 0.058315 0.393553
1.002839 -0.283754 0.062466 0.415048
0.999905 -0.293380 0.066840 0.437396
0.996875 -0.303036 0.071443 0.460375
0.993748 -0.312728 0.076287 0.484318
0.990523 -0.322449 0.081376 0.508893
0.987201 -0.332206 0.086719 0.534322
0.983781 -0.342000 0.092325 0.560603
0.980263 -0.351828 0.098202 0.587736
0.976646 -0.361693 0.104359 0.615720
0.972930 -0.371593 0.110805 0.644553
0.969115 -0.381529 0.117547 0.674234
0.965200 -0.391501 0.124595 0.704763
0.961185 -0.401509 0.131956 0.736138
0.957069 -0.411558 0.139641 0.768460
0.952853 -0.421643 0.147657 0.801626
0.948535 -0.431770 0.156014 0.835735
0.944116 -0.441933 0.164721 0.870682
0.939594 -0.452137 0.173787 0.906567
0.934970 -0.462377 0.183220 0.943287
0.930244 -0.472659 0.193029 0.980939
0.925414 -0.482982 0.203224 1.019523
0.920481 -0.493342 0.213814 1.058933
0.915443 -0.503743 0.224806 1.099269
0.910301 -0.514179 0.236211 1.140429
0.905055 -0.524658 0.248036 1.182508
0.899703 -0.535178 0.260291 1.225506
0.894246 -0.545734 0.272984 1.269320
0.888682 -0.556326 0.286124 1.313952
0.883013 -0.566959 0.299719 1.359493
0.877237 -0.577629 0.313777 1.405847
0.871353 -0.588334 0.328307 1.453012
0.865363 -0.599074 0.343317 1.500991
0.859264 -0.609851 0.358815 1.549777
0.853057 -0.620663 0.374809 1.599374
0.846742 -0.631511 0.391306 1.649779
0.840318 -0.642389 0.408315 1.700902
0.833785 -0.653303 0.425844 1.752836
0.827143 -0.664246 0.443899 1.805487
0.820391 -0.675219 0.462487 1.858860
0.813529 -0.686216 0.481616 1.912868
0.806556 -0.697243 0.501292 1.967600
0.799473 -0.708294 0.521522 2.022970
0.792279 -0.719368 0.542311 2.078986
0.784975 -0.730461 0.563667 2.135563
0.777559 -0.741571 0.585594 2.192706
0.770032 -0.752699 0.608098 2.250421
0.762394 -0.763845 0.631185 2.308708
0.754644 -0.775003 0.654860 2.367496
0.746782 -0.786167 0.679127 2.426708
0.738809 -0.797343 0.703992 2.486432
0.730723 -0.808519 0.729457 2.546513
0.722526 -0.819701 0.755527 2.607048
0.714218 -0.830883 0.782207 2.667958
0.705797 -0.842059 0.809499 2.729177
0.697265 -0.853229 0.837406 2.790713
0.688621 -0.864387 0.865931 2.852499
0.679866 -0.875527 0.895076 2.914476
0.670999 -0.886649 0.924842 2.976656
0.662022 -0.897747 0.955232 3.038973
0.652933 -0.908822 0.986246 3.101444
0.643735 -0.919867 1.017886 3.164005
0.634426 -0.930876 1.050152 3.226602
0.625007 -0.941849 1.083045 3.289258
0.615480 -0.952774 1.116563 3.351831
0.605843 -0.963652 1.150707 3.414345
0.596098 -0.974476 1.185474 3.476751
0.586246 -0.985241 1.220864 3.538990
0.576287 -0.995946 1.256875 3.601086
0.566221 -1.006579 1.293504 3.662920
0.556049 -1.017135 1.330749 3.724432
0.545773 -1.027614 1.368605 3.785658
0.535393 -1.038003 1.407070 3.846478
0.524910 -1.048303 1.446139 3.906918
0.514325 -1.058501 1.485808 3.966856
0.503639 -1.068598 1.526071 4.026330
0.492853 -1.078585 1.566923 4.085219
0.481969 -1.088452 1.608359 4.143548
0.470987 -1.098198 1.650371 4.201221
0.459909 -1.107812 1.692953 4.258192
0.448736 -1.117289 1.736097 4.314423
0.437470 -1.126623 1.779796 4.369867
0.426112 -1.135805 1.824040 4.424465
0.414663 -1.144829 1.868822 4.478180
0.403126 -1.153690 1.914132 4.530966
0.391503 -1.162377 1.959959 4.582763
0.379794 -1.170886 2.006294 4.633510
0.368002 -1.179206 2.053126 4.683185
0.356128 -1.187336 2.100444 4.731774
0.344176 -1.195264 2.148236 4.779148
0.332146 -1.202986 2.196489 4.825330
0.320041 -1.210493 2.245191 4.870248
0.307863 -1.217780 2.294330 4.913878
0.295615 -1.224837 2.343891 4.956126
0.283298 -1.231658 2.393861 4.996991
0.270916 -1.238239 2.444226 5.036426
0.258470 -1.244572 2.494969 5.074382
0.245964 -1.250650 2.546077 5.110788
0.233399 -1.256467 2.597534 5.145669
0.220779 -1.262018 2.649323 5.178952
0.208106 -1.267296 2.701429 5.210590
0.195383 -1.272297 2.753835 5.240583
0.182613 -1.277013 2.806524 5.268860
0.169798 -1.281442 2.859478 5.295420
0.156942 -1.285575 2.912680 5.320215
0.144048 -1.289411 2.966112 5.343223
0.131119 -1.292944 3.019757 5.364418
0.118157 -1.296171 3.073594 5.383778
0.105166 -1.299087 3.127607 5.401278
0.092149 -1.301690 3.181776 5.416894
0.079110 -1.303975 3.236082 5.430603
0.066050 -1.305941 3.290506 5.442405
0.052974 -1.307586 3.345029 5.452275
0.039885 -1.308907 3.399631 5.460191
0.026786 -1.309903 3.454293 5.466175
0.013681 -1.310572 3.508994 5.470181
0.000571 -1.310914 3.563717 5.472231
-0.012538 -1.310928 3.618440 5.472326
-0.025644 -1.310615 3.673144 5.470443
-0.038744 -1.309974 3.727810 5.466604
-0.051834 -1.309007 3.782418 5.460811
-0.064911 -1.307714 3.836949 5.453062
-0.077972 -1.306097 3.891383 5.443358
-0.091013 -1.304159 3.945700 5.431724
-0.104032 -1.301900 3.999882 5.418181
-0.117026 -1.299325 4.053909 5.402756
-0.129990 -1.296437 4.107764 5.385447
-0.142922 -1.293238 4.161427 5.366278
-0.155820 -1.289731 4.214879 5.345249
-0.168679 -1.285921 4.268103 5.322409
-0.181497 -1.281813 4.321081 5.297756
-0.194271 -1.277410 4.373794 5.271339
-0.206998 -1.272717 4.426226 5.243206
-0.219676 -1.267742 4.478360 5.213356
-0.232301 -1.262488 4.530178 5.181837
-0.244870 -1.256959 4.581665 5.148697
-0.257382 -1.251166 4.632805 5.113983
-0.269833 -1.245108 4.683581 5.077648
-0.282221 -1.238796 4.733980 5.039835
-0.294543 -1.232237 4.783985 5.000544
-0.306798 -1.225436 4.833583 4.959822
-0.318982 -1.218399 4.882760 4.917669
-0.331093 -1.211134 4.931502 4.874182
-0.343130 -1.203647 4.979796 4.829407
-0.355089 -1.195943 5.027629 4.783344
-0.366969 -1.188034 5.074990 4.736090
-0.378769 -1.179922 5.121867 4.687643
-0.390485 -1.171616 5.168247 4.638052
-0.402116 -1.163125 5.214121 4.587412
-0.413660 -1.154453 5.259478 4.535675
-0.425117 -1.145607 5.304308 4.482985
-0.436482 -1.136598 5.348601 4.429340
-0.447757 -1.127431 5.392350 4.374838
-0.458938 -1.118112 5.435544 4.319477
-0.470024 -1.108646 5.478178 4.263306
-0.481015 -1.099044 5.520242 4.206419
-0.491908 -1.089311 5.561730 4.148817
-0.502702 -1.079455 5.602636 4.090595
-0.513397 -1.069474 5.642952 4.031658
-0.523991 -1.059389 5.682675 3.972244
-0.534483 -1.049197 5.721798 3.912306
-0.544872 -1.038903 5.760317 3.851891
-0.555157 -1.028520 5.798228 3.791094
-0.565338 -1.018047 5.835526 3.729868
-0.575413 -1.007497 5.872210 3.668356
-0.585381 -0.996870 5.908276 3.606558
-0.595243 -0.986171 5.943720 3.544474
-0.604997 -0.975412 5.978543 3.482246
-0.614643 -0.964594 6.012742 3.419876
-0.624180 -0.953722 6.046316 3.357410
-0.633608 -0.942796 6.079264 3.294802
-0.642927 -0.931829 6.111586 3.232193
-0.652135 -0.920820 6.143281 3.169537
-0.661233 -0.909775 6.174350 3.106928
-0.670220 -0.898701 6.204794 3.044415
-0.679096 -0.887603 6.234615 2.982044
-0.687860 -0.876480 6.263813 2.919817
-0.696514 -0.865340 6.292391 2.857780
-0.705056 -0.854182 6.320350 2.795935
-0.713486 -0.843018 6.347694 2.734423
-0.721804 -0.831842 6.374426 2.673149
-0.730011 -0.820661 6.400548 2.612209
-0.738106 -0.809479 6.426064 2.551651
-0.746089 -0.798303 6.450980 2.491522
-0.753960 -0.787127 6.475297 2.431774
-0.761720 -0.775957 6.499022 2.372456
-0.769368 -0.764799 6.522159 2.313662
-0.776904 -0.753653 6.544712 2.255344
-0.784329 -0.742525 6.566688 2.197599
-0.791643 -0.731409 6.588091 2.140331
-0.798847 -0.720316 6.608929 2.083731
-0.805939 -0.709242 6.629206 2.027702
-0.812921 -0.698191 6.648929 1.972294
-0.819793 -0.687164 6.668104 1.917553
-0.826554 -0.676161 6.686738 1.863432
-0.833206 -0.665188 6.704839 1.810026
-0.839749 -0.654244 6.722412 1.757336
-0.846182 -0.643331 6.739466 1.705360
-0.852506 -0.632447 6.756007 1.654100
-0.858722 -0.621599 6.772043 1.603651
-0.864830 -0.610781 6.787582 1.553917
-0.870830 -0.599998 6.802632 1.504993
-0.876723 -0.589252 6.817201 1.456881
-0.882508 -0.578541 6.831297 1.409578
-0.888187 -0.567865 6.844928 1.363087
-0.893759 -0.557232 6.858103 1.317501
-0.899225 -0.546634 6.870831 1.272774
-0.904586 -0.536072 6.883119 1.228857
-0.909842 -0.525552 6.894978 1.185846
-0.914992 -0.515068 6.906414 1.143646
-0.920038 -0.504625 6.917438 1.102352
-0.924981 -0.494224 6.928058 1.062012
-0.929819 -0.483859 6.938282 1.022482
-0.934555 -0.473535 6.948121 0.983858
-0.939187 -0.463253 6.957583 0.946188
-0.943717 -0.453007 6.966676 0.909328
-0.948145 -0.442803 6.975410 0.873423
-0.952472 -0.432634 6.983794 0.838375
-0.956697 -0.422508 6.991837 0.804234
-0.960821 -0.412416 6.999546 0.770950
-0.964845 -0.402367 7.006932 0.738621
-0.968768 -0.392354 7.014003 0.707102
-0.972592 -0.382382 7.020769 0.676537
-0.976316 -0.372446 7.027237 0.646830
-0.979942 -0.362545 7.033417 0.617981
-0.983469 -0.352681 7.039317 0.589991
-0.986897 -0.342852 7.044945 0.562859
-0.990228 -0.333059 7.050311 0.536537
-0.993461 -0.323302 7.055421 0.511074
-0.996596 -0.313574 7.060285 0.486374
-0.999635 -0.303882 7.064910 0.462532
-1.002578 -0.294226 7.069306 0.439548
-1.005424 -0.284600 7.073479 0.417280
-1.008174 -0.275004 7.077436 0.395775
-1.010828 -0.265431 7.081185 0.374889
-1.013387 -0.255895 7.084734 0.354862
-1.015851 -0.246382 7.088089 0.335455
-1.018220 -0.236905 7.091258 0.316906
-1.020494 -0.227451 7.094247 0.298977
-1.022674 -0.218022 7.097064 0.281668
-1.024761 -0.208616 7.099714 0.264978
-1.026753 -0.199234 7.102202 0.248861
-1.028652 -0.189877 7.104536 0.233364
-1.030457 -0.180542 7.106721 0.218487
-1.032169 -0.171232 7.108763 0.204182
-1.033789 -0.161934 7.110665 0.190258
-1.035315 -0.152659 7.112434 0.176907
-1.036749 -0.143397 7.114074 0.163937
-1.038091 -0.134158 7.115589 0.151539
-1.039340 -0.124931 7.116984 0.139475
-1.040497 -0.115716 7.118261 0.127745
-1.041563 -0.106514 7.119425 0.116348
-1.042536 -0.097334 7.120480 0.105524
-1.043418 -0.088167 7.121430 0.094986
-1.044208 -0.079000 7.122275 0.084543
-1.044906 -0.069845 7.123019 0.074387
-1.045513 -0.060701 7.123664 0.064516
-1.046029 -0.051570 7.124214 0.054932
-1.046453 -0.042439 7.124668 0.045395
-1.046786 -0.033319 7.125029 0.036144
-1.047028 -0.024199 7.125299 0.026941
-1.047179 -0.015080 7.125476 0.017738
-1.047239 -0.005960 7.125561 0.008535
-1.047207 0.003159 7.125555 -0.000668
-1.047084 0.012279 7.125456 -0.009871
-1.046870 0.021398 7.125265 -0.019073
-1.046565 0.030518 7.124982 -0.028276
-1.046169 0.039637 7.124607 -0.037527
-1.045681 0.048769 7.124137 -0.047016
-1.045102 0.057900 7.123571 -0.056553
-1.044432 0.067043 7.122908 -0.066376
-1.043670 0.076199 7.122143 -0.076485
-1.042816 0.085354 7.121276 -0.086689
-1.041871 0.094521 7.120304 -0.097179
-1.040834 0.103700 7.119224 -0.108004
-1.039705 0.112891 7.118033 -0.119114
-1.038484 0.122094 7.116727 -0.130558
-1.037171 0.131321 7.115302 -0.142574
-1.035765 0.140560 7.113752 -0.154924
-1.034267 0.149810 7.112076 -0.167656
-1.032676 0.159085 7.110266 -0.180960
-1.030993 0.168371 7.108320 -0.194597
-1.029216 0.177681 7.106232 -0.208855
-1.027346 0.187016 7.103995 -0.223684
-1.025382 0.196373 7.101604 -0.239134
-1.023324 0.205743 7.099054 -0.254965
-1.021173 0.215137 7.096340 -0.271416
-1.018928 0.224555 7.093455 -0.288439
-1.016587 0.234008 7.090392 -0.306320
-1.014153 0.243485 7.087144 -0.324821
-1.011623 0.252986 7.083704 -0.343943
-1.008998 0.262511 7.080068 -0.363684
-1.006277 0.272071 7.076225 -0.384283
-1.003460 0.281656 7.072170 -0.405502
-1.000548 0.291276 7.067894 -0.427580
-0.997538 0.300926 7.063389 -0.450516
-0.994432 0.310612 7.058648 -0.474072
-0.991229 0.320327 7.053663 -0.498486
-0.987928 0.330079 7.048426 -0.523758
-0.984530 0.339860 7.042928 -0.549793
-0.981033 0.349677 7.037161 -0.576687
-0.977438 0.359529 7.031117 -0.604391
-0.973743 0.369418 7.024787 -0.632954
-0.969950 0.379342 7.018164 -0.662374
-0.966057 0.389308 7.011236 -0.692749
-0.962064 0.399309 7.003996 -0.723982
-0.957970 0.409347 6.996436 -0.756025
-0.953776 0.419426 6.988546 -0.789022
-0.949481 0.429541 6.980317 -0.822878
-0.945084 0.439698 6.971740 -0.857687
-0.940585 0.449890 6.962807 -0.893307
-0.935984 0.460124 6.953508 -0.929880
-0.931280 0.470394 6.943836 -0.967264
-0.926473 0.480705 6.933780 -1.005602
-0.921562 0.491059 6.923331 -1.044846
-0.916547 0.501448 6.912482 -1.084948
-0.911429 0.511879 6.901222 -1.125956
-0.906205 0.522351 6.889544 -1.167870
-0.900877 0.532860 6.877437 -1.210642
-0.895442 0.543410 6.864894 -1.254320
-0.889903 0.553995 6.851906 -1.298809
-0.884256 0.564617 6.838465 -1.344109
-0.878504 0.575280 6.824562 -1.390314
-0.872644 0.585979 6.810188 -1.437330
-0.866677 0.596714 6.795337 -1.485157
-0.860602 0.607485 6.779999 -1.533794
-0.854419 0.618291 6.764166 -1.583242
-0.848128 0.629133 6.747831 -1.633501
-0.841727 0.640005 6.730987 -1.684475
-0.835218 0.650907 6.713625 -1.736164
-0.828600 0.661844 6.695738 -1.788664
-0.821872 0.672811 6.677320 -1.841879
-0.815034 0.683802 6.658362 -1.895714
-0.808086 0.694823 6.638859 -1.950312
-0.801027 0.705868 6.618804 -2.005529
-0.793858 0.716937 6.598190 -2.061415
-0.786577 0.728023 6.577012 -2.117825
-0.779186 0.739133 6.555263 -2.174902
-0.771683 0.750262 6.532937 -2.232552
-0.764069 0.761402 6.510030 -2.290678
-0.756344 0.772554 6.486537 -2.349329
-0.748507 0.783718 6.462452 -2.408457
-0.740558 0.794888 6.437772 -2.468014
-0.732497 0.806063 6.412492 -2.528000
-0.724325 0.817245 6.386608 -2.588463
-0.716040 0.828427 6.360115 -2.649307
-0.707644 0.839603 6.333010 -2.710438
-0.699137 0.850773 6.305291 -2.771902
-0.690517 0.861931 6.276955 -2.833605
-0.681787 0.873077 6.248000 -2.895546
-0.672945 0.884205 6.218422 -2.957726
-0.663991 0.895309 6.188222 -3.020000
-0.654928 0.906390 6.157398 -3.082466
-0.645753 0.917441 6.125948 -3.144979
-0.636469 0.928462 6.093872 -3.207636
-0.627074 0.939441 6.061169 -3.270245
-0.617570 0.950378 6.027841 -3.332853
-0.607958 0.961268 5.993886 -3.395414
-0.598237 0.972104 5.959308 -3.457832
-0.588408 0.982887 5.924107 -3.520155
-0.578472 0.993603 5.888284 -3.582287
-0.568429 1.004255 5.851842 -3.644180
-0.558281 1.014829 5.814784 -3.705788
-0.548028 1.025325 5.777113 -3.767109
-0.537670 1.035738 5.738832 -3.828049
-0.527210 1.046056 5.699947 -3.888559
-0.516647 1.056278 5.660460 -3.948641
-0.505983 1.066399 5.620378 -4.008245
-0.495219 1.076409 5.579706 -4.067230
-0.484356 1.086304 5.538449 -4.125690
-0.473395 1.096076 5.496614 -4.183483
-0.462338 1.105720 5.454208 -4.240608
-0.451186 1.115227 5.411238 -4.296970
-0.439940 1.124591 5.367712 -4.352570
-0.428602 1.133806 5.323639 -4.407358
-0.417173 1.142865 5.279026 -4.461288
-0.405655 1.151761 5.233883 -4.514265
-0.394050 1.160488 5.188221 -4.566288
-0.382360 1.169035 5.142048 -4.617262
-0.370586 1.177397 5.095376 -4.667187
-0.358730 1.185569 5.048216 -4.716015
-0.346795 1.193541 5.000579 -4.763651
-0.334782 1.201308 4.952478 -4.810095
-0.322693 1.208863 4.903925 -4.855299
-0.310531 1.216197 4.854933 -4.899216
-0.298298 1.223305 4.805516 -4.941750
-0.285997 1.230180 4.755686 -4.982948
-0.273628 1.236814 4.705460 -5.022669
-0.261196 1.243201 4.654850 -5.060959
-0.248703 1.249336 4.603873 -5.097723
-0.236151 1.255211 4.552543 -5.132961
-0.223543 1.260822 4.500877 -5.166578
-0.210881 1.266161 4.448892 -5.198574
-0.198169 1.271223 4.396602 -5.228949
-0.185409 1.276001 4.344026 -5.257607
-0.172604 1.280493 4.291181 -5.284548
-0.159757 1.284692 4.238083 -5.309725
-0.146871 1.288593 4.184752 -5.333138
-0.133949 1.292193 4.131205 -5.354738
-0.120994 1.295487 4.077459 -5.374527
-0.108010 1.298472 4.023535 -5.392456
-0.094998 1.301143 3.969450 -5.408478
-0.081963 1.303499 3.915224 -5.422616
-0.068908 1.305535 3.860876 -5.434823
-0.055835 1.307250 3.806424 -5.445123
-0.042749 1.308642 3.751890 -5.453467
-0.029652 1.309708 3.697291 -5.459857
-0.016547 1.310449 3.642648 -5.464292
-0.003439 1.310863 3.587981 -5.466771
0.009671 1.310949 3.533308 -5.467296
0.022778 1.310707 3.478649 -5.465841
0.035879 1.310138 3.424025 -5.462432
0.048972 1.309242 3.369454 -5.457044
0.062052 1.308020 3.314957 -5.449724
0.075117 1.306475 3.260553 -5.440450
0.088163 1.304607 3.206260 -5.429244
0.101187 1.302419 3.152099 -5.416107
0.114186 1.299912 3.098089 -5.401063
0.127157 1.297092 3.044247 -5.384135
0.140097 1.293959 2.990594 -5.365324
0.153002 1.290518 2.937147 -5.344677
0.165869 1.286775 2.883925 -5.322218
0.178697 1.282731 2.830945 -5.297947
0.191481 1.278391 2.778226 -5.271912
0.204218 1.273763 2.725785 -5.244160
0.216907 1.268849 2.673638 -5.214691
0.229543 1.263654 2.621803 -5.183530
0.242125 1.258186 2.570295 -5.150747
0.254650 1.252449 2.519132 -5.116343
0.267114 1.246449 2.468328 -5.080390
0.279516 1.240194 2.417899 -5.042911
0.291853 1.233688 2.367859 -5.003929
0.304122 1.226938 2.318224 -4.963493
0.316322 1.219952 2.269008 -4.921651
0.328449 1.212737 2.220223 -4.878473
0.340502 1.205298 2.171884 -4.833961
0.352479 1.197642 2.124002 -4.788160
0.364376 1.189777 2.076591 -4.741144
0.376194 1.181710 2.029661 -4.692936
0.387928 1.173446 1.983225 -4.643583
0.399578 1.164994 1.937294 -4.593146
0.411142 1.156360 1.891877 -4.541659
0.422617 1.147553 1.846985 -4.489183
0.434003 1.138580 1.802628 -4.435766
0.445297 1.129445 1.758814 -4.381430
0.456499 1.120159 1.715551 -4.326260
0.467606 1.110727 1.672848 -4.270279
0.478618 1.101154 1.630713 -4.213536
0.489532 1.091447 1.589152 -4.156065
0.500348 1.081622 1.548172 -4.098010
0.511065 1.071674 1.507779 -4.039311
0.521681 1.061612 1.467978 -3.980041
0.532196 1.051444 1.428776 -3.920233
0.542607 1.041174 1.390177 -3.859937
0.552916 1.030809 1.352185 -3.799200
0.563119 1.020354 1.314804 -3.738058
0.573217 1.009822 1.278038 -3.676629
0.583209 0.999212 1.241889 -3.614902
0.593095 0.988531 1.206360 -3.552914
0.602873 0.977784 1.171453 -3.490722
0.612542 0.966978 1.137169 -3.428364
0.622104 0.956118 1.103510 -3.365898
0.631556 0.945204 1.070477 -3.303313
0.640898 0.934249 1.038069 -3.240728
0.650131 0.923252 1.006288 -3.178132
0.659253 0.912219 0.975132 -3.115571
0.668264 0.901151 0.944602 -3.053033
0.677165 0.890058 0.914696 -2.990651
0.685954 0.878942 0.885412 -2.928412
0.694632 0.867808 0.856748 -2.866381
0.703199 0.856656 0.828702 -2.804542
0.711654 0.845492 0.801273 -2.742958
0.719997 0.834316 0.774457 -2.681619
0.728228 0.823140 0.748250 -2.620673
0.736348 0.811958 0.722650 -2.560025
0.744356 0.800776 0.697652 -2.499747
0.752252 0.789601 0.673253 -2.439916
0.760036 0.778431 0.649448 -2.380514
0.767709 0.767273 0.626231 -2.321625
0.775270 0.756127 0.603599 -2.263236
0.782720 0.744992 0.581546 -2.205342
0.790059 0.733876 0.560066 -2.148020
0.797287 0.722778 0.539153 -2.091265
0.804403 0.711697 0.518802 -2.035075
0.811410 0.700641 0.499007 -1.979527
0.818306 0.689608 0.479761 -1.924619
0.825092 0.678599 0.461057 -1.870349
0.831768 0.667620 0.442889 -1.816803
0.838335 0.656670 0.425249 -1.763979
0.844792 0.645751 0.408131 -1.711872
0.851141 0.634861 0.391526 -1.660487
0.857381 0.624001 0.375428 -1.609820
0.863513 0.613177 0.359828 -1.559961
0.869537 0.602388 0.344719 -1.510909
0.875453 0.591636 0.330092 -1.462668
0.881262 0.580919 0.315940 -1.415238
0.886965 0.570238 0.302254 -1.368621
0.892560 0.559592 0.289025 -1.322815
0.898050 0.548989 0.276246 -1.277918
0.903435 0.538421 0.263908 -1.233837
0.908713 0.527889 0.252002 -1.190576
0.913887 0.517398 0.240520 -1.148230
0.918957 0.506949 0.229452 -1.106803
0.923922 0.496536 0.218790 -1.066199
0.928784 0.486165 0.208525 -1.026519
0.933542 0.475830 0.198648 -0.987667
0.938198 0.465536 0.189151 -0.949743
0.942750 0.455284 0.180023 -0.912753
0.947201 0.445068 0.171257 -0.876595
0.951550 0.434893 0.162843 -0.841376
0.955798 0.424755 0.154773 -0.806995
0.959944 0.414658 0.147038 -0.773555
0.963990 0.404596 0.139628 -0.740957
0.967936 0.394577 0.132535 -0.709307
0.971782 0.384593 0.125750 -0.678504
0.975528 0.374645 0.119265 -0.648546
0.979176 0.364739 0.113069 -0.619543
0.982724 0.354868 0.107155 -0.591389
0.986175 0.345033 0.101514 -0.564086
0.989527 0.335234 0.096138 -0.537635
0.992782 0.325465 0.091019 -0.511929
0.995939 0.315732 0.086148 -0.487074
0.998999 0.306034 0.081517 -0.463073
1.001963 0.296366 0.077119 -0.439815
1.004830 0.286734 0.072945 -0.417411
1.007602 0.277126 0.068989 -0.395637
1.010277 0.267553 0.065242 -0.374716
1.012857 0.258005 0.061697 -0.354422
1.015342 0.248492 0.058348 -0.334978
1.017732 0.239003 0.055186 -0.316158
1.020028 0.229537 0.052206 -0.297958
1.022228 0.220096 0.049403 -0.280376
1.024335 0.210690 0.046766 -0.263637
1.026348 0.201309 0.044291 -0.247509
1.028268 0.191951 0.041971 -0.231991
1.030094 0.182605 0.039803 -0.216845
1.031827 0.173283 0.037780 -0.202300
1.033467 0.163984 0.035896 -0.188351
1.035014 0.154698 0.034149 -0.174760
1.036468 0.145435 0.032531 -0.161757
1.037830 0.136185 0.031040 -0.149100
1.039099 0.126958 0.029670 -0.137021
1.040277 0.117743 0.028417 -0.125277
1.041362 0.108540 0.027279 -0.113863
1.042356 0.099349 0.026251 -0.102773
1.043257 0.090170 0.025331 -0.092000
1.044068 0.081003 0.024515 -0.081537
1.044786 0.071847 0.023802 -0.071378
1.045413 0.062704 0.023186 -0.061515
1.045949 0.053561 0.022669 -0.051705
1.046393 0.044429 0.022248 -0.042177
1.046746 0.035298 0.021921 -0.032686
1.047008 0.026178 0.021686 -0.023463
1.047178 0.017059 0.021544 -0.014262
1.047258 0.007939 0.021493 -0.005075
1.047246 -0.001180 0.021534 0.004105
1.047143 -0.010300 0.021667 0.013286
1.046949 -0.019419 0.021891 0.022476
1.046663 -0.028539 0.022208 0.031682
1.046287 -0.037658 0.022617 0.040912
1.045819 -0.046790 0.023122 0.050412
1.045260 -0.055921 0.023721 0.059950
1.044609 -0.065064 0.024419 0.069774
1.043867 -0.074208 0.025215 0.079651
1.043033 -0.083363 0.026114 0.089827
1.042108 -0.092530 0.027117 0.100308
1.041091 -0.101709 0.028228 0.111101
1.039982 -0.110900 0.029450 0.122214
1.038781 -0.120103 0.030786 0.133651
1.037488 -0.129318 0.032240 0.145420
1.036102 -0.138557 0.033818 0.157762
1.034624 -0.147808 0.035523 0.170447
1.033053 -0.157070 0.037357 0.183481
1.031390 -0.166357 0.039328 0.197104
1.029633 -0.175667 0.041442 0.211319
1.027783 -0.184989 0.043701 0.225899
1.025840 -0.194335 0.046111 0.241080
1.023803 -0.203705 0.048680 0.256867
1.021672 -0.213099 0.051413 0.273262
1.019447 -0.222516 0.054315 0.290270
1.017127 -0.231957 0.057394 0.307894
1.014713 -0.241423 0.060656 0.326136
1.012204 -0.250924 0.064108 0.345226
1.009599 -0.260448 0.067757 0.364939
1.006899 -0.269997 0.071610 0.385278
1.004103 -0.279582 0.075675 0.406470
1.001211 -0.289190 0.079958 0.428291
0.998223 -0.298834 0.084467 0.450966
0.995138 -0.308508 0.089212 0.474493
0.991956 -0.318217 0.094200 0.498763
0.988676 -0.327957 0.099438 0.523778
0.985299 -0.337732 0.104934 0.549645
0.981824 -0.347543 0.110698 0.576364
0.978250 -0.357389 0.116737 0.603935
0.974577 -0.367272 0.123061 0.632356
0.970805 -0.377190 0.129677 0.661627
0.966934 -0.387144 0.136594 0.691746
0.962962 -0.397134 0.143822 0.722711
0.958891 -0.407165 0.151368 0.754625
0.954718 -0.417233 0.159242 0.787382
0.950445 -0.427341 0.167452 0.821084
0.946070 -0.437486 0.176009 0.855625
0.941593 -0.447673 0.184920 0.891106
0.937014 -0.457895 0.194194 0.927423
0.932333 -0.468159 0.203841 0.964674
0.927548 -0.478464 0.213869 1.002857
0.922660 -0.488806 0.224288 1.041868
0.917668 -0.499189 0.235106 1.081806
0.912572 -0.509608 0.246332 1.122569
0.907371 -0.520068 0.257974 1.164253
0.902066 -0.530571 0.270043 1.206857
0.896655 -0.541109 0.282546 1.250276
0.891138 -0.551689 0.295492 1.294610
0.885515 -0.562304 0.308889 1.339757
0.879785 -0.572956 0.322747 1.385722
0.873949 -0.583649 0.337072 1.432592
0.868005 -0.594378 0.351875 1.480272
0.861953 -0.605142 0.367163 1.528764
0.855794 -0.615942 0.382943 1.578063
0.849526 -0.626773 0.399224 1.628080
0.843150 -0.637639 0.416013 1.678905
0.836664 -0.648534 0.433318 1.730451
0.830070 -0.659460 0.451145 1.782715
0.823366 -0.670415 0.469502 1.835701
0.816552 -0.681400 0.488396 1.889408
0.809628 -0.692415 0.507834 1.943842
0.802593 -0.703454 0.527824 1.998907
0.795448 -0.714517 0.548370 2.054620
0.788192 -0.725603 0.569479 2.110976
0.780825 -0.736707 0.591158 2.167892
0.773346 -0.747830 0.613412 2.225381
0.765757 -0.758970 0.636247 2.283442
0.758056 -0.770122 0.659667 2.341998
0.750243 -0.781286 0.683677 2.401060
0.742318 -0.792456 0.708283 2.460551
0.734282 -0.803632 0.733487 2.520478
0.726134 -0.814813 0.759296 2.580845
0.717874 -0.825995 0.785712 2.641588
0.709502 -0.837171 0.812738 2.702636
0.701019 -0.848341 0.840378 2.763999
0.692424 -0.859505 0.868635 2.825683
0.683717 -0.870651 0.897511 2.887553
0.674899 -0.881785 0.927007 2.949697
0.665970 -0.892895 0.957127 3.011972
0.656930 -0.903982 0.987871 3.074390
0.647780 -0.915039 1.019240 3.136891
0.638519 -0.926065 1.051235 3.199494
0.629149 -0.937057 1.083856 3.262150
0.619669 -0.948006 1.117104 3.324795
0.610080 -0.958908 1.150978 3.387368
0.600382 -0.969756 1.185476 3.449821
0.590577 -0.980550 1.220598 3.512180
0.580664 -0.991279 1.256341 3.574312
0.570644 -1.001942 1.292704 3.636241
0.560519 -1.012534 1.329683 3.697908
0.550289 -1.023048 1.367275 3.759277
0.539954 -1.033479 1.405478 3.820300
0.529516 -1.043820 1.444288 3.880930
0.518975 -1.054066 1.483699 3.941119
0.508333 -1.064211 1.523707 4.000831
0.497590 -1.074246 1.564307 4.059947
0.486749 -1.084167 1.605492 4.118502
0.475809 -1.093966 1.647256 4.176450
0.464773 -1.103637 1.689593 4.233718
0.453641 -1.113173 1.732496 4.290259
0.442415 -1.122570 1.775957 4.346049
0.431097 -1.131818 1.819967 4.401004
0.419688 -1.140910 1.864517 4.455090
0.408190 -1.149842 1.909600 4.508281
0.396604 -1.158604 1.955205 4.560494
0.384932 -1.167190 2.001322 4.611707
0.373176 -1.175594 2.047941 4.661870
0.361338 -1.183808 2.095050 4.710913
0.349419 -1.191825 2.142638 4.758811
0.337423 -1.199639 2.190694 4.805541
0.325351 -1.207241 2.239204 4.851031
0.313204 -1.214623 2.288156 4.895210
0.300986 -1.221782 2.337537 4.938078
0.288699 -1.228708 2.387332 4.979563
0.276345 -1.235396 2.437529 5.019617
0.263927 -1.241839 2.488111 5.058241
0.251447 -1.248029 2.539064 5.095339
0.238907 -1.253961 2.590374 5.130911
0.226311 -1.259629 2.642022 5.164886
0.213661 -1.265028 2.693995 5.197263
0.200959 -1.270151 2.746275 5.227995
0.188209 -1.274993 2.798845 5.257034
0.175414 -1.279548 2.851689 5.284357
0.162576 -1.283811 2.904788 5.309939
0.149698 -1.287778 2.958126 5.333734
0.136783 -1.291443 3.011683 5.355716
0.123835 -1.294805 3.065442 5.375886
0.110857 -1.297858 3.119384 5.394197
0.097851 -1.300598 3.173490 5.410647
0.084821 -1.303023 3.227742 5.425191
0.071769 -1.305129 3.282120 5.437827
0.058700 -1.306915 3.336606 5.448532
0.045616 -1.308378 3.391179 5.457306
0.032521 -1.309516 3.445820 5.464125
0.019418 -1.310329 3.500510 5.469012
0.006310 -1.310814 3.555229 5.471921
-0.006800 -1.310972 3.609958 5.472875
-0.019908 -1.310802 3.664676 5.471849
-0.033011 -1.310304 3.719365 5.468869
-0.046106 -1.309479 3.774004 5.463934
-0.059189 -1.308329 3.828575 5.457044
-0.072258 -1.306854 3.883057 5.448198
-0.085308 -1.305056 3.937431 5.437422
-0.098338 -1.302938 3.991678 5.424714
-0.111343 -1.300501 4.045779 5.410051
-0.124320 -1.297749 4.099714 5.393553
-0.137267 -1.294685 4.153466 5.375195
-0.150180 -1.291312 4.207016 5.354977
-0.163056 -1.287635 4.260345 5.332899
-0.175893 -1.283656 4.313435 5.309010
-0.188687 -1.279381 4.366269 5.283356
-0.201435 -1.274815 4.418828 5.255985
-0.214135 -1.269963 4.471097 5.226898
-0.226783 -1.264830 4.523058 5.196095
-0.239377 -1.259421 4.574695 5.163670
-0.251915 -1.253742 4.625991 5.129623
-0.264393 -1.247799 4.676931 5.094004
-0.276809 -1.241601 4.727500 5.056858
-0.289160 -1.235148 4.777682 5.018187
-0.301445 -1.228452 4.827463 4.978085
-0.313660 -1.221517 4.876828 4.936552
-0.325803 -1.214349 4.925765 4.893637
-0.337873 -1.206958 4.974258 4.849386
-0.349866 -1.199350 5.022297 4.803896
-0.361782 -1.191530 5.069869 4.757118
-0.373617 -1.183504 5.116960 4.709148
-0.385369 -1.175281 5.163560 4.660034
-0.397038 -1.166871 5.209659 4.609823
-0.408621 -1.158276 5.255244 4.558563
-0.420116 -1.149505 5.300307 4.506302
-0.431522 -1.140568 5.344838 4.453087
-0.442836 -1.131469 5.388828 4.398966
-0.454058 -1.122215 5.432268 4.343987
-0.465187 -1.112813 5.475149 4.288149
-0.476219 -1.103270 5.517465 4.231548
-0.487155 -1.093593 5.559207 4.174232
-0.497993 -1.083788 5.600369 4.116249
-0.508732 -1.073867 5.640946 4.057693
-0.519370 -1.063830 5.680932 3.998518
-0.529907 -1.053685 5.720320 3.938818
-0.540341 -1.043439 5.759106 3.878641
-0.550672 -1.033098 5.797287 3.818035
-0.560899 -1.022667 5.834857 3.757048
-0.571020 -1.012152 5.871814 3.695679
-0.581036 -1.001555 5.908154 3.633976
-0.590945 -0.990885 5.943873 3.571987
-0.600746 -0.980151 5.978971 3.509808
-0.610440 -0.969356 6.013446 3.447485
-0.620025 -0.958502 6.047296 3.384972
-0.629501 -0.947601 6.080520 3.322411
-0.638867 -0.936651 6.113118 3.259802
-0.648124 -0.925660 6.145090 3.197145
-0.657270 -0.914633 6.176435 3.134537
-0.666306 -0.903571 6.207155 3.071976
-0.675231 -0.892484 6.237250 3.009558
-0.684045 -0.881374 6.266723 2.947283
-0.692747 -0.870240 6.295575 2.885151
-0.701338 -0.859088 6.323807 2.823210
-0.709817 -0.847924 6.351422 2.761555
-0.718185 -0.836754 6.378424 2.700186
-0.726441 -0.825578 6.404816 2.639151
-0.734585 -0.814396 6.430600 2.578402
-0.742617 -0.803214 6.455780 2.518034
-0.750537 -0.792038 6.480361 2.458143
-0.758346 -0.780869 6.504348 2.398682
-0.766043 -0.769705 6.527745 2.339649
-0.773628 -0.758553 6.550556 2.281094
-0.781102 -0.747412 6.572786 2.223063
-0.788465 -0.736290 6.594442 2.165604
-0.795717 -0.725186 6.615530 2.108717
-0.802858 -0.714105 6.636054 2.052450
-0.809889 -0.703043 6.656022 1.996756
-0.816809 -0.692004 6.675438 1.941681
-0.823619 -0.680989 6.694311 1.887274
-0.830319 -0.670004 6.712647 1.833582
-0.836909 -0.659049 6.730453 1.780605
-0.843390 -0.648123 6.747736 1.728344
-0.849763 -0.637227 6.764504 1.676798
-0.856026 -0.626361 6.780764 1.625967
-0.862182 -0.615531 6.796524 1.575947
-0.868229 -0.604737 6.811791 1.526737
-0.874169 -0.593972 6.826573 1.478243
-0.880001 -0.583243 6.840879 1.430559
-0.885727 -0.572556 6.854717 1.383781
-0.891346 -0.561905 6.868095 1.337814
-0.896859 -0.551289 6.881021 1.292658
-0.902266 -0.540715 6.893506 1.248407
-0.907568 -0.530177 6.905556 1.205015
-0.912764 -0.519681 6.917181 1.162529
-0.917857 -0.509220 6.928390 1.120853
-0.922845 -0.498801 6.939190 1.080084
-0.927729 -0.488418 6.949592 1.040173
-0.932509 -0.478077 6.959604 1.001167
-0.937187 -0.467777 6.969235 0.963116
-0.941762 -0.457513 6.978494 0.925875
-0.946235 -0.447291 6.987390 0.889587
-0.950606 -0.437105 6.995931 0.854111
-0.954876 -0.426960 7.004127 0.819588
-0.959045 -0.416857 7.011987 0.786018
-0.963112 -0.406790 7.019519 0.753260
-0.967080 -0.396758 7.026733 0.721359
-0.970948 -0.386769 7.033637 0.690413
-0.974716 -0.376815 7.040240 0.660324
-0.978385 -0.366896 7.046551 0.631046
-0.981955 -0.357014 7.052577 0.602627
-0.985427 -0.347167 7.058328 0.575066
-0.988800 -0.337356 7.063811 0.548363
-0.992076 -0.327581 7.069036 0.522518
-0.995254 -0.317842 7.074012 0.497532
-0.998336 -0.308132 7.078744 0.473261
-1.001320 -0.298452 7.083242 0.449753
-1.004208 -0.288808 7.087513 0.427103
-1.007000 -0.279200 7.091566 0.405312
-1.009696 -0.269616 7.095407 0.384140
-1.012297 -0.260067 7.099046 0.363827
-1.014803 -0.250542 7.102487 0.344133
-1.017213 -0.241053 7.105740 0.325298
-1.019529 -0.231588 7.108811 0.307083
-1.021750 -0.222147 7.111706 0.289488
-1.023878 -0.212729 7.114430 0.272465
-1.025911 -0.203335 7.116991 0.256062
-1.027851 -0.193965 7.119394 0.240278
-1.029697 -0.184619 7.121645 0.225115
-1.031450 -0.175297 7.123750 0.210524
-1.033110 -0.165999 7.125716 0.196552
-1.034677 -0.156713 7.127545 0.182915
-1.036152 -0.147450 7.129244 0.169897
-1.037534 -0.138199 7.130816 0.157213
-1.038823 -0.128973 7.132267 0.145102
-1.040021 -0.119758 7.133600 0.133324
-1.041126 -0.110555 7.134819 0.121880
-1.042140 -0.101364 7.135927 0.110769
-1.043062 -0.092185 7.136927 0.099993
-1.043892 -0.083017 7.137822 0.089502
-1.044631 -0.073862 7.138615 0.079346
-1.045278 -0.064719 7.139310 0.069475
-1.045834 -0.055575 7.139906 0.059652
-1.046298 -0.046444 7.140408 0.050116
-1.046671 -0.037313 7.140814 0.040627
-1.046953 -0.028193 7.141128 0.031376
-1.047144 -0.019073 7.141349 0.022173
-1.047243 -0.009954 7.141479 0.012970
-1.047252 -0.000834 7.141517 0.003767
-1.047169 0.008285 7.141462 -0.005436
-1.046995 0.017405 7.141316 -0.014639
-1.046730 0.026524 7.141078 -0.023842
-1.046373 0.035644 7.140747 -0.033045
-1.045925 0.044775 7.140322 -0.042534
-1.045386 0.053906 7.139801 -0.052071
-1.044756 0.063050 7.139182 -0.061893
-1.044034 0.072193 7.138464 -0.071764
-1.043220 0.081348 7.137645 -0.081921
-1.042315 0.090516 7.136722 -0.092363
-1.041318 0.099695 7.135690 -0.103140
-1.040229 0.108886 7.134548 -0.114250
-1.039049 0.118089 7.133291 -0.125647
-1.037776 0.127304 7.131917 -0.137377
-1.036410 0.136530 7.130423 -0.149441
-1.034952 0.145781 7.128802 -0.162125
-1.033402 0.155044 7.127050 -0.175142
-1.031759 0.164330 7.125163 -0.188732
-1.030022 0.173628 7.123136 -0.202703
-1.028193 0.182950 7.120964 -0.217247
-1.026270 0.192297 7.118639 -0.232410
-1.024253 0.201666 7.116158 -0.248146
-1.022143 0.211048 7.113515 -0.264263
-1.019938 0.220466 7.110703 -0.281239
-1.017639 0.229907 7.107715 -0.298834
-1.015245 0.239372 7.104544 -0.317049
-1.012757 0.248861 7.101185 -0.335884
-1.010173 0.258374 7.097632 -0.355339
-1.007494 0.267923 7.093875 -0.375652
-1.004719 0.277495 7.089910 -0.396585
-1.001848 0.287104 7.085726 -0.418377
-0.998880 0.296742 7.081318 -0.440788
-0.995816 0.306410 7.076677 -0.464058
-0.992655 0.316113 7.071795 -0.488186
-0.989397 0.325847 7.066665 -0.513029
-0.986040 0.335616 7.061278 -0.538731
-0.982586 0.345421 7.055625 -0.565290
-0.979034 0.355262 7.049698 -0.592709
-0.975382 0.365138 7.043488 -0.620985
-0.971632 0.375050 7.036987 -0.650120
-0.967782 0.384998 7.030186 -0.680065
-0.963832 0.394982 7.023077 -0.710869
-0.959782 0.405002 7.015652 -0.742531
-0.955631 0.415063 7.007901 -0.775146
-0.951380 0.425160 6.999815 -0.808573
-0.947027 0.435299 6.991385 -0.842953
-0.942572 0.445473 6.982604 -0.878191
-0.938015 0.455689 6.973460 -0.914335
-0.933356 0.465947 6.963946 -0.951433
-0.928593 0.476241 6.954052 -0.989342
-0.923727 0.486577 6.943770 -1.028204
-0.918758 0.496948 6.933092 -1.067877
-0.913684 0.507361 6.922007 -1.108503
-0.908506 0.517815 6.910506 -1.150036
-0.903223 0.528306 6.898582 -1.192379
-0.897835 0.538838 6.886226 -1.235628
-0.892341 0.549406 6.873429 -1.279736
-0.886741 0.560015 6.860181 -1.324749
-0.881034 0.570661 6.846476 -1.370573
-0.875221 0.581342 6.832304 -1.417208
-0.869300 0.592059 6.817657 -1.464653
-0.863272 0.602812 6.802528 -1.512909
-0.857136 0.613600 6.786908 -1.561975
-0.850892 0.624424 6.770790 -1.611853
-0.844539 0.635284 6.754164 -1.662540
-0.838077 0.646174 6.737025 -1.713943
-0.831506 0.657094 6.719364 -1.766062
-0.824826 0.668043 6.701175 -1.818895
-0.818035 0.679022 6.682451 -1.872444
-0.811135 0.690031 6.663184 -1.926708
-0.804124 0.701064 6.643367 -1.981640
-0.797003 0.712121 6.622995 -2.037191
-0.789771 0.723201 6.602061 -2.093410
-0.782428 0.734299 6.580560 -2.150154
-0.774974 0.745416 6.558485 -2.207470
-0.767409 0.756550 6.535831 -2.265358
-0.759732 0.767696 6.512594 -2.323771
-0.751943 0.778854 6.488767 -2.382660
-0.744043 0.790024 6.464346 -2.442074
-0.736031 0.801200 6.439327 -2.501917
-0.727907 0.812382 6.413705 -2.562189
-0.719671 0.823563 6.387477 -2.622843
-0.711324 0.834739 6.360639 -2.683783
-0.702865 0.845909 6.333189 -2.745056
-0.694294 0.857073 6.305122 -2.806664
-0.685612 0.868225 6.276437 -2.868509
-0.676818 0.879359 6.247131 -2.930546
-0.667914 0.890476 6.217203 -2.992821
-0.658898 0.901568 6.186651 -3.055239
-0.649772 0.912631 6.155474 -3.117704
-0.640535 0.923663 6.123671 -3.180265
-0.631188 0.934660 6.091242 -3.242874
-0.621732 0.945616 6.058187 -3.305483
-0.612167 0.956529 6.024507 -3.368092
-0.602493 0.967389 5.990201 -3.430557
-0.592711 0.978196 5.955272 -3.492928
-0.582822 0.988942 5.919720 -3.555155
-0.572825 0.999624 5.883549 -3.617144
-0.562723 1.010233 5.846760 -3.678894
-0.552515 1.020765 5.809356 -3.740358
-0.542203 1.031214 5.771342 -3.801441
-0.531788 1.041573 5.732720 -3.862143
-0.521269 1.051837 5.693496 -3.922415
-0.510649 1.062006 5.653674 -3.982258
-0.499929 1.072064 5.613258 -4.041576
-0.489108 1.082009 5.572255 -4.100323
-0.478190 1.091835 5.530671 -4.158401
-0.467175 1.101536 5.488513 -4.215813
-0.456064 1.111102 5.445787 -4.272509
-0.444858 1.120529 5.402503 -4.328442
-0.433560 1.129809 5.358667 -4.383564
-0.422171 1.138937 5.314289 -4.437876
-0.410692 1.147905 5.269376 -4.491282
-0.399125 1.156706 5.223938 -4.543734
-0.387472 1.165330 5.177987 -4.595184
-0.375734 1.173776 5.131531 -4.645586
-0.363913 1.182032 5.084582 -4.694891
-0.352013 1.190093 5.037151 -4.743052
-0.340033 1.197952 4.989251 -4.790020
-0.327977 1.205599 4.940894 -4.835749
-0.315847 1.213029 4.892092 -4.880190
-0.303644 1.220235 4.842858 -4.923344
-0.291372 1.227212 4.793207 -4.965115
-0.279033 1.233953 4.743152 -5.005503
-0.266628 1.240450 4.692708 -5.044413
-0.254161 1.246697 4.641890 -5.081844
-0.241634 1.252686 4.590712 -5.117750
-0.229050 1.258412 4.539191 -5.152082
-0.216412 1.263870 4.487343 -5.184793
-0.203721 1.269053 4.435184 -5.215883
-0.190981 1.273955 4.382731 -5.245304
-0.178196 1.278573 4.330001 -5.273008
-0.165367 1.282901 4.277012 -5.298948
-0.152497 1.286933 4.223781 -5.323124
-0.139591 1.290666 4.170325 -5.345535
-0.126650 1.294094 4.116664 -5.366087
-0.113678 1.297215 4.062816 -5.384827
-0.100677 1.300023 4.008800 -5.401659
-0.087652 1.302516 3.954633 -5.416632
-0.074605 1.304692 3.900337 -5.429673
-0.061540 1.306548 3.845928 -5.440807
-0.048459 1.308081 3.791428 -5.450010
-0.035366 1.309290 3.736856 -5.457258
-0.022264 1.310173 3.682230 -5.462551
-0.009157 1.310729 3.627571 -5.465889
0.003952 1.310958 3.572899 -5.467272
0.017061 1.310859 3.518232 -5.466676
0.030165 1.310433 3.463591 -5.464125
0.043262 1.309679 3.408995 -5.459595
0.056348 1.308599 3.354464 -5.453110
0.069420 1.307195 3.300017 -5.444670
0.082475 1.305467 3.245674 -5.434299
0.095509 1.303418 3.191454 -5.421996
0.108519 1.301050 3.137376 -5.407786
0.121503 1.298367 3.083459 -5.391693
0.134457 1.295369 3.029722 -5.373716
0.147377 1.292062 2.976183 -5.353880
0.160262 1.288450 2.922861 -5.332208
0.173107 1.284537 2.869774 -5.308723
0.185911 1.280326 2.816939 -5.283451
0.198669 1.275823 2.764375 -5.256438
0.211379 1.271032 2.712098 -5.227709
0.224039 1.265960 2.660125 -5.197287
0.236645 1.260610 2.608473 -5.165195
0.249195 1.254989 2.557158 -5.131483
0.261686 1.249103 2.506196 -5.096197
0.274115 1.242957 2.455603 -5.059338
0.286481 1.236558 2.405393 -5.021000
0.298780 1.229915 2.355581 -4.981208
0.311010 1.223031 2.306181 -4.939961
0.323169 1.215914 2.257208 -4.897356
0.335255 1.208571 2.208673 -4.853415
0.347265 1.201007 2.160592 -4.808164
0.359198 1.193231 2.112975 -4.761672
0.371050 1.185250 2.065835 -4.713964
0.382821 1.177073 2.019184 -4.665112
0.394508 1.168701 1.973033 -4.615128
0.406109 1.160145 1.927392 -4.564083
0.417623 1.151413 1.882272 -4.512036
0.429048 1.142511 1.837682 -4.459023
0.440383 1.133445 1.793631 -4.405081
0.451625 1.124224 1.750128 -4.350269
0.462774 1.114854 1.707182 -4.294634
0.473827 1.105341 1.664800 -4.238212
0.484784 1.095694 1.622989 -4.181075
0.495643 1.085916 1.581757 -4.123235
0.506403 1.076019 1.541109 -4.064786
0.517063 1.066005 1.501051 -4.005742
0.527622 1.055878 1.461590 -3.946114
0.538079 1.045650 1.422730 -3.886008
0.548432 1.035327 1.384475 -3.825462
0.558681 1.024914 1.346830 -3.764534
0.568825 1.014417 1.309798 -3.703260
0.578864 1.003838 1.273381 -3.641617
0.588796 0.993186 1.237584 -3.579724
0.598620 0.982469 1.202408 -3.517640
0.608337 0.971687 1.167854 -3.455329
0.617946 0.960845 1.133926 -3.392851
0.627445 0.949955 1.100623 -3.330326
0.636835 0.939018 1.067945 -3.267741
0.646116 0.928038 1.035894 -3.205144
0.655286 0.917017 1.004469 -3.142524
0.664346 0.905967 0.973669 -3.080004
0.673294 0.894886 0.943493 -3.017575
0.682132 0.883776 0.913941 -2.955222
0.690859 0.872648 0.885010 -2.893078
0.699474 0.861502 0.856698 -2.831131
0.707977 0.850344 0.829004 -2.769446
0.716369 0.839174 0.801924 -2.708012
0.724649 0.827998 0.775455 -2.646893
0.732817 0.816816 0.749594 -2.586085
0.740873 0.805634 0.724338 -2.525651
0.748818 0.794458 0.699681 -2.465659
0.756651 0.783288 0.675620 -2.406108
0.764372 0.772125 0.652150 -2.346987
0.771982 0.760972 0.629266 -2.288365
0.779480 0.749832 0.606964 -2.230245
0.786867 0.738710 0.585237 -2.172697
0.794143 0.727600 0.564081 -2.115637
0.801308 0.716513 0.543488 -2.059227
0.808363 0.705445 0.523455 -2.003378
0.815307 0.694400 0.503973 -1.948172
0.822141 0.683379 0.485037 -1.893601
0.828864 0.672388 0.466639 -1.839754
0.835479 0.661427 0.448773 -1.786631
0.841984 0.650495 0.431431 -1.734227
0.848380 0.639594 0.414605 -1.682544
0.854667 0.628722 0.398289 -1.631579
0.860846 0.617886 0.382475 -1.581421
0.866916 0.607079 0.367155 -1.531982
0.872880 0.596309 0.352322 -1.483354
0.878735 0.585574 0.337967 -1.435536
0.884484 0.574875 0.324081 -1.388529
0.890126 0.564212 0.310658 -1.342332
0.895662 0.553590 0.297687 -1.297045
0.901092 0.543004 0.285162 -1.252571
0.906417 0.532460 0.273072 -1.209012
0.911636 0.521952 0.261409 -1.166269
0.916751 0.511485 0.250165 -1.124445
0.921762 0.501055 0.239330 -1.083444
0.926668 0.490665 0.228896 -1.043366
0.931471 0.480318 0.218854 -1.004213
0.936171 0.470006 0.209195 -0.965889
0.940769 0.459737 0.199910 -0.928496
0.945264 0.449502 0.190991 -0.891936
0.949657 0.439310 0.182428 -0.856312
0.953949 0.429159 0.174212 -0.821628
0.958139 0.419044 0.166334 -0.787783
0.962229 0.408971 0.158785 -0.754881
0.966218 0.398934 0.151557 -0.722823
0.970107 0.388932 0.144641 -0.691609
0.973897 0.378972 0.138027 -0.661346
0.977588 0.369048 0.131708 -0.631931
0.981179 0.359160 0.125674 -0.603366
0.984672 0.349307 0.119918 -0.575651
0.988067 0.339490 0.114430 -0.548786
0.991364 0.329709 0.109202 -0.522774
0.994564 0.319964 0.104226 -0.497614
0.997666 0.310248 0.099494 -0.473198
1.000672 0.300574 0.094997 -0.449745
1.003581 0.290930 0.090726 -0.427036
1.006395 0.281310 0.086677 -0.404958
1.009112 0.271726 0.082839 -0.383733
1.011733 0.262165 0.079208 -0.363137
1.014260 0.252640 0.075774 -0.343391
1.016691 0.243139 0.072531 -0.324270
1.019028 0.233662 0.069474 -0.305770
1.021270 0.224221 0.066592 -0.288117
1.023418 0.214803 0.063882 -0.271080
1.025472 0.205410 0.061335 -0.254656
1.027433 0.196040 0.058947 -0.238842
1.029299 0.186694 0.056710 -0.223634
1.031073 0.177360 0.054622 -0.208798
1.032754 0.168049 0.052677 -0.194559
1.034341 0.158763 0.050868 -0.180914
1.035836 0.149488 0.049191 -0.167624
1.037238 0.140238 0.047642 -0.154918
1.038548 0.130999 0.046217 -0.142557
1.039766 0.121784 0.044909 -0.130769
1.040892 0.112581 0.043716 -0.119314
1.041926 0.103390 0.042634 -0.108186
1.042868 0.094211 0.041660 -0.097378
1.043719 0.085044 0.040791 -0.086883
1.044477 0.075889 0.040024 -0.076695
1.045145 0.066745 0.039356 -0.066807
1.045721 0.057602 0.038787 -0.056975
1.046206 0.048470 0.038312 -0.047427
1.046599 0.039339 0.037933 -0.037921
1.046901 0.030220 0.037646 -0.028685
1.047112 0.021100 0.037452 -0.019475
1.047232 0.011981 0.037349 -0.010283
1.047261 0.002861 0.037338 -0.001101
1.047198 -0.006258 0.037418 0.008079
1.047044 -0.015378 0.037591 0.017264
1.046799 -0.024498 0.037856 0.026462
1.046463 -0.033617 0.038213 0.035680
1.046036 -0.042737 0.038662 0.044927
1.045517 -0.051868 0.039206 0.054448
1.044907 -0.060999 0.039846 0.064012
1.044206 -0.070143 0.040585 0.073864
1.043413 -0.079298 0.041425 0.084012
1.042528 -0.088465 0.042370 0.094462
1.041552 -0.097632 0.043420 0.104985
1.040484 -0.106812 0.044578 0.115824
1.039323 -0.116014 0.045850 0.127221
1.038071 -0.125229 0.047240 0.138947
1.036727 -0.134456 0.048750 0.151007
1.035290 -0.143695 0.050384 0.163409
1.033760 -0.152957 0.052148 0.176391
1.032138 -0.162232 0.054045 0.189726
1.030422 -0.171530 0.056081 0.203651
1.028614 -0.180852 0.058263 0.218171
1.026712 -0.190187 0.060594 0.233059
1.024717 -0.199544 0.063079 0.248551
1.022627 -0.208926 0.065726 0.264650
1.020444 -0.218332 0.068539 0.281360
1.018166 -0.227761 0.071526 0.298685
1.015794 -0.237215 0.074692 0.316627
1.013327 -0.246704 0.078047 0.335415
1.010765 -0.256217 0.081595 0.354826
1.008108 -0.265753 0.085343 0.374863
1.005354 -0.275326 0.089301 0.395750
1.002505 -0.284922 0.093474 0.417267
0.999560 -0.294554 0.097870 0.439636
0.996517 -0.304216 0.102496 0.462637
0.993378 -0.313908 0.107361 0.486492
0.990142 -0.323635 0.112473 0.511201
0.986808 -0.333399 0.117841 0.536761
0.983376 -0.343192 0.123472 0.563066
0.979846 -0.353020 0.129374 0.590224
0.976217 -0.362885 0.135556 0.618231
0.972489 -0.372785 0.142027 0.647089
0.968662 -0.382721 0.148795 0.676796
0.964735 -0.392699 0.155869 0.707455
0.960708 -0.402713 0.163259 0.738959
0.956580 -0.412762 0.170972 0.771308
0.952352 -0.422853 0.179018 0.804602
0.948022 -0.432980 0.187406 0.838736
0.943590 -0.443149 0.196144 0.873812
0.939057 -0.453353 0.205241 0.909723
0.934421 -0.463599 0.214707 0.946571
0.929682 -0.473887 0.224550 0.984351
0.924840 -0.484210 0.234780 1.022962
0.919894 -0.494576 0.245405 1.062499
0.914844 -0.504982 0.256434 1.102963
0.909690 -0.515425 0.267877 1.144248
0.904431 -0.525910 0.279741 1.186454
0.899067 -0.536430 0.292036 1.229480
0.893597 -0.546992 0.304770 1.273417
0.888021 -0.557590 0.317952 1.318172
0.882339 -0.568229 0.331590 1.363835
0.876549 -0.578904 0.345694 1.410311
0.870653 -0.589615 0.360270 1.457602
0.864650 -0.600362 0.375327 1.505703
0.858538 -0.611144 0.390873 1.554611
0.852319 -0.621963 0.406916 1.604331
0.845991 -0.632811 0.423464 1.654768
0.839554 -0.643694 0.440524 1.706013
0.833008 -0.654608 0.458104 1.757976
0.826352 -0.665551 0.476210 1.810661
0.819587 -0.676525 0.494851 1.864067
0.812711 -0.687528 0.514033 1.918194
0.805726 -0.698555 0.533762 1.972955
0.798630 -0.709605 0.554046 2.028364
0.791423 -0.720680 0.574890 2.084416
0.784105 -0.731778 0.596301 2.141112
0.776676 -0.742894 0.618285 2.198374
0.769136 -0.754023 0.640846 2.256125
0.761484 -0.765169 0.663991 2.314454
0.753721 -0.776327 0.687724 2.373284
0.745846 -0.787497 0.712050 2.432621
0.737859 -0.798672 0.736974 2.492386
0.729761 -0.809848 0.762499 2.552515
0.721551 -0.821030 0.788630 2.613091
0.713229 -0.832206 0.815369 2.673966
0.704795 -0.843382 0.842722 2.735227
0.696249 -0.854546 0.870689 2.796733
0.687592 -0.865698 0.899274 2.858496
0.678824 -0.876838 0.928479 2.920520
0.669944 -0.887960 0.958307 2.982748
0.660954 -0.899059 0.988758 3.045118
0.651852 -0.910133 1.019834 3.107643
0.642641 -0.921172 1.051536 3.170192
0.633319 -0.932175 1.083864 3.232777
0.623888 -0.943142 1.116818 3.295410
0.614347 -0.954062 1.150398 3.357971
0.604698 -0.964934 1.184602 3.420472
0.594940 -0.975752 1.219431 3.482866
0.585075 -0.986511 1.254882 3.545105
0.575103 -0.997204 1.290954 3.607130
0.565025 -1.007831 1.327643 3.668964
0.554841 -1.018381 1.364948 3.730488
0.544552 -1.028848 1.402864 3.791642
0.534160 -1.039231 1.441389 3.852463
0.523665 -1.049519 1.480518 3.912842
0.513068 -1.059705 1.520245 3.972721
0.502370 -1.069790 1.560566 4.032135
0.491572 -1.079762 1.601476 4.090977
0.480676 -1.089618 1.642968 4.149199
0.469683 -1.099348 1.685036 4.206789
0.458593 -1.108947 1.727673 4.263687
0.447409 -1.118407 1.770871 4.319811
0.436132 -1.127723 1.814622 4.375160
0.424763 -1.136887 1.858919 4.429662
0.413304 -1.145893 1.903752 4.483283
0.401757 -1.154733 1.949111 4.535949
0.390123 -1.163399 1.994987 4.587626
0.378404 -1.171887 2.041370 4.638290
0.366602 -1.180187 2.088249 4.687858
0.354719 -1.188293 2.135612 4.736304
0.342757 -1.196197 2.183448 4.783559
0.330718 -1.203892 2.231743 4.829574
0.318604 -1.211372 2.280487 4.874325
0.306418 -1.218632 2.329664 4.917789
0.294162 -1.225662 2.379263 4.959893
0.281837 -1.232457 2.429269 5.000591
0.269447 -1.239008 2.479668 5.039835
0.256994 -1.245311 2.530444 5.077600
0.244480 -1.251359 2.581582 5.113864
0.231909 -1.257145 2.633068 5.148530
0.219282 -1.262665 2.684884 5.181623
0.206603 -1.267910 2.737015 5.213070
0.193874 -1.272877 2.789443 5.242848
0.181099 -1.277560 2.842152 5.270934
0.168279 -1.281953 2.895125 5.297279
0.155419 -1.286052 2.948344 5.321860
0.142520 -1.289852 3.001790 5.344653
0.129587 -1.293349 3.055447 5.365634
0.116621 -1.296540 3.109294 5.384779
0.103627 -1.299419 3.163315 5.402040
0.090607 -1.301985 3.217489 5.417442
0.077565 -1.304232 3.271799 5.430937
0.064503 -1.306161 3.326224 5.442500
0.051426 -1.307767 3.380745 5.452132
0.038335 -1.309049 3.435343 5.459833
0.025235 -1.310006 3.489999 5.465579
0.012129 -1.310637 3.544693 5.469370
-0.000981 -1.310940 3.599405 5.471182
-0.014090 -1.310916 3.654115 5.471039
-0.027196 -1.310563 3.708804 5.468917
-0.040294 -1.309884 3.763453 5.464840
-0.053383 -1.308878 3.818041 5.458808
-0.066459 -1.307547 3.872549 5.450821
-0.079518 -1.305892 3.926958 5.440879
-0.092557 -1.303915 3.981248 5.429029
-0.105573 -1.301619 4.035400 5.415249
-0.118563 -1.299007 4.089396 5.399561
-0.131524 -1.296081 4.143216 5.382013
-0.144452 -1.292844 4.196842 5.362606
-0.157345 -1.289301 4.250256 5.341339
-0.170200 -1.285455 4.303438 5.318260
-0.183013 -1.281311 4.356372 5.293417
-0.195782 -1.276873 4.409040 5.266809
-0.208503 -1.272148 4.461425 5.238485
-0.221174 -1.267138 4.513510 5.208445
-0.233793 -1.261851 4.565277 5.176735
-0.246356 -1.256292 4.616711 5.143404
-0.258861 -1.250464 4.667796 5.108452
-0.271304 -1.244378 4.718515 5.071974
-0.283685 -1.238036 4.768855 5.033970
-0.295999 -1.231447 4.818800 4.994488
-0.308245 -1.224616 4.868336 4.953575
-0.320421 -1.217553 4.917449 4.911280
-0.332523 -1.210260 4.966125 4.867649
-0.344551 -1.202747 5.014352 4.822683
-0.356501 -1.195019 5.062117 4.776478
-0.368372 -1.187086 5.109407 4.729080
-0.380161 -1.178950 5.156212 4.680490
-0.391868 -1.170623 5.202520 4.630804
-0.403489 -1.162109 5.248321 4.580021
-0.415023 -1.153415 5.293602 4.528189
-0.426468 -1.144552 5.338356 4.475403
-0.437824 -1.135522 5.382573 4.421663
-0.449087 -1.126334 5.426243 4.367018
-0.460257 -1.116997 5.469359 4.311562
-0.471332 -1.107517 5.511912 4.255342
-0.482311 -1.097900 5.553896 4.198360
-0.493193 -1.088151 5.595303 4.140663
-0.503976 -1.078281 5.636126 4.082346
-0.514658 -1.068294 5.676361 4.023457
-0.525240 -1.058191 5.716000 3.963947
-0.535720 -1.047987 5.755040 3.903961
-0.546097 -1.037687 5.793475 3.843546
-0.556370 -1.027292 5.831302 3.782701
-0.566538 -1.016814 5.868517 3.721476
-0.576601 -1.006252 5.905116 3.659916
-0.586557 -0.995618 5.941097 3.598118
-0.596406 -0.984913 5.976458 3.536034
-0.606147 -0.974143 6.011195 3.473759
-0.615781 -0.963318 6.045309 3.411388
-0.625305 -0.952441 6.078798 3.348875
-0.634720 -0.941509 6.111660 3.286266
-0.644025 -0.930536 6.143897 3.223610
-0.653221 -0.919527 6.175507 3.161049
-0.662306 -0.908482 6.206492 3.098488
-0.671280 -0.897408 6.236852 3.036022
-0.680143 -0.886303 6.266589 2.973652
-0.688894 -0.875181 6.295703 2.911472
-0.697535 -0.864041 6.324199 2.849531
-0.706064 -0.852883 6.352076 2.787733
-0.714481 -0.841713 6.379338 2.726221
-0.722786 -0.830537 6.405988 2.664995
-0.730980 -0.819355 6.432029 2.604103
-0.739061 -0.808173 6.457465 2.543592
-0.747031 -0.796998 6.482300 2.483511
-0.754890 -0.785822 6.506538 2.423811
-0.762636 -0.774658 6.530184 2.364588
-0.770271 -0.763500 6.553242 2.305794
-0.777795 -0.752354 6.575717 2.247524
-0.785207 -0.741225 6.597616 2.189827
-0.792508 -0.730115 6.618943 2.132702
-0.799698 -0.719023 6.639704 2.076149
-0.806778 -0.707954 6.659906 2.020216
-0.813747 -0.696903 6.679555 1.964855
-0.820606 -0.685883 6.698657 1.910210
-0.827355 -0.674886 6.717219 1.856232
-0.833994 -0.663918 6.735249 1.802969
-0.840524 -0.652975 6.752752 1.750326
-0.846944 -0.642067 6.769737 1.698494
-0.853256 -0.631189 6.786211 1.647377
-0.859460 -0.620341 6.802181 1.596975
-0.865555 -0.609529 6.817655 1.547384
-0.871542 -0.598752 6.832641 1.498604
-0.877423 -0.588012 6.847147 1.450634
-0.883196 -0.577307 6.861182 1.403475
-0.888862 -0.566638 6.874753 1.357126
-0.894422 -0.556004 6.887869 1.311588
-0.899876 -0.545412 6.900538 1.266956
-0.905225 -0.534856 6.912770 1.223135
-0.910468 -0.524342 6.924572 1.180220
-0.915607 -0.513864 6.935954 1.138163
-0.920641 -0.503427 6.946924 1.097012
-0.925571 -0.493026 6.957490 1.056671
-0.930398 -0.482666 6.967663 1.017284
-0.935121 -0.472349 6.977451 0.978804
-0.939742 -0.462067 6.986863 0.941181
-0.944260 -0.451827 6.995908 0.904465
-0.948677 -0.441629 7.004595 0.868702
-0.952991 -0.431466 7.012932 0.833750
-0.957205 -0.421345 7.020930 0.799751
-0.961317 -0.411260 7.028596 0.766611
-0.965330 -0.401217 7.035940 0.734377
-0.969242 -0.391209 7.042970 0.703001
-0.973054 -0.381237 7.049695 0.672483
-0.976767 -0.371301 7.056123 0.642824
-0.980381 -0.361407 7.062264 0.614119
-0.983897 -0.351548 7.068127 0.586271
-0.987314 -0.341725 7.073719 0.559235
-0.990633 -0.331938 7.079050 0.533056
-0.993855 -0.322181 7.084126 0.507641
-0.996980 -0.312459 7.088957 0.483084
-1.000007 -0.302768 7.093549 0.459242
-1.002938 -0.293112 7.097912 0.436258
-1.005773 -0.283492 7.102053 0.414133
-1.008512 -0.273895 7.105979 0.392628
-1.011156 -0.264335 7.109699 0.371981
-1.013704 -0.254798 7.113219 0.351954
-1.016156 -0.245285 7.116544 0.332546
-1.018515 -0.235808 7.119684 0.313997
-1.020778 -0.226355 7.122645 0.296068
-1.022947 -0.216925 7.125432 0.278759
-1.025023 -0.207520 7.128053 0.262070
-1.027004 -0.198138 7.130513 0.246000
-1.028892 -0.188780 7.132819 0.230551
-1.030686 -0.179446 7.134975 0.215673
-1.032387 -0.170135 7.136990 0.201416
-1.033996 -0.160837 7.138865 0.187492
-1.035511 -0.151563 7.140606 0.174189
-1.036935 -0.142312 7.142221 0.161457
-1.038265 -0.133073 7.143712 0.149059
-1.039504 -0.123847 7.145082 0.136995
-1.040650 -0.114632 7.146334 0.125265
-1.041705 -0.105441 7.147475 0.114107
-1.042667 -0.096262 7.148508 0.103283
-1.043538 -0.087094 7.149436 0.092793
-1.044317 -0.077939 7.150262 0.082588
-1.045005 -0.068784 7.150986 0.072432
-1.045602 -0.059640 7.151612 0.062609
-1.046107 -0.050509 7.152143 0.053072
-1.046521 -0.041378 7.152578 0.043535
-1.046843 -0.032258 7.152921 0.034285
-1.047075 -0.023139 7.153172 0.025082
-1.047215 -0.014019 7.153331 0.015879
-1.047264 -0.004900 7.153398 0.006676
-1.047222 0.004220 7.153372 -0.002527
-1.047088 0.013340 7.153255 -0.011730
-1.046864 0.022459 7.153046 -0.020933
-1.046548 0.031579 7.152744 -0.030136
-1.046141 0.040698 7.152350 -0.039387
-1.045642 0.049829 7.151862 -0.048876
-1.045053 0.058961 7.151278 -0.058413
-1.044372 0.068104 7.150595 -0.068235
-1.043599 0.077260 7.149811 -0.078392
-1.042735 0.086415 7.148925 -0.088596
-1.041779 0.095582 7.147934 -0.099087
-1.040732 0.104761 7.146835 -0.109911
-1.039592 0.113952 7.145625 -0.121069
-1.038361 0.123155 7.144299 -0.132561
-1.037037 0.132382 7.142853 -0.144577
-1.035621 0.141621 7.141284 -0.156975
-1.034112 0.150871 7.139586 -0.169706
-1.032510 0.160146 7.137756 -0.183010
-1.030816 0.169432 7.135789 -0.196695
-1.029029 0.178742 7.133680 -0.210953
-1.027148 0.188076 7.131422 -0.225830
-1.025174 0.197434 7.129009 -0.241280
-1.023105 0.206816 7.126435 -0.257349
-1.020943 0.216222 7.123695 -0.274038
-1.018687 0.225651 7.120781 -0.291348
-1.016336 0.235105 7.117689 -0.309229
-1.013890 0.244582 7.114412 -0.327730
-1.011349 0.254083 7.110943 -0.346899
-1.008713 0.263619 7.107274 -0.366879
-1.005981 0.273180 7.103399 -0.387526
-1.003153 0.282776 7.099309 -0.408983
-1.000229 0.292397 7.094998 -0.431108
-0.997209 0.302052 7.090457 -0.454044
-0.994091 0.311738 7.085679 -0.477839
-0.990877 0.321460 7.080655 -0.502396
-0.987565 0.331211 7.075378 -0.527716
-0.984155 0.340998 7.069839 -0.553846
-0.980646 0.350821 7.064031 -0.580835
-0.977040 0.360680 7.057944 -0.608683
-0.973334 0.370574 7.051570 -0.637388
-0.969529 0.380504 7.044901 -0.666952
-0.965624 0.390470 7.037927 -0.697374
-0.961619 0.400478 7.030640 -0.728703
-0.957514 0.410521 7.023031 -0.760889
-0.953308 0.420600 7.015092 -0.793934
-0.949001 0.430721 7.006813 -0.827932
-0.944592 0.440878 6.998185 -0.862741
-0.940081 0.451076 6.989200 -0.898504
-0.935468 0.461316 6.979848 -0.935221
-0.930752 0.471592 6.970120 -0.972748
-0.925933 0.481910 6.960008 -1.011229
-0.921011 0.492263 6.949503 -1.050520
-0.915984 0.502658 6.938596 -1.090717
-0.910853 0.513095 6.927277 -1.131868
-0.905617 0.523567 6.915539 -1.173830
-0.900277 0.534081 6.903372 -1.216698
-0.894830 0.544631 6.890768 -1.260376
-0.889278 0.555223 6.877718 -1.304960
-0.883620 0.565851 6.864214 -1.350403
-0.877854 0.576514 6.850248 -1.396656
-0.871982 0.587219 6.835810 -1.443815
-0.866003 0.597960 6.820892 -1.491785
-0.859915 0.608736 6.805486 -1.540565
-0.853720 0.619549 6.789585 -1.590157
-0.847416 0.630391 6.773180 -1.640463
-0.841003 0.641268 6.756264 -1.691580
-0.834481 0.652176 6.738830 -1.743412
-0.827850 0.663114 6.720870 -1.795959
-0.821109 0.674081 6.702378 -1.849222
-0.814259 0.685078 6.683346 -1.903200
-0.807298 0.696099 6.663768 -1.957798
-0.800226 0.707144 6.643638 -2.013063
-0.793044 0.718212 6.622948 -2.068949
-0.785751 0.729305 6.601693 -2.125502
-0.778347 0.740415 6.579867 -2.182627
-0.770832 0.751543 6.557464 -2.240324
-0.763205 0.762683 6.534479 -2.298498
-0.755466 0.773841 6.510906 -2.357244
-0.747616 0.785005 6.486742 -2.416420
-0.739654 0.796181 6.461981 -2.476120
-0.731581 0.807357 6.436619 -2.536154
-0.723395 0.818539 6.410653 -2.596664
-0.715098 0.829720 6.384077 -2.657557
-0.706689 0.840896 6.356890 -2.718735
-0.698169 0.852066 6.329087 -2.780247
-0.689536 0.863224 6.300667 -2.841997
-0.680793 0.874370 6.271627 -2.903986
-0.671938 0.885499 6.241965 -2.966213
-0.662972 0.896603 6.211680 -3.028536
-0.653895 0.907683 6.180769 -3.091049
-0.644708 0.918734 6.149233 -3.153658
-0.635410 0.929749 6.117070 -3.216267
-0.626003 0.940722 6.084281 -3.278875
-0.616486 0.951654 6.050867 -3.341484
-0.606861 0.962538 6.016827 -3.403997
-0.597127 0.973368 5.982162 -3.466415
-0.587286 0.984138 5.946876 -3.528643
-0.577337 0.994849 5.910969 -3.590727
-0.567282 1.005489 5.874443 -3.652573
-0.557122 1.016057 5.837301 -3.714180
-0.546856 1.026541 5.799547 -3.775406
-0.536487 1.036942 5.761184 -3.836298
-0.526015 1.047254 5.722216 -3.896809
-0.515440 1.057464 5.682648 -3.956795
-0.504764 1.067573 5.642485 -4.016304
-0.493988 1.077572 5.601732 -4.075336
-0.483114 1.087454 5.560394 -4.133749
-0.472142 1.097211 5.518479 -4.191494
-0.461073 1.106840 5.475994 -4.248571
-0.449910 1.116332 5.432945 -4.304886
-0.438653 1.125681 5.389341 -4.360390
-0.427304 1.134878 5.345190 -4.415083
-0.415865 1.143920 5.300501 -4.468918
-0.404337 1.152796 5.255283 -4.521799
-0.392722 1.161501 5.209546 -4.573679
-0.381022 1.170027 5.163301 -4.624557
-0.369238 1.178369 5.116557 -4.674339
-0.357373 1.186517 5.069327 -4.723024
-0.345428 1.194465 5.021622 -4.770517
-0.333406 1.202208 4.973454 -4.816818
-0.321309 1.209736 4.924835 -4.861832
-0.309139 1.217043 4.875780 -4.905558
-0.296897 1.224124 4.826300 -4.947948
-0.284588 1.230973 4.776411 -4.988956
-0.272212 1.237580 4.726125 -5.028534
-0.259772 1.243940 4.675459 -5.066633
-0.247272 1.250045 4.624427 -5.103207
-0.234713 1.255891 4.573044 -5.138254
-0.222098 1.261470 4.521327 -5.171728
-0.209431 1.266778 4.469291 -5.203581
-0.196713 1.271807 4.416954 -5.233765
-0.183947 1.276553 4.364331 -5.262232
-0.171137 1.281011 4.311441 -5.288982
-0.158285 1.285176 4.258302 -5.313969
-0.145395 1.289043 4.204930 -5.337143
-0.132469 1.292609 4.151345 -5.358553
-0.119510 1.295868 4.097564 -5.378103
-0.106522 1.298817 4.043606 -5.395794
-0.093507 1.301452 3.989490 -5.411601
-0.080470 1.303771 3.935235 -5.425525
-0.067412 1.305771 3.880859 -5.437517
-0.054337 1.307449 3.826384 -5.447578
-0.041249 1.308804 3.771827 -5.455709
-0.028151 1.309834 3.717208 -5.461884
-0.015046 1.310537 3.662547 -5.466104
-0.001936 1.310913 3.607863 -5.468369
0.011173 1.310961 3.553176 -5.468655
0.024280 1.310682 3.498507 -5.466986
0.037381 1.310076 3.443873 -5.463338
0.050472 1.309142 3.389296 -5.457735
0.063551 1.307883 3.334794 -5.450177
0.076614 1.306300 3.280387 -5.440688
0.089658 1.304395 3.226094 -5.429268
0.102680 1.302170 3.171935 -5.415916
0.115676 1.299628 3.117929 -5.400658
0.128644 1.296771 3.064094 -5.383515
0.141580 1.293604 3.010448 -5.364513
0.154481 1.290129 2.957012 -5.343676
0.167344 1.286350 2.903802 -5.321002
0.180167 1.282273 2.850836 -5.296540
0.192946 1.277901 2.798133 -5.270314
0.205679 1.273239 2.745710 -5.242348
0.218361 1.268291 2.693583 -5.212665
0.230992 1.263066 2.641770 -5.181336
0.243568 1.257566 2.590286 -5.148363
0.256086 1.251800 2.539148 -5.113816
0.268544 1.245773 2.488371 -5.077696
0.280938 1.239488 2.437971 -5.040026
0.293268 1.232955 2.387962 -5.000901
0.305530 1.226178 2.338359 -4.960299
0.317721 1.219165 2.289176 -4.918313
0.329841 1.211923 2.240426 -4.874969
0.341885 1.204458 2.192123 -4.830289
0.353853 1.196778 2.144279 -4.784346
0.365742 1.188889 2.096908 -4.737186
0.377550 1.180798 2.050019 -4.688835
0.389275 1.172513 2.003626 -4.639363
0.400915 1.164040 1.957738 -4.588807
0.412469 1.155385 1.912366 -4.537189
0.423935 1.146558 1.867520 -4.484594
0.435310 1.137564 1.823209 -4.431045
0.446595 1.128411 1.779443 -4.376614
0.457786 1.119107 1.736230 -4.321337
0.468882 1.109657 1.693577 -4.265261
0.479883 1.100069 1.651493 -4.208446
0.490786 1.090348 1.609984 -4.150903
0.501591 1.080498 1.569057 -4.092669
0.512297 1.070535 1.528718 -4.033875
0.522901 1.060462 1.488973 -3.974545
0.533404 1.050282 1.449826 -3.914678
0.543804 1.040000 1.411283 -3.854322
0.554100 1.029623 1.373348 -3.793514
0.564292 1.019162 1.336024 -3.732383
0.574378 1.008618 1.299315 -3.670895
0.584358 0.997996 1.263224 -3.609097
0.594231 0.987309 1.227753 -3.547108
0.603997 0.976557 1.192904 -3.484905
0.613654 0.965744 1.158678 -3.422546
0.623203 0.954878 1.125077 -3.360081
0.632643 0.943959 1.092103 -3.297484
0.641973 0.932997 1.059754 -3.234887
0.651192 0.921994 1.028031 -3.172266
0.660302 0.910956 0.996934 -3.109688
0.669301 0.899887 0.966462 -3.047204
0.678189 0.888789 0.936614 -2.984798
0.686965 0.877666 0.907389 -2.922535
0.695631 0.866526 0.878784 -2.860475
0.704184 0.855374 0.850797 -2.798682
0.712627 0.844210 0.823426 -2.737147
0.720957 0.833035 0.796667 -2.675855
0.729176 0.821859 0.770518 -2.614951
0.737282 0.810677 0.744974 -2.554351
0.745277 0.799495 0.720033 -2.494121
0.753160 0.788319 0.695690 -2.434331
0.760932 0.777149 0.671940 -2.374971
0.768592 0.765991 0.648779 -2.316117
0.776140 0.754845 0.626201 -2.257764
0.783577 0.743711 0.604202 -2.199906
0.790903 0.732595 0.582776 -2.142620
0.798118 0.721496 0.561917 -2.085900
0.805223 0.710422 0.541619 -2.029830
0.812216 0.699365 0.521876 -1.974314
0.819100 0.688338 0.502680 -1.919526
0.825873 0.677335 0.484026 -1.865378
0.832537 0.666362 0.465907 -1.811951
0.839091 0.655413 0.448315 -1.759160
0.845536 0.644493 0.431244 -1.707086
0.851872 0.633609 0.414686 -1.655820
0.858099 0.622755 0.398634 -1.605272
0.864219 0.611937 0.383078 -1.555535
0.870230 0.601155 0.368012 -1.506606
0.876134 0.590402 0.353428 -1.458395
0.881931 0.579691 0.339317 -1.411086
0.887621 0.569016 0.325671 -1.364592
0.893205 0.558376 0.312482 -1.318911
0.898683 0.547773 0.299742 -1.274043
0.904055 0.537211 0.287441 -1.230088
0.909322 0.526685 0.275572 -1.186949
0.914484 0.516200 0.264124 -1.144728
0.919541 0.505751 0.253091 -1.103330
0.924495 0.495344 0.242462 -1.062851
0.929344 0.484979 0.232229 -1.023297
0.934091 0.474650 0.222384 -0.984570
0.938735 0.464362 0.212916 -0.946774
0.943276 0.454116 0.203817 -0.909910
0.947715 0.443906 0.195078 -0.873880
0.952052 0.433737 0.186690 -0.838789
0.956288 0.423604 0.178645 -0.804536
0.960423 0.413513 0.170933 -0.771226
0.964458 0.403458 0.163545 -0.738758
0.968392 0.393444 0.156473 -0.707239
0.972227 0.383466 0.149707 -0.676565
0.975962 0.373524 0.143240 -0.646739
0.979598 0.363618 0.137062 -0.617760
0.983136 0.353748 0.131166 -0.589631
0.986575 0.343913 0.125542 -0.562353
0.989916 0.334114 0.120183 -0.535926
0.993160 0.324351 0.115079 -0.510351
0.996306 0.314623 0.110223 -0.485630
0.999355 0.304925 0.105607 -0.461651
1.002308 0.295264 0.101221 -0.438526
1.005164 0.285637 0.097059 -0.416255
1.007925 0.276041 0.093112 -0.394726
1.010589 0.266469 0.089373 -0.373826
1.013159 0.256932 0.085835 -0.353778
1.015633 0.247419 0.082492 -0.334355
1.018012 0.237930 0.079336 -0.315555
1.020297 0.228477 0.076360 -0.297602
1.022487 0.219047 0.073558 -0.280267
1.024584 0.209641 0.070922 -0.263546
1.026586 0.200260 0.068448 -0.247438
1.028495 0.190902 0.066128 -0.231937
1.030311 0.181568 0.063958 -0.217039
1.032033 0.172246 0.061933 -0.202511
1.033663 0.162947 0.060047 -0.188577
1.035200 0.153673 0.058295 -0.175235
1.036644 0.144410 0.056672 -0.162245
1.037995 0.135171 0.055174 -0.149837
1.039255 0.125945 0.053796 -0.137771
1.040422 0.116730 0.052536 -0.126039
1.041497 0.107527 0.051390 -0.114637
1.042481 0.098348 0.050352 -0.103794
1.043373 0.089169 0.049421 -0.093031
1.044173 0.080001 0.048596 -0.082577
1.044881 0.070846 0.047871 -0.072427
1.045498 0.061703 0.047246 -0.062572
1.046024 0.052571 0.046715 -0.053007
1.046458 0.043440 0.046281 -0.043485
1.046801 0.034320 0.045938 -0.034238
1.047053 0.025201 0.045688 -0.025019
1.047214 0.016081 0.045530 -0.015822
1.047284 0.006962 0.045463 -0.006638
1.047262 -0.002158 0.045489 0.002540
1.047150 -0.011277 0.045606 0.011720
1.046946 -0.020397 0.045815 0.020909
1.046650 -0.029516 0.046116 0.030115
1.046264 -0.038636 0.046510 0.039347
1.045786 -0.047767 0.046998 0.048848
1.045217 -0.056899 0.047582 0.058390
1.044557 -0.066042 0.048264 0.068216
1.043805 -0.075185 0.049045 0.078098
1.042962 -0.084341 0.049928 0.088279
1.042027 -0.093508 0.050916 0.098766
1.041000 -0.102687 0.052011 0.109566
1.039881 -0.111878 0.053218 0.120685
1.038670 -0.121081 0.054540 0.132131
1.037367 -0.130296 0.055979 0.143909
1.035972 -0.139534 0.057541 0.156260
1.034484 -0.148785 0.059231 0.168955
1.032903 -0.158060 0.061053 0.182233
1.031230 -0.167346 0.063012 0.195868
1.029463 -0.176656 0.065113 0.210094
1.027604 -0.185978 0.067360 0.224687
1.025650 -0.195324 0.069758 0.239882
1.023603 -0.204694 0.072315 0.255682
1.021463 -0.214088 0.075036 0.272092
1.019228 -0.223505 0.077927 0.289115
1.016898 -0.232947 0.080995 0.306755
1.014474 -0.242424 0.084247 0.325239
1.011955 -0.251925 0.087691 0.344346
1.009340 -0.261450 0.091331 0.364076
1.006630 -0.271010 0.095178 0.384658
1.003824 -0.280595 0.099237 0.405867
1.000922 -0.290215 0.103516 0.427929
0.997923 -0.299859 0.108022 0.450622
0.994828 -0.309539 0.112764 0.474168
0.991635 -0.319248 0.117748 0.498457
0.988345 -0.328994 0.122984 0.523601
0.984958 -0.338775 0.128480 0.549596
0.981472 -0.348592 0.134245 0.576442
0.977887 -0.358438 0.140285 0.604033
0.974204 -0.368321 0.146610 0.632475
0.970422 -0.378245 0.153229 0.661872
0.966540 -0.388205 0.160150 0.692117
0.962558 -0.398201 0.167382 0.723208
0.958475 -0.408232 0.174933 0.755145
0.954292 -0.418305 0.182814 0.788029
0.950008 -0.428414 0.191031 0.821753
0.945623 -0.438565 0.199595 0.856419
0.941135 -0.448751 0.208515 0.891922
0.936545 -0.458980 0.217798 0.928363
0.931853 -0.469249 0.227456 0.965738
0.927057 -0.479555 0.237495 1.003943
0.922158 -0.489902 0.247926 1.043077
0.917155 -0.500292 0.258757 1.083137
0.912048 -0.510716 0.269997 1.124024
0.906836 -0.521183 0.281656 1.165828
0.901519 -0.531685 0.293740 1.208454
0.896097 -0.542229 0.306260 1.251996
0.890569 -0.552809 0.319224 1.296353
0.884935 -0.563431 0.332640 1.341623
0.879194 -0.574088 0.346517 1.387706
0.873346 -0.584781 0.360863 1.434600
0.867391 -0.595510 0.375686 1.482308
0.861328 -0.606275 0.390994 1.530826
0.855157 -0.617075 0.406796 1.580152
0.848878 -0.627911 0.423099 1.630288
0.842490 -0.638777 0.439910 1.681143
0.835994 -0.649679 0.457238 1.732805
0.829388 -0.660610 0.475090 1.785186
0.822672 -0.671571 0.493473 1.838288
0.815846 -0.682563 0.512394 1.892111
0.808910 -0.693578 0.531860 1.946568
0.801864 -0.704616 0.551876 2.001667
0.794708 -0.715679 0.572451 2.057409
0.787440 -0.726765 0.593589 2.113795
0.780061 -0.737870 0.615296 2.170748
0.772571 -0.748992 0.637579 2.228266
0.764970 -0.760132 0.660442 2.286363
0.757257 -0.771284 0.683892 2.344954
0.749433 -0.782448 0.707932 2.404052
0.741496 -0.793618 0.732568 2.463579
0.733449 -0.804794 0.757804 2.523541
0.725289 -0.815976 0.783643 2.583951
0.717017 -0.827157 0.810090 2.644730
0.708634 -0.838333 0.837149 2.705818
0.700139 -0.849503 0.864821 2.767223
0.691532 -0.860661 0.893110 2.828872
0.682814 -0.871807 0.922017 2.890784
0.673985 -0.882936 0.951546 2.952892
0.665044 -0.894046 0.981698 3.015208
0.655993 -0.905132 1.012475 3.077668
0.646831 -0.916189 1.043877 3.140235
0.637559 -0.927210 1.075906 3.202820
0.628177 -0.938195 1.108560 3.265452
0.618686 -0.949138 1.141841 3.328073
0.609085 -0.960034 1.175747 3.390634
0.599377 -0.970876 1.210278 3.453076
0.589560 -0.981665 1.245432 3.515410
0.579636 -0.992388 1.281207 3.577530
0.569606 -1.003045 1.317602 3.639448
0.559469 -1.013631 1.354613 3.701115
0.549228 -1.024139 1.392238 3.762484
0.538882 -1.034558 1.430472 3.823435
0.528433 -1.044887 1.469312 3.883994
0.517882 -1.055121 1.508753 3.944123
0.507230 -1.065254 1.548791 4.003763
0.496477 -1.075277 1.589420 4.062891
0.485625 -1.085186 1.630634 4.121387
0.474675 -1.094973 1.672426 4.179275
0.463629 -1.104632 1.714791 4.236484
0.452487 -1.114157 1.757721 4.292977
0.441252 -1.123539 1.801208 4.348683
0.429924 -1.132771 1.845243 4.403555
0.418506 -1.141849 1.889819 4.457569
0.406998 -1.150763 1.934926 4.510653
0.395403 -1.159507 1.980553 4.562759
0.383722 -1.168075 2.026692 4.613864
0.371958 -1.176462 2.073331 4.663944
0.360111 -1.184654 2.120460 4.712868
0.348185 -1.192650 2.168067 4.760647
0.336180 -1.200441 2.216139 4.807234
0.324100 -1.208019 2.264665 4.852581
0.311946 -1.215380 2.313631 4.896641
0.299721 -1.222515 2.363025 4.939365
0.287427 -1.229417 2.412832 4.980707
0.275066 -1.236081 2.463038 5.020642
0.262641 -1.242498 2.513629 5.059099
0.250155 -1.248661 2.564590 5.096030
0.237609 -1.254566 2.615904 5.131412
0.225007 -1.260208 2.667556 5.165243
0.212351 -1.265578 2.719531 5.197453
0.199644 -1.270673 2.771811 5.228019
0.186890 -1.275484 2.824379 5.256867
0.174089 -1.280010 2.877220 5.284023
0.161247 -1.284243 2.930314 5.309415
0.148365 -1.288180 2.983644 5.333042
0.135447 -1.291814 3.037193 5.354834
0.122496 -1.295144 3.090941 5.374813
0.109514 -1.298165 3.144870 5.392933
0.096505 -1.300873 3.198962 5.409193
0.083473 -1.303265 3.253197 5.423546
0.070419 -1.305339 3.307557 5.435991
0.057348 -1.307091 3.362022 5.446506
0.044263 -1.308521 3.416573 5.455089
0.031167 -1.309625 3.471190 5.461717
0.018063 -1.310403 3.525854 5.466390
0.004954 -1.310855 3.580545 5.469108
-0.008156 -1.310979 3.635244 5.469847
-0.021263 -1.310775 3.689930 5.468631
-0.034366 -1.310244 3.744585 5.465436
-0.047460 -1.309385 3.799187 5.460286
-0.060542 -1.308201 3.853719 5.453181
-0.073609 -1.306692 3.908160 5.444121
-0.086657 -1.304861 3.962492 5.433130
-0.099684 -1.302709 4.016694 5.420184
-0.112687 -1.300240 4.070747 5.405331
-0.125661 -1.297454 4.124633 5.388594
-0.138605 -1.294358 4.178333 5.370045
-0.151514 -1.290953 4.231830 5.349636
-0.164387 -1.287244 4.285103 5.327368
-0.177219 -1.283234 4.338136 5.303288
-0.190008 -1.278929 4.390911 5.277443
-0.202752 -1.274334 4.443409 5.249882
-0.215446 -1.269452 4.495615 5.220604
-0.228089 -1.264291 4.547512 5.189657
-0.240678 -1.258853 4.599082 5.157042
-0.253209 -1.253145 4.650311 5.122805
-0.265681 -1.247174 4.701180 5.086994
-0.278090 -1.240948 4.751678 5.049706
-0.290435 -1.234472 4.801786 5.010891
-0.302713 -1.227751 4.851493 4.970646
-0.314920 -1.220793 4.900783 4.928970
-0.327056 -1.213601 4.949642 4.885912
-0.339118 -1.206186 4.998057 4.841518
-0.351104 -1.198554 5.046015 4.795837
-0.363011 -1.190713 5.093505 4.748964
-0.374838 -1.182666 5.140513 4.700851
-0.386582 -1.174426 5.187030 4.651642
-0.398242 -1.165995 5.233043 4.601336
-0.409816 -1.157382 5.278543 4.549980
-0.421302 -1.148593 5.323519 4.497623
-0.432698 -1.139638 5.367962 4.444313
-0.444003 -1.130521 5.411863 4.390097
-0.455216 -1.121250 5.455213 4.334974
-0.466334 -1.111832 5.498004 4.279089
-0.477357 -1.102275 5.540228 4.222441
-0.488283 -1.092583 5.581879 4.165030
-0.499110 -1.082766 5.622949 4.106998
-0.509839 -1.072830 5.663432 4.048347
-0.520466 -1.062781 5.703323 3.989124
-0.530993 -1.052624 5.742617 3.929377
-0.541416 -1.042366 5.781309 3.869152
-0.551736 -1.032013 5.819394 3.808498
-0.561952 -1.021570 5.856868 3.747416
-0.572063 -1.011044 5.893728 3.685999
-0.582067 -1.000440 5.929970 3.624249
-0.591965 -0.989765 5.965593 3.562260
-0.601755 -0.979024 6.000594 3.500080
-0.611437 -0.968224 6.034971 3.437757
-0.621011 -0.957370 6.068724 3.375292
-0.630475 -0.946462 6.101851 3.312731
-0.639830 -0.935507 6.134352 3.250074
-0.649076 -0.924510 6.166226 3.187418
-0.658210 -0.913477 6.197474 3.124809
-0.667234 -0.902414 6.228097 3.062296
-0.676148 -0.891322 6.258096 2.999878
-0.684950 -0.880206 6.287472 2.937603
-0.693640 -0.869071 6.316227 2.875519
-0.702220 -0.857919 6.344364 2.813625
-0.710687 -0.846756 6.371884 2.752018
-0.719043 -0.835586 6.398791 2.690697
-0.727287 -0.824410 6.425088 2.629709
-0.735419 -0.813228 6.450778 2.569008
-0.743440 -0.802046 6.475865 2.508688
-0.751349 -0.790870 6.500353 2.448797
-0.759146 -0.779700 6.524246 2.389336
-0.766831 -0.768542 6.547550 2.330399
-0.774405 -0.757390 6.570269 2.271891
-0.781868 -0.746256 6.592409 2.213955
-0.789219 -0.735134 6.613974 2.156496
-0.796459 -0.724036 6.634971 2.099705
-0.803589 -0.712955 6.655406 2.043486
-0.810608 -0.701898 6.675284 1.987886
-0.817516 -0.690866 6.694614 1.932955
-0.824315 -0.679857 6.713400 1.878643
-0.831004 -0.668871 6.731650 1.824999
-0.837583 -0.657916 6.749371 1.772070
-0.844053 -0.646991 6.766570 1.719856
-0.850414 -0.636095 6.783253 1.668358
-0.856666 -0.625235 6.799430 1.617670
-0.862810 -0.614405 6.815107 1.567698
-0.868846 -0.603610 6.830292 1.518536
-0.874775 -0.592852 6.844994 1.470184
-0.880596 -0.582129 6.859221 1.422644
-0.886310 -0.571442 6.872980 1.375914
-0.891918 -0.560790 6.886280 1.329994
-0.897420 -0.550181 6.899129 1.284981
-0.902816 -0.539607 6.911537 1.240778
-0.908107 -0.529075 6.923512 1.197481
-0.913293 -0.518578 6.935062 1.154995
-0.918374 -0.508124 6.946197 1.113462
-0.923351 -0.497705 6.956924 1.072741
-0.928224 -0.487328 6.967253 1.032925
-0.932994 -0.476992 6.977194 0.994062
-0.937661 -0.466692 6.986754 0.956011
-0.942225 -0.456434 6.995943 0.918913
-0.946688 -0.446218 7.004770 0.882721
-0.951048 -0.436038 7.013244 0.847387
-0.955307 -0.425899 7.021374 0.812960
-0.959465 -0.415796 7.029168 0.779390
-0.963522 -0.405735 7.036635 0.746775
-0.967479 -0.395709 7.043786 0.715017
-0.971337 -0.385720 7.050626 0.684071
-0.975094 -0.375772 7.057167 0.654078
-0.978753 -0.365859 7.063416 0.624943
-0.982313 -0.355983 7.069383 0.596666
-0.985774 -0.346142 7.075076 0.569248
-0.989138 -0.336337 7.080503 0.542688
-0.992403 -0.326568 7.085672 0.516939
-0.995571 -0.316828 7.090591 0.491953
-0.998643 -0.307125 7.095270 0.467825
-1.001617 -0.297457 7.099715 0.444555
-1.004496 -0.287819 7.103935 0.422001
-1.007278 -0.278211 7.107937 0.400209
-1.009964 -0.268638 7.111730 0.379276
-1.012555 -0.259089 7.115320 0.358963
-1.015051 -0.249565 7.118712 0.339270
-1.017451 -0.240076 7.121917 0.320435
-1.019757 -0.230610 7.124939 0.302219
-1.021969 -0.221169 7.127785 0.284624
-1.024087 -0.211751 7.130462 0.267649
-1.026110 -0.202358 7.132975 0.251293
-1.028040 -0.192988 7.135330 0.235510
-1.029876 -0.183642 7.137533 0.220346
-1.031620 -0.174320 7.139591 0.205803
-1.033270 -0.165021 7.141510 0.191832
-1.034827 -0.155735 7.143292 0.178242
-1.036292 -0.146472 7.144944 0.165224
-1.037664 -0.137222 7.146470 0.152540
-1.038944 -0.127995 7.147874 0.140429
-1.040132 -0.118780 7.149160 0.128651
-1.041228 -0.109577 7.150332 0.117207
-1.042232 -0.100386 7.151393 0.106096
-1.043144 -0.091207 7.152347 0.095320
-1.043964 -0.082040 7.153195 0.084829
-1.044693 -0.072885 7.153942 0.074673
-1.045330 -0.063741 7.154590 0.064802
-1.045876 -0.054598 7.155139 0.054979
-1.046331 -0.045466 7.155594 0.045443
-1.046694 -0.036335 7.155953 0.035954
-1.046966 -0.027215 7.156220 0.026703
-1.047147 -0.018096 7.156395 0.017500
-1.047237 -0.008976 7.156478 0.008297
-1.047236 0.000143 7.156469 -0.000906
-1.047143 0.009263 7.156368 -0.010109
-1.046959 0.018382 7.156175 -0.019312
-1.046684 0.027502 7.155890 -0.028515
-1.046318 0.036621 7.155512 -0.037766
-1.045861 0.045753 7.155040 -0.047255
-1.045312 0.054884 7.154472 -0.056791
-1.044671 0.064027 7.153806 -0.066614
-1.043940 0.073171 7.153041 -0.076485
-1.043116 0.082326 7.152174 -0.086641
-1.042202 0.091493 7.151203 -0.097132
-1.041195 0.100672 7.150124 -0.107908
-1.040096 0.109863 7.148934 -0.119019
-1.038906 0.119066 7.147629 -0.130463
-1.037623 0.128281 7.146207 -0.142241
-1.036248 0.137508 7.144663 -0.154352
-1.034780 0.146759 7.142993 -0.167036
-1.033220 0.156021 7.141192 -0.180054
-1.031567 0.165308 7.139256 -0.193644
-1.029821 0.174606 7.137180 -0.207615
-1.027981 0.183928 7.134958 -0.222158
-1.026049 0.193274 7.132585 -0.237322
-1.024022 0.202644 7.130054 -0.253105
-1.021902 0.212038 7.127359 -0.269508
-1.019687 0.221455 7.124494 -0.286484
-1.017378 0.230896 7.121453 -0.304079
-1.014975 0.240362 7.118230 -0.322294
-1.012476 0.249851 7.114819 -0.341129
-1.009882 0.259376 7.111211 -0.360823
-1.007193 0.268924 7.107399 -0.381136
-1.004408 0.278509 7.103376 -0.402308
-1.001527 0.288117 7.099135 -0.424099
-0.998549 0.297755 7.094670 -0.446510
-0.995475 0.307429 7.089972 -0.469780
-0.992304 0.317132 7.085033 -0.493908
-0.989035 0.326872 7.079844 -0.518894
-0.985669 0.336641 7.074398 -0.544643
-0.982204 0.346446 7.068686 -0.571251
-0.978641 0.356287 7.062699 -0.598669
-0.974980 0.366163 7.056429 -0.626945
-0.971219 0.376076 7.049869 -0.656080
-0.967359 0.386029 7.043007 -0.686169
-0.963398 0.396019 7.035836 -0.717115
-0.959338 0.406045 7.028347 -0.748920
-0.955177 0.416112 7.020530 -0.781631
-0.950915 0.426215 7.012378 -0.815201
-0.946551 0.436354 7.003882 -0.849628
-0.942086 0.446534 6.995032 -0.884962
-0.937518 0.456756 6.985820 -0.921249
-0.932848 0.467014 6.976236 -0.958395
-0.928075 0.477314 6.966271 -0.996447
-0.923198 0.487655 6.955917 -1.035452
-0.918218 0.498033 6.945164 -1.075268
-0.913134 0.508451 6.934004 -1.115990
-0.907945 0.518906 6.922429 -1.157570
-0.902651 0.529402 6.910428 -1.200056
-0.897251 0.539935 6.897995 -1.243353
-0.891746 0.550508 6.885119 -1.287556
-0.886135 0.561118 6.871793 -1.332569
-0.880417 0.571769 6.858008 -1.378489
-0.874593 0.582457 6.843756 -1.425219
-0.868661 0.593179 6.829029 -1.472759
-0.862621 0.603938 6.813818 -1.521111
-0.856474 0.614733 6.798115 -1.570272
-0.850219 0.625563 6.781912 -1.620245
-0.843854 0.636423 6.765203 -1.670933
-0.837381 0.647318 6.747979 -1.722431
-0.830799 0.658244 6.730232 -1.774645
-0.824107 0.669199 6.711956 -1.827621
-0.817305 0.680184 6.693143 -1.881313
-0.810393 0.691193 6.673787 -1.935625
-0.803371 0.702232 6.653880 -1.990652
-0.796238 0.713295 6.633417 -2.046347
-0.788994 0.724375 6.612391 -2.102566
-0.781639 0.735480 6.590796 -2.159452
-0.774173 0.746602 6.568627 -2.216911
-0.766596 0.757736 6.545879 -2.274847
-0.758907 0.768888 6.522545 -2.333355
-0.751106 0.780052 6.498621 -2.392387
-0.743194 0.791222 6.474103 -2.451849
-0.735170 0.802398 6.448986 -2.511740
-0.727034 0.813580 6.423265 -2.572060
-0.718787 0.824761 6.396937 -2.632761
-0.710427 0.835937 6.370000 -2.693748
-0.701956 0.847107 6.342449 -2.755070
-0.693374 0.858271 6.314282 -2.816725
-0.684679 0.869423 6.285496 -2.878618
-0.675874 0.880557 6.256089 -2.940702
-0.666957 0.891674 6.226058 -3.003025
-0.657929 0.902766 6.195404 -3.065491
-0.648791 0.913829 6.164124 -3.128004
-0.639543 0.924855 6.132218 -3.190565
-0.630184 0.935847 6.099686 -3.253174
-0.620716 0.946796 6.066528 -3.315783
-0.611139 0.957704 6.032744 -3.378391
-0.601453 0.968558 5.998336 -3.440857
-0.591660 0.979358 5.963304 -3.503227
-0.581759 0.990099 5.927649 -3.565454
-0.571751 1.000768 5.891375 -3.627396
-0.561638 1.011366 5.854485 -3.689051
-0.551419 1.021886 5.816980 -3.750420
-0.541095 1.032329 5.778865 -3.811502
-0.530669 1.042682 5.740143 -3.872204
-0.520139 1.052940 5.700819 -3.932476
-0.509508 1.063097 5.660896 -3.992224
-0.498777 1.073143 5.620382 -4.051447
-0.487946 1.083076 5.579281 -4.110050
-0.477017 1.092890 5.537601 -4.168081
-0.465991 1.102576 5.495346 -4.225445
-0.454870 1.112127 5.452526 -4.282045
-0.443655 1.121539 5.409147 -4.337883
-0.432347 1.130804 5.365217 -4.392958
-0.420948 1.139915 5.320746 -4.447126
-0.409459 1.148865 5.275742 -4.500389
-0.397882 1.157647 5.230215 -4.552746
-0.386220 1.166254 5.184174 -4.604101
-0.374473 1.174679 5.137630 -4.654408
-0.362644 1.182914 5.090594 -4.703569
-0.350734 1.190951 5.043078 -4.751587
-0.338747 1.198786 4.995094 -4.798412
-0.326682 1.206413 4.946653 -4.844046
-0.314544 1.213822 4.897769 -4.888391
-0.302334 1.221004 4.848455 -4.931402
-0.290055 1.227957 4.798725 -4.973030
-0.277708 1.234671 4.748592 -5.013275
-0.265296 1.241142 4.698072 -5.052042
-0.252823 1.247361 4.647179 -5.089331
-0.240290 1.253323 4.595928 -5.125093
-0.227699 1.259022 4.544335 -5.159235
-0.215055 1.264450 4.492417 -5.191803
-0.202359 1.269603 4.440190 -5.222702
-0.189614 1.274475 4.387671 -5.251932
-0.176824 1.279062 4.334877 -5.279446
-0.163990 1.283358 4.281825 -5.305195
-0.151116 1.287358 4.228533 -5.329180
-0.138206 1.291057 4.175019 -5.351400
-0.125261 1.294452 4.121301 -5.371761
-0.112286 1.297539 4.067398 -5.390310
-0.099283 1.300313 4.013329 -5.406952
-0.086255 1.302773 3.959111 -5.421710
-0.073206 1.304915 3.904766 -5.434561
-0.060139 1.306736 3.850311 -5.445480
-0.047056 1.308234 3.795766 -5.454469
-0.033962 1.309408 3.741151 -5.461502
-0.020860 1.310256 3.686486 -5.466580
-0.007752 1.310778 3.631788 -5.469704
0.005358 1.310971 3.577080 -5.470872
0.018466 1.310838 3.522379 -5.470061
0.031570 1.310376 3.467706 -5.467296
0.044666 1.309587 3.413080 -5.462575
0.057751 1.308473 3.358521 -5.455899
0.070821 1.307034 3.304049 -5.447268
0.083874 1.305272 3.249682 -5.436707
0.096906 1.303189 3.195440 -5.424213
0.109913 1.300786 3.141342 -5.409789
0.122894 1.298069 3.087407 -5.393481
0.135845 1.295040 3.033654 -5.375314
0.148762 1.291700 2.980101 -5.355263
0.161642 1.288055 2.926767 -5.333400
0.174483 1.284109 2.873670 -5.309725
0.187282 1.279867 2.820827 -5.284286
0.200035 1.275332 2.768256 -5.257082
0.212740 1.270512 2.715975 -5.228162
0.225394 1.265410 2.663999 -5.197573
0.237995 1.260030 2.612346 -5.165315
0.250539 1.254380 2.561031 -5.131435
0.263023 1.248467 2.510072 -5.095983
0.275446 1.242295 2.459482 -5.058980
0.287805 1.235870 2.409277 -5.020475
0.300097 1.229200 2.359472 -4.980516
0.312320 1.222292 2.310080 -4.939151
0.324471 1.215151 2.261116 -4.896402
0.336549 1.207784 2.212593 -4.852319
0.348551 1.200199 2.164524 -4.806948
0.360475 1.192403 2.116920 -4.760337
0.372319 1.184401 2.069795 -4.712510
0.384081 1.176202 2.023160 -4.663539
0.395759 1.167813 1.977025 -4.613471
0.407352 1.159239 1.931402 -4.562330
0.418857 1.150489 1.886300 -4.510176
0.430272 1.141569 1.841729 -4.457057
0.441597 1.132485 1.797699 -4.403007
0.452830 1.123247 1.754218 -4.348087
0.463968 1.113862 1.711295 -4.292381
0.475012 1.104334 1.668936 -4.235876
0.485958 1.094672 1.627149 -4.178655
0.496807 1.084882 1.585942 -4.120755
0.507557 1.074967 1.545320 -4.062188
0.518206 1.064938 1.505289 -4.003048
0.528754 1.054806 1.465855 -3.943419
0.539200 1.044565 1.427023 -3.883243
0.549542 1.034230 1.388796 -3.822637
0.559780 1.023805 1.351180 -3.761637
0.569913 1.013297 1.314177 -3.700292
0.579940 1.002711 1.277791 -3.638649
0.589861 0.992054 1.242023 -3.576756
0.599674 0.981325 1.206877 -3.514588
0.609379 0.970536 1.172355 -3.452265
0.618976 0.959688 1.138457 -3.389776
0.628464 0.948793 1.105184 -3.327239
0.637843 0.937849 1.072538 -3.264630
0.647111 0.926864 1.040518 -3.202009
0.656270 0.915843 1.009124 -3.139436
0.665318 0.904787 0.978355 -3.076893
0.674255 0.893700 0.948210 -3.014439
0.683081 0.882590 0.918689 -2.952135
0.691795 0.871462 0.889789 -2.890038
0.700398 0.860316 0.861507 -2.828139
0.708890 0.849158 0.833842 -2.766502
0.717270 0.837988 0.806791 -2.705115
0.725538 0.826812 0.780351 -2.644038
0.733694 0.815630 0.754518 -2.583271
0.741739 0.804448 0.729289 -2.522874
0.749671 0.793272 0.704660 -2.462924
0.757492 0.782102 0.680626 -2.403408
0.765202 0.770938 0.657183 -2.344322
0.772800 0.759786 0.634325 -2.285743
0.780286 0.748646 0.612049 -2.227658
0.787661 0.737524 0.590347 -2.170146
0.794926 0.726420 0.569215 -2.113205
0.802079 0.715333 0.548647 -2.056825
0.809122 0.704271 0.528636 -2.001095
0.816054 0.693232 0.509176 -1.946002
0.822876 0.682217 0.490260 -1.891550
0.829588 0.671226 0.471883 -1.837736
0.836191 0.660264 0.454037 -1.784644
0.842684 0.649333 0.436714 -1.732272
0.849069 0.638431 0.419908 -1.680619
0.855344 0.627565 0.403610 -1.629773
0.861512 0.616729 0.387814 -1.579645
0.867571 0.605929 0.372510 -1.530325
0.873523 0.595164 0.357692 -1.481816
0.879367 0.584435 0.343351 -1.434118
0.885104 0.573742 0.329479 -1.387230
0.890735 0.563085 0.316067 -1.341155
0.896260 0.552464 0.303108 -1.295894
0.901679 0.541884 0.290593 -1.251543
0.906992 0.531340 0.278513 -1.208010
0.912200 0.520837 0.266859 -1.165393
0.917304 0.510371 0.255623 -1.123595
0.922304 0.499946 0.244796 -1.082718
0.927199 0.489563 0.234368 -1.042764
0.931991 0.479215 0.224332 -1.003636
0.936680 0.468910 0.214677 -0.965437
0.941267 0.458646 0.205396 -0.928169
0.945751 0.448418 0.196478 -0.891735
0.950133 0.438231 0.187916 -0.856237
0.954414 0.428081 0.179700 -0.821577
0.958594 0.417972 0.171821 -0.787859
0.962673 0.407898 0.164272 -0.754982
0.966652 0.397867 0.157041 -0.723052
0.970530 0.387871 0.150121 -0.691967
0.974309 0.377911 0.143504 -0.661728
0.977989 0.367993 0.137180 -0.632443
0.981570 0.358111 0.131140 -0.604007
0.985053 0.348264 0.125375 -0.576422
0.988438 0.338453 0.119879 -0.549687
0.991724 0.328672 0.114642 -0.523698
0.994914 0.318927 0.109656 -0.498560
0.998006 0.309217 0.104913 -0.474276
1.001001 0.299537 0.100406 -0.450735
1.003900 0.289893 0.096125 -0.428047
1.006703 0.280273 0.092066 -0.405990
1.009410 0.270689 0.088218 -0.384786
1.012021 0.261140 0.084573 -0.364433
1.014537 0.251615 0.081126 -0.344707
1.016958 0.242114 0.077870 -0.325605
1.019285 0.232649 0.074797 -0.307351
1.021517 0.223207 0.071900 -0.289715
1.023655 0.213790 0.069173 -0.272696
1.025699 0.204396 0.066610 -0.256290
1.027649 0.195026 0.064205 -0.240492
1.029506 0.185680 0.061952 -0.225301
1.031269 0.176358 0.059845 -0.210711
1.032940 0.167048 0.057880 -0.196487
1.034518 0.157762 0.056051 -0.182856
1.036003 0.148499 0.054353 -0.169813
1.037395 0.139248 0.052782 -0.157120
1.038695 0.130010 0.051334 -0.144771
1.039903 0.120795 0.050004 -0.132995
1.041019 0.111592 0.048789 -0.121552
1.042043 0.102401 0.047684 -0.110434
1.042975 0.093222 0.046688 -0.099635
1.043816 0.084054 0.045797 -0.089149
1.044565 0.074899 0.045007 -0.078969
1.045222 0.065756 0.044316 -0.069088
1.045788 0.056612 0.043723 -0.059262
1.046263 0.047481 0.043226 -0.049720
1.046647 0.038350 0.042824 -0.040219
1.046939 0.029230 0.042514 -0.030987
1.047140 0.020111 0.042296 -0.021780
1.047250 0.010991 0.042170 -0.012590
1.047269 0.001872 0.042136 -0.003410
1.047196 -0.007248 0.042194 0.005769
1.047033 -0.016367 0.042344 0.014954
1.046778 -0.025487 0.042585 0.024153
1.046432 -0.034606 0.042919 0.033374
1.045994 -0.043726 0.043345 0.042623
1.045466 -0.052857 0.043867 0.052147
1.044846 -0.061989 0.044484 0.061716
1.044135 -0.071132 0.045199 0.071573
1.043332 -0.080287 0.046017 0.081727
1.042437 -0.089455 0.046938 0.092184
1.041451 -0.098634 0.047968 0.102950
1.040373 -0.107825 0.049108 0.114033
1.039202 -0.117028 0.050363 0.125439
1.037940 -0.126243 0.051734 0.137175
1.036585 -0.135469 0.053227 0.149246
1.035138 -0.144708 0.054844 0.161659
1.033598 -0.153971 0.056590 0.174653
1.031966 -0.163245 0.058470 0.188000
1.030241 -0.172544 0.060489 0.201939
1.028422 -0.181866 0.062654 0.216472
1.026510 -0.191200 0.064968 0.231375
1.024504 -0.200558 0.067437 0.246882
1.022405 -0.209939 0.070067 0.262997
1.020211 -0.219345 0.072864 0.279723
1.017924 -0.228775 0.075835 0.297064
1.015541 -0.238240 0.078987 0.315250
1.013064 -0.247729 0.082328 0.334057
1.010492 -0.257242 0.085863 0.353487
1.007824 -0.266778 0.089598 0.373542
1.005060 -0.276351 0.093542 0.394448
1.002201 -0.285947 0.097702 0.415984
0.999245 -0.295579 0.102086 0.438373
0.996193 -0.305241 0.106700 0.461394
0.993043 -0.314939 0.111554 0.485379
0.989797 -0.324667 0.116655 0.510108
0.986452 -0.334430 0.122012 0.535691
0.983010 -0.344229 0.127633 0.562125
0.979469 -0.354064 0.133527 0.589411
0.975830 -0.363934 0.139703 0.617547
0.972092 -0.373840 0.146168 0.646533
0.968254 -0.383782 0.152932 0.676368
0.964316 -0.393760 0.160002 0.707050
0.960278 -0.403780 0.167389 0.738682
0.956140 -0.413835 0.175100 0.771157
0.951901 -0.423926 0.183145 0.804475
0.947560 -0.434059 0.191533 0.838736
0.943118 -0.444233 0.200272 0.873937
0.938573 -0.454444 0.209372 0.909974
0.933926 -0.464696 0.218841 0.946946
0.929177 -0.474983 0.228689 0.984751
0.924323 -0.485313 0.238923 1.023485
0.919367 -0.495684 0.249555 1.063146
0.914306 -0.506091 0.260591 1.103632
0.909140 -0.516540 0.272042 1.145038
0.903870 -0.527024 0.283914 1.187268
0.898495 -0.537550 0.296218 1.230413
0.893013 -0.548112 0.308962 1.274377
0.887426 -0.558716 0.322155 1.319253
0.881733 -0.569355 0.335804 1.364943
0.875932 -0.580037 0.349920 1.411542
0.870025 -0.590754 0.364509 1.458952
0.864010 -0.601506 0.379581 1.507172
0.857887 -0.612295 0.395143 1.556200
0.851656 -0.623113 0.411202 1.605946
0.845316 -0.633967 0.427767 1.656502
0.838867 -0.644857 0.444846 1.707867
0.832310 -0.655776 0.462445 1.759949
0.825642 -0.666726 0.480573 1.812753
0.818865 -0.677705 0.499236 1.866275
0.811978 -0.688708 0.518440 1.920432
0.804981 -0.699741 0.538193 1.975316
0.797873 -0.710797 0.558502 2.030838
0.790654 -0.721872 0.579371 2.086920
0.783325 -0.732970 0.600807 2.143651
0.775884 -0.744087 0.622817 2.200949
0.768331 -0.755221 0.645405 2.258819
0.760668 -0.766367 0.668577 2.317184
0.752893 -0.777525 0.692337 2.376050
0.745006 -0.788695 0.716692 2.435422
0.737007 -0.799870 0.741644 2.495223
0.728896 -0.811052 0.767199 2.555472
0.720674 -0.822234 0.793359 2.616090
0.712340 -0.833410 0.820129 2.677006
0.703894 -0.844586 0.847513 2.738309
0.695337 -0.855750 0.875511 2.799857
0.686668 -0.866902 0.904128 2.861661
0.677887 -0.878042 0.933365 2.923733
0.668996 -0.889158 0.963224 2.985930
0.659993 -0.900257 0.993708 3.048348
0.650880 -0.911325 1.024816 3.110856
0.641656 -0.922364 1.056551 3.173447
0.632322 -0.933367 1.088912 3.236079
0.622879 -0.944328 1.121899 3.298700
0.613327 -0.955248 1.155512 3.361320
0.603666 -0.966114 1.189750 3.423810
0.593896 -0.976926 1.224612 3.486192
0.584019 -0.987679 1.260096 3.548419
0.574036 -0.998366 1.296200 3.610432
0.563946 -1.008981 1.332922 3.672183
0.553751 -1.019520 1.370258 3.733623
0.543451 -1.029980 1.408206 3.794777
0.533047 -1.040351 1.446762 3.855538
0.522541 -1.050627 1.485920 3.915846
0.511933 -1.060808 1.525677 3.975737
0.501224 -1.070881 1.566028 4.035091
0.490416 -1.080841 1.606967 4.093874
0.479509 -1.090682 1.648487 4.152036
0.468505 -1.100397 1.690583 4.209542
0.457405 -1.109982 1.733246 4.266357
0.446211 -1.119426 1.776470 4.322398
0.434924 -1.128724 1.820247 4.377639
0.423545 -1.137871 1.864567 4.432034
0.412077 -1.146859 1.909423 4.485548
0.400520 -1.155680 1.954804 4.538107
0.388876 -1.164329 2.000700 4.589677
0.377148 -1.172796 2.047102 4.640198
0.365338 -1.181075 2.093999 4.689646
0.353446 -1.189160 2.141379 4.737973
0.341476 -1.197043 2.189230 4.785109
0.329429 -1.204717 2.237540 4.831004
0.317307 -1.212174 2.286296 4.875612
0.305113 -1.219410 2.335485 4.918933
0.292849 -1.226416 2.385094 4.960895
0.280517 -1.233184 2.435108 5.001426
0.268120 -1.239711 2.485514 5.040526
0.255660 -1.245987 2.536295 5.078149
0.243140 -1.252007 2.587438 5.114245
0.230562 -1.257765 2.638925 5.148768
0.217929 -1.263255 2.690742 5.181694
0.205245 -1.268472 2.742872 5.212975
0.192511 -1.273409 2.795298 5.242586
0.179730 -1.278061 2.848003 5.270481
0.166906 -1.282422 2.900969 5.296636
0.154041 -1.286490 2.954180 5.321050
0.141138 -1.290259 3.007616 5.343652
0.128201 -1.293723 3.061260 5.364442
0.115232 -1.296880 3.115094 5.383396
0.102235 -1.299726 3.169099 5.400467
0.089212 -1.302258 3.223256 5.415654
0.076168 -1.304472 3.277545 5.428934
0.063104 -1.306366 3.331948 5.440307
0.050025 -1.307938 3.386446 5.449748
0.036933 -1.309186 3.441018 5.457234
0.023832 -1.310108 3.495646 5.462766
0.010725 -1.310703 3.550309 5.466342
-0.002385 -1.310971 3.604988 5.467939
-0.015494 -1.310912 3.659664 5.467582
-0.028599 -1.310524 3.714317 5.465269
-0.041697 -1.309810 3.768927 5.460978
-0.054785 -1.308769 3.823474 5.454731
-0.067859 -1.307403 3.877939 5.446529
-0.080916 -1.305714 3.932303 5.436397
-0.093953 -1.303703 3.986547 5.424333
-0.106967 -1.301374 4.040650 5.410337
-0.119954 -1.298727 4.094594 5.394459
-0.132912 -1.295768 4.148362 5.376720
-0.145837 -1.292498 4.201933 5.357122
-0.158726 -1.288922 4.255290 5.335665
-0.171577 -1.285045 4.308414 5.312395
-0.184385 -1.280870 4.361287 5.287361
-0.197149 -1.276401 4.413893 5.260563
-0.209866 -1.271644 4.466213 5.232048
-0.222532 -1.266605 4.518231 5.201817
-0.235145 -1.261288 4.569931 5.169916
-0.247702 -1.255700 4.621294 5.136395
-0.260200 -1.249848 4.672308 5.101347
-0.272638 -1.243734 4.722955 5.064678
-0.285011 -1.237366 4.773220 5.026531
-0.297319 -1.230749 4.823089 4.986906
-0.309558 -1.223895 4.872548 4.945850
-0.321726 -1.216805 4.921582 4.903412
-0.333821 -1.209489 4.970178 4.859638
-0.345840 -1.201952 5.018323 4.814529
-0.357782 -1.194200 5.066005 4.768181
-0.369645 -1.186243 5.113212 4.720640
-0.381425 -1.178086 5.159931 4.671907
-0.393123 -1.169738 5.206151 4.622078
-0.404735 -1.161206 5.251863 4.571199
-0.416260 -1.152495 5.297056 4.519272
-0.427696 -1.143613 5.341720 4.466391
-0.439042 -1.134568 5.385846 4.412556
-0.450295 -1.125365 5.429424 4.357862
-0.461455 -1.116014 5.472447 4.302311
-0.472521 -1.106519 5.514907 4.245996
-0.483489 -1.096886 5.556797 4.188919
-0.494361 -1.087123 5.598108 4.131174
-0.505133 -1.077244 5.638837 4.072857
-0.515806 -1.067245 5.678976 4.013920
-0.526377 -1.057136 5.718520 3.954411
-0.536846 -1.046920 5.757464 3.894377
-0.547212 -1.036608 5.795803 3.833914
-0.557474 -1.026201 5.833533 3.772974
-0.567631 -1.015711 5.870650 3.711700
-0.577683 -1.005143 5.907151 3.650141
-0.587628 -0.994498 5.943034 3.588247
-0.597466 -0.983787 5.978295 3.526163
-0.607196 -0.973010 6.012934 3.463840
-0.616818 -0.962180 6.046948 3.401423
-0.626330 -0.951296 6.080337 3.338909
-0.635734 -0.940365 6.113101 3.276348
-0.645028 -0.929385 6.145237 3.213692
-0.654212 -0.918370 6.176748 3.151083
-0.663285 -0.907320 6.207633 3.088522
-0.672247 -0.896239 6.237894 3.026056
-0.681099 -0.885135 6.267531 2.963734
-0.689839 -0.874007 6.296547 2.901554
-0.698467 -0.862861 6.324943 2.839565
-0.706984 -0.851703 6.352721 2.777815
-0.715390 -0.840533 6.379884 2.716351
-0.723683 -0.829357 6.406436 2.655172
-0.731865 -0.818175 6.432379 2.594328
-0.739935 -0.806993 6.457718 2.533865
-0.747893 -0.795817 6.482456 2.473831
-0.755740 -0.784642 6.506598 2.414179
-0.763474 -0.773478 6.530148 2.355003
-0.771098 -0.762326 6.553112 2.296352
-0.778609 -0.751185 6.575493 2.238178
-0.786010 -0.740057 6.597299 2.180529
-0.793299 -0.728947 6.618533 2.123451
-0.800478 -0.717854 6.639202 2.066898
-0.807546 -0.706786 6.659312 2.011013
-0.814503 -0.695741 6.678870 1.955748
-0.821350 -0.684720 6.697881 1.901150
-0.828088 -0.673723 6.716353 1.847172
-0.834715 -0.662756 6.734292 1.793909
-0.841233 -0.651819 6.751706 1.741362
-0.847643 -0.640911 6.768601 1.689577
-0.853943 -0.630033 6.784986 1.638508
-0.860135 -0.619191 6.800869 1.588249
-0.866219 -0.608385 6.816257 1.538801
-0.872195 -0.597608 6.831158 1.490068
-0.878063 -0.586867 6.845579 1.442146
-0.883825 -0.576168 6.859530 1.395130
-0.889480 -0.565505 6.873020 1.348925
-0.895029 -0.554878 6.886055 1.303530
-0.900472 -0.544286 6.898644 1.258945
-0.905809 -0.533736 6.910797 1.215267
-0.911041 -0.523221 6.922521 1.172400
-0.916169 -0.512749 6.933825 1.130438
-0.921192 -0.502318 6.944720 1.089430
-0.926111 -0.491923 6.955212 1.049232
-0.930927 -0.481570 6.965312 1.009941
-0.935639 -0.471252 6.975027 0.971508
-0.940249 -0.460976 6.984366 0.933981
-0.944757 -0.450742 6.993340 0.897408
-0.949162 -0.440544 7.001957 0.861645
-0.953466 -0.430387 7.010225 0.826836
-0.957669 -0.420266 7.018154 0.792885
-0.961770 -0.410187 7.025753 0.759840
-0.965772 -0.400144 7.033029 0.727654
-0.969673 -0.390142 7.039993 0.696421
-0.973475 -0.380176 7.046654 0.666046
-0.977178 -0.370246 7.053019 0.636482
-0.980781 -0.360352 7.059096 0.607777
-0.984286 -0.350493 7.064896 0.579929
-0.987693 -0.340670 7.070425 0.552940
-0.991002 -0.330883 7.075693 0.526810
-0.994213 -0.321132 7.080709 0.501537
-0.997327 -0.311416 7.085480 0.477123
-1.000344 -0.301737 7.090015 0.453520
-1.003265 -0.292075 7.094319 0.430441
-1.006090 -0.282454 7.098403 0.408363
-1.008818 -0.272858 7.102272 0.386906
-1.011451 -0.263298 7.105935 0.366306
-1.013989 -0.253761 7.109398 0.346327
-1.016431 -0.244260 7.112670 0.327206
-1.018779 -0.234783 7.115757 0.308704
-1.021033 -0.225329 7.118666 0.290823
-1.023192 -0.215900 7.121401 0.273561
-1.025257 -0.206494 7.123970 0.256872
-1.027228 -0.197113 7.126378 0.240803
-1.029105 -0.187755 7.128632 0.225353
-1.030889 -0.178421 7.130737 0.210524
-1.032580 -0.169110 7.132699 0.196266
-1.034179 -0.159824 7.134526 0.182629
-1.035684 -0.150549 7.136219 0.169325
-1.037097 -0.141299 7.137785 0.156593
-1.038418 -0.132060 7.139227 0.144243
-1.039646 -0.122833 7.140550 0.132227
-1.040782 -0.113630 7.141757 0.120783
-1.041827 -0.104439 7.142854 0.109625
-1.042779 -0.095260 7.143842 0.098801
-1.043640 -0.086093 7.144725 0.088310
-1.044410 -0.076938 7.145506 0.078106
-1.045088 -0.067782 7.146186 0.067997
-1.045674 -0.058639 7.146768 0.058174
-1.046169 -0.049508 7.147254 0.048637
-1.046573 -0.040376 7.147645 0.039148
-1.046885 -0.031257 7.147944 0.029898
-1.047107 -0.022137 7.148151 0.020695
-1.047237 -0.013018 7.148266 0.011492
-1.047276 -0.003898 7.148289 0.002289
-1.047224 0.005221 7.148221 -0.006866
-1.047080 0.014341 7.148060 -0.016069
-1.046846 0.023460 7.147807 -0.025272
-1.046520 0.032580 7.147462 -0.034475
-1.046103 0.041699 7.147025 -0.043726
-1.045595 0.050831 7.146492 -0.053263
-1.044995 0.059962 7.145864 -0.062799
-1.044304 0.069106 7.145138 -0.072622
-1.043521 0.078261 7.144310 -0.082779
-1.042647 0.087416 7.143381 -0.092983
-1.041681 0.096583 7.142346 -0.103474
-1.040624 0.105762 7.141203 -0.114298
-1.039474 0.114954 7.139948 -0.125456
-1.038232 0.124168 7.138577 -0.137186
-1.036898 0.133395 7.137084 -0.149250
-1.035472 0.142634 7.135468 -0.161648
-1.033953 0.151896 7.133721 -0.174618
-1.032341 0.161171 7.131842 -0.187922
-1.030637 0.170469 7.129824 -0.201845
-1.028839 0.179780 7.127663 -0.216103
-1.026948 0.189114 7.125353 -0.230980
-1.024963 0.198472 7.122888 -0.246477
-1.022885 0.207853 7.120263 -0.262547
-1.020712 0.217259 7.117470 -0.279236
-1.018445 0.226688 7.114505 -0.296545
-1.016084 0.236142 7.111360 -0.314474
-1.013628 0.245619 7.108030 -0.333023
-1.011076 0.255132 7.104506 -0.352430
-1.008430 0.264668 7.100781 -0.372458
-1.005687 0.274229 7.096850 -0.393105
-1.002849 0.283825 7.092704 -0.414610
-0.999914 0.293452 7.088334 -0.436974
-0.996883 0.303108 7.083735 -0.459957
-0.993755 0.312799 7.078896 -0.483894
-0.990530 0.322521 7.073811 -0.508451
-0.987207 0.332278 7.068472 -0.533867
-0.983787 0.342071 7.062871 -0.560141
-0.980268 0.351900 7.056998 -0.587273
-0.976650 0.361758 7.050847 -0.615168
-0.972934 0.371659 7.044406 -0.644016
-0.969118 0.381595 7.037670 -0.673676
-0.965202 0.391567 7.030628 -0.704193
-0.961186 0.401574 7.023272 -0.735569
-0.957070 0.411624 7.015593 -0.767899
-0.952853 0.421709 7.007582 -0.801086
-0.948534 0.431836 6.999230 -0.835180
-0.944115 0.441998 6.990529 -0.870132
-0.939592 0.452203 6.981469 -0.906038
-0.934968 0.462443 6.972041 -0.942755
-0.930241 0.472724 6.962237 -0.980425
-0.925410 0.483048 6.952047 -1.019001
-0.920476 0.493407 6.941463 -1.058435
-0.915438 0.503808 6.930475 -1.098776
-0.910296 0.514245 6.919075 -1.139927
-0.905048 0.524724 6.907256 -1.181984
-0.899696 0.535244 6.895006 -1.224995
-0.894238 0.545800 6.882318 -1.268816
-0.888674 0.556391 6.869183 -1.313448
-0.883004 0.567025 6.855593 -1.358986
-0.877227 0.577694 6.841540 -1.405334
-0.871343 0.588399 6.827015 -1.452494
-0.865352 0.599140 6.812010 -1.500463
-0.859252 0.609916 6.796518 -1.549244
-0.853045 0.620729 6.780529 -1.598835
-0.846729 0.631577 6.764037 -1.649237
-0.840305 0.642455 6.747034 -1.700354
-0.833771 0.653368 6.729511 -1.752281
-0.827128 0.664312 6.711462 -1.804924
-0.820375 0.675285 6.692879 -1.858282
-0.813512 0.686282 6.673756 -1.912308
-0.806539 0.697309 6.654085 -1.967049
-0.799456 0.708359 6.633861 -2.022409
-0.792261 0.719434 6.613077 -2.078438
-0.784956 0.730526 6.591727 -2.134991
-0.777540 0.741637 6.569806 -2.192116
-0.770012 0.752765 6.547307 -2.249813
-0.762373 0.763911 6.524227 -2.308083
-0.754622 0.775069 6.500558 -2.366877
-0.746760 0.786233 6.476297 -2.426100
-0.738786 0.797409 6.451438 -2.485847
-0.730700 0.808585 6.425979 -2.545929
-0.722502 0.819767 6.399915 -2.606440
-0.714193 0.830948 6.373241 -2.667332
-0.705772 0.842124 6.345956 -2.728558
-0.697239 0.853294 6.318055 -2.790117
-0.688594 0.864452 6.289536 -2.851915
-0.679838 0.875592 6.260396 -2.913904
-0.670971 0.886714 6.230636 -2.976084
-0.661993 0.897813 6.200252 -3.038406
-0.652904 0.908887 6.169243 -3.100872
-0.643705 0.919932 6.137609 -3.163433
-0.634395 0.930941 6.105348 -3.226042
-0.624976 0.941914 6.072461 -3.288698
-0.615448 0.952840 6.038949 -3.351259
-0.605811 0.963718 6.004811 -3.413773
-0.596065 0.974542 5.970049 -3.476191
-0.586212 0.985307 5.934665 -3.538418
-0.576252 0.996011 5.898660 -3.600502
-0.566186 1.006645 5.862036 -3.662348
-0.556014 1.017201 5.824798 -3.723860
-0.545737 1.027679 5.786947 -3.785086
-0.535356 1.038069 5.748487 -3.845930
-0.524872 1.048368 5.709424 -3.906345
-0.514287 1.058567 5.669761 -3.966284
-0.503600 1.068664 5.629504 -4.025745
-0.492814 1.078650 5.588657 -4.084635
-0.481928 1.088518 5.547228 -4.142904
-0.470946 1.098263 5.505222 -4.200602
-0.459867 1.107877 5.462646 -4.257584
-0.448693 1.117355 5.419508 -4.313803
-0.437427 1.126686 5.375816 -4.369211
-0.426068 1.135868 5.331578 -4.423809
-0.414619 1.144892 5.286803 -4.477501
-0.403081 1.153749 5.241501 -4.530239
-0.391457 1.162437 5.195681 -4.582024
-0.379748 1.170945 5.149353 -4.632807
-0.367955 1.179266 5.102528 -4.682493
-0.356081 1.187393 5.055217 -4.731035
-0.344128 1.195320 5.007433 -4.778433
-0.332097 1.203039 4.959187 -4.824591
-0.319992 1.210546 4.910492 -4.869509
-0.307814 1.217830 4.861361 -4.913092
-0.295565 1.224887 4.811808 -4.955339
-0.283248 1.231709 4.761846 -4.996204
-0.270865 1.238289 4.711489 -5.035639
-0.258419 1.244622 4.660753 -5.073595
-0.245912 1.250699 4.609653 -5.110025
-0.233346 1.256517 4.558204 -5.144882
-0.220726 1.262067 4.506423 -5.178165
-0.208052 1.267345 4.454324 -5.209827
-0.195329 1.272345 4.401926 -5.239820
-0.182558 1.277061 4.349245 -5.268097
-0.169743 1.281488 4.296299 -5.294657
-0.156887 1.285622 4.243104 -5.319452
-0.143993 1.289456 4.189680 -5.342436
-0.131063 1.292987 4.136044 -5.363607
-0.118101 1.296213 4.082214 -5.382967
-0.105109 1.299127 4.028209 -5.400467
-0.092092 1.301728 3.974048 -5.416083
-0.079052 1.304013 3.919750 -5.429792
-0.065992 1.305977 3.865335 -5.441570
-0.052916 1.307621 3.810820 -5.451441
-0.039827 1.308940 3.756227 -5.459356
-0.026727 1.309934 3.701574 -5.465317
-0.013621 1.310602 3.646880 -5.469322
-0.000512 1.310943 3.592167 -5.471373
0.012598 1.310955 3.537452 -5.471444
0.025704 1.310640 3.482757 -5.469561
0.038804 1.309998 3.428100 -5.465698
0.051894 1.309029 3.373501 -5.459881
0.064972 1.307735 3.318980 -5.452108
0.078033 1.306117 3.264556 -5.442405
0.091075 1.304176 3.210248 -5.430770
0.104094 1.301917 3.156076 -5.417204
0.117087 1.299340 3.102058 -5.401754
0.130052 1.296449 3.048214 -5.384398
0.142984 1.293249 2.994562 -5.365205
0.155882 1.289742 2.941121 -5.344152
0.168741 1.285930 2.887908 -5.321288
0.181559 1.281820 2.834942 -5.296636
0.194333 1.277417 2.782239 -5.270219
0.207061 1.272723 2.729819 -5.242062
0.219738 1.267746 2.677697 -5.212212
0.232363 1.262491 2.625890 -5.180693
0.244933 1.256962 2.574414 -5.147552
0.257444 1.251166 2.523286 -5.112791
0.269895 1.245108 2.472522 -5.076480
0.282283 1.238796 2.422135 -5.038643
0.294606 1.232237 2.372142 -4.999352
0.306860 1.225433 2.322556 -4.958582
0.319044 1.218393 2.273391 -4.916430
0.331155 1.211128 2.224662 -4.872942
0.343192 1.203638 2.176381 -4.828119
0.355151 1.195934 2.128561 -4.782033
0.367031 1.188022 2.081213 -4.734731
0.378830 1.179910 2.034351 -4.686260
0.390546 1.171604 1.987984 -4.636669
0.402177 1.163110 1.942124 -4.585981
0.413722 1.154438 1.896781 -4.534268
0.425178 1.145592 1.851966 -4.481566
0.436543 1.136583 1.807686 -4.427946
0.447818 1.127413 1.763952 -4.373407
0.458999 1.118091 1.720772 -4.318023
0.470085 1.108626 1.678153 -4.261863
0.481075 1.099023 1.636104 -4.204965
0.491968 1.089290 1.594630 -4.147363
0.502762 1.079428 1.553739 -4.089069
0.513457 1.069450 1.513438 -4.030192
0.524050 1.059365 1.473729 -3.970802
0.534542 1.049173 1.434621 -3.910875
0.544931 1.038879 1.396116 -3.850460
0.555216 1.028496 1.358220 -3.789663
0.565396 1.018023 1.320935 -3.728461
0.575471 1.007473 1.284265 -3.666961
0.585439 0.996846 1.248214 -3.605151
0.595301 0.986147 1.212783 -3.543079
0.605055 0.975388 1.177974 -3.480864
0.614700 0.964570 1.143789 -3.418493
0.624237 0.953698 1.110229 -3.356004
0.633665 0.942773 1.077296 -3.293383
0.642983 0.931805 1.044988 -3.230762
0.652191 0.920796 1.013307 -3.168118
0.661289 0.909752 0.982252 -3.105515
0.670275 0.898677 0.951822 -3.043008
0.679151 0.887579 0.922015 -2.980655
0.687916 0.876456 0.892831 -2.918440
0.696569 0.865316 0.864266 -2.856427
0.705110 0.854158 0.836320 -2.794605
0.713540 0.842994 0.808989 -2.733117
0.721859 0.831819 0.782270 -2.671868
0.730065 0.820637 0.756161 -2.610928
0.738159 0.809455 0.730657 -2.550364
0.746142 0.798279 0.705755 -2.490252
0.754013 0.787103 0.681450 -2.430499
0.761773 0.775933 0.657738 -2.371180
0.769420 0.764775 0.634615 -2.312362
0.776957 0.753629 0.612074 -2.254045
0.784382 0.742501 0.590111 -2.196306
0.791696 0.731385 0.568720 -2.139056
0.798898 0.720292 0.547896 -2.082455
0.805991 0.709218 0.527632 -2.026415
0.812972 0.698167 0.507922 -1.971018
0.819844 0.687140 0.488759 -1.916263
0.826605 0.676137 0.470138 -1.862144
0.833257 0.665164 0.452050 -1.808751
0.839799 0.654221 0.434489 -1.756078
0.846232 0.643307 0.417448 -1.704124
0.852556 0.632423 0.400919 -1.652887
0.858772 0.621575 0.384894 -1.602462
0.864880 0.610757 0.369367 -1.552752
0.870879 0.599974 0.354328 -1.503852
0.876772 0.589228 0.339771 -1.455763
0.882557 0.578517 0.325686 -1.408485
0.888235 0.567842 0.312066 -1.362017
0.893807 0.557208 0.298901 -1.316455
0.899273 0.546610 0.286184 -1.271710
0.904634 0.536048 0.273906 -1.227781
0.909889 0.525528 0.262059 -1.184765
0.915040 0.515044 0.250633 -1.142570
0.920086 0.504601 0.239620 -1.101294
0.925028 0.494200 0.229011 -1.060940
0.929866 0.483835 0.218797 -1.021412
0.934601 0.473511 0.208968 -0.982811
0.939233 0.463229 0.199517 -0.945139
0.943763 0.452983 0.190434 -0.908300
0.948191 0.442779 0.181710 -0.872397
0.952517 0.432611 0.173337 -0.837331
0.956742 0.422484 0.165305 -0.803204
0.960866 0.412393 0.157606 -0.769918
0.964889 0.402343 0.150230 -0.737578
0.968813 0.392330 0.143169 -0.706081
0.972636 0.382358 0.136414 -0.675535
0.976360 0.372422 0.129955 -0.645837
0.979986 0.362521 0.123785 -0.616988
0.983512 0.352657 0.117895 -0.588989
0.986940 0.342828 0.112277 -0.561840
0.990271 0.333035 0.106922 -0.535543
0.993504 0.323278 0.101821 -0.510099
0.996639 0.313550 0.096967 -0.485399
0.999678 0.303859 0.092351 -0.461552
1.002620 0.294203 0.087966 -0.438558
1.005465 0.284564 0.083805 -0.416085
1.008215 0.274968 0.079859 -0.394576
1.010869 0.265396 0.076122 -0.373696
1.013427 0.255859 0.072585 -0.353666
1.015891 0.246346 0.069243 -0.334262
1.018260 0.236869 0.066086 -0.315706
1.020534 0.227416 0.063108 -0.297771
1.022714 0.217986 0.060303 -0.280453
1.024799 0.208580 0.057666 -0.263749
1.026791 0.199199 0.055189 -0.247655
1.028690 0.189841 0.052868 -0.232169
1.030495 0.180507 0.050695 -0.217287
1.032207 0.171196 0.048665 -0.203004
1.033826 0.161898 0.046774 -0.189084
1.035352 0.152624 0.045016 -0.175754
1.036786 0.143361 0.043389 -0.162777
1.038127 0.134122 0.041885 -0.150380
1.039376 0.124896 0.040502 -0.138323
1.040533 0.115681 0.039236 -0.126602
1.041598 0.106490 0.038081 -0.115444
1.042571 0.097311 0.037035 -0.104609
1.043452 0.088143 0.036094 -0.094090
1.044242 0.078976 0.035258 -0.083643
1.044940 0.069821 0.034523 -0.073498
1.045547 0.060678 0.033886 -0.063649
1.046062 0.051546 0.033345 -0.054087
1.046486 0.042415 0.032900 -0.044569
1.046819 0.033295 0.032546 -0.035324
1.047061 0.024176 0.032285 -0.026106
1.047212 0.015056 0.032116 -0.016910
1.047271 0.005937 0.032039 -0.007726
1.047239 -0.003183 0.032054 0.001453
1.047116 -0.012302 0.032160 0.010635
1.046902 -0.021422 0.032358 0.019827
1.046597 -0.030541 0.032649 0.029037
1.046200 -0.039661 0.033031 0.038273
1.045712 -0.048792 0.033509 0.047780
1.045133 -0.057924 0.034082 0.057328
1.044462 -0.067067 0.034754 0.067161
1.043700 -0.076210 0.035524 0.077051
1.042846 -0.085366 0.036397 0.087240
1.041901 -0.094533 0.037374 0.097737
1.040864 -0.103712 0.038460 0.108547
1.039735 -0.112903 0.039657 0.119678
1.038514 -0.122106 0.040968 0.131135
1.037201 -0.131321 0.042397 0.142926
1.035795 -0.140560 0.043950 0.155290
1.034297 -0.149810 0.045630 0.167999
1.032706 -0.159085 0.047443 0.181292
1.031022 -0.168371 0.049392 0.194941
1.029246 -0.177681 0.051484 0.209184
1.027375 -0.187016 0.053724 0.224025
1.025412 -0.196362 0.056117 0.239237
1.023355 -0.205731 0.058667 0.255055
1.021203 -0.215125 0.061382 0.271484
1.018958 -0.224543 0.064267 0.288525
1.016618 -0.233996 0.067332 0.306410
1.014183 -0.243473 0.070581 0.324915
1.011653 -0.252974 0.074021 0.344042
1.009028 -0.262499 0.077659 0.363793
1.006308 -0.272059 0.081503 0.384396
1.003491 -0.281644 0.085559 0.405626
1.000579 -0.291264 0.089836 0.427710
0.997570 -0.300914 0.094343 0.450645
0.994464 -0.310594 0.099085 0.474214
0.991261 -0.320309 0.104071 0.498636
0.987960 -0.330061 0.109310 0.523911
0.984562 -0.339842 0.114810 0.549930
0.981065 -0.349659 0.120578 0.576802
0.977470 -0.359511 0.126623 0.604524
0.973776 -0.369400 0.132954 0.633097
0.969983 -0.379324 0.139579 0.662519
0.966090 -0.389290 0.146508 0.692894
0.962097 -0.399292 0.153749 0.724114
0.958004 -0.409329 0.161311 0.756180
0.953809 -0.419408 0.169203 0.789192
0.949514 -0.429523 0.177433 0.823045
0.945117 -0.439680 0.186012 0.857839
0.940619 -0.449872 0.194946 0.893471
0.936018 -0.460106 0.204247 0.930038
0.931314 -0.470376 0.213921 0.967439
0.926507 -0.480688 0.223979 1.005770
0.921597 -0.491041 0.234429 1.045030
0.916582 -0.501430 0.245280 1.085116
0.911464 -0.511861 0.256542 1.126124
0.906240 -0.522333 0.268222 1.168054
0.900912 -0.532842 0.280330 1.210803
0.895478 -0.543392 0.292875 1.254466
0.889938 -0.553977 0.305864 1.298946
0.884292 -0.564599 0.319307 1.344243
0.878540 -0.575262 0.333211 1.390448
0.872680 -0.585961 0.347586 1.437464
0.866713 -0.596696 0.362439 1.485291
0.860638 -0.607467 0.377778 1.533929
0.854456 -0.618273 0.393612 1.583377
0.848164 -0.629115 0.409948 1.633632
0.841765 -0.639987 0.426794 1.684606
0.835256 -0.650889 0.444157 1.736298
0.828637 -0.661826 0.462045 1.788798
0.821910 -0.672793 0.480465 1.842019
0.815072 -0.683784 0.499424 1.895875
0.808124 -0.694805 0.518929 1.950458
0.801065 -0.705850 0.538985 2.005678
0.793896 -0.716919 0.559601 2.061540
0.786616 -0.728005 0.580781 2.117962
0.779225 -0.739115 0.602531 2.175033
0.771722 -0.750244 0.624858 2.232677
0.764108 -0.761384 0.647766 2.290809
0.756383 -0.772536 0.671260 2.349442
0.748546 -0.783700 0.695346 2.408576
0.740597 -0.794870 0.720027 2.468139
0.732537 -0.806046 0.745309 2.528143
0.724365 -0.817227 0.771195 2.588594
0.716081 -0.828409 0.797689 2.649420
0.707685 -0.839585 0.824794 2.710551
0.699177 -0.850755 0.852514 2.771997
0.690558 -0.861913 0.880851 2.833694
0.681827 -0.873059 0.909808 2.895653
0.672986 -0.884187 0.939386 2.957809
0.664033 -0.895292 0.969587 3.020102
0.654969 -0.906372 1.000412 3.082544
0.645795 -0.917423 1.031863 3.145087
0.636510 -0.928444 1.063941 3.207731
0.627116 -0.939423 1.096644 3.270340
0.617612 -0.950360 1.129973 3.332949
0.608000 -0.961250 1.163928 3.395486
0.598279 -0.972086 1.198507 3.457916
0.588450 -0.982869 1.233710 3.520250
0.578515 -0.993586 1.269534 3.582358
0.568472 -1.004237 1.305976 3.644264
0.558324 -1.014811 1.343035 3.705859
0.548071 -1.025307 1.380706 3.767157
0.537714 -1.035720 1.418987 3.828108
0.527253 -1.046044 1.457874 3.888679
0.516691 -1.056266 1.497362 3.948736
0.506027 -1.066387 1.537445 4.008317
0.495263 -1.076397 1.578119 4.067385
0.484400 -1.086292 1.619377 4.125822
0.473439 -1.096064 1.661213 4.183626
0.462382 -1.105708 1.703621 4.240751
0.451230 -1.115215 1.746592 4.297137
0.439984 -1.124582 1.790120 4.352772
0.428646 -1.133797 1.834195 4.407549
0.417218 -1.142856 1.878810 4.461467
0.405700 -1.151752 1.923954 4.514456
0.394095 -1.160479 1.969619 4.566479
0.382405 -1.169026 2.015794 4.617465
0.370631 -1.177388 2.062468 4.667377
0.358776 -1.185560 2.109629 4.716182
0.346840 -1.193532 2.157268 4.763818
0.334827 -1.201299 2.205370 4.810262
0.322739 -1.208854 2.253925 4.855466
0.310577 -1.216188 2.302918 4.899359
0.298344 -1.223296 2.352338 4.941916
0.286042 -1.230171 2.402169 4.983091
0.273674 -1.236805 2.452397 5.022836
0.261242 -1.243195 2.503008 5.061126
0.248749 -1.249331 2.553987 5.097914
0.236197 -1.255208 2.605319 5.133152
0.223589 -1.260819 2.656987 5.166793
0.210927 -1.266158 2.708975 5.198812
0.198215 -1.271221 2.761267 5.229187
0.185455 -1.276001 2.813845 5.257869
0.172650 -1.280494 2.866693 5.284810
0.159803 -1.284695 2.919794 5.310011
0.146917 -1.288597 2.973128 5.333424
0.133995 -1.292199 3.026678 5.355024
0.121040 -1.295494 3.080426 5.374789
0.108055 -1.298480 3.134353 5.392694
0.095044 -1.301152 3.188440 5.408740
0.082009 -1.303509 3.242669 5.422878
0.068953 -1.305547 3.297020 5.435109
0.055881 -1.307263 3.351474 5.445409
0.042794 -1.308656 3.406012 5.453753
0.029697 -1.309724 3.460613 5.460167
0.016592 -1.310466 3.515260 5.464625
0.003483 -1.310880 3.569931 5.467105
-0.009626 -1.310967 3.624607 5.467629
-0.022734 -1.310727 3.679269 5.466175
-0.035835 -1.310159 3.733896 5.462766
-0.048928 -1.309264 3.788471 5.457401
-0.062008 -1.308043 3.842971 5.450082
-0.075073 -1.306499 3.897379 5.440807
-0.088120 -1.304632 3.951675 5.429602
-0.101144 -1.302444 4.005840 5.416489
-0.114143 -1.299939 4.059855 5.401468
-0.127115 -1.297119 4.113700 5.384541
-0.140054 -1.293989 4.167358 5.365753
-0.152960 -1.290549 4.220809 5.345106
-0.165828 -1.286806 4.274035 5.322647
-0.178656 -1.282763 4.327019 5.298376
-0.191440 -1.278426 4.379743 5.272341
-0.204178 -1.273798 4.432189 5.244589
-0.216867 -1.268885 4.484340 5.215120
-0.229504 -1.263692 4.536180 5.183983
-0.242086 -1.258224 4.587692 5.151224
-0.254611 -1.252487 4.638860 5.116844
-0.267076 -1.246488 4.689669 5.080891
-0.279478 -1.240233 4.740103 5.043411
-0.291815 -1.233727 4.790147 5.004406
-0.304085 -1.226979 4.839787 4.964018
-0.316285 -1.219994 4.889009 4.922199
-0.328413 -1.212779 4.937799 4.878998
-0.340466 -1.205340 4.986145 4.834509
-0.352443 -1.197684 5.034032 4.788733
-0.364341 -1.189819 5.081449 4.741716
-0.376159 -1.181751 5.128384 4.693508
-0.387894 -1.173487 5.174826 4.644156
-0.399544 -1.165035 5.220763 4.593706
-0.411108 -1.156402 5.266185 4.542208
-0.422584 -1.147595 5.311082 4.489756
-0.433970 -1.138622 5.355446 4.436350
-0.445265 -1.129487 5.399266 4.382038
-0.456467 -1.120201 5.442535 4.326868
-0.467575 -1.110768 5.485244 4.270887
-0.478587 -1.101196 5.527385 4.214144
-0.489502 -1.091492 5.568952 4.156685
-0.500318 -1.081663 5.609938 4.098606
-0.511035 -1.071715 5.650337 4.039907
-0.521652 -1.061654 5.690144 3.980637
-0.532167 -1.051486 5.729352 3.920841
-0.542579 -1.041216 5.767957 3.860521
-0.552887 -1.030850 5.805955 3.799772
-0.563091 -1.020396 5.843341 3.738642
-0.573190 -1.009864 5.880114 3.677225
-0.583183 -0.999254 5.916268 3.615475
-0.593068 -0.988573 5.951803 3.553486
-0.602847 -0.977826 5.986716 3.491306
-0.612517 -0.967020 6.021006 3.428936
-0.622078 -0.956160 6.054670 3.366470
-0.631531 -0.945246 6.087709 3.303862
-0.640874 -0.934291 6.120121 3.241253
-0.650107 -0.923294 6.151908 3.178644
-0.659229 -0.912261 6.183069 3.116083
-0.668241 -0.901192 6.213604 3.053522
-0.677142 -0.890100 6.243515 2.991152
-0.685932 -0.878984 6.272805 2.928925
-0.694610 -0.867850 6.301474 2.866888
-0.703177 -0.856698 6.329524 2.805042
-0.711633 -0.845534 6.356959 2.743483
-0.719976 -0.834358 6.383780 2.682161
-0.728208 -0.823182 6.409993 2.621222
-0.736328 -0.812000 6.435598 2.560568
-0.744336 -0.800818 6.460601 2.500296
-0.752233 -0.789642 6.485006 2.440453
-0.760018 -0.778472 6.508816 2.381039
-0.767691 -0.767314 6.532038 2.322149
-0.775252 -0.756168 6.554675 2.263737
-0.782703 -0.745034 6.576734 2.205849
-0.790042 -0.733918 6.598219 2.148533
-0.797270 -0.722820 6.619137 2.091789
-0.804387 -0.711739 6.639493 2.035618
-0.811394 -0.700682 6.659294 1.980066
-0.818291 -0.689650 6.678545 1.925135
-0.825077 -0.678641 6.697254 1.870871
-0.831754 -0.667661 6.715427 1.817322
-0.838321 -0.656712 6.733072 1.764488
-0.844779 -0.645792 6.750196 1.712370
-0.851128 -0.634903 6.766805 1.660967
-0.857368 -0.624043 6.782908 1.610279
-0.863500 -0.613219 6.798512 1.560402
-0.869525 -0.602430 6.813625 1.511335
-0.875442 -0.591677 6.828256 1.463079
-0.881251 -0.580961 6.842412 1.415634
-0.886954 -0.570279 6.856102 1.368999
-0.892550 -0.559634 6.869334 1.323175
-0.898041 -0.549030 6.882117 1.278257
-0.903425 -0.538462 6.894459 1.234198
-0.908705 -0.527930 6.906368 1.190948
-0.913879 -0.517440 6.917854 1.148605
-0.918949 -0.506991 6.928926 1.107168
-0.923915 -0.496578 6.939591 1.066542
-0.928777 -0.486207 6.949860 1.026869
-0.933535 -0.475872 6.959740 0.988007
-0.938191 -0.465578 6.969241 0.950098
-0.942744 -0.455326 6.978372 0.913095
-0.947196 -0.445110 6.987142 0.876951
-0.951545 -0.434935 6.995559 0.841713
-0.955793 -0.424796 7.003632 0.807333
-0.959940 -0.414699 7.011371 0.773907
-0.963986 -0.404638 7.018784 0.741291
-0.967932 -0.394619 7.025880 0.709629
-0.971779 -0.384635 7.032669 0.678825
-0.975526 -0.374687 7.039157 0.648880
-0.979173 -0.364780 7.045356 0.619888
-0.982723 -0.354910 7.051274 0.591755
-0.986173 -0.345075 7.056918 0.564432
-0.989526 -0.335276 7.062298 0.537968
-0.992781 -0.325507 7.067420 0.512266
-0.995939 -0.315773 7.072295 0.487423
-0.999000 -0.306076 7.076929 0.463438
-1.001964 -0.296414 7.081332 0.440311
-1.004832 -0.286782 7.085511 0.417900
-1.007603 -0.277174 7.089472 0.396109
-1.010279 -0.267601 7.093224 0.375175
-1.012860 -0.258052 7.096773 0.354862
-1.015345 -0.248539 7.100127 0.335407
-1.017736 -0.239050 7.103292 0.316572
-1.020032 -0.229585 7.106276 0.298357
-1.022233 -0.220144 7.109084 0.280762
-1.024340 -0.210738 7.111724 0.264025
-1.026354 -0.201356 7.114203 0.247908
-1.028274 -0.191998 7.116527 0.232410
-1.030100 -0.182652 7.118700 0.217247
-1.031834 -0.173330 7.120727 0.202703
-1.033474 -0.164032 7.122614 0.188732
-1.035022 -0.154746 7.124365 0.175142
-1.036476 -0.145483 7.125987 0.162125
-1.037839 -0.136232 7.127481 0.149488
-1.039109 -0.127006 7.128856 0.137424
-1.040287 -0.117791 7.130113 0.125694
-1.041373 -0.108588 7.131256 0.114298
-1.042367 -0.099397 7.132288 0.103188
-1.043269 -0.090218 7.133212 0.092411
-1.044079 -0.081050 7.134031 0.081968
-1.044798 -0.071895 7.134749 0.071812
-1.045426 -0.062752 7.135369 0.061941
-1.045962 -0.053608 7.135890 0.052118
-1.046407 -0.044477 7.136316 0.042582
-1.046760 -0.035346 7.136647 0.033092
-1.047022 -0.026226 7.136886 0.023890
-1.047193 -0.017107 7.137033 0.014687
-1.047273 -0.007987 7.137087 0.005484
-1.047262 0.001132 7.137051 -0.003672
-1.047159 0.010252 7.136922 -0.012875
-1.046966 0.019372 7.136701 -0.022078
-1.046681 0.028491 7.136388 -0.031281
-1.046305 0.037611 7.135983 -0.040531
-1.045837 0.046742 7.135483 -0.050020
-1.045278 0.055873 7.134887 -0.059557
-1.044628 0.065017 7.134193 -0.069380
-1.043887 0.074160 7.133401 -0.079250
-1.043054 0.083315 7.132507 -0.089407
-1.042129 0.092483 7.131508 -0.099897
-1.041112 0.101662 7.130401 -0.110674
-1.040004 0.110853 7.129183 -0.121784
-1.038803 0.120056 7.127851 -0.133228
-1.037510 0.129271 7.126401 -0.145006
-1.036125 0.138497 7.124830 -0.157118
-1.034648 0.147748 7.123132 -0.169802
-1.033078 0.157011 7.121304 -0.182819
-1.031415 0.166297 7.119339 -0.196457
-1.029659 0.175607 7.117232 -0.210667
-1.027809 0.184929 7.114980 -0.225258
-1.025867 0.194275 7.112576 -0.240421
-1.023830 0.203645 7.110013 -0.256205
-1.021700 0.213039 7.107287 -0.272608
-1.019475 0.222456 7.104391 -0.289631
-1.017156 0.231898 7.101318 -0.307274
-1.014743 0.241363 7.098063 -0.325537
-1.012234 0.250864 7.094617 -0.344610
-1.009630 0.260389 7.090974 -0.364304
-1.006931 0.269938 7.087127 -0.384665
-1.004135 0.279522 7.083069 -0.405836
-1.001244 0.289130 7.078792 -0.427675
-0.998256 0.298774 7.074289 -0.450325
-0.995172 0.308448 7.069552 -0.473642
-0.991990 0.318158 7.064573 -0.497913
-0.988711 0.327897 7.059344 -0.522947
-0.985335 0.337672 7.053856 -0.548792
-0.981860 0.347483 7.048101 -0.575495
-0.978287 0.357330 7.042070 -0.603056
-0.974614 0.367212 7.035756 -0.631475
-0.970843 0.377131 7.029148 -0.660753
-0.966972 0.387084 7.022239 -0.690889
-0.963002 0.397074 7.015021 -0.721836
-0.958930 0.407106 7.007483 -0.753736
-0.954759 0.417173 6.999619 -0.786495
-0.950486 0.427282 6.991416 -0.820208
-0.946112 0.437427 6.982869 -0.854731
-0.941636 0.447613 6.973967 -0.890207
-0.937057 0.457835 6.964702 -0.926542
-0.932376 0.468099 6.955064 -0.963783
-0.927592 0.478405 6.945044 -1.001978
-0.922705 0.488746 6.934634 -1.040983
-0.917713 0.499129 6.923825 -1.080942
-0.912618 0.509548 6.912608 -1.121712
-0.907418 0.520009 6.900974 -1.163387
-0.902113 0.530511 6.888914 -1.205969
-0.896702 0.541049 6.876420 -1.249409
-0.891186 0.551629 6.863482 -1.293755
-0.885563 0.562245 6.850093 -1.338911
-0.879835 0.572896 6.836245 -1.384878
-0.873999 0.583589 6.821927 -1.431751
-0.868055 0.594318 6.807133 -1.479435
-0.862005 0.605083 6.791853 -1.527929
-0.855846 0.615883 6.776081 -1.577234
-0.849579 0.626713 6.759809 -1.627254
-0.843203 0.637579 6.743028 -1.678085
-0.836718 0.648475 6.725731 -1.729631
-0.830124 0.659400 6.707912 -1.781893
-0.823421 0.670356 6.689564 -1.834869
-0.816607 0.681341 6.670678 -1.888561
-0.809684 0.692356 6.651248 -1.942968
-0.802650 0.703394 6.631268 -1.998043
-0.795505 0.714457 6.610731 -2.053738
-0.788250 0.725543 6.589630 -2.110100
-0.780883 0.736648 6.567959 -2.167034
-0.773405 0.747770 6.545714 -2.224541
-0.765816 0.758910 6.522888 -2.282619
-0.758116 0.770062 6.499476 -2.341175
-0.750304 0.781226 6.475473 -2.400255
-0.742380 0.792396 6.450876 -2.459764
-0.734344 0.803572 6.425679 -2.519703
-0.726196 0.814754 6.399878 -2.580070
-0.717937 0.825936 6.373470 -2.640820
-0.709566 0.837111 6.346451 -2.701855
-0.701083 0.848281 6.318819 -2.763224
-0.692489 0.859445 6.290570 -2.824926
-0.683783 0.870591 6.261702 -2.886772
-0.674965 0.881726 6.232213 -2.948904
-0.666037 0.892836 6.202101 -3.011179
-0.656998 0.903922 6.171365 -3.073597
-0.647848 0.914979 6.140004 -3.136110
-0.638588 0.926006 6.108017 -3.198719
-0.629218 0.936997 6.075403 -3.261375
-0.619739 0.947946 6.042163 -3.324032
-0.610150 0.958848 6.008297 -3.386593
-0.600453 0.969696 5.973806 -3.449059
-0.590648 0.980490 5.938692 -3.511429
-0.580736 0.991219 5.902956 -3.573561
-0.570717 1.001883 5.866601 -3.635502
-0.560592 1.012474 5.829630 -3.697157
-0.550363 1.022989 5.792045 -3.758526
-0.540028 1.033419 5.753849 -3.819561
-0.529591 1.043761 5.715047 -3.880167
-0.519051 1.054007 5.675644 -3.940344
-0.508409 1.064152 5.635643 -4.000044
-0.497667 1.074189 5.595051 -4.059219
-0.486826 1.084110 5.553874 -4.117775
-0.475887 1.093912 5.512116 -4.175758
-0.464851 1.103586 5.469786 -4.233027
-0.453720 1.113126 5.426890 -4.289579
-0.442495 1.122522 5.383436 -4.345369
-0.431177 1.131773 5.339433 -4.400349
-0.419768 1.140869 5.294888 -4.454470
-0.408270 1.149800 5.249812 -4.507637
-0.396685 1.158565 5.204213 -4.559898
-0.385013 1.167154 5.158102 -4.611111
-0.373257 1.175559 5.111489 -4.661274
-0.361420 1.183775 5.064385 -4.710340
-0.349502 1.191795 5.016803 -4.758263
-0.337506 1.199609 4.968753 -4.804993
-0.325434 1.207212 4.920248 -4.850483
-0.313288 1.214597 4.871301 -4.894686
-0.301070 1.221755 4.821926 -4.937553
-0.288783 1.228684 4.772135 -4.979038
-0.276429 1.235375 4.721944 -5.019140
-0.264011 1.241818 4.671366 -5.057764
-0.251531 1.248011 4.620418 -5.094862
-0.238992 1.253946 4.569113 -5.130434
-0.226396 1.259616 4.517469 -5.164433
-0.213745 1.265016 4.465501 -5.196810
-0.201044 1.270141 4.413225 -5.227566
-0.188294 1.274984 4.360659 -5.256605
-0.175499 1.279540 4.307820 -5.283928
-0.162661 1.283805 4.254725 -5.309486
-0.149783 1.287775 4.201392 -5.333281
-0.136869 1.291443 4.147839 -5.355310
-0.123920 1.294807 4.094084 -5.375481
-0.110942 1.297861 4.040146 -5.393791
-0.097936 1.300604 3.986044 -5.410242
-0.084905 1.303031 3.931796 -5.424809
-0.071854 1.305139 3.877421 -5.437469
-0.058785 1.306927 3.822939 -5.448198
-0.045701 1.308392 3.768369 -5.456996
-0.032606 1.309532 3.713731 -5.463839
-0.019502 1.310347 3.659044 -5.468726
-0.006394 1.310834 3.604327 -5.471659
0.006716 1.310994 3.549601 -5.472612
0.019824 1.310826 3.494885 -5.471611
0.032928 1.310331 3.440198 -5.468631
0.046023 1.309508 3.385561 -5.463696
0.059106 1.308360 3.330993 -5.456805
0.072175 1.306887 3.276514 -5.447960
0.085226 1.305091 3.222142 -5.437183
0.098256 1.302974 3.167897 -5.424476
0.111261 1.300539 3.113799 -5.409861
0.124239 1.297789 3.059865 -5.393362
0.137186 1.294727 3.006115 -5.374980
0.150100 1.291357 2.952568 -5.354762
0.162977 1.287681 2.899240 -5.332708
0.175814 1.283704 2.846152 -5.308843
0.188608 1.279432 2.793320 -5.283213
0.201357 1.274867 2.740762 -5.255842
0.214057 1.270017 2.688494 -5.226755
0.226706 1.264885 2.636534 -5.195975
0.239301 1.259477 2.584899 -5.163550
0.251839 1.253800 2.533604 -5.129504
0.264317 1.247859 2.482665 -5.093884
0.276734 1.241660 2.432097 -5.056739
0.289086 1.235211 2.381917 -5.018091
0.301371 1.228514 2.332137 -4.977965
0.313587 1.221579 2.282773 -4.936433
0.325731 1.214415 2.233837 -4.893541
0.337801 1.207024 2.185344 -4.849315
0.349795 1.199415 2.137306 -4.803801
0.361711 1.191595 2.089736 -4.757047
0.373547 1.183572 2.042645 -4.709101
0.385301 1.175353 1.996044 -4.660010
0.396970 1.166943 1.949946 -4.609811
0.408554 1.158351 1.904361 -4.558563
0.420049 1.149583 1.859298 -4.506314
0.431456 1.140645 1.814767 -4.453087
0.442771 1.131546 1.770777 -4.398954
0.453994 1.122293 1.727337 -4.343963
0.465123 1.112890 1.684456 -4.288137
0.476157 1.103348 1.642141 -4.231548
0.487093 1.093671 1.600398 -4.174244
0.497932 1.083866 1.559236 -4.116261
0.508671 1.073942 1.518659 -4.057670
0.519310 1.063907 1.478673 -3.998542
0.529848 1.053762 1.439285 -3.938854
0.540283 1.043516 1.400498 -3.878689
0.550615 1.033175 1.362317 -3.818083
0.560842 1.022744 1.324746 -3.757083
0.570965 1.012230 1.287789 -3.695726
0.580981 1.001638 1.251448 -3.634071
0.590891 0.990969 1.215727 -3.572094
0.600693 0.980234 1.180628 -3.509915
0.610388 0.969440 1.146152 -3.447580
0.619973 0.958592 1.112301 -3.385139
0.629450 0.947690 1.079075 -3.322577
0.638818 0.936741 1.046476 -3.259957
0.648075 0.925750 1.014503 -3.197312
0.657223 0.914723 0.983155 -3.134716
0.666259 0.903666 0.952433 -3.072226
0.675185 0.892580 0.922335 -3.009820
0.684000 0.881469 0.892859 -2.947563
0.692703 0.870335 0.864005 -2.885437
0.701295 0.859183 0.835770 -2.823502
0.709775 0.848019 0.808152 -2.761829
0.718144 0.836849 0.781147 -2.700484
0.726400 0.825673 0.754752 -2.639449
0.734545 0.814492 0.728965 -2.578717
0.742578 0.803310 0.703782 -2.518362
0.750500 0.792134 0.679197 -2.458447
0.758309 0.780964 0.655207 -2.398968
0.766007 0.769800 0.631808 -2.339917
0.773594 0.758648 0.608995 -2.281368
0.781069 0.747508 0.586761 -2.223319
0.788433 0.736386 0.565103 -2.165842
0.795685 0.725281 0.544014 -2.108932
0.802827 0.714201 0.523487 -2.052671
0.809859 0.703138 0.503517 -1.996970
0.816780 0.692099 0.484098 -1.941910
0.823591 0.681084 0.465223 -1.887488
0.830292 0.670099 0.446885 -1.833791
0.836883 0.659144 0.429077 -1.780814
0.843365 0.648218 0.411792 -1.728559
0.849739 0.637323 0.395021 -1.677024
0.856003 0.626457 0.378759 -1.626208
0.862159 0.615627 0.362997 -1.576200
0.868208 0.604832 0.347727 -1.526999
0.874148 0.594068 0.332942 -1.478517
0.879982 0.583339 0.318634 -1.430845
0.885708 0.572652 0.304793 -1.384079
0.891328 0.562000 0.291412 -1.338124
0.896842 0.551385 0.278482 -1.292983
0.902250 0.540811 0.265994 -1.248753
0.907553 0.530273 0.253941 -1.205340
0.912751 0.519776 0.242312 -1.162843
0.917844 0.509316 0.231101 -1.121168
0.922833 0.498897 0.220297 -1.080413
0.927718 0.488514 0.209892 -1.040484
0.932500 0.478172 0.199877 -1.001480
0.937178 0.467873 0.190243 -0.963406
0.941755 0.457609 0.180981 -0.926164
0.946228 0.447387 0.172083 -0.889856
0.950600 0.437200 0.163539 -0.854382
0.954871 0.427055 0.155340 -0.819848
0.959040 0.416952 0.147478 -0.786258
0.963109 0.406885 0.139943 -0.753509
0.967078 0.396854 0.132727 -0.721602
0.970946 0.386864 0.125820 -0.690645
0.974716 0.376910 0.119215 -0.660535
0.978386 0.366992 0.112902 -0.631273
0.981957 0.357109 0.106874 -0.602860
0.985429 0.347263 0.101121 -0.575297
0.988804 0.337452 0.095635 -0.548586
0.992081 0.327677 0.090408 -0.522726
0.995260 0.317937 0.085430 -0.497720
0.998342 0.308228 0.080696 -0.473457
1.001328 0.298548 0.076196 -0.449937
1.004217 0.288904 0.071924 -0.427270
1.007010 0.279295 0.067869 -0.405456
1.009707 0.269711 0.064026 -0.384272
1.012308 0.260162 0.060387 -0.363940
1.014815 0.250638 0.056945 -0.344233
1.017226 0.241148 0.053691 -0.325376
1.019543 0.231683 0.050620 -0.307141
1.021765 0.222242 0.047724 -0.289524
1.023894 0.212824 0.044999 -0.272523
1.025928 0.203431 0.042438 -0.256134
1.027869 0.194061 0.040034 -0.240353
1.029716 0.184715 0.037782 -0.225179
1.031470 0.175393 0.035676 -0.210605
1.033131 0.166094 0.033710 -0.196628
1.034699 0.156808 0.031880 -0.183012
1.036174 0.147545 0.030180 -0.169984
1.037557 0.138295 0.028607 -0.157304
1.038848 0.129068 0.027155 -0.145203
1.040046 0.119853 0.025821 -0.133439
1.041153 0.110650 0.024601 -0.122007
1.042167 0.101459 0.023492 -0.110900
1.043090 0.092280 0.022490 -0.100111
1.043921 0.083113 0.021594 -0.089634
1.044661 0.073957 0.020800 -0.079463
1.045309 0.064814 0.020104 -0.069590
1.045866 0.055671 0.019506 -0.059771
1.046331 0.046539 0.019004 -0.050236
1.046705 0.037408 0.018596 -0.040740
1.046988 0.028288 0.018281 -0.031514
1.047180 0.019169 0.018058 -0.022311
1.047280 0.010049 0.017927 -0.013124
1.047290 0.000930 0.017887 -0.003946
1.047208 -0.008190 0.017940 0.005231
1.047035 -0.017309 0.018084 0.014416
1.046770 -0.026429 0.018320 0.023614
1.046415 -0.035548 0.018648 0.032835
1.045968 -0.044680 0.019071 0.042325
1.045430 -0.053811 0.019590 0.051851
1.044800 -0.062954 0.020207 0.061660
1.044079 -0.072098 0.020922 0.071521
1.043267 -0.081253 0.021739 0.081679
1.042363 -0.090420 0.022660 0.092142
1.041367 -0.099599 0.023689 0.102914
1.040279 -0.108790 0.024829 0.114004
1.039099 -0.117993 0.026083 0.125417
1.037827 -0.127208 0.027455 0.137161
1.036462 -0.136435 0.028947 0.149241
1.035006 -0.145686 0.030566 0.161898
1.033456 -0.154948 0.032315 0.174902
1.031814 -0.164235 0.034200 0.188494
1.030078 -0.173533 0.036225 0.202444
1.028250 -0.182855 0.038395 0.216990
1.026328 -0.192201 0.040716 0.232137
1.024312 -0.201559 0.043193 0.247657
1.022203 -0.210941 0.045830 0.263786
1.019999 -0.220346 0.048636 0.280527
1.017702 -0.229788 0.051617 0.298111
1.015309 -0.239253 0.054780 0.316313
1.012822 -0.248742 0.058131 0.335136
1.010239 -0.258255 0.061677 0.354582
1.007561 -0.267804 0.065426 0.374877
1.004787 -0.277376 0.069384 0.395802
1.001917 -0.286984 0.073560 0.417578
0.998951 -0.296623 0.077959 0.439986
0.995888 -0.306290 0.082592 0.463247
0.992728 -0.315988 0.087464 0.487251
0.989471 -0.325722 0.092586 0.512108
0.986116 -0.335491 0.097964 0.537819
0.982663 -0.345296 0.103608 0.564381
0.979112 -0.355130 0.109524 0.591688
0.975462 -0.365001 0.115723 0.619845
0.971713 -0.374913 0.122212 0.648958
0.967864 -0.384861 0.129002 0.678920
0.963916 -0.394845 0.136099 0.709727
0.959867 -0.404865 0.143513 0.741380
0.955718 -0.414926 0.151253 0.773981
0.951468 -0.425023 0.159327 0.807424
0.947116 -0.435162 0.167745 0.841810
0.942663 -0.445336 0.176515 0.877033
0.938107 -0.455552 0.185647 0.913195
0.933449 -0.465804 0.195149 0.950190
0.928688 -0.476098 0.205030 0.988118
0.923824 -0.486434 0.215300 1.026976
0.918856 -0.496805 0.225967 1.066661
0.913784 -0.507218 0.237039 1.107270
0.908607 -0.517672 0.248527 1.148799
0.903325 -0.528163 0.260439 1.191151
0.897938 -0.538695 0.272783 1.234418
0.892446 -0.549263 0.285568 1.278502
0.886847 -0.559872 0.298803 1.323497
0.881142 -0.570518 0.312496 1.369306
0.875330 -0.581199 0.326655 1.415929
0.869411 -0.591916 0.341289 1.463366
0.863384 -0.602669 0.356405 1.511613
0.857249 -0.613457 0.372012 1.560667
0.851007 -0.624281 0.388117 1.610532
0.844655 -0.635141 0.404729 1.661205
0.838195 -0.646031 0.421855 1.712596
0.831625 -0.656950 0.439502 1.764706
0.824946 -0.667900 0.457678 1.817536
0.818157 -0.678879 0.476388 1.871088
0.811259 -0.689888 0.495642 1.925364
0.804249 -0.700921 0.515445 1.980278
0.797130 -0.711977 0.535803 2.035838
0.789899 -0.723058 0.556724 2.092040
0.782557 -0.734156 0.578212 2.148801
0.775105 -0.745273 0.600273 2.206129
0.767541 -0.756407 0.622913 2.264029
0.759865 -0.767553 0.646137 2.322423
0.752078 -0.778711 0.669951 2.381325
0.744179 -0.789881 0.694358 2.440733
0.736169 -0.801057 0.719364 2.500576
0.728046 -0.812238 0.744972 2.560860
0.719812 -0.823420 0.771188 2.621514
0.711466 -0.834596 0.798012 2.682471
0.703008 -0.845766 0.825450 2.743739
0.694439 -0.856930 0.853503 2.805328
0.685758 -0.868082 0.882175 2.867174
0.676966 -0.879216 0.911467 2.929217
0.668063 -0.890332 0.941381 2.991462
0.659049 -0.901425 0.971920 3.053850
0.649924 -0.912493 1.003084 3.116399
0.640688 -0.923526 1.034874 3.178966
0.631343 -0.934523 1.067289 3.241575
0.621888 -0.945479 1.100331 3.304172
0.612324 -0.956392 1.133999 3.366768
0.602652 -0.967252 1.168291 3.429246
0.592871 -0.978059 1.203207 3.491616
0.582983 -0.988805 1.238746 3.553832
0.572988 -0.999486 1.274904 3.615832
0.562887 -1.010096 1.311680 3.677571
0.552681 -1.020628 1.349070 3.739011
0.542370 -1.031077 1.387071 3.800094
0.531956 -1.041436 1.425679 3.860784
0.521439 -1.051706 1.464890 3.921092
0.510820 -1.061875 1.504699 3.980911
0.500101 -1.071936 1.545101 4.040205
0.489282 -1.081884 1.586090 4.098928
0.478365 -1.091713 1.627660 4.157031
0.467351 -1.101416 1.669805 4.214478
0.456241 -1.110986 1.712517 4.271209
0.445037 -1.120415 1.755789 4.327166
0.433740 -1.129699 1.799612 4.382324
0.422351 -1.138830 1.843978 4.436636
0.410873 -1.147801 1.888879 4.490042
0.399307 -1.156604 1.934304 4.542506
0.387655 -1.165232 1.980243 4.593956
0.375918 -1.173678 2.026687 4.644370
0.364099 -1.181936 2.073624 4.693675
0.352199 -1.190001 2.121042 4.741859
0.340220 -1.197863 2.168931 4.788876
0.328165 -1.205513 2.217278 4.834628
0.316036 -1.212949 2.266069 4.879141
0.303834 -1.220161 2.315292 4.922318
0.291563 -1.227140 2.364933 4.964113
0.279224 -1.233885 2.414979 5.004525
0.266820 -1.240385 2.465413 5.043483
0.254354 -1.246634 2.516223 5.080938
0.241827 -1.252627 2.567391 5.116868
0.229244 -1.258358 2.618904 5.151224
0.216606 -1.263820 2.670743 5.183959
0.203916 -1.269007 2.722894 5.215073
0.191176 -1.273914 2.775339 5.244493
0.178391 -1.278536 2.828061 5.272222
0.165562 -1.282868 2.881043 5.298209
0.152693 -1.286905 2.934268 5.322433
0.139787 -1.290642 2.987716 5.344844
0.126846 -1.294075 3.041370 5.365443
0.113874 -1.297200 3.095212 5.384183
0.100874 -1.300013 3.149223 5.401063
0.087849 -1.302511 3.203383 5.416059
0.074802 -1.304692 3.257675 5.429149
0.061736 -1.306552 3.312078 5.440307
0.048656 -1.308091 3.366573 5.449533
0.035563 -1.309304 3.421141 5.456805
0.022461 -1.310192 3.475763 5.462146
0.009353 -1.310754 3.530418 5.465508
-0.003757 -1.310987 3.585087 5.466914
-0.016866 -1.310894 3.639750 5.466342
-0.029970 -1.310472 3.694389 5.463815
-0.043068 -1.309723 3.748982 5.459332
-0.056154 -1.308649 3.803511 5.452895
-0.069227 -1.307249 3.857956 5.444503
-0.082282 -1.305526 3.912297 5.434155
-0.095317 -1.303481 3.966516 5.421877
-0.108328 -1.301118 4.020593 5.407691
-0.121312 -1.298439 4.074509 5.391598
-0.134267 -1.295447 4.128246 5.373669
-0.147188 -1.292144 4.181784 5.353832
-0.160074 -1.288536 4.235106 5.332184
-0.172920 -1.284628 4.288193 5.308723
-0.185724 -1.280421 4.341028 5.283499
-0.198483 -1.275922 4.393593 5.256510
-0.211195 -1.271136 4.445871 5.227804
-0.223855 -1.266068 4.497846 5.197430
-0.236463 -1.260723 4.549500 5.165386
-0.249014 -1.255107 4.600817 5.131721
-0.261506 -1.249224 4.651781 5.096436
-0.273937 -1.243082 4.702377 5.059624
-0.286304 -1.236689 4.752591 5.021334
-0.298604 -1.230049 4.802406 4.981565
-0.310836 -1.223168 4.851810 4.940367
-0.322996 -1.216054 4.900788 4.897785
-0.335083 -1.208714 4.949327 4.853868
-0.347095 -1.201153 4.997413 4.808617
-0.359029 -1.193380 5.045034 4.762125
-0.370883 -1.185402 5.092178 4.714441
-0.382655 -1.177225 5.138834 4.665565
-0.394344 -1.168856 5.184990 4.615593
-0.405947 -1.160303 5.230636 4.564571
-0.417462 -1.151574 5.275761 4.512548
-0.428889 -1.142675 5.320357 4.459572
-0.440225 -1.133612 5.364413 4.405642
-0.451469 -1.124394 5.407922 4.350853
-0.462619 -1.115024 5.450874 4.295206
-0.473675 -1.105514 5.493262 4.238796
-0.484633 -1.095867 5.535079 4.181671
-0.495494 -1.086092 5.576317 4.123831
-0.506256 -1.076192 5.616970 4.065323
-0.516918 -1.066178 5.657033 4.006290
-0.527478 -1.056057 5.696500 3.946733
-0.537937 -1.045829 5.735366 3.886604
-0.548292 -1.035506 5.773627 3.826046
-0.558543 -1.025093 5.811278 3.765106
-0.568689 -1.014596 5.848316 3.703833
-0.578729 -1.004016 5.884738 3.642178
-0.588662 -0.993365 5.920541 3.580284
-0.598489 -0.982648 5.955723 3.518200
-0.608208 -0.971866 5.990282 3.455877
-0.617818 -0.961030 6.024216 3.393459
-0.627319 -0.950140 6.057526 3.330946
-0.636711 -0.939202 6.090209 3.268337
-0.645994 -0.928223 6.122266 3.205729
-0.655166 -0.917202 6.153697 3.143120
-0.664227 -0.906152 6.184504 3.080606
-0.673178 -0.895071 6.214685 3.018188
-0.682017 -0.883967 6.244245 2.955914
-0.690746 -0.872838 6.273182 2.893782
-0.699363 -0.861692 6.301501 2.831841
-0.707868 -0.850534 6.329202 2.770138
-0.716262 -0.839365 6.356289 2.708721
-0.724544 -0.828189 6.382765 2.647591
-0.732714 -0.817007 6.408633 2.586794
-0.740772 -0.805825 6.433897 2.526331
-0.748718 -0.794649 6.458560 2.466345
-0.756553 -0.783479 6.482628 2.406788
-0.764276 -0.772315 6.506104 2.347660
-0.771888 -0.761163 6.528995 2.289057
-0.779388 -0.750023 6.551304 2.230930
-0.786777 -0.738901 6.573038 2.173376
-0.794055 -0.727791 6.594201 2.116299
-0.801222 -0.716704 6.614800 2.059889
-0.808279 -0.705636 6.634840 2.004051
-0.815224 -0.694591 6.654329 1.948833
-0.822060 -0.683570 6.673272 1.894283
-0.828786 -0.672579 6.691676 1.840448
-0.835402 -0.661618 6.709549 1.787329
-0.841909 -0.650686 6.726899 1.734924
-0.848307 -0.639784 6.743731 1.683235
-0.854596 -0.628912 6.760054 1.632261
-0.860777 -0.618076 6.775875 1.582098
-0.866849 -0.607270 6.791201 1.532650
-0.872814 -0.596499 6.806041 1.484013
-0.878672 -0.585765 6.820403 1.436186
-0.884423 -0.575066 6.834295 1.389170
-0.890067 -0.564402 6.847724 1.342964
-0.895605 -0.553781 6.860701 1.297665
-0.901037 -0.543195 6.873233 1.253176
-0.906363 -0.532651 6.885329 1.209593
-0.911584 -0.522143 6.896997 1.166868
-0.916701 -0.511676 6.908248 1.125050
-0.921714 -0.501245 6.919088 1.084042
-0.926622 -0.490856 6.929528 1.043940
-0.931427 -0.480509 6.939576 1.004791
-0.936129 -0.470197 6.949240 0.966454
-0.940729 -0.459927 6.958531 0.929070
-0.945225 -0.449693 6.967456 0.892496
-0.949620 -0.439501 6.976025 0.856876
-0.953914 -0.429350 6.984247 0.822210
-0.958106 -0.419235 6.992130 0.788355
-0.962198 -0.409162 6.999685 0.755453
-0.966189 -0.399125 7.006919 0.723410
-0.970080 -0.389123 7.013841 0.692177
-0.973872 -0.379163 7.020460 0.661898
-0.977564 -0.369239 7.026784 0.632477
-0.981158 -0.359350 7.032824 0.603914
-0.984653 -0.349498 7.038586 0.576210
-0.988050 -0.339681 7.044079 0.549364
-0.991349 -0.329900 7.049313 0.523329
-0.994550 -0.320154 7.054294 0.498152
-0.997655 -0.310439 7.059031 0.473738
-1.000662 -0.300765 7.063534 0.450277
-1.003574 -0.291121 7.067810 0.427580
-1.006389 -0.281501 7.071865 0.405502
-1.009108 -0.271916 7.075708 0.384283
-1.011731 -0.262356 7.079345 0.363684
-1.014260 -0.252831 7.082784 0.343943
-1.016693 -0.243330 7.086032 0.324821
-1.019031 -0.233853 7.089096 0.306320
-1.021276 -0.224411 7.091982 0.288677
-1.023425 -0.214994 7.094699 0.271654
-1.025481 -0.205600 7.097251 0.255251
-1.027444 -0.196230 7.099646 0.239420
-1.029313 -0.186884 7.101888 0.224209
-1.031088 -0.177550 7.103981 0.209379
-1.032771 -0.168240 7.105933 0.195122
-1.034360 -0.158954 7.107748 0.181484
-1.035857 -0.149679 7.109429 0.168180
-1.037261 -0.140429 7.110984 0.155497
-1.038573 -0.131190 7.112416 0.143147
-1.039793 -0.121975 7.113729 0.131369
-1.040920 -0.112772 7.114929 0.119925
-1.041956 -0.103581 7.116017 0.108814
-1.042900 -0.094402 7.116997 0.097990
-1.043753 -0.085235 7.117872 0.087500
-1.044513 -0.076079 7.118645 0.077295
-1.045183 -0.066936 7.119319 0.067425
-1.045761 -0.057793 7.119895 0.057602
-1.046247 -0.048661 7.120376 0.048065
-1.046643 -0.039530 7.120761 0.038576
-1.046947 -0.030410 7.121055 0.029325
-1.047160 -0.021291 7.121256 0.020123
-1.047281 -0.012171 7.121365 0.010920
-1.047312 -0.003052 7.121383 0.001764
-1.047251 0.006068 7.121309 -0.007391
-1.047099 0.015187 7.121143 -0.016594
-1.046856 0.024307 7.120885 -0.025797
-1.046522 0.033426 7.120535 -0.035000
-1.046097 0.042546 7.120092 -0.044250
-1.045580 0.051677 7.119555 -0.053787
-1.044972 0.060809 7.118921 -0.063324
-1.044272 0.069952 7.118189 -0.073195
-1.043481 0.079107 7.117356 -0.083351
-1.042598 0.088263 7.116420 -0.093555
-1.041624 0.097430 7.115379 -0.104094
-1.040558 0.106609 7.114230 -0.114918
-1.039400 0.115800 7.112969 -0.126076
-1.038150 0.125015 7.111591 -0.137806
-1.036808 0.134242 7.110093 -0.149870
-1.035373 0.143480 7.108470 -0.162268
-1.033845 0.152743 7.106718 -0.175238
-1.032225 0.162017 7.104832 -0.188589
-1.030512 0.171316 7.102807 -0.202513
-1.028706 0.180626 7.100638 -0.216818
-1.026806 0.189960 7.098321 -0.231695
-1.024813 0.199318 7.095850 -0.247192
-1.022726 0.208700 7.093217 -0.263262
-1.020545 0.218105 7.090417 -0.279951
-1.018270 0.227535 7.087445 -0.297260
-1.015900 0.236988 7.084293 -0.315189
-1.013435 0.246465 7.080956 -0.333738
-1.010875 0.255978 7.077424 -0.353146
-1.008220 0.265515 7.073692 -0.373173
-1.005469 0.275087 7.069752 -0.394058
-1.002622 0.284684 7.065596 -0.415564
-0.999679 0.294310 7.061219 -0.437689
-0.996640 0.303972 7.056612 -0.460672
-0.993503 0.313663 7.051767 -0.484514
-0.990269 0.323391 7.046675 -0.509214
-0.986938 0.333148 7.041328 -0.534678
-0.983508 0.342941 7.035719 -0.560951
-0.979980 0.352770 7.029838 -0.588083
-0.976354 0.362635 7.023677 -0.616074
-0.972629 0.372535 7.017228 -0.644922
-0.968804 0.382471 7.010482 -0.674629
-0.964880 0.392443 7.003430 -0.705194
-0.960855 0.402457 6.996063 -0.736713
-0.956730 0.412506 6.988372 -0.769043
-0.952504 0.422597 6.980349 -0.802326
-0.948177 0.432724 6.971984 -0.836468
-0.943748 0.442892 6.963269 -0.871515
-0.939217 0.453097 6.954195 -0.907421
-0.934583 0.463343 6.944752 -0.944281
-0.929847 0.473624 6.934933 -0.981951
-0.925008 0.483948 6.924727 -1.020575
-0.920065 0.494313 6.914126 -1.060104
-0.915017 0.504714 6.903121 -1.100445
-0.909866 0.515157 6.891704 -1.141739
-0.904609 0.525641 6.879865 -1.183939
-0.899248 0.536162 6.867595 -1.226950
-0.893781 0.546724 6.854887 -1.270866
-0.888207 0.557321 6.841731 -1.315594
-0.882528 0.567955 6.828119 -1.361132
-0.876742 0.578630 6.814043 -1.407623
-0.870848 0.589341 6.799494 -1.454926
-0.864847 0.600088 6.784463 -1.503038
-0.858739 0.610870 6.768944 -1.551962
-0.852522 0.621688 6.752927 -1.601696
-0.846196 0.632536 6.736405 -1.652145
-0.839762 0.643420 6.719371 -1.703405
-0.833219 0.654334 6.701818 -1.755381
-0.826566 0.665277 6.683737 -1.808071
-0.819803 0.676250 6.665122 -1.861477
-0.812931 0.687253 6.645966 -1.915598
-0.805948 0.698280 6.626263 -1.970339
-0.798855 0.709331 6.606005 -2.025747
-0.791651 0.720406 6.585187 -2.081776
-0.784336 0.731498 6.563804 -2.138376
-0.776910 0.742614 6.541847 -2.195644
-0.769372 0.753742 6.519313 -2.253389
-0.761723 0.764889 6.496196 -2.311707
-0.753963 0.776047 6.472491 -2.370501
-0.746091 0.787216 6.448193 -2.429819
-0.738107 0.798392 6.423297 -2.489567
-0.730011 0.809568 6.397800 -2.549696
-0.721804 0.820750 6.371698 -2.610254
-0.713484 0.831932 6.344986 -2.671194
-0.705053 0.843108 6.317661 -2.732468
-0.696510 0.854272 6.289721 -2.793980
-0.687856 0.865430 6.261163 -2.855825
-0.679090 0.876570 6.231985 -2.917862
-0.670214 0.887692 6.202184 -2.980089
-0.661226 0.898790 6.171759 -3.042459
-0.652127 0.909865 6.140709 -3.104973
-0.642918 0.920910 6.109034 -3.167582
-0.633599 0.931919 6.076731 -3.230238
-0.624170 0.942886 6.043803 -3.292847
-0.614632 0.953811 6.010248 -3.355455
-0.604985 0.964683 5.976068 -3.417969
-0.595230 0.975502 5.941265 -3.480339
-0.585367 0.986260 5.905839 -3.542566
-0.575398 0.996959 5.869793 -3.604650
-0.565322 1.007587 5.833128 -3.666449
-0.555140 1.018137 5.795849 -3.727961
-0.544854 1.028609 5.757957 -3.789186
-0.534464 1.038992 5.719457 -3.849983
-0.523972 1.049286 5.680353 -3.910398
-0.513377 1.059479 5.640650 -3.970337
-0.502681 1.069564 5.600352 -4.029751
-0.491886 1.079538 5.559466 -4.088640
-0.480992 1.089397 5.517997 -4.146910
-0.470001 1.099131 5.475952 -4.204512
-0.458913 1.108733 5.433338 -4.261398
-0.447731 1.118198 5.390162 -4.317570
-0.436456 1.127517 5.346433 -4.372931
-0.425089 1.136684 5.302158 -4.427433
-0.413632 1.145694 5.257348 -4.481077
-0.402087 1.154539 5.212010 -4.533768
-0.390455 1.163211 5.166155 -4.585505
-0.378738 1.171702 5.119793 -4.636145
-0.366938 1.180008 5.072936 -4.685736
-0.355056 1.188120 5.025594 -4.734230
-0.343096 1.196030 4.977778 -4.781532
-0.331059 1.203731 4.929502 -4.827595
-0.318947 1.211217 4.880779 -4.872370
-0.306762 1.218483 4.831620 -4.915857
-0.294507 1.225519 4.782040 -4.958010
-0.282183 1.232320 4.732053 -4.998732
-0.269795 1.238880 4.681673 -5.038023
-0.257343 1.245189 4.630914 -5.075836
-0.244830 1.251245 4.579793 -5.112123
-0.232260 1.257038 4.528325 -5.146837
-0.219634 1.262565 4.476525 -5.179977
-0.206956 1.267819 4.424410 -5.211496
-0.194228 1.272795 4.371996 -5.241346
-0.181453 1.277485 4.319302 -5.269480
-0.168634 1.281887 4.266343 -5.295897
-0.155775 1.285994 4.213137 -5.320549
-0.142876 1.289803 4.159703 -5.343390
-0.129943 1.293309 4.106059 -5.364418
-0.116978 1.296508 4.052223 -5.383587
-0.103984 1.299395 3.998214 -5.400920
-0.090965 1.301970 3.944050 -5.416369
-0.077922 1.304226 3.889751 -5.429912
-0.064861 1.306164 3.835336 -5.441523
-0.051783 1.307779 3.780824 -5.451202
-0.038692 1.309070 3.726234 -5.458951
-0.025592 1.310036 3.671587 -5.464745
-0.012485 1.310676 3.616901 -5.468583
0.000625 1.310988 3.562196 -5.470467
0.013734 1.310972 3.507493 -5.470371
0.026841 1.310629 3.452810 -5.468321
0.039940 1.309958 3.398167 -5.464292
0.053030 1.308962 3.343584 -5.458307
0.066106 1.307639 3.289080 -5.450368
0.079166 1.305993 3.234675 -5.440497
0.092207 1.304025 3.180388 -5.428696
0.105224 1.301738 3.126238 -5.414963
0.118215 1.299134 3.072245 -5.399346
0.131177 1.296217 3.018426 -5.381846
0.144107 1.292989 2.964802 -5.362487
0.157002 1.289454 2.911389 -5.341291
0.169858 1.285617 2.858206 -5.318284
0.182673 1.281482 2.805271 -5.293489
0.195443 1.277053 2.752602 -5.266929
0.208167 1.272336 2.700215 -5.238628
0.220840 1.267333 2.648129 -5.208635
0.233461 1.262054 2.596359 -5.176973
0.246026 1.256502 2.544922 -5.143690
0.258532 1.250681 2.493834 -5.108786
0.270978 1.244602 2.443111 -5.072355
0.283361 1.238269 2.392767 -5.034399
0.295678 1.231685 2.342818 -4.994941
0.307927 1.224861 2.293277 -4.954052
0.320105 1.217803 2.244159 -4.911804
0.332210 1.210517 2.195477 -4.868197
0.344240 1.203009 2.147244 -4.823279
0.356193 1.195288 2.099473 -4.777098
0.368066 1.187357 2.052176 -4.729700
0.379859 1.179227 2.005365 -4.681134
0.391568 1.170903 1.959051 -4.631436
0.403192 1.162395 1.913244 -4.580677
0.414729 1.153708 1.867955 -4.528880
0.426177 1.144847 1.823194 -4.476094
0.437535 1.135823 1.778970 -4.422390
0.448802 1.126641 1.735292 -4.367793
0.459975 1.117307 1.692169 -4.312348
0.471053 1.107830 1.649607 -4.256129
0.482035 1.098216 1.607616 -4.199171
0.492920 1.088470 1.566201 -4.141510
0.503706 1.078600 1.525369 -4.083180
0.514392 1.068616 1.485126 -4.024291
0.524977 1.058519 1.445478 -3.964829
0.535460 1.048315 1.406429 -3.904819
0.545841 1.038015 1.367985 -3.844392
0.556117 1.027620 1.330150 -3.783512
0.566288 1.017141 1.292928 -3.722286
0.576354 1.006579 1.256320 -3.660703
0.586313 0.995946 1.220332 -3.598881
0.596166 0.985241 1.184964 -3.536785
0.605911 0.974476 1.150218 -3.474545
0.615547 0.963652 1.116097 -3.412151
0.625075 0.952774 1.082600 -3.349638
0.634493 0.941849 1.049730 -3.287065
0.643802 0.930876 1.017486 -3.224421
0.653001 0.919867 0.985867 -3.161824
0.662089 0.908822 0.954875 -3.099263
0.671067 0.897747 0.924507 -3.036797
0.679933 0.886643 0.894763 -2.974409
0.688688 0.875521 0.865640 -2.912235
0.697332 0.864381 0.837138 -2.850264
0.705864 0.853223 0.809253 -2.788478
0.714285 0.842053 0.781983 -2.726942
0.722593 0.830877 0.755326 -2.665728
0.730790 0.819695 0.729278 -2.604824
0.738876 0.808513 0.703835 -2.544296
0.746849 0.797337 0.678993 -2.484214
0.754711 0.786161 0.654748 -2.424490
0.762461 0.774997 0.631095 -2.365279
0.770099 0.763839 0.608030 -2.306497
0.777626 0.752693 0.585548 -2.248210
0.785042 0.741565 0.563643 -2.190500
0.792346 0.730455 0.542309 -2.133363
0.799540 0.719362 0.521542 -2.076793
0.806623 0.708288 0.501334 -2.020782
0.813595 0.697237 0.481680 -1.965412
0.820457 0.686210 0.462573 -1.910684
0.827209 0.675213 0.444006 -1.856679
0.833852 0.664240 0.425973 -1.803309
0.840385 0.653297 0.408466 -1.750660
0.846808 0.642383 0.391479 -1.698729
0.853123 0.631505 0.375003 -1.647609
0.859330 0.620657 0.359031 -1.597208
0.865428 0.609845 0.343555 -1.547614
0.871419 0.599068 0.328566 -1.498830
0.877302 0.588328 0.314058 -1.450855
0.883079 0.577623 0.300021 -1.403692
0.888748 0.566953 0.286447 -1.357341
0.894311 0.556320 0.273329 -1.311803
0.899769 0.545728 0.260658 -1.267174
0.905120 0.535172 0.248424 -1.223363
0.910367 0.524658 0.236619 -1.180466
0.915509 0.514179 0.225236 -1.138389
0.920546 0.503743 0.214263 -1.097232
0.925480 0.493342 0.203694 -1.056899
0.930309 0.482982 0.193519 -1.017492
0.935036 0.472665 0.183729 -0.979011
0.939660 0.462383 0.174316 -0.941361
0.944181 0.452143 0.165269 -0.904645
0.948601 0.441939 0.156582 -0.868763
0.952918 0.431776 0.148243 -0.833820
0.957135 0.421655 0.140245 -0.799817
0.961251 0.411570 0.132579 -0.766656
0.965266 0.401521 0.125235 -0.734337
0.969181 0.391513 0.118206 -0.702966
0.972996 0.381541 0.111481 -0.672441
0.976713 0.371605 0.105054 -0.642763
0.980330 0.361711 0.098913 -0.614040
0.983848 0.351852 0.093051 -0.586168
0.987268 0.342029 0.087460 -0.559147
0.990591 0.332236 0.082131 -0.532869
0.993816 0.322479 0.077057 -0.507444
0.996943 0.312757 0.072228 -0.482872
0.999974 0.303072 0.067637 -0.459154
1.002908 0.293410 0.063276 -0.436069
1.005746 0.283790 0.059136 -0.413948
1.008488 0.274193 0.055212 -0.392457
1.011134 0.264633 0.051494 -0.371819
1.013685 0.255096 0.047976 -0.351807
1.016141 0.245583 0.044651 -0.332421
1.018502 0.236106 0.041513 -0.313883
1.020769 0.226653 0.038553 -0.295964
1.022941 0.217223 0.035766 -0.278663
1.025019 0.207818 0.033147 -0.261975
1.027003 0.198436 0.030688 -0.245898
1.028894 0.189078 0.028383 -0.230428
1.030692 0.179744 0.026228 -0.215561
1.032396 0.170434 0.024215 -0.201293
1.034007 0.161135 0.022341 -0.187388
1.035526 0.151861 0.020600 -0.174072
1.036952 0.142610 0.018987 -0.161342
1.038286 0.133371 0.017497 -0.148958
1.039527 0.124145 0.016128 -0.136914
1.040676 0.114942 0.014874 -0.125440
1.041734 0.105751 0.013731 -0.114294
1.042700 0.096571 0.012696 -0.103470
1.043574 0.087404 0.011766 -0.092962
1.044356 0.078249 0.010939 -0.082762
1.045047 0.069094 0.010212 -0.072627
1.045647 0.059950 0.009585 -0.062786
1.046155 0.050819 0.009052 -0.053233
1.046572 0.041687 0.008615 -0.043722
1.046897 0.032568 0.008270 -0.034484
1.047132 0.023448 0.008017 -0.025274
1.047275 0.014329 0.007857 -0.016083
1.047327 0.005209 0.007788 -0.006904
1.047288 -0.003910 0.007810 0.002270
1.047158 -0.013030 0.007925 0.011447
1.046936 -0.022149 0.008131 0.020636
1.046624 -0.031269 0.008430 0.029843
1.046220 -0.040388 0.008820 0.039076
1.045725 -0.049520 0.009306 0.048582
1.045138 -0.058651 0.009887 0.058128
1.044460 -0.067794 0.010567 0.067962
1.043691 -0.076938 0.011346 0.077851
1.042830 -0.086093 0.012226 0.088042
1.041877 -0.095260 0.013211 0.098540
1.040833 -0.104439 0.014305 0.109352
1.039697 -0.113630 0.015510 0.120485
1.038468 -0.122833 0.016829 0.131945
1.037148 -0.132060 0.018269 0.143974
1.035735 -0.141299 0.019832 0.156343
1.034229 -0.150549 0.021523 0.169056
1.032631 -0.159824 0.023346 0.182355
1.030940 -0.169110 0.025307 0.196010
1.029156 -0.178421 0.027409 0.210259
1.027278 -0.187755 0.029660 0.225106
1.025307 -0.197113 0.032066 0.240556
1.023242 -0.206482 0.034630 0.256382
1.021083 -0.215876 0.037358 0.272819
1.018830 -0.225306 0.040259 0.290098
1.016483 -0.234759 0.043339 0.307992
1.014040 -0.244236 0.046604 0.326507
1.011503 -0.253737 0.050060 0.345643
1.008870 -0.263274 0.053716 0.365629
1.006142 -0.272834 0.057579 0.386242
1.003318 -0.282431 0.061656 0.407707
1.000397 -0.292051 0.065954 0.429801
0.997380 -0.301701 0.070481 0.452749
0.994266 -0.311387 0.075247 0.476550
0.991055 -0.321102 0.080257 0.500984
0.987747 -0.330853 0.085520 0.526271
0.984340 -0.340641 0.091044 0.552411
0.980836 -0.350463 0.096838 0.579403
0.977232 -0.360322 0.102910 0.607246
0.973530 -0.370216 0.109270 0.635939
0.969729 -0.380147 0.115924 0.665481
0.965828 -0.390112 0.122883 0.695870
0.961827 -0.400114 0.130154 0.727106
0.957725 -0.410157 0.137747 0.759289
0.953523 -0.420237 0.145670 0.792316
0.949219 -0.430357 0.153933 0.826286
0.944814 -0.440514 0.162544 0.861095
0.940307 -0.450712 0.171512 0.896843
0.935697 -0.460947 0.180847 0.933427
0.930985 -0.471222 0.190556 0.970943
0.926170 -0.481534 0.200649 1.009291
0.921251 -0.491887 0.211135 1.048568
0.916228 -0.502282 0.222022 1.088770
0.911101 -0.512713 0.233320 1.129796
0.905869 -0.523186 0.245038 1.171741
0.900532 -0.533700 0.257184 1.214603
0.895090 -0.544250 0.269767 1.258284
0.889541 -0.554836 0.282794 1.302782
0.883887 -0.565463 0.296276 1.348191
0.878125 -0.576127 0.310220 1.394415
0.872257 -0.586826 0.324635 1.441449
0.866281 -0.597560 0.339528 1.489294
0.860198 -0.608331 0.354907 1.537949
0.854007 -0.619137 0.370782 1.587415
0.847707 -0.629979 0.387158 1.637688
0.841298 -0.640851 0.404045 1.688680
0.834781 -0.651759 0.421450 1.740482
0.828154 -0.662696 0.439380 1.793003
0.821417 -0.673664 0.457842 1.846245
0.814571 -0.684661 0.476845 1.900208
0.807614 -0.695682 0.496393 1.954809
0.800547 -0.706726 0.516493 2.010053
0.793369 -0.717795 0.537153 2.065939
0.786080 -0.728887 0.558377 2.122468
0.778680 -0.739998 0.580173 2.179563
0.771168 -0.751126 0.602545 2.237225
0.763546 -0.762266 0.625499 2.295381
0.755812 -0.773418 0.649039 2.354038
0.747966 -0.784582 0.673171 2.413195
0.740008 -0.795752 0.697899 2.472788
0.731939 -0.806928 0.723227 2.532816
0.723758 -0.818110 0.749160 2.593291
0.715465 -0.829291 0.775702 2.654141
0.707060 -0.840467 0.802855 2.715302
0.698544 -0.851637 0.830622 2.776778
0.689916 -0.862795 0.859007 2.838504
0.681177 -0.873941 0.888012 2.900493
0.672326 -0.885069 0.917639 2.962685
0.663364 -0.896174 0.947889 3.025013
0.654292 -0.907254 0.978764 3.087491
0.645109 -0.918305 1.010265 3.150070
0.635815 -0.929320 1.042392 3.212667
0.626412 -0.940299 1.075145 3.275323
0.616900 -0.951231 1.108524 3.337896
0.607279 -0.962114 1.142528 3.400409
0.597549 -0.972950 1.177157 3.462875
0.587712 -0.983727 1.212408 3.525174
0.577768 -0.994438 1.248281 3.587258
0.567717 -1.005083 1.284772 3.649139
0.557560 -1.015651 1.321880 3.710711
0.547299 -1.026142 1.359599 3.771985
0.536934 -1.036549 1.397928 3.832912
0.526465 -1.046860 1.436862 3.893387
0.515894 -1.057076 1.476397 3.953433
0.505222 -1.067191 1.516527 4.013002
0.494450 -1.077193 1.557247 4.071987
0.483580 -1.087078 1.598551 4.130411
0.472611 -1.096842 1.640432 4.188168
0.461546 -1.106477 1.682885 4.245257
0.450387 -1.115975 1.725901 4.301596
0.439133 -1.125330 1.769472 4.357159
0.427788 -1.134536 1.813591 4.411900
0.416352 -1.143584 1.858249 4.465747
0.404827 -1.152468 1.903436 4.518664
0.393216 -1.161182 1.949142 4.570615
0.381518 -1.169717 1.995357 4.621542
0.369738 -1.178068 2.042071 4.671395
0.357876 -1.186225 2.089272 4.720140
0.345934 -1.194182 2.136950 4.767704
0.333914 -1.201934 2.185090 4.814053
0.321820 -1.209474 2.233682 4.859161
0.309652 -1.216793 2.282712 4.902983
0.297413 -1.223883 2.332166 4.945421
0.285105 -1.230741 2.382031 4.986501
0.272732 -1.237357 2.432292 5.026126
0.260295 -1.243725 2.482935 5.064297
0.247796 -1.249841 2.533944 5.100942
0.235239 -1.255697 2.585305 5.136037
0.222626 -1.261288 2.637000 5.169559
0.209960 -1.266606 2.689015 5.201459
0.197244 -1.271647 2.741332 5.231690
0.184480 -1.276405 2.793934 5.260229
0.171671 -1.280876 2.846805 5.287051
0.158821 -1.285052 2.899926 5.312109
0.145931 -1.288933 2.953279 5.335379
0.133006 -1.292510 3.006848 5.356836
0.120048 -1.295782 3.060612 5.376458
0.107061 -1.298743 3.114555 5.394244
0.094047 -1.301392 3.168656 5.410147
0.081010 -1.303724 3.222898 5.424142
0.067952 -1.305737 3.277260 5.436230
0.054878 -1.307429 3.331724 5.446386
0.041790 -1.308797 3.386270 5.454588
0.028692 -1.309840 3.440878 5.460858
0.015586 -1.310557 3.495530 5.465150
0.002477 -1.310947 3.550205 5.467486
-0.010633 -1.311009 3.604883 5.467868
-0.023741 -1.310743 3.659546 5.466270
-0.036842 -1.310150 3.714173 5.462718
-0.049935 -1.309230 3.768745 5.457187
-0.063015 -1.307984 3.823242 5.449700
-0.076079 -1.306414 3.877645 5.440283
-0.089124 -1.304522 3.931934 5.428934
-0.102147 -1.302310 3.986091 5.415654
-0.115145 -1.299781 4.040096 5.400491
-0.128114 -1.296937 4.093930 5.383444
-0.141052 -1.293783 4.147575 5.364513
-0.153955 -1.290320 4.201013 5.343723
-0.166821 -1.286554 4.254224 5.321121
-0.179646 -1.282489 4.307191 5.296755
-0.192427 -1.278129 4.359898 5.270624
-0.205162 -1.273479 4.412325 5.242729
-0.217847 -1.268543 4.464456 5.213118
-0.230480 -1.263329 4.516274 5.181837
-0.243059 -1.257841 4.567764 5.148935
-0.255580 -1.252084 4.618908 5.114412
-0.268040 -1.246065 4.669691 5.078316
-0.280438 -1.239792 4.720098 5.040741
-0.292771 -1.233268 4.770115 5.001640
-0.305036 -1.226500 4.819726 4.961109
-0.317231 -1.219496 4.868917 4.919147
-0.329354 -1.212263 4.917676 4.875851
-0.341402 -1.204807 4.965988 4.831219
-0.353373 -1.197135 5.013842 4.785347
-0.365266 -1.189256 5.061224 4.738235
-0.377077 -1.181173 5.108123 4.689932
-0.388806 -1.172894 5.154528 4.640484
-0.400450 -1.164427 5.200428 4.589939
-0.412008 -1.155782 5.245811 4.538393
-0.423478 -1.146963 5.290670 4.485846
-0.434858 -1.137978 5.334993 4.432344
-0.446146 -1.128832 5.378773 4.377937
-0.457341 -1.119533 5.422000 4.322720
-0.468442 -1.110089 5.464667 4.266691
-0.479447 -1.100504 5.506766 4.209900
-0.490355 -1.090789 5.548290 4.152393
-0.501165 -1.080945 5.589231 4.094172
-0.511874 -1.070988 5.629586 4.035425
-0.522484 -1.060915 5.669346 3.976059
-0.532991 -1.050735 5.708508 3.916168
-0.543396 -1.040459 5.747066 3.855848
-0.553696 -1.030087 5.785017 3.795099
-0.563893 -1.019627 5.822357 3.733921
-0.573984 -1.009089 5.859081 3.672457
-0.583968 -0.998473 5.895188 3.610706
-0.593846 -0.987786 5.930675 3.548670
-0.603617 -0.977033 5.965539 3.486443
-0.613279 -0.966221 5.999780 3.424072
-0.622832 -0.955355 6.033396 3.361559
-0.632277 -0.944442 6.066386 3.298998
-0.641612 -0.933480 6.098750 3.236389
-0.650836 -0.922477 6.130487 3.173733
-0.659951 -0.911438 6.161598 3.111124
-0.668954 -0.900370 6.192084 3.048611
-0.677847 -0.889271 6.221946 2.986193
-0.686629 -0.878155 6.251186 2.924013
-0.695299 -0.867015 6.279806 2.861929
-0.703857 -0.855863 6.307807 2.800131
-0.712304 -0.844699 6.335193 2.738571
-0.720640 -0.833523 6.361965 2.677250
-0.728863 -0.822347 6.388128 2.616310
-0.736975 -0.811166 6.413685 2.555704
-0.744975 -0.799984 6.438640 2.495480
-0.752863 -0.788808 6.462997 2.435684
-0.760639 -0.777638 6.486760 2.376318
-0.768304 -0.766480 6.509935 2.317476
-0.775857 -0.755334 6.532526 2.259111
-0.783299 -0.744200 6.554538 2.201223
-0.790630 -0.733083 6.575977 2.143908
-0.797850 -0.721985 6.596849 2.087164
-0.804959 -0.710911 6.617160 2.031088
-0.811958 -0.699854 6.636916 1.975584
-0.818846 -0.688821 6.656123 1.920700
-0.825624 -0.677818 6.674788 1.866531
-0.832292 -0.666839 6.692918 1.813030
-0.838851 -0.655890 6.710521 1.760244
-0.845301 -0.644970 6.727602 1.708174
-0.851642 -0.634080 6.744171 1.656818
-0.857874 -0.623226 6.760233 1.606274
-0.863998 -0.612408 6.775799 1.556540
-0.870014 -0.601619 6.790874 1.507521
-0.875923 -0.590867 6.805467 1.459312
-0.881724 -0.580150 6.819586 1.411915
-0.887419 -0.569469 6.833240 1.365328
-0.893007 -0.558829 6.846436 1.319647
-0.898490 -0.548226 6.859184 1.274776
-0.903866 -0.537664 6.871492 1.230812
-0.909138 -0.527138 6.883368 1.187658
-0.914304 -0.516653 6.894823 1.145411
-0.919366 -0.506204 6.905863 1.104021
-0.924324 -0.495797 6.916498 1.063538
-0.929178 -0.485426 6.926737 1.023865
-0.933929 -0.475097 6.936588 0.985146
-0.938578 -0.464809 6.946062 0.947332
-0.943123 -0.454557 6.955165 0.910378
-0.947567 -0.444347 6.963909 0.874329
-0.951908 -0.434172 6.972300 0.839138
-0.956149 -0.424039 6.980349 0.804901
-0.960288 -0.413948 6.988065 0.771570
-0.964327 -0.403893 6.995456 0.739098
-0.968266 -0.393873 7.002531 0.707483
-0.972105 -0.383896 7.009299 0.676823
-0.975844 -0.373954 7.015769 0.646973
-0.979485 -0.364047 7.021948 0.617981
-0.983027 -0.354177 7.027847 0.589848
-0.986470 -0.344342 7.033473 0.562572
-0.989815 -0.334543 7.038834 0.536156
-0.993063 -0.324780 7.043940 0.510597
-0.996214 -0.315052 7.048799 0.485849
-0.999267 -0.305355 7.053417 0.461864
-1.002224 -0.295681 7.057802 0.438499
-1.005085 -0.286043 7.061962 0.415993
-1.007849 -0.276446 7.065907 0.394440
-1.010518 -0.266874 7.069642 0.373554
-1.013091 -0.257337 7.073177 0.353479
-1.015569 -0.247824 7.076518 0.334072
-1.017953 -0.238335 7.079670 0.315285
-1.020241 -0.228870 7.082642 0.297117
-1.022436 -0.219440 7.085439 0.279760
-1.024536 -0.210035 7.088069 0.263023
-1.026543 -0.200653 7.090539 0.246906
-1.028456 -0.191295 7.092853 0.231409
-1.030275 -0.181961 7.095018 0.216532
-1.032002 -0.172639 7.097038 0.201988
-1.033635 -0.163341 7.098918 0.188065
-1.035176 -0.154066 7.100666 0.174713
-1.036624 -0.144804 7.102283 0.161743
-1.037979 -0.135565 7.103776 0.149345
-1.039243 -0.126338 7.105149 0.137281
-1.040414 -0.117123 7.106405 0.125551
-1.041493 -0.107920 7.107546 0.114155
-1.042480 -0.098729 7.108577 0.103092
-1.043376 -0.089550 7.109500 0.092316
-1.044180 -0.080383 7.110319 0.081873
-1.044892 -0.071228 7.111036 0.071716
-1.045513 -0.062084 7.111655 0.061846
-1.046042 -0.052953 7.112177 0.052261
-1.046481 -0.043821 7.112605 0.042725
-1.046828 -0.034702 7.112939 0.033474
-1.047083 -0.025582 7.113182 0.024271
-1.047248 -0.016463 7.113333 0.015068
-1.047322 -0.007343 7.113391 0.005865
-1.047304 0.001776 7.113358 -0.003290
-1.047195 0.010896 7.113234 -0.012445
-1.046995 0.020015 7.113018 -0.021648
-1.046703 0.029135 7.112709 -0.030851
-1.046321 0.038254 7.112309 -0.040054
-1.045847 0.047386 7.111813 -0.049543
-1.045282 0.056517 7.111222 -0.059080
-1.044625 0.065660 7.110533 -0.068903
-1.043877 0.074804 7.109746 -0.078773
-1.043038 0.083959 7.108856 -0.088930
-1.042106 0.093126 7.107862 -0.099421
-1.041083 0.102305 7.106760 -0.110197
-1.039968 0.111496 7.105547 -0.121307
-1.038761 0.120699 7.104219 -0.132751
-1.037462 0.129914 7.102774 -0.144529
-1.036071 0.139153 7.101205 -0.156879
-1.034587 0.148404 7.099510 -0.169563
-1.033010 0.157666 7.097684 -0.182581
-1.031340 0.166953 7.095722 -0.196218
-1.029578 0.176263 7.093617 -0.210428
-1.027722 0.185585 7.091367 -0.225019
-1.025773 0.194931 7.088965 -0.240183
-1.023730 0.204301 7.086406 -0.255966
-1.021593 0.213695 7.083682 -0.272369
-1.019361 0.223112 7.080788 -0.289392
-1.017036 0.232553 7.077718 -0.307035
-1.014616 0.242019 7.074465 -0.325298
-1.012101 0.251520 7.071021 -0.344372
-1.009490 0.261045 7.067380 -0.364113
-1.006784 0.270593 7.063535 -0.384474
-1.003982 0.280178 7.059478 -0.405693
-1.001085 0.289786 7.055203 -0.427532
-0.998090 0.299430 7.050701 -0.450230
